intersection_id,lat,lon,crashes,crashes_2022_on,pairs,snapped_2022_on,fdot_crashes,campus_km
SW 34TH ST & SW ARCHER RD,29.626806,-82.372432,797,275,ACCESS RD & SW 34TH TER | ARCHER RD & SW 34TH ST | SR 121 & SR 24 | SR 121 & SW ARCHER RD | SW 33RD ST & SW ARCHER RD | SW 34TH & SW ARCHER RD | SW 34TH AVE & SW ARCHER RD | SW 34TH ST & SW ARCHE RD | SW 34TH ST & SW ARCHER RD | SW 34TH ST & W ARCHER RD | SW 34TH TER & SW ARCHER RD,3,262,3.74
SW 40TH BLVD & SW ARCHER RD,29.618576,-82.383387,517,190,40TH BLVD & SW ARCHER RD | ARCHER RD & SW 40TH BLVD | ENTRANCE TO BUTLER PLAZA & SW 40TH BLVD | NW 40TH BLVD & SW ARCHER RD | SR 24 & SW 40TH BLVD | SW 40TH BLVD & SW ARCER RD | SW 40TH BLVD & SW ARCHER RD | SW 40TH BLVD & SW ARHCER RD | SW 40TH BLVD & SW ARHER RD | SW 40TH ST & SW ARCHER RD | SW 4OTH BLVD & SW ARCHER RD | SW ARCHER RD & TARGET ACCESS RD,12,139,5.14
SW 37TH BLVD & SW ARCHER RD,29.620391,-82.380054,502,184,37TH BLVD & ARCHER RD | 37TH BLVD & SW ARCHER RD | ARCHER RD & CLARK BUTLER BLVD | ARCHER RD & SW 37TH BLVD | BUTLER PLAZA ACCESS RD & SW ARCHER RD | BUTLER PLAZA BLVD & SW ARCHER RD | CLARK BULTER BLVD & SW ARCHER RD | CLARK BURTLER BLVD & SW ARCHER RD | CLARK BUTLER & SW ARCHER RD | CLARK BUTLER BLVD & SW 34TH AVE | CLARK BUTLER BLVD & SW 37TH BLVD | CLARK BUTLER BLVD & SW ARCHER RD | CLARK BUTLER BLVD & SW ARHCER RD | CLARK BUTLER BLVD & UN-NAMED ST | CLARK BUTLET BLVD & SW ARCHER RD | CLARK CUTLER BLVD & PLAZA BLVD | CLARKE BUTLER BLVD & SR 121 | CLARKE BUTLER BLVD & SW 33RD PL | CLARKE BUTLER BLVD & SW ARCHER RD | SW 22ND LN & SW 38TH WAY | SW 36TH BLVD & SW ARCHER RD | SW 37TH BLVD & SW ARCHER RD | SW 37TH BLVD & SW ARHER RD | SW 37TH ST & SW ARCHER RD | SW ARCHER RD & SW CLARK BUTLER BLVD | SW ARCHER RD & SW CLARK BUTLER PLAZA,0,173,4.76
SW 20TH AVE & SW 62ND BLVD,29.639729,-82.398252,439,176,20TH AVE & SW 62ND BLVD | 52ND ST & SW 20TH AVE | 62ND BLVD & SW 20TH AVE | CLARK BUTLER PLAZA & SW 62ND BLVD | KANGAROO GAS STN EXIT & SW 20TH AVE | NW 62ND BLVD & SW 20TH AVE | PRIVATE ROADWAY & SW 52ND ST | SW 16TH PL & SW 20TH AVE | SW 16TH PL & SW 62ND BLVD | SW 18TH PL & SW 62ND BLVD | SW 20TH AVE & SW 52ND ST | SW 20TH AVE & SW 53RD ST | SW 20TH AVE & SW 62ND AVE | SW 20TH AVE & SW 62ND BLVD | SW 20TH AVE & SW 62ND ST | SW 20TH AVE & SW 62ND TER | SW 20TH AVE & SW 62TH BLVD | SW 2OTH AVE & SW 62ND BLVD | SW 52ND ST & SW 62ND BLVD,0,54,5.43
NW 13TH ST & W UNIVERSITY AVE,29.652048,-82.339166,586,169,13TH ST & UNIVERSITY AVE | 13TH ST & W UNIVERSITY AVE | ALLIGATOR ALLEY & NW 13TH ST | E UNIVERSITY AVE & SW 13TH ST | NW 13TH AVE & W UNIVERSITY AVE | NW 13TH ST & SR 24 | NW 13TH ST & SR 26 | NW 13TH ST & UNIVERSITY AVE | NW 13TH ST & W UIVERSITY AVE | NW 13TH ST & W UNIV AVE | NW 13TH ST & W UNIVERISTY AVE | NW 13TH ST & W UNIVERSITY AVE | NW 13TH ST & W UNIVERSITY RD | NW 13TH ST & W UNIVERSTIY AVE | NW 13TH ST & W UNVERSITY AVE | NW 13TH ST & WUA | SR 26 & US 441 | SW 13TH ST & UNIVERSITY AVE | SW 13TH ST & W NEWBERRY RD | SW 13TH ST & W UNIVERISTY AVE | SW 13TH ST & W UNIVERSITY AVE | SW 13TH ST & W UNVERSITY AVE | UNIVERISTY AVE & US ROUTE 441 | US 441 & W UNIVERSITY AVE | US HWY 441 & W UNIVERSITY AVE | W 13TH ST & W UNIVERSITY AVE,2,220,0.52
SW 34TH ST & WINDMEADOWS BLVD,29.62832,-82.372736,380,145,NW 34TH ST & WINDMEADOWS BLD | NW 34TH ST & WINDMEADOWS BLVD | SR 121 & SW WINDMEADOWS BLVD | SR 121 & WINDMEADOWS BLVD | SR 121 & WINDWMEADOWS BLVD | SW 27TH LN & SW 34TH ST | SW 34TH & WINDMEADOWS BLVD | SW 34TH ST & SW 37TH BLVD | SW 34TH ST & SW WINDMEADOWS BLVD | SW 34TH ST & WINDMEADOW BLVD | SW 34TH ST & WINDMEADOWNS BLVD | SW 34TH ST & WINDMEADOWS BLD | SW 34TH ST & WINDMEADOWS BLVD | SW 34TH ST & WINDMEADOWS BVLD | SW 34TH ST & WINDMEADOWWS BLVD | SW 34TH ST & WINDMEADWOS BLVD | SW 34TH ST & WINDMEASDOWS BLVD | SW 34TH TER & WINDMEADOWS BLVD | W 34TH ST & WINDMEADOWS BLVD,2,121,3.66
NW 13TH ST & NW 39TH AVE,29.688364,-82.339008,406,143,13TH ST & NW 39TH AVE | 39TH AVE & NW 13TH ST | CR 222 & NW 13TH ST | CR 222 & US 441 | NE 13TH ST & NW 39TH AVE | NW 13TH AVE & NW 39TH AVE | NW 13TH ST & NW 39TH | NW 13TH ST & NW 39TH AVE | NW 13TH ST & PUBLIX ACCESS RD | NW 13TH ST & SR 222 | NW 13TH ST0 & NW 39TH | NW 13THST & NW 39TH AVE | NW 39TH AVE & US 441,2,70,4.4
SW 35TH BLVD & SW ARCHER RD,29.623379,-82.376029,381,139,35TH BLVD & SW ARCHER RD | ACCESS RD BEHIND CHILIS & SW 35TH BLVD | ARCHER RD & SW 35TH BLVD | ARCHER RD & SW 35TH DR | BUTLER PLAZA & SW 35TH BLVD | BUTLER PLAZA ACCESS DR & SW 35TH BLVD | BUTLER PLAZA ACCESS RD & SW 35TH BLVD | BUTLER PLAZA DR & SW 35TH BLVD | BUTLER PLAZA NORTH DR & SR 24 | CLARK BUTER BLVD & PLAZA BLVD | ESPLANDE AT BUTLER PLAZA & SW 35TH BLVD | LOCAL RD & SW 35TH BLVD | NW 35TH BLVD & SW ARCHER RD | PRIVATE EAST WEST ACCESS RD & SW 35TH BLVD | PRIVATE ROADWAY & SW ARCHER RD | SW 35TH BLVD & SW ARCHER RD | SW 35TH BLVD & UNNAMED RD | SW 35TH BLVD & W ARCHER RD | SW 35TH DR & SW ARCHER RD | SW 35TH PL & SW ARCHER RD | SW 35TH ST & SW ARCHER RD | SW ARCHER RD & UNNAMED RD,2,91,4.25
NW 13TH ST & NW 23RD AVE,29.673967,-82.33898,354,132,13TH ST & NW 23RD AVE | NW 12TH TER & NW 23RD AVE | NW 13TH & NW 23RD AVE | NW 13TH ST & NW 23RD AVE | NW 13TH ST & NW 23RD BLVD | NW 23RD AVE & SW 13TH ST | NW 23RD AVE & US 441 | NW 23RD AVE & USS 441 | SR 120 & US 441,9,110,2.82
SW 13TH ST & SW 16TH AVE,29.636456,-82.339351,312,131,NW 16TH AVE & SW 13TH ST | S & SW 16TH AVE | SR 25 & SW 16TH ST | SR 441 & SW 16TH AVE | SW 13TH & SW 16TH AVE | SW 13TH ST & SW 16H AVE | SW 13TH ST & SW 16TH AVE | SW 13TH ST & SW 16TH BLVD | SW 13TH ST & SW 16TH ST | SW 16TH AVE & US 441 | SW 16TH AVE & W 13TH ST,3,54,1.42
NW 39TH AVE & NW 43RD ST,29.688527,-82.388896,362,130,39TH AVE & 43RD ST | 39TH AVE & NW 43RD ST | 43RD ST & NW 39TH AVE | CR 2053 & NW 39TH AVE | CR 222 & NW 43RD ST | CTY ROD 2053 & NW 39TH AVE | NW 39 TH AVE & NW 43RD ST | NW 39TH AVE & NW 43RD AVE | NW 39TH AVE & NW 43RD ST | NW 39TH AVE & NW 43ST | NW 39TH AVE & NW 43TH ST | NW 39TH AVE & NW 4RD ST | NW 43RD ST & NW NW 39TH AVE | SR 2053 & SR 222,0,119,6.25
E UNIVERSITY AVE & NE WALDO RD,29.651803,-82.311341,387,129,E UIVERSITY AVE & SE 11TH ST | E UNIV AVE & NE WALDO RD | E UNIV AVE & S24 | E UNIV AVE & WALDO RD | E UNIVERISTY AVE & NE WALDO RD | E UNIVERISTY AVE & WALDO RD | E UNIVERITY AVE & NE WALDO RD | E UNIVERSITH AVE & NE WALDO RD | E UNIVERSITY AVE & E WALDO RD | E UNIVERSITY AVE & N WALDO RD | E UNIVERSITY AVE & NE WALDO DR | E UNIVERSITY AVE & NE WALDO RD | E UNIVERSITY AVE & SE 11TH ST | E UNIVERSITY AVE & SE WALDO RD | E UNIVERSITY AVE & SE WILLISTON RD | E UNIVERSITY AVE & SR 24 | E UNIVERSITY AVE & SW 11TH ST | E UNIVERSITY AVE & WALDO RD | E UNIVERSITY RD & NE WALDO RD | E UNIVERTIY AVE & SE 11TH ST | E UNVERSITY AVE & WALDO RD | ESR 26 & NE WALDO RD | EUA & NE WALDO RD | NE 11TH AVE & NE WALDO RD | NE 11TH ST & NE WALDO RD | NE 2ND AVE & NE WALDO RD | NE WALDO RD & SE 11TH ST | NE WALDO RD & SE 16TH AVE | NE WALDO RD & SRF 26 | NE WALDO RD & UNIVERSITY AVE | NE WALDO RD & W UNIVERSITY AVE | SE 11TH AVE & SE WALDO RD | SE 11TH AVE & WALDO RD | SE 11TH ST & UNIVERSITY AVE | SR 24 & SR 26 | UNIVERSITY AVE & WALDO RD,2,72,3.09
NW 16TH BLVD & NW 43RD ST,29.674086,-82.38882,332,127,43RD ST & NW 16TH BLVD | CO 2053 & NW 16TH BLVD | CR 2053 & NW 16TH BLVD | CR 2053 & NW 23RD AVE | CR 2053 & NW 43RD ST | NW 16TH AVE & NW 43RDST | NW 16TH BLVD & NW 43RD ST | NW 16TH BLVD & NW 43RDT ST | NW 20TH AVE & NW 43RD ST | NW 23RD AVE & NW 43RD ST | NW 23RD BLVD & NW 43RD ST | NW 43RD ST & PRIVATE ACCESS RD,3,90,5.24
NW 62ND ST & W NEWBERRY RD,29.659466,-82.40888,389,126,62ND ST & NEWBERRY RD | 62ND ST & SR 26 | 62ND ST & W NEWBERRY RD | 63RD ST & W NEWBERRY RD | NEWBERRY RD & NW 62ND ST | NEWBERRY RD & SW 62ND BLVD | NEWBERRY RD & SW 62ND ST | NEWBERRY RD & W 62ND ST | NW 62ND BLVD & W NEWBERRY RD | NW 62ND ST & NW NEWBERRY RD | NW 62ND ST & OAKS MALL ENTRANCE | NW 62ND ST & SR 26 | NW 62ND ST & W NEWBERRY RD | NW 62ND ST & W NEWBWERRY RD | NW 62ND ST & W UNIVERSITY AVE | NW 62ND TER & W NEWBERRY RD | OAKS MALL & W NEWBERRY RD | OAKS MALL ACCESS RD & W NEWBERRY RD | OAKS MALL ST & W NEWBERRY RD | SW 62ND BLVD & W NEWBERRY RD | SW 62ND ST & W NEWBERRY RD | W 62ND BLVD & W NEWBERRY RD,2,123,6.47
NW 8TH AVE & W NEWBERRY RD,29.658945,-82.399838,325,126,53RD TER & NEWBERRY RD | 53RD TER & SR 26 | N 8TH AVE & NEWBERRY RD | NEWBERRY RD & NW 53RD TER | NEWBERRY RD & NW 8TH AVE | NW 53RD RD & W NEWBERRY RD | NW 53RD TER & NW 8TH AVE | NW 53RD TER & NW NEWBERRY RD | NW 53RD TER & W NEWBERRY RD | NW 8TH AVE & NW NEWBERRY RD | NW 8TH AVE & W NEBBERRY RD | NW 8TH AVE & W NEWBARRY RD | NW 8TH AVE & W NEWBERRY AVE | NW 8TH AVE & W NEWBERRY RD | NW 8TH AVE & W NEWBRRY RD | SW 53RD TER & W NEWBERRY RD | SW 8TH AVE & W NEWBERRY RD,2,103,5.6
SW 34TH ST & SW WILLISTON RD,29.603665,-82.370812,358,125,34TH ST & SW WILLISTON RD | CR 331 & SR 121 | NW 34TH ST & SR 331 | NW 34TH ST & SW WILLISTON RD | SR 121 & SW WILLINSTON RD | SW 30TH ST & SW WILLISTON RD | SW 34TH RD & SW WILLISTON RD | SW 34TH ST & SW 49TH PL | SW 34TH ST & SW WILLISITON RD | SW 34TH ST & SW WILLISON RD | SW 34TH ST & SW WILLISTON RD | SW 34TH ST & W WILLISTON RD | SW 34TH ST & WILLISTON RD | SW 34TH ST & WUA,5,98,5.68
NW 13TH ST & NW 16TH AVE,29.666674,-82.338999,442,125,13TH ST & 16TH AVE | 13TH ST & NW 16TH AVE | CARUS 441 NW 13TH ST & NW 16TH AVE | COUNTY RD 172 & NW 13TH ST | CR 172 & US 441 | NW 13TH & NW 16TH AVE | NW 13TH ST & NW 16TH AVE | NW 13TH ST & NW 16THAVE | NW 13THST & NW 16TH AVE | NW 16TH AVE & US 441 | NW 16TH AVE & US ROUTE 441,8,166,2.02
SW 2ND AVE & SW 34TH ST,29.650381,-82.372256,431,122,-A & NW 34TH ST | -A & SR 121 | -A & SW 34TH ST | 2ND AVE & NW 34TH ST | 34TH ST & SW 2ND AVE | A SW 2ND AVE & SW 34TH ST | NW 34TH ST & SW 2ND AVE | NW SW 34TH ST & SW 2ND AVE | SR 121 & SR 26 | SR 121 & SW 2ND AVE | SW 2ND AVE & SW 34TH AVE | SW 2ND AVE & SW 34TH ST,2,169,2.83
SW 23RD TER & SW ARCHER RD,29.632187,-82.361549,303,114,23RD DR & SW ARCHER RD | 23RD TER & SW ARCHER RD | ARCHER RD & SW 23RD TER | BALLPARK WAY & SW ARCHER RD | NW 23RD TER & OLD ARCHER RD | OLD ARCHER RD & SW 23RD DR | OLD ARCHER RD & SW 23RD TER | SW 23RD TER & SW ARCHER RD | SW 24TH DR & SW ARCHER RD | SW ARCHER RD & SW OLD ARCHER RD,0,108,2.56
SW 34TH ST & W UNIVERSITY AVE,29.65195,-82.372365,365,111,34TH ST & UNIVERSITY AVE | 34TH ST & W UNIVERSITY AVE | NEWBERRY RD & NW 34TH ST | NW 34TH ST & NWEBERRY RD | NW 34TH ST & UNIVERSITY AVE | NW 34TH ST & W NEWBERRY RD | NW 34TH ST & W UNIV AVE | NW 34TH ST & W UNIVERISTY AVE | NW 34TH ST & W UNIVERSITY AVE | NW 34TH ST & W UNIVERSITY RD | NW 34TH ST & W UNIVERSTIY AVE | NW 34TH ST & WUA | SW 34TH AVE & SW 34TH ST | SW 34TH PL & SW 34TH ST | SW 34TH ST & UNIVERSITY AVE | SW 34TH ST & W UNIVERISTY AVE | SW 34TH ST & W UNIVERSITY AVE | W 34TH ST & W UNIVERSITY AVE,2,117,2.85
NW 34TH ST & NW 39TH AVE,29.688492,-82.372298,379,111,39TH AVE & NW 34TH ST | NW 34ST ST & NW 39TH AVE | NW 34TH AVE & NW 39TH ST | NW 34TH BLVD & NW 39TH AVE | NW 34TH ST & NW 39TH AVE | NW 34TH ST & NW 39TH ST | SR 121 & SR 222,1,150,5.23
SW 13TH ST & SW 8TH AVE,29.644906,-82.339156,287,110,8TH AVE & SW 13TH ST | BROWARD DR & MUSEUM RD | MESEUM RD & SW 13TH ST | MUESUM RD & SW 13TH ST | MUSEUM RD & NW 13TH ST | MUSEUM RD & SW 13 TH ST | MUSEUM RD & SW 13TH ST | MUSEUM RD & US 441 | MUSUEM RD & SW 13TH ST | SW 13TH & SW 8TH AVE | SW 13TH ST & SW 6TH AVE | SW 13TH ST & SW 8 TH AVE | SW 13TH ST & SW 8TH AVE | SW 13TH ST & SW 8TH ST | SW 13TH ST & SW MUSEUM RD,2,91,0.58
SW 20TH AVE & SW 34TH ST,29.634255,-82.372331,383,109,34TH ST & SW 20TH AVE | NW 34TH ST & SW 20TH AVE | SR 121 & SW 20TH AVE | SW 20H AVE & SW 34TH ST | SW 20TH & SW 34TH ST | SW 20TH AVE & SW 34TH AVE | SW 20TH AVE & SW 34TH ST | SW 20TH ST & SW 34TH ST | SW 21ST AVE & SW 34TH ST,8,143,3.26
HULL RD & SW 34TH ST,29.637657,-82.372316,255,108,34TH ST & SW HULL RD | HULL RD & NW 34TH ST | HULL RD & NW 34THST | HULL RD & SR 121 | HULL RD & SW 13TH ST | HULL RD & SW 34TH AVE | HULL RD & SW 34TH ST | HULL RD & SW ARCHER RD | HULL RD & W 34TH ST | HULL ST & SW 34TH ST | SW 34TH ST & SW HULL RD,2,73,3.08
NW 66TH ST & W NEWBERRY RD,29.659488,-82.412251,283,102,66TH ST & W NEWBERRY RD | NEWBERRY RD & NW 64TH TER | NEWBERRY RD & NW 66TH ST | NEWBERRY RD & OAKS MALL ENTRANCE | NEWBERRY RD & SW 66TH ST | NFRMC ENTRANCE & W NEWBERRY RD | NW 10TH PL & UNNAMED PRIVATE DR | NW 65TH ST & W NEWBERRY RD | NW 66TH & W NEWBERRY RD | NW 66TH AVE & W NEWBERRY RD | NW 66TH ST & SR 26 | NW 66TH ST & W NEWBERRY RD | NW OAKS MALL ENTRANCE & W NEWBERRY RD | OAKS MALL CENTER DR & W NEWBERRY RD | OAKS MALL INGRESS EGRESS & W NEWBERRY RD | OAKS MALL NW ENTRANCE & W NEWBERRY RD | OAKS MALL RD & SR 26 | OAKS MALL RD & W NEWBERRY RD | SR 26 & W 66TH ST | SW 66TH ST & W NEWBERRY RD | UNNAMED RD & W NEWBERRY RD | W 66TH ST & W NEWBERRY RD,9,101,6.79
CLARK BUTLER BLVD & PLAZA BLVD,29.626993,-82.384557,253,101,CLARCK BUTLER BLVD & PLAZA BLVD | CLARK BLVD & PLAZA BLVD | CLARK BULTER BLVD & PLAZA BLVD | CLARK BUTLER & PLAZA BLVD | CLARK BUTLER BLVD & NW PLAZA BLVD | CLARK BUTLER BLVD & PLAZA BLVD | CLARK BUTLER BLVD & PLAZA BLVD BUTLER PLAZA | CLARK BUTLER BLVD & PLAZA DR | CLARK BUTLER BLVD & SW PLAZA BLVD | CLARK BUTLER PLAZA & PLAZA BLVD | CLARK BUTLER PLAZA & PLAZA BUTLER BLVD | CLARK PLAZA BLVD & PLAZA BLVD | CLARKE BLVD & PLAZA BLVD | CLARKE BUTLER BLVD & PLAZA BLVD | CLARKE BUTLER BLVD & PLAZA RD | ENTRANCE RDWY TO DICKS & PLAZA BLVD | ENTRANCE TO 3964 & PLAZA BLVD | PLAZA BLVD & PRIVATE ROADWAY | PLAZA BLVD & SW 20TH AVE | PLAZA BLVD & UNNAMED RD | PLAZA BLVD & UNNAMED ST | SW CLARK BUTLER BLVD & SW PLAZA BLVD,3,0,4.68
NW 16TH AVE & NW 34TH ST,29.666785,-82.372237,225,97,COUNTY RD 172 & NW 34TH ST | NW 16TH & NW 34TH ST | NW 16TH AVE & NW 34TH ST | NW 16TH AVE & SR 121 | NW 16TH BLVD & NW 34TH ST | NW 16TH ST & NW 34TH ST,3,73,3.45
SW 20TH AVE & SW 43RD ST,29.636039,-82.389246,306,96,43RD ST & SW 20TH AVE | SE 20TH AVE & SW 43RD ST | SW 20TH AVE & SW 20TH AVE 43RD ST | SW 20TH AVE & SW 43RD ST | SW 20TH AVE & SW 45TH ST,1,35,4.68
NW 13TH ST & NW 53RD AVE,29.703301,-82.343505,260,96,13TH ST & NW 53RD AVE | 53RD AVE & NW 13TH ST | NW 11TH ST & NW 53RD AVE | NW 13TH ST & NW 53D AVE | NW 13TH ST & NW 53RD AVE | NW 53RD AVE & NW 6TH ST | NW 53RD AVE & UF WHY 441 | NW 53RD AVE & US 441,1,102,6.04
NW 60TH ST & W NEWBERRY RD,29.659464,-82.406531,287,94,NEWBERRY RD & NW 60TH AVE | NEWBERRY RD & NW 60TH ST | NW 59TH & W NEWBERRY RD | NW 59TH ST & W NEWBERRY RD | NW 60TH ST & W NEWBERRY AVE | NW 60TH ST & W NEWBERRY RD | NW 60TH ST & W NEWBRRY RD | NW 60TH ST & WNR | SW 60TH ST & W NEWBERRY RD | SW 60TH ST & WNEWBERRY RD | W 60TH ST & W NEWBERRY RD,2,99,6.25
NW 13TH ST & NW 6TH ST,29.699726,-82.33941,200,92,EXTENSION & NW 13TH ST | NW 13 TH ST & NW 6TH ST | NW 13TH ST & NW 6TH ST | NW 13TH ST & NW 6THST | NW 13TH ST & SR 20 | NW 50TH AVE & NW 6TH ST | NW 6TH ST & US 441 | NW 6TH ST & USS 441 | SR 20 & US 441,1,16,5.66
SW 23RD DR & SW ARCHER RD,29.633518,-82.358724,204,89,ARCHER RD & SW 23RD DR | SER 24 & SW 23RD DR | SR 24 & SW 23RD DR | SW 23RD DR & SW ARCHER RD | SW 23RD TER & SW OLD ARCHER RD,1,64,2.27
NW 55TH ST & W NEWBERRY RD,29.659539,-82.401535,209,89,NEWBERRY RD & NW 55TH AVE | NEWBERRY RD & NW 55TH ST | NEWBERRY RDNW 43RD ST & W NEWBERRY RD | NW 55TH RD & W NEWBERRY RD | NW 55TH ST & NW 8TH AVE | NW 55TH ST & W NEWBERRY RD | SW 55TH ST & W NEWBERRY RD,4,65,5.78
NE 39TH AVE & NE WALDO RD,29.684925,-82.289106,269,85,39TH AVE & NE WALDO RD | MAJ GEN JOHN R ALI AVE & NE WALDO RD | N 39TH AVE & N WALDO RD | N WALDO RD & NE 39TH AVE | NE 39TH AVE & NE WALDO RD | NE 39TH AVE & WALDO RD | NE 39TH RD & NE WALDO RD | NE 40TH TER & NE WALDO RD | NE WALDO RD & NW 39TH AVE | NW 39TH AVE & NW WALDO RD | NW 39TH AVE & WALDO RD | SR 222 & SR 24 | SR 222 & WALDO RD,2,102,6.58
SW 24TH AVE & SW 34TH ST,29.630271,-82.372354,205,82,S 24TH AVE & SW 34TH ST | SW 24TH AVE & SW 34TH ST | SW 24TH ST & SW 34TH ST | SW 25TH AVE & SW 34TH ST,1,53,3.5
CLARK BUTLER BLVD & WINDMEADOWS BLVD,29.623294,-82.381931,178,79,BUTLER BLVD & WINDMEADOWS BLVD | BUTLER PLAZA NORTH & WINDMEADOWS BLVD | CLARK BLVD & WINDMEADOW BLVD | CLARK BULTER BLVD & SW 33RD PL | CLARK BUTLER BLVD & SW 33RD AVE | CLARK BUTLER BLVD & SW 33RD PL | CLARK BUTLER BLVD & SW WINDMEADOWS BLVD | CLARK BUTLER BLVD & WINDMEADOWS BLVD | CLARK BUTLER BLVD & WINDMEDOWS BLVD | CLARKE BUTLER BLVD & WINDMEADOW BLVD | CLARKE BUTLER BLVD & WINDMEADOWS BLVD | SW 33RD AVE & WINDMEADOW BLVD | SW 33RD PL & SW 37TH BLVD | SW 33RD PL & SW CLARK BUTLER BLVD | SW 33RD PL & WINDMEADOWS BLVD | SW 34RTH ST & WINDMEADOWS BLVD | SW 37TH BLVD & WINDMEADOWS BLVD | SW 39TH PL & WINDMEADOWS BLVD | SW CLARK BUTLER BLVD & WINDMEADOWS BLVD,2,3,4.7
NW 43RD ST & NW 53RD AVE,29.703261,-82.38873,192,77,43RD ST & 53RD AVE | 53RD AVE & NW 43RD ST | CR 2053 & NW 53RD AVE | NW 41ST ST & NW 53RD AVE | NW 43RD ST & NW 51ST PL | NW 43RD ST & NW 53RD | NW 43RD ST & NW 53RD AVE | NW 43RS ST & NW 53RD AVE | NW 43TH ST & NW 53TH AVE,0,49,7.48
SW 13TH ST & SW ARCHER RD,29.641879,-82.33948,212,77,ARCHER RD & SW 13TH ST | NW 13TH ST & SW ARCHER RD | SW 13TH ST & SW 9TH BLVD | SW 13TH ST & SW 9TH RD | SW 13TH ST & SW ARCHER RD | SW 9TH RD & US 441,1,65,0.84
N MAIN ST & W UNIVERSITY AVE,29.651836,-82.324996,233,75,CR 329 & SR 26 | E UNIVERSITY AVE & MAIN ST | E UNIVERSITY AVE & N MAIN ST | E UNIVERSITY AVE & S MAIN ST | E UNIVERSITY AVR & N MAIN ST | MAIN ST & N MAIN ST | MAIN ST & UNIVERSITY AVE | MAIN ST & UNIVERSITY DR | MAIN ST & W UNIVERISITY AVE | MAIN ST & W UNIVERSITY AVE | N MAIN ST & N MAIN ST AND | N MAIN ST & UNIVERSITY AVE | N MAIN ST & W UNIVERISTY AVE | N MAIN ST & W UNIVERSARY AVE | N MAIN ST & W UNIVERSITY AVE | S MAIN ST & UNIVERSITY AVE | S MAIN ST & W UNIVERSITY AVE | SR 26 & SR 329,6,75,1.78
N MAIN ST & NE 16TH AVE,29.66664,-82.324372,212,74,16TH AVE & N MAIN ST | CR 329 & NW 16TH AVE | MAIN ST & NE 16TH AVE | MAIN ST & NW 16TH AVE | MAIN STTREET & NE 16TH AVE | N 16TH AVE & N MAIN ST | N MAIN & NW 16TH AVE | N MAIN ST & NE 16TH AVE | N MAIN ST & NE 16TH BLVD | N MAIN ST & NE 16TH ST | N MAIN ST & NW 16TH AVE | N MAINT ST & NE 16TH AVE | NE 16TH AVE & NE 1ST ST | NW 16TH AVE & S MAIN ST | NW 16TH AVE & SR 222,0,56,2.68
SW 34TH ST & SW 35TH PL,29.621733,-82.372654,207,72,34TH AVE & SW 35TH PL | SR 121 & SW 35TH PL | SW 34TH ST & SW 35TH BLVD | SW 34TH ST & SW 35TH PL | SW 34TH ST & SW 35TH ST,5,70,4.14
NE 8TH AVE & NE WALDO RD,29.659206,-82.306425,218,67,8TH AVE & WALDO RD | COUNTY RD 1476 & NE WALDO RD | E WALDO RD & NE 8TH AVE | NE 10TH AVE & NE WALDO RD | NE 8TH AVE & NE WALDO RD | NE 8TH AVE & WALDO RD | NE WALDO RD & NW 8TH AVE | NW 8TH AVE & WW NEWBERRY RD | SE 7TH AVE & SE WALDO RD | SE 7TH AVE & WALDO RD,2,80,3.73
NE 16TH AVE & NE WALDO RD,29.666416,-82.30166,220,67,CR 172 & SR 24 | N WALDO RD & NE 16TH AVE | NE 16TH AVE & NE WALDO DR | NE 16TH AVE & NE WALDO RD | NE 16TH AVE & SE WALDO RD | NE 16TH AVE & SR 24 | NE 16TH AVE & WALDO RD | NE 16TH ST & NE WALDO RD | NE WALDO RD & NW 16TH AVE | SE 16TH AVE & SE WALDO RD,0,80,4.46
NW 43RD ST & NW 8TH AVE,29.659441,-82.389148,163,66,43RD ST & NW 8TH AVE | CO 2035 & NW 8TH AVE | CO 2053 & NW 8TH AVE | NW 43RD AVE & NW 8TH AVE | NW 43RD ST & NW 6TH PL | NW 43RD ST & NW 8T AVE | NW 43RD ST & NW 8TH AVE,0,2,4.61
NW 69TH TER & W NEWBERRY RD,29.659504,-82.416442,302,64,69TH TER & W NEWBERRY RD | NEWBERRY RD & NW 69TH TER | NEWBERRY RD & SW 69TH TER | NW 68TH TER & W NEWBERRY RD | NW 69TH AVE & W UNIVERSTIY AVE | NW 69TH ST & W NEWBERRY RD | NW 69TH TER & SR 26 | NW 69TH TER & W NERBERRY RD | NW 69TH TER & W NEWBERRY RD | NW 69TH TER & WNR | NW NEWBERRY RD & SW 69TH TER | SW 69TH ST & W NEWBERRY RD | SW 69TH TER & W NEWBERRY RD | W 67TH ST & W NEWBERRY RD,1,121,7.19
SW 20TH AVE & SW 38TH TER,29.633841,-82.380825,179,63,20TH AVE & SW 38TH TER | SW 20TH AVE & SW 28TH TER | SW 20TH AVE & SW 36TH TER | SW 20TH AVE & SW 38TH ST | SW 20TH AVE & SW 38TH TER,0,40,4.01
NE 12TH AVE & NE WALDO RD,29.663064,-82.303925,198,61,NE 12TH AVE & NE 18TH TER | NE 12TH AVE & NE WALD RD | NE 12TH AVE & NE WALDO RD | NE 12TH AVE & SE WALDO RD | NE 12TH AVE & SR 24 | NE 12TH AVE & WALDO RD | NE WALDO RD & NW 12TH AVE | NE WALDO RD & SE 12TH AVE,2,7,4.11
NW 34TH BLVD & NW 53RD AVE,29.703468,-82.363763,163,61,34TH BLVD & NW 53RD AVE | 53RD AVE & NW 34TH BLVD | NE 34TH BLVD & NW 53RD AVE | NE 53RD AVE & NW 34TH ST | NW 34TH BD & NW 53RD AVE | NW 34TH BLD & NW 53RD AVE | NW 34TH BLVD & NW 53RD AVD | NW 34TH BLVD & NW 53RD AVE | NW 34TH BLVD & NW 53RD ST | NW 34TH ST & NW 53RD AVE,1,46,6.38
SW 16TH AVE & SW ARCHER RD,29.635048,-82.354552,196,59,ARCHER RD & SW 16TH AVE | SW 16TH & SW ARCHER RD | SW 16TH AVE & SW ARCHER RD | SW 16TH AVE & VA HOSPITAL PRIVATE DR,1,44,1.88
NW 34TH ST & NW 8TH AVE,29.65955,-82.372265,204,59,34TH ST & 8TH AVE | 8TH AVE & NW 34TH ST | NE 34TH ST & NW 8TH AVE | NW 34TH & NW 8TH AVE | NW 34TH ST & NW 8TH AVE | NW 34TH ST & NW 8TH ST | NW 8TH AVE & SR 121 | NW 8TH AVE & SW 34TH ST,4,51,3.06
NW 23RD AVE & NW 6TH ST,29.673925,-82.330643,147,58,NE 23RD AVE & NW 6TH ST | NW 23RD AVE & NW 5TH ST | NW 23RD AVE & NW 6TH ST | NW 23RD BLVD & NW 6TH ST | NW 23RD ST & NW 6TH ST,1,53,3.03
NW 13TH ST & NW 22ND ST,29.711669,-82.353834,157,57,NE 34TH ST & NW 13TH ST | NW 134TH ST & NW 23RD ST | NW 13RH ST & NW 34TH BLVD | NW 13TH ST & NW 22ND ST | NW 13TH ST & NW 34TH BLVD | NW 13TH ST & NW 34TH ST | NW 13TH ST & SR 121 | NW 22ND ST & NW 34TH BLVD | NW 22ND ST & SW 13TH ST,0,65,7.05
N MAIN ST & NE 39TH AVE,29.68828,-82.31937,166,56,39TH AVE & N MAIN | 39TH AVE & N MAIN ST | CR 329 & SR 222 | N 39TH AVE & N MAIN ST | N MAIN ST & NE 38TH ST | N MAIN ST & NE 39TH AVE | N MAIN ST & NE 39TH BLVD | N MAIN ST & NE WALDO RD | N MAIN ST & NW 39TH AVE | N MAINST & NE 39TH AVE | N MAINST & NW 39TH AVE | NE 39TH AVE & S MAIN ST | SR 222 & SR 329,1,54,4.94
NW 16TH AVE & NW 6TH ST,29.666648,-82.330704,151,53,16TH AVE & NW 6TH ST | NW 16TH AVE & NW 6TH AVE | NW 16TH AVE & NW 6TH ST | NW 16TH AVE & NWSR 20 | NW 16TH ST & NW 6TH ST,0,68,2.31
NW 6TH ST & W UNIVERSITY AVE,29.651904,-82.330837,166,53,6TH ST & W UNIVERSITY AVE | E UNIVERSITY AVE & NW 6TH ST | N 6TH ST & W UNIVERSITY AVE | NW 5TH TER & W UNIVERSITY AVE | NW 6TH ST & NW 6TH ST EXT | NW 6TH ST & UNIVERSITY AVE | NW 6TH ST & W UNIV AVE | NW 6TH ST & W UNIVERISTY AVE | NW 6TH ST & W UNIVERSITY AVE | SW 5TH TER & UNIVERSITY AVE | SW 5TH TER & W UNIVERSITY AVE | SW 6TH ST & UNIVERSITY AVE | SW 6TH ST & W UNIVERSITY AVE | SW 6TH ST & W UNIVERSTIY AVE | W 6TH ST & W UNIVERSITY AVE | W 6TH ST & W UNIVERSTIY AVE,3,44,1.24
NW 39TH AVE & NW 6TH ST,29.688399,-82.330882,166,52,39TH AVE & NW 6TH ST | AR 20 & NW 39TH AVE | NW 39TH & NW 6TH ST | NW 39TH AVE & NW 4TH ST | NW 39TH AVE & NW 6TH AVE | NW 39TH AVE & NW 6TH ST,3,79,4.55
NW 13TH ST & NW 3RD AVE,29.653912,-82.339065,130,48,13TH ST & NW 3RD AVE | NW 13TH ST & NW 3RD AVE | NW 13TH ST & NW 3RD AVEUNE,0,45,0.69
S MAIN ST & SW 16TH AVE,29.635615,-82.327633,130,48,N MAIN ST & SE 16TH AVE | N MAIN ST & SW 16TH AVE | S 16TH AVE & S MAIN ST | S MAIN & SW 16TH AVE | S MAIN ST & SE 15TH ST | S MAIN ST & SE 16TH AVE | S MAIN ST & SW 16TH AVE | S MAIN ST & SW 16TH ST | SE 16TH AVE & SR 329 | SW 16TH AVE & SW MAIN ST,0,29,2.09
SW 13TH ST & SW 2ND AVE,29.650244,-82.339165,137,46,13TH ST & SW 2ND AVE | NW 13TH ST & SW 2ND AVE | SE 2ND AVE & SW 13TH ST | SW 13TH ST & SW 2ND AVE | SW 13TH ST & UNION DR | SW 13TH ST & UNION RD,1,74,0.41
SW 6TH ST & SW DEPOT AVE,29.643589499999997,-82.3310095,83,46,DEPOT AVE & SW 6TH ST | SW 6TH ST & SW DEPO AVE | SW 6TH ST & SW DEPOT | SW 6TH ST & SW DEPOT AVE | SW 6TH ST & SW DEPOT RD,1,8,1.3
NW 6TH ST & NW 8TH AVE,29.659288,-82.330862,145,46,6TH ST & NW 8TH AVE | NW 6TH & NW 8TH AVE | NW 6TH ST & NW 8TH AVE | NW 6TH ST & NW 8TH AVE0 | NW 6TH ST & SR 20 | NW 8TH AVE & SR 20,2,40,1.66
NW 17TH ST & W UNIVERSITY AVE,29.651929,-82.34473,166,45,17TH ST & W UNIVERSITY AVE | BUCKMAN DR & W UNIVERSITY AVE | MW 17TH ST & W UNIVERSITY AVE | NW 17TH AVE & W UNIVERSITY AVE | NW 17TH ST & SR 26 | NW 17TH ST & UNIVERSITY AVE | NW 17TH ST & W NEWBERRY RD | NW 17TH ST & W UNIVERITY AVE | NW 17TH ST & W UNIVERSITY AVE | NW 17TH ST & W UNIVERSITY RD | NW 17TH ST & WUA | SW 17TH ST & W UNIVERSITY AVE,3,57,0.38
N MAIN ST & NW 8TH AVE,29.659205,-82.324848,113,45,8TH AVE & N MAIN ST | MAIN ST & NE 8TH AVE | MAIN ST & NW 8TH AVE | N 8TH AVE & N MAIN ST | N MAIN & NW 8TH AVE | N MAIN ST & NE 8TH AVE | N MAIN ST & NW 8TH AVE,1,40,2.11
NW 43RD ST & W NEWBERRY RD,29.655704,-82.390411,136,44,43RD ST & W NEWBERRY RD | 44TH ST & NEWBERRY RD | CO 2053 & W NEWBERRY RD | NEWBERRY RD & NW 43RD ST | NEWBERRY RD & NW 44TH ST | NW 43RD ST & NW NEWBERRY RD | NW 43RD ST & SR 26 | NW 43RD ST & W NEWBERRY RD | NW 44TH ST & W NEWBERRY RD | SW 43RD ST & W NEWBERRY RD,0,40,4.64
SW 25TH TER & SW WILLISTON RD,29.61196,-82.358987,90,43,SW 23TH TRR & WILLISTON RD | SW 25TH ST & SW WILLISTON RD | SW 25TH TER & SW WILLISTON RD | SW 25TH TER & WILLISTON RD,0,27,4.36
SW 23RD ST & SW ARCHER RD,29.634625,-82.355753,99,43,23RD ST & SW ARCHER RD | OLD ARCHER RD & SW 23RD ST | OLD ARCHER RD & SW ARCHER RD | SR 24 & SW OLD ARCHER RD | SW 23RD AVE & SW ARCHER RD | SW 23RD BLVD & SW ARCHER RD | SW 23RD RD & SW ARCHER RD | SW 23RD ST & SW ARCHER RD | SW 23RD ST & SW OLD ARCHER RD,10,34,1.99
SW 16TH ST & SW ARCHER RD,29.639075,-82.34326,125,43,ARCHER RD & SW 16TH ST | CIR OF HOPE DR & SW 16TH ST | NW 16TH AVE & SW ARCHER RD | SW 16TH BLVD & SW ARCHER RD | SW 16TH ST & SW ARCHER RD,4,48,1.08
NW 13TH ST & NW 29TH RD,29.679142,-82.339249,128,43,29TH RD & NW 13TH ST | NW 13TH ST & NW 26TH PL | NW 13TH ST & NW 29TH AVE | NW 13TH ST & NW 29TH BLVD | NW 13TH ST & NW 29TH DR | NW 13TH ST & NW 29TH RD | NW 13TH ST & NW 29TH ST | NW 29TH RD & US 441,1,38,3.38
SW 13TH ST & SW 5TH AVE,29.647321,-82.339165,145,42,INNER CIR & SW 13TH ST | INNER RD & SR 25 | INNER RD & SW 13TH ST | NW 5TH AVE & SW 13TH ST | SW 13TH ST & SW 5TH AVE | SW 13TH ST & SW 5TH ST | SW 13TH ST & SW INNER RD,1,61,0.41
SW 23RD ST & SW WILLISTON RD,29.613443,-82.355046,111,42,23RD ST & SW WILLISTON RD | 23RD ST & WILLISTON RD | SW 22ND ST & SW WILLISTON RD | SW 23RD ST & SW WILLISTON RD | SW 23RD ST & SW WILLITON RD | SW 23RD ST & WILLISTON RD | SW 23RD TER & SW WILLISTON RD,0,37,4.09
SW 16TH AVE & SW 6TH ST,29.636437,-82.32982,82,42,NW 6TH ST & SW 16TH AVE | SHANDS FACILITY EXIT & SW 6TH ST | SR 24 & SW 16TH ST | SW 14TH AVE & SW 6TH ST | SW 16TH AVE & SW 6TH AVE | SW 16TH AVE & SW 6TH ST | SW 16TH AVE & SWTH 6TH ST,1,1,1.88
NE 23RD AVE & NE WALDO RD,29.673747,-82.296703,128,40,NE 23RD AVE & NE WALDO RD | NE 23RD AVE & SR 24 | NE 23RD AVE & WALDO RD | NE WALDO RD & NW 23RD AVE,1,40,5.27
NE 8TH AVE & NE 9TH ST,29.659208,-82.314781,109,39,NE 8TH AVE & NE 9TH AVE | NE 8TH AVE & NE 9TH ST,1,18,2.97
SW 20TH AVE & SW 61ST ST,29.639785,-82.407182,84,38,CR 30TH & SW 61ST ST | SW 20TH AVE & SW 61ST | SW 20TH AVE & SW 61ST ST | SW 20TH AVE & SW 61ST TER,2,30,6.28
SE 16TH AVE & SE WILLISTON RD,29.629504,-82.32227,101,38,16TH AVE & WILLISTON RD | SE 16TH AVE & SE WILLISON RD | SE 16TH AVE & SE WILLISTON RD | SE 16TH AVE & SR 331 | SE 16TH AVE & SW WILLISTON RD | SE 16TH AVE & WILLISTON RD | SE 16TH ST & SE WILLISTON RD | SE WILLISTON RD & SW 16TH AVE,0,29,2.94
NW 13TH ST & NW 5TH AVE,29.655724,-82.339056,95,38,NW 13TH ST & NW 5TH AVE | NW 13TH ST & NW 5TH ST,2,37,0.86
SW 16TH AVE & SW 16TH ST,29.635557,-82.343149,81,37,16TH CT & SW 16TH AVE | SW 16TH AVE & SW 16TH ST | SW 16TH AVE & VA HOSPITAL ENTRANCE | SW 16TH AVE & VA RD,1,6,1.47
SW 30TH PL & SW 42ND ST,29.625001,-82.386562,59,36,DOLLAR GENERAL ACCESS RD & SW 30TH PL | SW 30TH PL & SW 42ND ST | SW 30THPL & SW 42ND ST,1,3,4.96
E UNIVERSITY AVE & NE 9TH ST,29.651816,-82.314747,87,34,E 9TH ST & E UNIVERSITY AVE | E 9TH ST & UNIVERSITY AVE | E UNIV AVE & NE 9TH ST | E UNIVERISTY AVE & NE 9TH ST | E UNIVERSITY AVE & NE 9TH ST | E UNIVERSITY AVE & SE 9TH ST | E UNIVRSITY AVE & NE 9TH ST | E UNVERSITY AVE & SE 9TH ST | NE 9TH ST & UNIVERSITY AVE | NE 9TH ST & W UNIVERSITY AVE,2,17,2.76
RADIO RD & SW 34TH ST,29.642232,-82.372314,85,34,RADIO RD & SW 34TH ST | SW 11TH AVE & SW 34TH ST | SW 34TH ST & SW RADIO RD,0,27,2.92
SW 13TH ST & SW 9TH AVE,29.643673,-82.339157,107,34,DIAMOND RD & SW 13TH ST | RADIO RD & SW 13TH ST | SW 13TH ST & SW 9TH AVE | SW 13TH ST & SW 9TH PL | SW 13TH ST & SW DIAMOND RD | SW 9TH AVE & US 441,2,47,0.68
N BOUND & SW WILLISTON RD,29.603024,-82.372232,59,33,1-75 NORTH BOUND & SW WILLISTON RD | 1-75 NORTHBOUND & WILLISTON RD | N BOUND & SW WILLISTON RD,32,22,5.8
1-75 N & SW ARCHER RD,29.617798,-82.38487,80,33,1-75 N & SW ARCHER RD | NB OFF AND ON RAMPS & SW ARCHER RD,31,34,5.3
NW 57TH ST & W NEWBERRY RD,29.659453,-82.403608,120,33,57TH ST & W NEWBERRY RD | NEWBERRY RD & NW 57TH ST | NW 55 TH ST & W NEWBERRY RD | NW 57TH ST & NW NEWBERRY RD | NW 57TH ST & W NEWBERRRY RD | NW 57TH ST & W NEWBERRY RD | NW 57TH TER & W NEWBERRY RD | SW 57TH ST & W NEWBERRY RD,1,50,5.97
GALE LEMERAND DR & SW ARCHER RD,29.636673,-82.350124,109,32,ARCHER RD & GALE LEMERAND DR | GALE LEMERAN DR & SW ARCHER RD | GALE LEMERAND & SW ARCHER RD | GALE LEMERAND DR & SR 24 | GALE LEMERAND DR & SR 24SW ARCHER RD | GALE LEMERAND DR & SW ARCHER RD | GALE LEMERAND RD & SW ARCHER RD | GALE LEMMERAND DR & SW ARCHER RD | GALE LEMORAND DR & SW ARCHER RD | LEMERAND DR & SW ARCHER RD,0,48,1.51
N MAIN ST & NE 23RD AVE,29.673817,-82.321424,109,32,23RD AVE & N MAIN ST | MAIN ST & NE 23RD AVE | MAIN ST & NW 23RD AVE | N 23RD AVE & N MAIN ST | N MAIN ST & NE 23RD AVE | N MAIN ST & NE 23RD ST | N MAIN ST & NW 23RD | N MAIN ST & NW 23RD AVE,1,32,3.48
NEWELL DR & SW ARCHER RD,29.639586,-82.341764,82,32,ARCHER RD & NEWELL DR | ARCHER RD & NEWELLL DR | CIR HOPE & SW ARCHER RD | CIR OF HOPE & SW ARCHER RD | CIR OF HOPE DR & SW ARCHER RD | NEWELL DR & SW ARCHER RD | NEWELL DR & SW ARHER RD | S NEWELL DR & SR 24 | SW ARCHER RD & SW NEWELL DR,9,26,1.03
SE 24TH ST & SE HAWTHORNE RD,29.645536,-82.294268,61,31,E HAWTHORNE RD & NE 24TH ST | HAWTHORNE RD & SE 24TH AVE | NE 24TH ST & SE HAWTHORNE RD | SE 24TH DR & SE HAWTHORNE RD | SE 24TH ST & SE HAWTHORNE RD | SE 24TH ST & SR 20 | SE 8TH AVE & SE HAWTHRONE RD,0,17,4.74
NW 48TH BLVD & W NEWBERRY RD,29.657157,-82.394457,91,31,48TH BLVD & NEWBERRY RD | 48TH BLVD & W NEWBERRY RD | NEWBERRY DR & NW 48TH BLVD | NEWBERRY RD & NW 48TH BLVD | NW 48TH BLVD & W NEWBERRY RD | NW 48TH ST & W NEWBERRY RD,8,40,5.05
SW 43RD ST & SW ARCHER RD,29.615593,-82.389105,36,31,ARCHER RD & SW 41ST BLVD | SR 24 & SW 43RD ST | SW 41ST BLVD & SW ARCHER RD | SW 41ST ST & SW ARCHER RD | SW 43RD ST & SW ARCHER RD,3,50,5.78
NW 22ND ST & NW 8TH AVE,29.659303,-82.353616,88,31,22ND ST & NW 8TH AVE | NW 22ND ST & NW 8TH AVE | NW 22TH ST & NW 8TH AVE,0,15,1.55
NW 25TH PL & NW 43RD ST,29.676039,-82.388843,82,30,NW 25TH AVE & NW 43RD ST | NW 25TH PL & NW 43RD ST | NW 25TH TER & NW 43RD ST,0,0,5.36
SE 11TH ST & SE 4TH AVE,29.64826,-82.311362,109,30,9SE 11TH ST & SE 4TH AVE | SE 11TH ST & SE 4TH AVE | SE 11TH ST & SE 4TH ST,0,32,3.07
SW 40TH BLVD & SW 42ND ST,29.621685,-82.386763,76,30,BUTLER PLAZA PRIVATE DR & SW 40TH BLVD | SW 33RD PL & SW 40TH BLVD | SW 35TH BLVD & SW 42ND ST | SW 40TH BLVD & SW 42ND ST,1,19,5.18
SW 34TH ST & SW 39TH BLVD,29.618,-82.372297,103,30,ALLEY ST & SW 34TH ST | NW 39TH AVE & SW 34TH ST | SW 25TH PL & SW 34TH ST | SW 34TH ST & SW 39TH AVE | SW 34TH ST & SW 39TH BLVD,0,49,4.43
SE 4TH ST & SE WILLISTON RD,29.635439,-82.316768,88,30,SE 4TH AVE & SE WILLISTON RD | SE 4TH ST & SE WILLISTON RD | SE 4TH ST & SE WILLSTON RD | SE 4TH ST & WILLISTON RD,0,30,2.95
NW 12TH ST & W UNIVERSITY AVE,29.651923,-82.337122,121,30,12TH ST & W UNIVERSITY AVE | ALLEGATOR ALLEY & SW 12TH ST | ALLIGATOR ALLEY & SE 12TH ST | ALLIGATOR ALLEY & SW 12TH ST | N 12TH ST & UNIVERSITY AVE | NW 12 TH ST & W UNIVERSITY AVE | NW 12TH DR & W UNIVERSITY AVE | NW 12TH ST & S6 26 | NW 12TH ST & SR 26 | NW 12TH ST & W UNIV AVE | NW 12TH ST & W UNIVERSITY AVE | NW 12TH ST & W UNIVESITY AVE | SW 12TH ST & W UNIVERSITY AVE | W 12TH ST & W UNIVERSITY AVE,1,50,0.67
NE 15TH ST & NE 16TH AVE,29.666376,-82.30581,74,29,16TH AVE & NE 15TH ST | CR 172 & NE 15TH ST | NE 15TH ST & NE 16TH AVE | NE 15TH ST & NE 16TH PL,2,24,4.1
SW 30TH AVE & SW 42ND ST,29.625834,-82.386657,54,29,NW 39TH AVE & PLAZA BLVD | PLAZA BLVD & SW 42ND ST | PLAZA BLVD & SW 4ND ST | PLAZA BLVD & UNNAMED RDWAY | SW 30TH AVE & SW 42ND ST | SW 42ND ST & SW 62ND BLVD | SW 42ND ST & SW PLAZA BLVD,0,9,4.92
GALE LEMERAND DR & W UNIVERSITY AVE,29.651944,-82.349697,115,29,GALE EMERAND & W UNIVERSITY AVE | GALE EMERAND DR & W UNIVERSITY AVE | GALE LEMARAND DR & W UNIV AVE | GALE LEMERALD RD & W UNIVERSITY AVE | GALE LEMERAND & W UNIVERSITY AVE | GALE LEMERAND DR & UNIVERSITY AVE | GALE LEMERAND DR & W NEWBERRY RD | GALE LEMERAND DR & W UNINVERSITY | GALE LEMERAND DR & W UNIV AVE | GALE LEMERAND DR & W UNIVERISTY AVE | GALE LEMERAND DR & W UNIVERSITY AVE | GALE LEMEROND & W UNIVERSITY AVE | GALE LEMORAND DR & W UNIVERSITY AVE | GALE LEMRAND DR & W UNIVERSITY AVE | NW 20TH TER & W UNIVERSITY AVE,0,34,0.73
SW 35TH BLVD & WINDMEADOWS BLVD,29.625728,-82.379497,49,29,SW 30TH PL & WINDMEADOWS BLVD | SW 35TH BLVD & SW WINDMEADOW BLVD | SW 35TH BLVD & SW WINDMEADOWS BLVD | SW 35TH BLVD & WIND MEADOWS BLVD | SW 35TH BLVD & WINDMEADOWS BLVD | SW 35TH BVLD & WINDMEADOWS BLVD | SW 35TH ST & WINDMEADOWS BLVD | UNNAMED RD & WINDMEADOWS BLVD,2,25,4.35
SW 11TH ST & SW DEPOT AVE,29.642885,-82.335716,41,27,DEPOT AVE & SW 10TH ST | SE DEPOT AVE & SW 11TH ST | SW 11TH ST & SW 9TH RD | SW 11TH ST & SW DEPOT AVE,2,7,0.97
E UNIVERSITY AVE & NE 13TH ST,29.651794,-82.308671,84,27,E 13TH ST & E UNIVERSITY AVE | E UNIV AVE & SE 13TH ST | E UNIVERSITY AVE & NE 13TH ST | E UNIVERSITY AVE & SE 13TH AVE | E UNIVERSITY AVE & SE 13TH ST | NE 13TH ST & SR 26 | NE 13TH ST & UNIVERSITY AVE,2,41,3.35
SW 27TH ST & SW 35TH PL,29.619618,-82.362753,82,27,NW 27TH ST & SW 35TH PL | SW 26TH ST & SW 35TH PL | SW 27TH ST & SW 35TH BLVD | SW 27TH ST & SW 35TH PL | SW 27TH TER & SW 35TH PL | SW 35TH PL & UNNAMED ST,0,26,3.75
NW 13TH ST & NW 23RD ST,29.713034,-82.355489,74,27,NW 13TH ST & NW 23RD ST | NW 23RD ST & US 441,0,29,7.22
CLARK BUTLER BLVD & SW 30TH PL,29.62566,-82.383801,55,27,CLARK BUTLER & SW 30TH PL | CLARK BUTLER BLVD & SW 30TH AVE | CLARK BUTLER BLVD & SW 30TH PL | CLARKE BUTLER BLVD & SW 30TH PL | SW 30TH PL & SW CLARK BUTLER BLVD,9,0,4.7
NW 16TH BLVD & NW 41ST ST,29.67284,-82.386514,73,27,NW 16TH BLVD & NW 41ST ST | NW 16TH BLVD & NW 41ST TER,7,28,4.97
NW 10TH ST & W UNIVERSITY AVE,29.651918,-82.335026,104,26,10TH ST & W UNIVERSITY AVE | NW 10TH ST & SR 26 | NW 10TH ST & W NEWBERRY RD | NW 10TH ST & W UNIVERITY AVE | NW 10TH ST & W UNIVERSITY AVE | SR 26 & SW 10TH ST | SW 10TH ST & SW ARCHER RD | SW 10TH ST & W UNIVERISTY AVE | SW 10TH ST & W UNIVERSITY AVE | W 10TH ST & W UNIVERSITY AVE,2,34,0.85
S MAIN ST & SW WILLISTON RD,29.618077,-82.332556,78,26,MAIN ST & WILLISTON RD | S MAIN ST & SE WILLISTON RD | S MAIN ST & SR 331 | S MAIN ST & SW WILLISTON RD | S MAIN ST & WILLISTON RD | SR 329 & SR 331,1,28,3.56
NW 4TH PL & NW 62ND ST,29.656205,-82.409045,92,26,NW 4TH PL & NW 62ND AVE | NW 4TH PL & NW 62ND BLVD | NW 4TH PL & NW 62ND ST | NW 4TH PL & SW 62ND ST | NW 4TH ST & NW 62ND ST,0,39,6.43
CENTER DR & SW ARCHER RD,29.638131,-82.345966,73,26,ARCHER RD & CENTER DR | CENTER DR & SW 16TH AVE | CENTER DR & SW ARCHER RD | CENTER RD & SW ARCHER RD | SW ARCHER RD & SW CENTER DR,0,31,1.21
NW 16TH AVE & NW 22ND ST,29.666599,-82.352904,54,26,NW 16TH AVE & NW 22ND ST,0,14,2.19
NE 53RD AVE & NE WALDO RD,29.702354,-82.277314,78,26,NE 38TH ST & NE 53RD AVE | NE 53RD AVE & NE WALDO RD | NE 53RD AVE & NESR 24 | NE 53RD AVE & WALDO RD | NE WALDO RD & NW 53RD AVE | NE WALDO RD & NW 5RD AVE | NW 53RD AVE & NW WALDO RD,2,30,8.7
NE 16TH AVE & NE 9TH ST,29.666437,-82.314762,65,26,9TH ST & NE 16TH AVE | NE 16TH AVE & NE 9TH ST | NE 16TH ST & NE 9TH ST,3,19,3.37
E UNIVERSITY AVE & NE 14TH ST,29.651791,-82.3072485,86,25,14TH ST & E UNIVERSITY AVE | E 14TH ST & E UNIVERSITY AVE | E UNIVERISTY AVE & HAWTHORNE RD | E UNIVERISTY AVE & SE HAWTHORNE RD | E UNIVERSITY AVE & NE 14TH ST | E UNIVERSITY AVE & SE 14TH ST | E UNIVERSITY AVE & SE HAWTHORNE RD | E UNIVERSITY AVE & SE HAWTHRONE RD | E UNVERSITY AVE & NE 14TH ST | HAWTHORNE RD & SE 14TH ST | NE 14TH ST & NE HAWTHORNE RD | SE 14TH ST & SE HAWTHORNE RD | SE HAWTHORNE RD & W UNIVERSITY AVE,2,29,3.48
SW 38TH ST & W NEWBERRY RD,29.652477,-82.380827,103,25,38TH ST & W UNIVERSITY AVE | NEWBERRY RD & NW 38TH ST | NEWBERRY RD & SW 34TH ST | NEWBERRY RD & SW 38TH ST | NEWBERRY RD & W 38TH ST | NW 25TH ST & W NEWBERRY RD | NW 37TH ST & W NEWBERRY RD | NW 38TH ST & W NEWBERRY RD | NW 38TH ST & W UNIVERSITY AVE | S2 26 & SW 38TH ST | SW 32ND ST & W NEWBERRY RD | SW 34TH ST & W NEWBERRY RD | SW 36TH ST & W NEWBERRY RD | SW 38TH ST & W NEWBERRY RD | SW 38TH ST & W UNIVERSITY AVE | W 38TH ST & W NEWBERRY AVE | W 38TH ST & W NEWBERRY RD | W NEWBERRY RD & W UNIVERSITY AVE,0,38,3.67
E UNIVERSITY AVE & NE 10TH ST,29.6518095,-82.313275,41,25,10TH ST & E UNIVERSITY AVE | E 10TH ST & E UNIVERSITY AVE | E NEWBERRY RD & NE 10TH ST | E UNIV AVE & NE 10TH ST | E UNIVERSITY AVE & NE 10TH ST | E UNIVERSITY AVE & SE 10TH AVE | E UNIVERSITY AVE & SE 10TH ST | NE 10TH ST & UNIVERSITY AVE,1,10,2.9
NW 16TH AVE & NW 2ND ST,29.666488,-82.326558,65,25,AND NW 2ND ST & NW 16TH AVE | NW 16TH AVE & NW 2ND AVE | NW 16TH AVE & NW 2ND ST,0,24,2.53
NW 23RD ST & NW 34TH BLVD,29.708309,-82.355002,42,25,NW 23RD ST & NW 34TH BLVD,14,6,6.7
NE 15TH ST & NE 39TH AVE,29.688212,-82.305792,91,24,NE 15TH ST & NE 39TH AVE | NE 15TH ST & NW 39TH AVE | NE 15TH ST & PRIVATE RD,0,37,5.67
NW 23RD AVE & NW 51ST ST,29.673974,-82.397333,63,24,NW 23RD AVE & NW 50TH WAY | NW 23RD AVE & NW 51ST | NW 23RD AVE & NW 51ST ST,0,20,5.94
NE 3RD AVE & NE WALDO RD,29.653748,-82.31013,70,24,3RD AVE & NE WALDO RD | E WALDO RD & NE 3RD AVE | NE 12TH ST & NE WALDO RD | NE 3RD AVE & NE WALDO RD | NE 3RD AVE & NE WALDO RD RD | NE 3RD AVE & NW WALDO RD | NE 3RD AVE & WALDO RD | NE 4TH AVE & NE WALDO RD,0,19,3.24
NW 39TH RD & W NEWBERRY RD,29.653163,-82.383524,76,24,N NEWBERRY RD & NW 39TH RD | NEWBERRY RD & NW 39TH DR | NEWBERRY RD & NW 39TH RD | NEWBERRY RD & NW 39TH ST | NW 36TH DR & W NEWBERRY RD | NW 39TH RD & SR 26 | NW 39TH RD & W NEWBERRY RD | NW 40TH ST & W NEWBERRY RD | SW 37TH ST & W NEWBERRY RD,1,16,3.94
E UNIVERSITY AVE & NE 15TH ST,29.651786,-82.305845,74,24,E 15TH ST & E UNIVERSITY AVE | E UNIV AVE & NE 15TH ST | E UNIVERSITY AVE & NE 15TH ST | E UNIVERSITY AVE & SE 15TH ST | NE 15TH AVE & NE 15TH ST | NE 15TH ST & NE UNIVERSITY AVE | NE 15TH ST & SR 26 | NE 15TH ST & UNIVERSITY AVE | SE 15TH ST & SR 20,1,13,3.62
NW 13TH ST & NW 22ND AVE,29.673122,-82.338972,49,23,NW 13TH ST & NW 22ND AVE | NW 13TH ST & NW 22ND PL | NW 13TH ST & SW 22ND AVE,1,17,2.73
NW 70TH ST & W NEWBERRY RD,29.6595115,-82.41811,68,23,NB OFFRAMP & W NEWBERRY RD | NW 70TH ST & W NEWBERRY RD | NW 71ST ST & W NEWBERRY RD | SR 93 & W NEWBERRY RD,19,41,7.35
SW 23RD ST & W UNIVERSITY AVE,29.651967,-82.356464,97,23,NW 23RD ST & W UNIVERSITY AVE | SW 23RD ST & UNIVERSITY AVE | SW 23RD ST & W UNIVERSITY AVE | SW 23RD ST & W UNVERSITY AVE | W 23RD ST & W UNIVERSITY AVE,1,40,1.34
NW 29TH TER & NW 39TH AVE,29.688495,-82.365969,66,23,NW 29TH ST & NW 39TH AVE | NW 29TH TER & NW 39TH AVE,0,29,4.93
NW 19TH ST & NW 39TH AVE,29.688416,-82.347372,61,23,NW 18TH ST & NW 39TH AVE | NW 19TH ST & NW 39TH AVE | NW 19TH ST & SR 222,1,20,4.41
N MAIN ST & NE 53RD AVE,29.702989,-82.317261,50,22,53RD AVE & N MAIN ST | N MAIN ST & NE 53RD AVE | N MAIN ST & NE 53RD ST | N MAIN ST & NW 53RD AVE,0,5,6.51
SW 20TH AVE & SW 42ND ST,29.63498,-82.387241,52,22,SW 20TH AVE & SW 42ND ST | SW 20TH AVE & SW 42ND TER,2,12,4.54
SW 2ND AVE & W UNIVERSITY AVE,29.651951,-82.352172,95,22,-A & UNIVERSITY AVE | -A & W UNIVERSITY AVE | NW 21ST TER & SW 2ND AVE | NW 21ST TER & W UNIVERSITY AVE | SW 21ST ST & W UNIVERSITY AVE | SW 21ST TER & W UNIVERSITY AVE | SW 2ND AVE & W UNIVERSITY AVE,1,28,0.94
SW 17TH RD & SW 24TH AVE,29.636984,-82.412865,32,22,SW 17TH RD & SW 20TH AVE | SW 17TH RD & SW 24TH AVE | SW 17TH RD & SW 67TH ST | SW 17TH RD & SW 72ND CIR | SW 17TH ST & SW 20TH AVE,1,4,6.88
E UNIVERSITY AVE & NE 1ST ST,29.65183,-82.323977,63,22,18TH ST & W UNIVERSITY AVE | E 1ST ST & E UNIVERSITY AVE | E UNIVERSITY AVE & NE 1ST ST | E UNIVERSITY AVE & SE 1ST AVE | E UNIVERSITY AVE & SE 1ST ST | NE 1ST ST & UNIVERSITY AVE,1,20,1.88
SW 2ND AVE & SW 6TH ST,29.650275,-82.330679,73,22,-A & SW 6TH ST | 6TH ST & SW 2ND AVE | SW 2ND AVE & SW 5TH TER | SW 2ND AVE & SW 6TH ST | SW 2ND ST & SW 6TH ST,0,23,1.21
NW 16TH AVE & NW 16TH TER,29.666575,-82.343265,51,22,NW 14TH ST & NW 16TH AVE | NW 16TH AVE & NW 16TH ST | NW 16TH AVE & NW 16TH TER,0,11,1.97
SW 19TH AVE & SW 34TH ST,29.635135,-82.372327,53,22,19TH AVE & SW 34TH ST | SR 121 & SW 19TH AVE | SW 19TH AVE & SW 34TH BLVD | SW 19TH AVE & SW 34TH ST,0,16,3.21
NW 13TH ST & NW 19TH LN,29.670254,-82.338993,74,21,19TH LN & NW 13TH ST | NW 13TH ST & NW 19TH AVE | NW 13TH ST & NW 19TH LN | NW 13TH ST & NW 19TH RD | NW 13TH ST & NW 19TH ST,1,22,2.41
NW 13TH ST & NW 7TH AVE,29.657538,-82.339021,90,21,NW 13TH ST & NW 7TH AVE | NW 13TH ST & NW 7TH ST,0,33,1.05
NW 43RD ST & NW 51ST AVE,29.70087,-82.38871,31,21,NW 43RD ST & NW 5100TH BLVD | NW 43RD ST & NW 51ST AVE,15,18,7.27
SW 13TH ST & SW 4TH AVE,29.648455,-82.339164,80,20,NW 4TH LN & SW 13TH ST | STADIUM RD & SW 13TH ST | SW 13TH ST & SW 4TH AVE | SW 13TH ST & W UNIVERSI9TY AVE,1,38,0.38
NW 22ND ST & W UNIVERSITY AVE,29.651933,-82.353643,105,20,22ND ST & W UNIVERSITY AVE | E UNIVERSITY AVE & W 22ND ST | NW 22ND ST & SR 26 | NW 22ND ST & W UNIVERISTY AVE | NW 22ND ST & W UNIVERSITY AVE | NW 22ND ST & WUA | NW 22ND TER & W UNIVERSITY AVE | SW 22ND ST & W UNIVERSITY AVE | W 22ND ST & W UNIVERSITY AVE,0,46,1.08
NW 16TH ST & W UNIVERSITY AVE,29.651927,-82.343216,70,19,16TH ST & W UNIVERSITY AVE | NEWELL DR & W UNIVERSITY AVE | NW 16TH AVE & W UNIVERSITY AVE | NW 16TH ST & W UNIVERSITY AVE | SW 16TH ST & W UNIVERSITY AVE | W 16TH ST & W UNIVERSITY AVE,0,35,0.35
SW 23RD ST & SW 35TH PL,29.62027,-82.355639,69,19,35TH PL & SW 23RD ST | SW 23RD ST & SW 35TH PL,1,36,3.39
SW 24TH AVE & SW 38TH TER,29.63007,-82.380936,42,19,PLAZA BLVD & SW 24TH AVE | PLAZA RD & SW 24TH AVE | SW 24TH AVE & SW 38TH DR | SW 24TH AVE & SW 38TH TER | SW 37TH TER & SW 38TH DR,0,8,4.21
NW 24TH BLVD & NW 39TH AVE,29.688422,-82.358354,55,19,NW 24TH BLVD & NW 39TH AVE | NW 24TH ST & NW 39TH AVE | NW 39TH AVE & UPTOWN VILLAGE EXIT,0,22,4.63
SE 11TH ST & SE 2ND AVE,29.650092,-82.311326,42,19,E UNIVERSITY AVE & SE 2ND AVE | NE 2ND AVE & SE 11TH ST | SE 11TH ST & SE 2ND AVE | SE 11TH ST & SR 26 | SE 11TH ST & SW 2ND AVE,1,13,3.08
S MAIN ST & SW DEPOT AVE,29.644602,-82.324803,47,19,CR 329 & SW DEPOT AVE | DEPOT AVE & MAIN ST | DEPOT AVE & S MAIN ST | DEPOT AVE & S MAINST | S DEPOT AVE & S MAIN ST | S MAIN ST & SE DEPOT AVE | S MAIN ST & SW DEPOT AVE | S MAIN ST & SW DEPOT RD | S MAIN ST & W DEPOT AVE,1,16,1.83
NW 3RD AVE & NW 6TH ST,29.653822,-82.330663,58,18,3RD AVE & NW 6TH ST | NW 3RD AVE & NW 6TH ST | NW 3TH AVE & NW 6TH ST,1,12,1.33
NE 7TH ST & NE 8TH AVE,29.659222,-82.317413,48,18,NE 7TH ST & NE 8TH AVE,0,22,2.74
NW 1ST PL & NW 62ND ST,29.653326,-82.409034,65,18,1ST PL & NW 62ND ST | 62ND BLVD & NW 1ST PL | NW 1ST AVE & NW 62ND ST | NW 1ST PL & NW 62ND BLVD | NW 1ST PL & NW 62ND ST | NW 2ND AVE & NW 62ND ST,0,31,6.4
NE 2ND ST & NE 39TH AVE,29.688319,-82.322438,49,18,NE 1ST AVE & NE 39TH AVE | NE 2ND AVE & NE 39TH AVE | NE 2ND ST & NE 39TH AVE | NE 2ND ST & NW 39TH AVE | NE 2ND WAY & NE 39TH AVE,0,15,4.82
SW 4TH PL & SW 62ND BLVD,29.647912,-82.402081,38,17,NW 4TH PL & SW 62ND BLVD | SW 1ST PL & SW 62ND BLVD | SW 4TH PL & SW 62ND BLVD | SW 4TH PL & SW 62ND ST,0,5,5.71
NW 15TH ST & W UNIVERSITY AVE,29.651936,-82.341784,85,17,15TH ST & W UNIVERSITY AVE | E UNIVERSITY AVE & NW 15TH ST | NW 15TH ST & SW UNIVERSITY AVE | NW 15TH ST & UNIVERSITY AVE | NW 15TH ST & W UNIVERISTY AVE | NW 15TH ST & W UNIVERITY AVE | NW 15TH ST & W UNIVERSIT AVE | NW 15TH ST & W UNIVERSITY AVE | SW 15TH ST & W UNIVERSITY AVE,0,38,0.37
NW 21ST TER & NW 8TH AVE,29.659299,-82.352493,33,17,NW 21ST TER & NW 8TH AVE,0,7,1.48
SHEALY DR & SW 16TH AVE,29.63482,-82.351363,57,17,CORNELIUS WAY & SW 16TH AVE | SHEALEY DR & SW 16TH AVE | SHEALLY DR & SW 16TH AVE | SHEALY DR & SW 16TH AVE | SHEALY DR UF & SW 16TH AVE | SW 16TH AVE & SW SHEALY DR,0,1,1.74
NW 34TH ST & NW 5TH AVE,29.655222,-82.37225,37,17,NW 34TH ST & NW 5TH AVE | NW 34TH ST & NW 5TH BLVD,1,9,2.91
N MAIN ST & NW 10TH AVE,29.66109,-82.32436,69,17,MAIN ST & NE 10TH AVE | N 10TH AVE & N MAIN ST | N MAIN ST & NE 10TH AVE | N MAIN ST & NE 10TH ST | N MAIN ST & NW 10TH AVE | N MAIN ST & NW 10TH ST,1,16,2.27
SE 11TH AVE & SE 11TH ST,29.640992,-82.311447,54,16,SE 11TH AVE & SE 11TH ST | SE 11TH AVE & SR 331,0,28,3.18
SE 11TH ST & SE 7TH AVE,29.645792,-82.311372,43,16,SE 11TH ST & SE 7TH AVE | SE 7TH AVE & SE WILLISTON RD,0,13,3.09
NW 15TH AVE & NW 34TH ST,29.665605,-82.372246,41,16,NW 15TH AVE & NW 34TH ST | NW 15TH AVE & SR 121,1,15,3.38
NW 4TH ST & NW 8TH AVE,29.659296,-82.328818,33,16,NW 4TH ST & NW 8TH AVE,1,5,1.81
SW 34TH ST & SW 42ND AVE,29.614205,-82.371881,35,16,SR 121 & SW 42ND AVE | SW 34TH ST & SW 42ND AVE | SW 34TH ST & SW 42ND PL | SW 40TH BLVD & SW 42ND AVE,0,6,4.74
NE 15TH ST & NE 53RD AVE,29.702832,-82.305759,39,15,NE 15TH ST & NE 53RD AVE | NE 15TH ST & NE 53RD RD AVE | NE 15TH ST & NW 53RD AVE,1,8,7.0
S MAIN ST & SW 4TH AVE,29.64838,-82.324837,57,15,S 4TH AVE & S MAIN ST | S MAIN ST & SE 4TH AVE | S MAIN ST & SE 4TH ST | S MAIN ST & SW 4TH AVE,0,30,1.77
NW 29TH ST & NW 34TH BLVD,29.702785,-82.365399,36,15,NW 29TH ST & NW 34TH BLVD,0,13,6.36
SE 15TH ST & SE 8TH AVE,29.64455,-82.305701,30,15,NE 8TH AVE & SE 15TH ST | SE 15TH ST & SE 8TH AVE,0,6,3.65
NW 37TH PL & NW 43RD ST,29.687563,-82.388758,44,15,NW 37TH PL & NW 43RD | NW 37TH PL & NW 43RD ST,0,9,6.16
NW 36TH ST & NW 8TH AVE,29.659392,-82.376435,31,15,NW 36TH AVE & NW 8TH AVE | NW 36TH ST & NW 8TH AVE | NW 36TH ST & NW 8TH ST,0,0,3.43
SW 13TH ST & SW 21ST AVE,29.632836,-82.339197,44,15,SW 13TH ST & SW 19TH AVE | SW 13TH ST & SW 21ST AVE | SW 13TH ST & SW 21ST ST,2,12,1.81
NW 12TH ST & NW 23RD AVE,29.673847,-82.337033,37,15,NW 12TH ST & NW 23RD AVE,2,12,2.84
NW 64TH TER & W NEWBERRY RD,29.659779,-82.4112135,41,14,NW 64TH TER & W NEWBERRY RD,12,4,6.7
NW 13TH ST & NW 21ST AVE,29.672034,-82.338985,48,14,NW 13TH ST & NW 21ST AVE | NW 13TH ST & NW 21ST ST | NW 13THST & NW 21ST ST AVE | NW 21ST AVE & US 441,1,10,2.61
NW 22ND DR & NW 39TH AVE,29.688413,-82.354263,38,14,22ND DR & 39TH AVE | 22ND DR & NW 39TH AVE | NW 22ND DR & NW 39TH AVE | NW 22ND ST & NW 39TH AVE,0,13,4.52
SW 29TH DR & SW WILLISTON RD,29.607743,-82.365172,42,14,SR 331 & SW 29TH DR | SW 29TH DR & SW WILLISTON RD | SW 29TH DR & WILLISTON RD | SW 29TH ST & WILLISTON RD,0,14,5.03
SW 11TH AVE & SW 13TH ST,29.640143,-82.33916,47,14,S 13TH ST & SW 11TH AVE | SW 11TH AVE & SW 13TH ST | SW 11TH RD & SW 13TH ST,1,15,1.03
NW 10TH AVE & NW 13TH ST,29.661208,-82.339011,42,14,10TH AVE & 13TH ST | NW 10TH AVE & NW 13TH ST,0,16,1.43
NW 31ST BLVD & NW 34TH ST,29.686817,-82.372168,62,14,37TH AVE & NW 34TH ST | NW 31ST BLVD & NW 34TH ST | NW 31ST BLVD & SR 121 | NW 34TH ST & NW 37TH AVE | NW 34TH ST & NW 37TH BLVD | NW 34THST & NW 37TH AVE,0,26,5.07
CLARK BUTLER BLVD & SW 42ND ST,29.628073,-82.385497,32,14,CLARK BUTLER BLVD & SW 42ND AVE | CLARK BUTLER BLVD & SW 42ND ST,0,0,4.7
NW 34TH BLVD & NW 55TH BLVD,29.706831,-82.356461,45,14,55TH BLVD & NW 34TH BLVD | NW 34TH BLVD & NW 53TH AVE | NW 34TH BLVD & NW 55TH BLVD | NW 34TH ST & NW 55TH BLVD | NW 55TH BLVD & SR 121,0,16,6.56
SW 34TH ST & SW 47TH AVE,29.609157,-82.37136,44,14,SRS 121 & SW 47TH AVE | SW 34TH ST & SW 47TH AVE,0,11,5.18
NW 13TH ST & NW 45TH AVE,29.695803,-82.338858,39,14,NW 10TH ST & NW 45TH AVE | NW 13TH ST & NW 45TH AVE,0,8,5.23
NW 10TH AVE & NW 6TH ST,29.661143,-82.330708,45,14,NW 10TH AVE & NW 6TH ST,0,28,1.82
NE 15TH ST & NE 23RD AVE,29.673696,-82.305852,53,14,23RD AVE & NE 15TH ST | NE 15TH ST & NE 23RD AVE,3,18,4.54
NW 72ND ST & W NEWBERRY RD,29.659503,-82.419768,43,13,NW 72ND ST & W NEWBERRY RD,13,45,7.51
NW 22ND ST & NW 67TH PL,29.71617,-82.353502,27,13,NW 22ND ST & NW 67TH PL,0,5,7.54
SW 32ND TER & SW 35TH PL,29.621536,-82.370908,47,13,SW 32ND CT & SW 35TH PL | SW 32ND ST & SW 35TH PL | SW 32ND TER & SW 35TH PL,0,23,4.05
NW 10TH ST & NW 8TH AVE,29.659289,-82.335113,27,13,NE 8TH AVE & NW 10TH ST | NW 10TH AVE & NW 8TH AVE | NW 10TH ST & NW 8TH AVE | NW 10TH ST & NW 8TH PL,0,3,1.4
SW 20TH AVE & SW 40TH TER,29.634415,-82.384532,90,13,40TH TER & SW 20TH AVE | CR 30 & SW 40TH TER | SW 20TH AVE & SW 40TH TER,0,50,4.31
SW 13TH ST & SW 14TH DR,29.624241,-82.339248,45,13,SW 13TH ST & SW 14TH DR | SW 13TH ST & SW 14TH TER,0,11,2.75
E UNIVERSITY AVE & NE 25TH ST,29.651758,-82.292276,40,13,E 25TH ST & E UNIVERSITY AVE | E UNIV AVE & NE 25TH ST | E UNIVERSITY AVE & NE 25TH ST | NE 25TH ST & SR 26,0,15,4.93
ACCESS RD & SR 26,29.659492,-82.4106075,65,13,ACCESS RD & SR 26 | MALL ACCESS RD 6600 & W NEWBERRY RD,12,8,6.64
NW 8TH ST & W UNIVERSITY AVE,29.65191,-82.332899,47,13,8TH ST & W UNIVERSITY AVE | NW 8TH AVE & W UNIVERSITY AVE | NW 8TH ST & W UNIVERSITY AVE | SW 8TH ST & W UNIVERSITY AVE | W 8TH ST & W UNIVERSITY AVE,0,15,1.05
SW 34TH ST & SW 41ST PL,29.615456,-82.372018,44,13,SW 34TH ST & SW 41ST PL,3,18,4.64
NW 14TH ST & W UNIVERSITY AVE,29.651924,-82.340473,47,13,14TH ST & W UNIVERSITY AVE | NW 14TH ST & UNIVERSITY AVE | NW 14TH ST & W UNIV AVE | NW 14TH ST & W UNIVERSITY AVE | SW 14TH ST & W UNIVERSITY AVE | W 14TH ST & W UNIVERSITY AVE,1,24,0.43
SW 20TH AVE & SW 39TH WAY,29.633949,-82.383297,46,13,SW 20TH AVE & SW 39TH ST | SW 20TH AVE & SW 39TH TER | SW 20TH AVE & SW 39TH WAY | SW 20TH AVE & SW 39TH WY | SW 20TH ST & SW 39TH WAY,1,32,4.22
SE 1ST ST & SE 2ND AVE,29.650222999999997,-82.32387750000001,21,13,SE 1ST & SE 2ND AVE | SE 1ST ST & SE 2ND AVE,0,5,1.87
NW 16TH AVE & NW 43RD ST,29.667217,-82.388849,33,13,NW 16TH AVE & NW 43RD ST | NW 16TH BV & NW 43RD ST | NW 16TH PL & NW 43RD ST,2,2,4.87
S MAIN ST & SE 1ST AVE,29.651068,-82.324841,52,12,N MAIN ST & SE 1ST AVE | S 1ST AVE & S MAIN ST | S MAIN ST & SE 1ST AVE | S MAIN ST & SW 1ST AVE | S MAINST & SW 1ST AVE,1,22,1.78
E UNIVERSITY AVE & NE 18TH ST,29.651775,-82.301675,36,12,E 18TH ST & E UNIVERSITY AVE | E UNIV AVE & NE 18TH ST | E UNIVERSITY AVE & NE 18TH ST | E UNIVERSITY AVE & SE 18TH ST | E UNIVERSITY DR & NE 18TH ST | SE 18TH ST & SR 26,0,13,4.02
NE 39TH AVE & NE 4TH ST,29.688279,-82.320492,38,12,NE 39TH AVE & NE 3RD ST | NE 39TH AVE & NE 4TH ST | NE 39TH AVE & SR 20 | NE 4TH ST & NW 39TH AVE | NE 4TH ST & S2 222,0,22,4.89
SW 3RD ST & W UNIVERSITY AVE,29.651862,-82.32793,39,12,3RD ST & W UNIVERSITY AVE | NW 3RD ST & UNIVERSITY AVE | NW 3RD ST & W UNIV AVE | NW 3RD ST & W UNIVERSITY AVE | SR 26 & SW 3RD ST | SW 3RD ST & W UNIVERSITY AVE | W 3RD ST & W UNIVERSITY AVE,0,9,1.51
NE 49TH AVE & NE WALDO RD,29.699882,-82.278978,27,12,NE 49TH AVE & NE WALDO RD | NE 49TH AVE & SR 26 | NE WALDO RD & NW 49TH AVE,1,7,8.4
SW 13TH ST & SW 3RD AVE,29.649305,-82.339167,54,12,NW 3RD AVE & SW 13TH ST | S & SW 3RD AVE | SW 13TH ST & SW 3RD AVE | SW 3RD AVE & US 441,1,21,0.38
SW 10TH TER & SW 16TH AVE,29.636472,-82.335337,34,12,SW 10TH DR & SW 16TH AVE | SW 10TH TER & SW 16TH AVE,1,1,1.56
NW 18TH ST & W UNIVERSITY AVE,29.651934,-82.34627,73,12,FLETCHER DR & W UNIVERSITY AVE | NW 18TH ST & W UNIV AVE | NW 18TH ST & W UNIVERISITY AVE | NW 18TH ST & W UNIVERSIT AVE | NW 18TH ST & W UNIVERSITY AVE | NW 18TH ST & W UNVERSITY AVE | SW 18TH ST & W UNIVERSITY AVE,1,37,0.46
S MAIN ST & SW 2ND AVE,29.650294,-82.324833,53,12,2ND AVE & S MAIN ST | MAIN ST & SW 2ND AVE | NW 2ND AVE & S MAIN ST | S 2ND AVE & S MAIN ST | S MAIN ST & SE 2ND AVE | S MAIN ST & SW 2ND AVE | SR 329 & SW 2ND AVE,1,24,1.77
NW 13TH ST & NW 50TH AVE,29.70023,-82.339946,29,12,NW 13TH ST & NW 50TH AVE,0,10,5.71
NW 14TH ST & NW 1ST AVE,29.652825,-82.340326,34,12,NW 14TH ST & NW 1ST AVE | NW 14TH ST & NW 1ST PL,0,2,0.52
NW 19TH ST & W UNIVERSITY AVE,29.65194,-82.347814,62,12,19TH ST & W UNIVERSITY AVE | NW 19TH AVE & W UNIVERSITY AVE | NW 19TH ST & UNIVERSITY AVE | NW 19TH ST & W NEWBERRY RD | NW 19TH ST & W UNIVERSITY AVE | NW 19TH ST & W UNIVERSITYAVE | NW 19TH ST & WUA | SW 19TH ST & W UNIVERSITY AVE | W 19TH ST & W UNIVERSITY AVE,2,32,0.57
NW 33RD CT & W UNIVERSITY AVE,29.652074,-82.371045,28,12,33RD CT & W UNIVERSITY AVE | NW 33RD CT & W UNIVERSITY AVE,5,16,2.73
SW 13TH PL & SW 62ND BLVD,29.641329,-82.398063,30,12,SW 13TH PL & SW 62ND BLVD | SW 13TH PL & SW 62ND ST,2,21,5.38
N MAIN ST & NW 2ND AVE,29.653352,-82.324845,45,12,CR 329 & N 2ND AVE | N 2ND AVE & N MAIN ST | N MAIN ST & NE 2ND AVE | N MAIN ST & NW 2ND AVE,3,20,1.84
NW 13TH ST & NW 2ND AVE,29.65335,-82.339074,23,12,NW 13TH ST & NW 2ND AVE,4,7,0.64
NW 1ST ST & W UNIVERSITY AVE,29.651834,-82.325833,41,12,NE 1ST ST & W UNIVERSITY AVE | NW 1ST & W UNIVERSITY AVE | NW 1ST ST & W UNIVERSITY AVE | NW 1ST ST & W UNIVERSIY AVE | SW 1ST ST & UNIVERISTY AVE | SW 1ST ST & W UNIVERSITY AVE | W 1ST ST & W UNIVERISTY AVE | W 1ST ST & W UNIVERSITY AVE,0,15,1.7
NW 32ND ST & W UNIVERSITY AVE,29.652081,-82.369788,38,11,32ND CT & W UNIVERSITY AVE | NW 32ND ST & W UNIVERSITY AVE | NW 32TH ST & W UNIVERSITY AVE | SR 26 & SW 32ND ST | SW 32ND ST & W UNIVERISTY AVE | SW 32ND ST & W UNIVERSITY AVE | SW 32ND ST & WUA | W 32ND ST & W UNIVERSITY AVE,1,19,2.61
SE 27TH ST & SE HAWTHORNE RD,29.642763,-82.289323,34,11,27TH ST & SE HAWTHORNE RD | HAWTHRONE RD & SE 27TH ST | SE 27TH ST & SE HAWTHORNE RD | SE 27TH ST & SE HAWTHRONE RD | SE 27TH ST & SR 20,0,17,5.25
SW 10TH ST & SW 2ND AVE,29.650127,-82.335041,50,11,SW 10TH SR & SW 2ND AVE | SW 10TH ST & SW 2ND AVE | SW 10TH ST & SW 2ND PL,0,15,0.79
NW 13TH ST & NW 6TH AVE,29.656655,-82.339031,29,11,NW 13TH ST & NW 6TH AVE | NW 6TH AVE & US ROUTE 441,2,15,0.96
NW 42ND AVE & NW 6TH ST,29.692191,-82.332766,33,11,NW 42ND AVE & NW 6TH ST,0,13,4.91
NW 25TH ST & W UNIVERSITY AVE,29.651984,-82.36044,33,11,NW 25TH AVE & W UNIVERSITY AVE | NW 25TH ST & W UNIVERSITY AVE | SW 25TH ST & UNIVERSITY AVE | SW 25TH ST & W UNIVERSITY AVE,0,11,1.71
NW 18TH TER & NW 8TH AVE,29.659283,-82.347181,41,11,18TH TER & NW 8TH AVE | NW 18TH TER & NW 8TH AVE,0,14,1.23
NW 13TH AVE & NW 34TH ST,29.664486,-82.372218,25,11,NW 13TH AVE & NW 34TH ST | NW 13TH AVE & SR 121 | NW 34TH ST & US 441,0,10,3.31
NW 11TH ST & W UNIVERSITY AVE,29.651929,-82.335992,46,11,11TH ST & W UNIVERSITY AVE | NE 11TH ST & W UNIVERSITY AVE | NW 11TH ST & W UNIVERISTY AVE | NW 11TH ST & W UNIVERSITY AVE | SW 11TH ST & W UNIVERSITY AVE,1,21,0.77
UNNAMED ST & W NEWBERRY RD,29.660046,-82.448667,14,11,64TH ST & W NEWBERRY RD | 67TH ST & W NEWBERRY RD | 68TH ST & W NEWBERRY RD | MAIN ENTRANCE TO NFRMC & W NEWBERRY RD | NEWBERRY RD & NW 67TH ST | NW 62TH BLVD & W NEWBERRY RD | NW 68TH ST & W NEWBERRY RD | OAKS MALL ENTRANCE RD & W NEWBERRY RD | SW 68TH ST & W NEWBERRY RD | UNNAMED ROADWAY & W NEWBERRY RD | UNNAMED ST & W NEWBERRY RD,2,0,10.29
NW 12TH ST & NW 8TH AVE,29.659259,-82.337132,27,11,NW 12TH AVE & NW 8TH AVE | NW 12TH ST & NW 8TH AVE | NW 12TH STR & NW 8TH AVE | NW 13TH ST & SW 8TH AVE,1,1,1.3
SW 24TH AVE & SW 43RD ST,29.630374,-82.388856,27,11,SW 24TH AVE & SW 43RD ST,0,9,4.88
N MAIN ST & NW 14TH AVE,29.664767,-82.324368,44,11,MAIN ST & NW 14TH AVE | N MAIN ST & NE 14TH AVE | N MAIN ST & NW 14TH AVE | N MAIN ST & NW 14TH ST | NW 14TH AVE & NW 1ST ST,0,7,2.53
NW 1ST CT & NW 34TH ST,29.653546,-82.372539,22,11,NW 1ST CT & NW 34TH | NW 1ST CT & NW 34TH ST,0,9,2.9
SE 15TH ST & SE HAWTHORNE RD,29.651099,-82.305921,52,10,HAWTHORNE RD & SE 15TH ST | NE 15TH ST & SE HAWTHORNE RD | SE 15TH ST & SE HAWTHORNE RD | SE 15TH ST & SE HAWTHRONE RD,1,34,3.61
NW 31ST DR & NW 8TH AVE,29.659349,-82.369416,28,10,NW 31ST DR & NW 8TH AVE,0,5,2.8
NE 2ND ST & NE 8TH AVE,29.659094,-82.323123,34,10,NE 2ND AVE & NE 8TH AVE | NE 2ND ST & NE 8TH AVE,1,10,2.24
SW 23RD ST & SW 2ND AVE,29.650272,-82.355744,37,10,SW 23RD ST & SW 2ND AVE,0,15,1.23
NB ONRAMP & W NEWBERRY RD,29.659515,-82.417356,41,10,NB ONRAMP & W NEWBERRY RD,10,29,7.28
SW 28TH TER & SW 35TH PL,29.619756,-82.365674,29,10,28TH TER & SW 35TH PL | SW 28TH TER & SW 35TH PL | SW 28TH TR & SW 35TH PL,3,7,3.89
NE 25TH ST & NE 8TH AVE,29.659072,-82.292389,19,10,NE 25TH & NE 8TH AVE | NE 25TH ST & NE 8TH AVE,0,7,5.04
SW 13TH ST & SW 14TH AVE,29.637867,-82.339155,31,10,SW 13TH ST & SW 14TH AVE | SW 13TH ST & SW 14TH ST,0,13,1.27
SW 2ND ST & W UNIVERSITY AVE,29.651837,-82.326581,50,10,2ND ST & W UNIVERSITY AVE | NEWBERRY RD & SW 2ND AVE | NW 2ND ST & W UNIVERSITY AVE | NW 2ND ST & W UNVERSITY AVE | SW 2ND ST & W NEWBERRY RD | SW 2ND ST & W UNIVERSITY AVE | W 2ND ST & W UNIVERSITY AVE,0,18,1.63
SW 19TH CT & SW 24TH AVE,29.634935,-82.414031,20,10,SW 19TH CT & SW 24TH AVE,0,12,7.03
NE 23RD AVE & NE 2ND ST,29.674017,-82.319595,29,10,NE 23RD AVE & NE 2ND AVE | NE 23RD AVE & NE 2ND ST | NE 23RD AVE & NE 5TH TER | NE 23RD AVE & NE 5TH TR,0,13,3.6
NW 13TH ST & NW 55TH AVE,29.705111,-82.345591,33,10,NW 13TH ST & NW 55TH AVE | NW 13TH ST & NW 55TH PL,0,12,6.25
NW 34TH ST & NW 7TH AVE,29.657917,-82.372263,39,10,7TH AVE & NW 34TH ST | 7TH PL & NW 34TH ST | NW 34TH ST & NW 7TH AVE,0,12,3.0
E UNIVERSITY AVE & SE 12TH ST,29.651799,-82.310102,28,10,E UNIVERISITY AVE & SE 12TH ST | E UNIVERSITY AVE & NE 12TH ST | E UNIVERSITY AVE & SE 12TH ST | SE 12TH ST & UNIVERSITY AVE | SE 12TH ST & W UNIVERSITY AVE,0,14,3.21
N MAIN ST & NW 1ST AVE,29.652691,-82.324842,30,10,1ST AVE & N MAIN ST | MAIN ST & NW 1ST AVE | N 1ST AVE & N MAIN ST | N MAIN ST & NE 1ST AVE | N MAIN ST & NW 1ST AVE,0,11,1.82
NW 43RD ST & WALGREENS ACCESS RD,29.70229,-82.388706,16,9,NW 43RD ST & WALGREENS ACCESS RD,9,6,7.39
NW 13TH ST & NW 31ST AVE,29.681255,-82.338922,26,9,NW 13TH ST & NW 31ST AVE | NW 13TH ST & NW 31ST ST | NW 31ST AVE & US 441,0,11,3.62
NW 17TH ST & NW 1ST AVE,29.652805,-82.344582,27,9,NE 17TH ST & NW 1ST AVE | NW 17TH ST & NW 1ST AVE,2,4,0.47
NW 12TH ST & NW 3RD AVE,29.653892,-82.336976,23,9,NW 12TH ST & NW 3RD AVE | NW 12TH TER & NW 3RD AVE,0,4,0.82
OLD ARCHER RD & SW 34TH ST,29.62576,-82.372459,28,9,34TH ST & SW OLD ARCHER RD | OLD ARCHER RD & SW 32ND TER | OLD ARCHER RD & SW 34TH ST | SW 34TH ST & SW OLD ARCHER RD,1,4,3.82
NW 23RD TER & NW 34TH BLVD,29.70653,-82.356957,22,9,NE 23RD TER & NW 34TH BLVD | NW 23RD TER & NW 34TH BLVD,0,8,6.54
NE 1ST BLVD & NE 23RD AVE,29.674079,-82.323717,17,9,NE 1ST BLVD & NE 23RD AVE | NE 1ST BLVD & NW 23RD AVE,1,4,3.37
SW 2ND AVE & SW 37TH ST,29.651445000000002,-82.378716,22,9,NW 37TH ST & W UNIVERSITY AVE | SW 2ND AVE & SW 37TH ST | SW 2ND AVE & SW 37TH TER | SW 2ND AVE & WUA | SW 37TH BLVD & W UNIVERSITY AVE | SW 37TH ST & W UNIVERSITY AVE,0,3,3.46
NW 23RD ST & NW 8TH AVE,29.659284,-82.356509,25,9,NW 23RD DR & NW 8TH AVE | NW 23RD ST & NW 8TH AVE | NW 23RD ST & NW 8TH ST,0,2,1.74
NW 30TH PL & NW 34TH ST,29.680648,-82.372197,20,9,NW 30 TH PL & NW 34TH ST | NW 30TH PL & NW 34TH ST,0,11,4.52
NW 23RD AVE & NW 55TH ST,29.673973,-82.40153,32,9,NW 23RD AVE & NW 55TH ST,0,43,6.3
SE 4TH AVE & SE 7TH ST,29.648105,-82.317909,32,9,SE 4TH AVE & SE 7TH ST,0,13,2.44
SW 12TH AVE & SW 13TH ST,29.639658,-82.339153,13,9,SW 12TH AVE & SW 13TH ST,0,3,1.08
NE 1ST AVE & NE WALDO RD,29.652762,-82.310749,18,9,E UNIVERSITY AVE0 & NE WALDO RD | E UNIVERSTY AVE & NE WALDO RD | NE 1ST AVE & NE WALDO RD | NE WALDO RD & SE 1ST AVE | SE 1ST AVE & SE WALDO RD,0,4,3.16
NE 16TH AVE & NE 2ND ST,29.666466,-82.32308,37,9,16TH AVE & NE 2ND ST | NE 16TH AVE & NE 2ND ST,0,7,2.75
SW 13TH ST & SW 1ST AVE,29.651162,-82.339478,29,9,SW 13TH ST & SW 1ST AVE | SW 13TH ST & SW 1ST PL,0,10,0.44
NW 38TH ST & NW 8TH AVE,29.659493,-82.380844,26,9,NW 38TH ST & NW 8TH AVE | NW 38TH TER & NW 8TH AVE,0,7,3.84
NW 20TH ST & NW 8TH AVE,29.659306,-82.349285,24,9,NW 20TH ST & NW 8TH AVE,0,8,1.31
SE 11TH AVE & SE 15TH ST,29.641005,-82.305712,28,9,SE 11TH AVE & SE 15TH AVE | SE 11TH AVE & SE 15TH ST,0,5,3.72
SW 5TH AVE & SW 6TH ST,29.647196,-82.331134,14,9,SW 5TH AVE & SW 6TH ST,0,3,1.17
SW 13TH ST & SW 25TH PL,29.628643,-82.339204,26,9,25TH PL & SW 13TH ST | SW 13TH ST & SW 22ND AVE | SW 13TH ST & SW 25TH DR | SW 13TH ST & SW 25TH PL | SW 13TH ST & SW 26TH TER,0,5,2.27
NW 16TH TER & NW 23RD AVE,29.673865,-82.343219,31,9,NW 16TH TER & NW 23RD AVE,0,7,2.78
NW 23RD ST & NW 62ND AVE,29.711498,-82.356232,18,9,NW 23RD ST & NW 62ND AVE | NW 23RDST & NW 62ND AVE,2,3,7.07
NE 3RD AVE & NE 9TH ST,29.653843,-82.314599,16,8,NE 3RD AVE & NE 9TH ST,0,5,2.81
N MAIN ST & NE 31ST AVE,29.681378,-82.319212,15,8,31ST AVE & N MAIN ST | N MAIN ST & NE 31ST AVE | N MAIN ST & NE 31ST ST,0,2,4.29
NW 19TH PL & NW 43RD ST,29.670015,-82.388832,22,8,NW 18TH AVE & NW 43RD ST | NW 18TH PL & NW 43RD ST | NW 19TH AVE & NW 43RD ST | NW 19TH PL & NW 43RD ST,0,5,5.01
NW 16TH AVE & NW 27TH TER,29.666611,-82.363432,18,8,NW 16TH AVE & NW 27TH ST | NW 16TH AVE & NW 27TH TER | NW 16TH ST & NW 27TH TER,0,2,2.79
NW 26TH ST & W UNIVERSITY AVE,29.651852,-82.361527,33,8,NW 26TH ST & W NEWBERRY RD | NW 26TH ST & W UNIVERSITY AVE | SW 26TH ST & W UNIVERSITY AVE | SW 26TH ST & W UNIVERSTY AVE,0,13,1.81
S MAIN ST & SE 10TH AVE,29.640688,-82.325785,21,8,NE 10TH AVE & S MAIN ST | S 10TH AVE & S MAIN ST | S MAIN ST & SE 10TH AVE | S MANT ST & SE 10TH AVE,0,0,1.9
SE 5TH ST & SE WILLISTON RD,29.636204,-82.315682,18,8,SE 5TH ST & SE WILLISTON RD,1,3,3.0
NW 34TH BLVD & NW 54TH AVE,29.703824,-82.362293,25,8,34TH BLVD & 54TH AVE | 54TH AVE & NW 34TH BLVD | NW 34TH BLVD & NW 54TH AVE,0,17,6.38
NW 28TH LN & NW 43RD ST,29.679531,-82.389092,38,8,28TH LN & NW 43RD ST | NW 28TH AVE & NW 43RD ST | NW 28TH LN & NW 43RD ST | NW 28TH LN & NW 4RD ST,0,17,5.6
N MAIN ST & NE 28TH AVE,29.677588,-82.319446,20,8,N MAIN ST & NE 28TH AVE | N MAIN ST & NW 28TH AVE,0,4,3.93
NW 10TH PL & NW 64TH TER,29.662576,-82.411106,12,8,NW 10TH PL & NW 63RD ST | NW 10TH PL & NW 64TH TER,0,2,6.75
SE 7TH AVE & SE 9TH ST,29.645659,-82.315106,14,8,SE 7TH AVE & SE 9TH ST,0,0,2.73
SW 33RD PL & SW 42ND ST,29.623083,-82.386914,19,8,SW 33RD PL & SW 42ND ST,0,5,5.11
NW 19TH ST & NW 3RD AVE,29.653977,-82.347651,15,8,NW 19TH ST & NW 3RD AVE,0,3,0.72
NW 13TH ST & NW 42ND AVE,29.692208,-82.338855,30,8,NW 13TH ST & NW 42ND AVE | NW 42ND AVE & US 441,1,3,4.83
NW 15TH ST & NW 8TH AVE,29.659239,-82.341775,16,8,NW 15TH ST & NW 8TH AVE,1,1,1.16
NE 1ST ST & NE 4TH AVE,29.654681,-82.323839,20,8,NE 1ST ST & NE 4TH AVE,0,4,1.97
NW 45TH AVE & NW 6TH ST,29.69584,-82.335129,16,8,45TH AVE & NW 6TH ST | NW 45TH AVE & NW 6TH ST,0,3,5.27
NW 13TH ST & NW 36TH PL,29.68611,-82.339191,29,8,NW 13TH & NW 36TH PL | NW 13TH ST & NW 36TH PL,1,11,4.15
NW 16TH AVE & NW 31ST DR,29.66692,-82.369334,13,8,NW 16TH AVE & NW 31ST DR,1,3,3.24
NW 13TH ST & NW 84TH PL,29.732772,-82.378013,11,8,NW 13TH ST & NW 84TH PL,1,3,9.9
SW 13TH ST & SW 18TH PL,29.634625,-82.339502,23,8,SW 13TH ST & SW 18TH PL | SW 13TH ST & SW 18TH TER,1,7,1.61
SR 93 & SW WILLISTON RD,29.602816,-82.372527,17,7,SR 93 & SW WILLISTON RD,7,8,5.84
NW 14TH ST & NW 5TH AVE,29.655744,-82.340357,8,7,NW 14TH ST & NW 5TH AVE | NW 14TH ST & NW 5TH ST,0,2,0.81
SW 32ND WAY & SW WILLISTON RD,29.622142,-82.326707,14,7,SW 1ST WAY & SW WILLISTON RD | SW 32ND WAY & SW WILLISTON RD | SW 32ND WAY & WILLISTON RD | SW WILLISTON RD & WILLISTON RD,0,2,3.35
SW 2ND AVE & SW 2ND ST,29.650146,-82.326579,25,7,SW 2ND AVE & SW 2ND ST,0,13,1.61
NW 13TH ST & NW 4TH AVE,29.654561,-82.339068,20,7,NW 13TH ST & NW 3RD PL | NW 13TH ST & NW 4TH AVE | NW 13TH ST & NW 4TH PL,0,9,0.75
SW 12TH ST & SW 1ST AVE,29.651186,-82.336978,20,7,SW 12TH ST & SW 1ST AVE | SW 12TH ST & SW 1ST PL,0,2,0.65
NE 12TH ST & NE 16TH AVE,29.666409,-82.310261,16,7,NE 11TH ST & NE 16TH AVE | NE 12TH ST & NE 16TH AVE,0,7,3.73
NW 25TH TER & NW 34TH BLVD,29.704951,-82.359754,32,7,NW 25TH TER & NW 34TH BLVD,0,12,6.43
NW 23RD AVE & NW 2ND ST,29.67382,-82.3266505,28,7,NE 2ND ST & NW 23RD AVE | NW 23RD AVE & NW 2ND ST,0,9,3.2
NE 23RD AVE & NE 9TH ST,29.673727,-82.314821,28,7,NE 23RD AVE & NE 9TH ST,0,11,3.89
NW 51ST TER & NW 8TH AVE,29.659731,-82.397872,26,7,NW 51ST TER & NW 8TH AVE,0,2,5.44
NW 43RD ST & NW 93RD AVE,29.739305,-82.388618,11,7,NW 43RD ST & NW 93RD AVE,0,4,10.96
SW 2ND AVE & SW 36TH ST,29.650767,-82.376589,23,7,-A & SW 36TH ST | SW 2ND AVE & SW 36TH ST | SW 2ND AVE & SW 36TH TER,0,10,3.25
SW 2ND AVE & SW 5TH ST,29.650132,-82.329524,16,7,SW 2ND AVE & SW 5TH ST,0,4,1.32
HULL RD & SW 38TH TER,29.637238,-82.380898,12,7,HULL & SW 38TH TER | HULL RD & SW 38TH ST | HULL RD & SW 38TH TER,0,1,3.87
E UNIVERSITY AVE & NE 7TH ST,29.651817,-82.317706,30,7,7TH ST & E UNIVERSITY AVE | 7TH ST & SR 26 | E 7TH ST & E UNIVERSITY AVE | E UNIVERSITY AVE & NE 7TH ST | E UNIVERSITY AVE & SE 7TH ST | SE 7TH ST & SR 26,0,11,2.48
NW 19TH AVE & NW 6TH ST,29.669395,-82.330717,22,7,19TH AVE & NW 6TH ST | NW 19TH AVE & NW 6TH ST,0,6,2.58
NW 13TH ST & NW 74TH PL,29.721777,-82.365222,21,7,NW 13TH ST & NW 74TH PL | NW 13TH ST & NW 76TH AVE,0,8,8.37
NE 35TH AVE & NE 4TH ST,29.684778,-82.320351,11,7,NE 35TH AVE & NE 4TH ST,0,3,4.56
NW 55TH TER & W NEWBERRY RD,29.659359,-82.40236,17,7,NEWBERRY RD & NW 55TH TER | NW 54TH TER & SR 26 | NW 55TH BLVD & W NEWBERRY RD | NW 55TH TER & NW NEWBERRY RD | NW 55TH TER & W NEWBERRY RD,0,7,5.85
NW 16TH AVE & NW 7TH ST,29.666506,-82.331912,18,7,NE 7TH TER & NW 16TH AVE | NW 16TH AVE & NW 7TH AVE | NW 16TH AVE & NW 7TH ST,0,4,2.24
NW 9TH TER & W UNIVERSITY AVE,29.65192,-82.334289,21,7,NW 9TH TER & UNIV AVE | NW 9TH TER & W UNIVERSITY AVE | SW 9TH TER & W UNIVERSITY AVE | W 9TH TER & W UNIVERSITY AVE,0,7,0.92
NW 27TH LN & NW 43RD ST,29.677964,-82.388778,33,7,NW 27TH LN & NW 43RD ST | NW 27TH PL & NW 43RD ST,0,16,5.48
NW 27TH ST & W UNIVERSITY AVE,29.651862,-82.362853,20,7,NW 27TH ST & UNIVERSITY AVE | NW 27TH ST & W UNIVERSITY AVE | SW 27TH ST & W UNIVERSITY AVE,0,8,1.94
NW 10TH ST & NW 3RD AVE,29.653733,-82.335016,15,7,NW 10TH ST & NW 3RD AVE,0,6,0.95
SW 12TH ST & SW 2ND AVE,29.65012,-82.337122,35,7,SW 12TH ST & SW 2ND AVE,0,12,0.6
NW 5TH AVE & NW 6TH ST,29.655662,-82.330684,27,7,NW 5TH AVE & NW 6TH ST | NW 5TH AVE & NW 6TH ST0,0,10,1.42
NW 23RD TER & NW 62ND AVE,29.711587,-82.360296,10,7,23RD ST & NW 62ND AVE | NW 23RD TER & NW 62ND AVE,0,2,7.16
SE 4TH ST & SE DEPOT AVE,29.644951,-82.321709,11,7,DEPOT AVE & SE 4TH ST | SE 4TH ST & SE 7TH AVE | SE 4TH ST & SE DEPOT AVE | SE 7TH ST & SE DEPOT AVE,0,1,2.11
SE 4TH AVE & SE 9TH ST,29.648232,-82.314951,11,7,SE 4TH AVE & SE 9TH ST,0,0,2.72
SE 18TH ST & SE HAWTHORNE RD,29.649065,-82.301848,20,7,SE 18TH ST & SE HAWTHORN RD | SE 18TH ST & SE HAWTHORNE RD | SE 18TH ST & SE HAWTHRNE RD | SE 18TH ST & SE HAWTHRONE RD | SE 3RD AVE & SE HAWTHORNE RD,0,9,3.99
NW 31ST AVE & NW 43RD ST,29.68138,-82.388778,31,7,NW 31ST AVE & NW 43RD ST,0,14,5.71
NW 2ND ST & NW 8TH AVE,29.6591,-82.326598,15,7,NW 2ND ST & NW 8TH AVE,0,4,1.96
NW 16TH ST & NW 1ST AVE,29.652866,-82.343148,12,7,NW 16TH ST & NW 1ST AVE,1,1,0.45
NE 15TH ST & NE 31ST AVE,29.681395,-82.3056705,24,7,NE 15TH ST & NE 31ST AVE,2,12,5.12
SW 35TH TER & W UNIVERSITY AVE,29.652014,-82.375648,31,7,NW 13ST & W UNIVERSITY AVE | NW 1ST CT & W UNIVERSITY AVE | NW 35TH TER & W NEWBERRY RD | NW 35TH TER & W UNIVERSITY AVE | SW 35TH TER & W UNIVERSITY AVE,0,20,3.17
SW 37TH BLVD & SW 38TH ST,29.61956,-82.379917,19,7,SW 37TH BLVD & SW 38TH ST,0,3,4.82
NW 13TH ST & NW 26TH AVE,29.7237,-82.367455,13,7,CR 231 & NW 13TH ST | NW 13TH ST & NW 2600 BLK | NW 13TH ST & NW 26TH AVE | NW 13TH ST & UNNAMED ROADWAY | NW 13TH ST & UNNAMED ST,1,0,8.63
71ST ST & W NEWBERRY RD,29.659495,-82.419195,12,7,69TH TER & SR 26 | 71ST ST & W NEWBERRY RD | SW 71ST ST & W NEWBERRY RD,1,44,7.46
NW 50TH TER & NW 8TH AVE,29.659729,-82.396217,28,7,NW 50TH TER & NW 8TH AVE,1,1,5.28
NW 17TH ST & NW 5TH AVE,29.655799,-82.344484,10,7,NW 17TH ST & NW 5TH AVE,1,2,0.79
NW 21ST ST & NW 8TH AVE,29.659318,-82.351491,21,6,NW 21ST ST & NW 8TH AVE | NW 21TH ST & NW 8TH AVE,0,11,1.42
NW 13TH ST & NW 93RD AVE,29.739431,-82.384025,6,6,NW 13TH ST & NW 93RD AVE | NW 84TH PL & US 441,0,0,10.8
NW 21ST ST & W UNIVERSITY AVE,29.651967,-82.35152,17,6,NW 21ST ST & W UNIVERSITY AVE | NW 21ST TER & SR 26,0,8,0.89
NE 54TH AVE & NE WALDO RD,29.704613,-82.275761,10,6,54TH AVE & WALDO RD | NE 54TH AVE & NE WALDO RD,0,2,8.98
E UNIVERSITY AVE & SE 24TH ST,29.651761,-82.293367,26,6,24TH ST & E UNIVERISTY AVE | E 24TH ST & E UNIVERSITY AVE | E UNIVERSITY AVE & NE 24TH ST | E UNIVERSITY AVE & SE 24TH ST | SE 24TH ST & SR 26,0,17,4.82
NW 34TH BLVD & NW 49TH AVE,29.699533,-82.370795,25,6,CR 231 & NW 34TH BLVD | NW 34TH BLVD & NW 49TH AVE,0,11,6.23
N MAIN ST & NE 1ST BLVD,29.671408,-82.323098,13,6,N MAIN ST & NE 1ST BLVD | N MAIN ST & NW 1ST BLVD,0,2,3.17
NW 32ND ST & NW 39TH AVE,29.688503,-82.369702,22,6,NW 32ND ST & NW 39TH AVE | NW 32ND TER & NW 39TH AVE,0,11,5.1
N MAIN ST & NW 9TH AVE,29.659842,-82.324489,15,6,N MAIN ST & NE 9TH AVE | N MAIN ST & NW 9TH AVE,0,2,2.18
NW 36TH AVE & NW 43RD ST,29.686367,-82.389073,20,6,NW 36TH AVE & NW 43RD ST,0,10,6.09
NW 43RD ST & NW 58TH AVE,29.707621,-82.388728,9,6,NW 43RD ST & NW 58TH AVE,0,1,7.87
NE 27TH AVE & NE WALDO RD,29.676037,-82.295133,17,6,NE 27TH AVE & NE WALDO RD,0,10,5.54
NW 36TH ST & NW 39TH AVE,29.688516,-82.375966,15,6,NW 36TH ST & NW 39TH AVE,0,11,5.43
NW 37TH ST & NW 39TH AVE,29.688532,-82.378228,9,6,NW 37TH ST & NW 39TH AVE,0,7,5.56
SW 9TH ST & SW DEPOT AVE,29.64299,-82.333599,14,6,SW 9TH AVE & SW 9TH ST | SW 9TH ST & SW DEPOT AVE,1,3,1.12
NW 30TH TER & NW 34TH BLVD,29.701406,-82.367806,21,6,NW 30TH TER & NW 34TH BLVD | NW 30TH TER & NW 34TH ST | NW 30TH TER & SR 121 | NW 34TH BLVD & NW 52ND PL | NW 34TH ST & NW 52ND PL,0,11,6.3
NW 28TH TER & W UNIVERSITY AVE,29.65207,-82.365406,20,6,NW 28TH TER & W UNIVERSITY AVE | SW 28TH TER & W UNIVERSITY AVE,0,6,2.19
SW 28TH PL & SW ARCHER RD,29.630413,-82.3650535,39,6,OLD ARCHER RD & SW 23TH TER | OLD ARCHER RD & SW 28TH PL | OLD ARCHER RD & SW 28TH ST | SW 27TH ST & SW ARCHER RD | SW 27TH TER & SW ARCHER RD | SW 28TH PL & SW ARCHER RD | SW 28TH PL & SW OLD ARCHER RD,1,16,2.94
NW 13TH ST & NW 30TH AVE,29.680094,-82.338929,31,6,NW 13TH ST & NW 30TH AVE | NW 13TH ST & NW 30TH ST | NW 30TH AVE & US 441,0,4,3.49
NW 12TH TER & W UNIVERSITY AVE,29.652195,-82.337639,24,6,12TH TER & W UNIVERSITY AVE | NW 12TH TER & W UNIVERSITY AVE | NW 12TH TER & W UNIVERSITY RD,2,13,0.65
NW 15TH ST & NW 7TH AVE,29.657423,-82.341774,20,6,NW 15TH ST & NW 7TH AVE,1,10,0.96
SW 7TH ST & W UNIVERSITY AVE,29.651912,-82.331615,24,6,NW 7TH ST & W UNIVERSITY AVE | SW 7TH ST & W UNIVERISTY AVE | SW 7TH ST & W UNIVERSITY AVE | W 7TH ST & W UNIVERSITY AVE,1,5,1.16
NW 13TH ST & NW 18TH AVE,29.668391,-82.338991,36,6,NW 13TH & NW 18TH AVE | NW 13TH ST & NW 18TH AVE | NW 13TH ST & SW 18TH PL,1,22,2.21
SE 13TH AVE & SE WILLISTON RD,29.63867,-82.312523,18,6,SE 11TH AVE & SE WILLISTON RD | SE 11TH ST & SE 13TH AVE | SE 11TH ST & SE 16TH AVE | SE 12TH AVE & SE WILLISTON RD | SE 13TH AVE & SE WILLISTON RD | SE 13TH AVE & WLLISTON RD | SE 13TH ST & SE WILLISTON RD | SE 7TH ST & SE WILLISTON RD | SE WILLISTON RD & SW 13TH ST,1,4,3.16
NW 13TH ST & NW 33RD AVE,29.683069,-82.338896,13,6,NW 13TH ST & NW 33RD AVE | NW 33RD AVE & US 441,2,3,3.82
NW 16TH BLVD & NW 40TH TER,29.672495,-82.385145,13,6,NW 16TH BLVD & NW 40TH ST | NW 16TH BLVD & NW 40TH TER,0,3,4.84
NW 43RD ST & NW 48TH PL,29.699197,-82.388713,19,6,NW 43RD ST & NW 48TH AVE | NW 43RD ST & NW 48TH PL,1,12,7.12
SW 11TH ST & SW 8TH AVE,29.644784,-82.335777,17,6,SW 11TH AVE & SW 8TH AVE | SW 11TH ST & SW 8TH AVE,2,13,0.84
SE 11TH ST & SE 1ST AVE,29.65098,-82.311314,24,6,SE 11TH ST & SE 1ST AVE,0,11,3.08
NW 4TH BLVD & NW 75TH ST,29.656062,-82.422384,26,5,NW 4TH AVE & NW 75TH ST | NW 4TH BLVD & NW 75TH ST | NW 4TH BLVD & SW 75TH ST | NW 4TH BLVD & TOWER RD | NW 4TH PL & NW 75TH ST,0,28,7.71
NW 31ST TER & NW 39TH AVE,29.688489,-82.368739,16,5,NW 31ST TER & NW 39TH AVE | NW 31ST TER & SR 222,0,7,5.05
NW 61ST TER & W NEWBERRY RD,29.65975,-82.408134,17,5,NW 61ST ST & W NEWBERRY RD | NW 61ST TER & W NEWBERRY RD,0,21,6.41
SW 12TH DR & SW 16TH AVE,29.64968,-82.3384785,10,5,SW 12TH DR & SW 16TH AVE,0,0,0.46
SW 28TH TER & SW 37TH PL,29.61665,-82.365496,8,5,SW 28TH TER & SW 37TH PL,0,0,4.17
SW 2ND AVE & SW 3RD ST,29.650136,-82.327959,19,5,SW 2ND AVE & SW 3RD ST,0,5,1.47
NE 31ST AVE & NE WALDO RD,29.681285,-82.291554,17,5,NE 31ST AVE & NE WALDO RD,0,6,6.15
NW 14TH ST & NW 3RD AVE,29.653916,-82.340339,9,5,NW 14TH ST & NW 3RD AVE,0,3,0.63
NW 13TH ST & NW 14TH AVE,29.6648565,-82.339003,16,5,NW 13TH ST & NW 14TH AVE | NW 13TH ST & NW 14TH ST | NW 13TH ST & NW 14TH TER | NW 13TH ST & NW 23RD RD AVE,0,5,1.82
SE 15TH ST & SE 22ND AVE,29.631254,-82.305668,13,5,SE 15TH ST & SE 22ND AVE,0,3,4.11
NW 1ST TER & NW 39TH AVE,29.688598,-82.325517,15,5,NE 1ST ST & NW 39TH AVE | NW 1ST AVE & NW 39TH AVE | NW 1ST ST & NW 39TH AVE | NW 1ST TER & NW 39TH AVE,0,11,4.73
NW 39TH AVE & NW 46TH TER,29.688802,-82.393266,9,5,MAGNOLIA PARKE ENTRANCE & NW 39TH AVE | NW 39TH AVE & NW 46TH TER,0,15,6.57
SW 62ND BLVD & SW 9TH PL,29.643626,-82.39871,23,5,PAVILION ON 62ND & SW 62ND BLVD | SPYGLASS ENTRANCE & SW 62ND BLVD | SW 62ND BLVD & SW 9TH PL,0,2,5.41
NE 10TH AVE & NE 9TH ST,29.660768,-82.314617,10,5,NE 10TH AVE & NE 9TH ST,0,1,3.06
SE 1ST AVE & SE 1ST ST,29.6509985,-82.32388900000001,20,5,SE 1ST & SE 1ST AVE | SE 1ST AVE & SE 1ST ST,0,9,1.87
NE 12TH ST & NE 23RD AVE,29.673704,-82.310352,14,5,12TH TER & NE 23RD AVE | NE 12TH ST & NE 23RD AVE,0,7,4.2
NW 13TH ST & NW 41ST AVE,29.690121,-82.338855,9,5,NW 13TH ST & NW 40TH AVE | NW 13TH ST & NW 41ST AVE | NW 13TH ST & NW 41ST PL,0,3,4.6
SW 10TH ST & SW 6TH AVE,29.64669,-82.334871,18,5,SW 10TH ST & SW 6TH AVE,0,11,0.83
NW 25TH AVE & NW 6TH ST,29.675683,-82.330617,12,5,25TH AVE & SR 20 | NW 25TH AVE & NW 6TH ST | NW 25TH ST & NW 6TH ST,0,2,3.22
NE 19TH PL & NE 9TH ST,29.670037,-82.314594,6,5,NE 19TH PL & NE 9TH ST,0,1,3.63
NW 10TH AVE & NW 34TH ST,29.661746,-82.372241,19,5,NW 10TH AVE & NW 34TH ST,1,8,3.16
NW 16TH AVE & NW 17TH TER,29.666585,-82.345538,9,5,NW 16TH AVE & NW 17TH TER | NW 16TH AVE & NW 17TH WAY,0,4,1.99
NW 19TH TER & NW 8TH AVE,29.659302,-82.348406,12,5,NW 19TH TER & NW 8TH AVE,0,6,1.27
NW 8TH AVE & NW 8TH ST,29.65929,-82.332908,13,5,NW 8TH AVE & NW 8TH AVE EXTENTION | NW 8TH AVE & NW 8TH ST,1,1,1.52
E UNIVERSITY AVE & SE 3RD ST,29.651824,-82.322406,33,5,3RD ST & E UNIVERSITY AVE | E 3RD ST & E UNIVERSITY AVE | E UNIVERSITY AVE & NE 3RD ST | E UNIVERSITY AVE & SE 3RD AVE | E UNIVERSITY AVE & SE 3RD ST | SE 3RD ST & W UNIVERSITY AVE,0,14,2.03
SW 2ND AVE & SW 8TH ST,29.650133,-82.333007,6,5,SW 2ND AVE & SW 8TH ST,1,1,0.99
NE 15TH ST & NE 8TH AVE,29.659103,-82.305865,17,5,NE 15TH ST & NE 8TH AVE,0,3,3.78
SW 23RD TER & SW 35TH PL,29.62027,-82.3565775,10,5,SW 23RD TER & SW 35TH PL,0,0,3.42
NW 54TH TER & W NEWBERRY RD,29.659175,-82.400946,13,5,NEWBERRY RD & NW 54TH TER | NW 54TH ST & W NEWBERRY RD | NW 54TH TER & W NEWBERRY RD,0,9,5.71
SW 51ST TER & SW 62ND BVD,29.639871,-82.398424,7,5,SW 51ST TER & SW 62ND BVD,4,0,5.44
NW 34TH ST & NW 7TH PL,29.658667,-82.37259,21,5,NW 34TH ST & NW 7TH PL,0,13,3.06
NW 34TH BLVD & NW 34TH ST,29.69679,-82.372287,25,5,NW 34TH AVE & NW 34TH ST | NW 34TH BLVD & NW 34TH ST | NW 34TH BLVD & NW 46TH AVE | NW 34TH ST & NW 46TH AVE | NW 34TH ST & NW 46TH BLVD | NW 34TH ST & NW 8TH AVE AND,0,7,6.02
ACCESS RD TO LOWES & NW 13TH ST,29.676782,-82.338955,9,5,ACCESS RD TO LOWES & NW 13TH ST,5,7,3.13
NW 41ST PL & NW 43RD ST,29.690713,-82.389081,11,5,NW 41ST PL & NW 43RD ST,2,0,6.43
NE 28TH DR & NE 39TH AVE,29.683683,-82.286327,18,5,NE 28TH DR & NE 39TH AVE | NE 28TH DR & SR 222,0,0,6.72
NW 13TH ST & NW 35TH AVE,29.684909,-82.338889,6,5,NW 13TH ST & NW 35TH AVE,0,2,4.02
NW 75TH ST & W NEWBERRY RD,29.659556,-82.422376,10,5,NEWBERRY RD & NW 75TH ST | NW 75TH ST & W NEWBERRY RD | SW 75TH ST & W NEWBERRY RD,3,87,7.76
E UNIVERSITY AVE & NE 11TH ST,29.651804,-82.311719,10,5,E UNIVERSITY AVE & NE 11TH ST,1,2,3.05
NW 52ND TER & W NEWBERRY RD,29.658623,-82.398634,14,5,NEWBERRY RD & NW 52ND ST | NEWBERRY RD & NW 52ND TER | NW 52ND ST & W NEWBERRY RD | NW 52ND TER & W NEWBERRY RD | NW 53RD TER & SR 26 | SW 52ND TER & W NEWBERRY RD,1,6,5.48
SW 1ST ST & SW 2ND AVE,29.650148,-82.325834,10,5,SW 1ST ST & SW 2ND AVE,1,1,1.68
SW 31ST ST & SW ARCHER RD,29.609178,-82.401413,7,5,NE 53RD AVE & SW ARCHER RD | SW 31ST ST & SW ARCHER RD | SW 36TH ST & SW ARCHER RD | SW ARCHER RD & UNNAMED PRIVATE RD,1,0,7.15
ACSO & NE 39TH AVE,29.683346,-82.276555,5,5,ACSO & NE 39TH AVE | NE 36TH ST & NE 39TH AVE | NE 39TH AVE & UNNAMED ST,2,0,7.49
SE 2ND AVE & SE 2ND ST,29.650154,-82.323109,9,5,SE 2ND AVE & SE 2ND ST,2,2,1.94
NW 1ST PL & SW 62ND ST,29.6525795,-82.409032,6,5,NW 1ST PL & SW 62ND ST,1,3,6.39
SW 12TH ST & SW 5TH AVE,29.647598,-82.336957,16,5,NW 12TH ST & SW 5TH AVE | SW 12TH ST & SW 5TH AVE,1,8,0.61
SW 4TH AVE & SW 6TH ST,29.648302,-82.330985,14,5,SW 4TH AVE & SW 6TH ST,0,3,1.17
NW 43RD ST & NW 82ND BLVD,29.728612,-82.388622,7,5,NW 43RD ST & NW 82ND BLVD,0,3,9.88
N MAIN ST & NE 12TH AVE,29.662921,-82.324365,17,5,N MAIN ST & NE 12TH AVE | N MAIN ST & NE 12TH ST | N MAIN ST & NW 12TH AVE,0,8,2.39
SE 3RD ST & SE 4TH AVE,29.648403,-82.322186,17,5,SE 3RD ST & SE 4TH AVE,0,4,2.02
SW 31ST DR & SW 41ST PL,29.6158845,-82.3690165,5,5,SW 31ST DR & SW 41ST PL,0,0,4.43
NW 17TH ST & NW 8TH AVE,29.659284,-82.344621,17,5,NW 17TH ST & NW 8TH AVE | NW 17TH ST & NW 8TH ST,1,6,1.17
NW 24TH BLVD & NW 53RD AVE,29.703211,-82.358626,17,5,24TH BLVD & NW 53RD AVE | NW 24TH BLVD & NW 53RD AVE,0,5,6.22
OAKS MALL ENTRANCE & W NEWBERRY RD,29.659502500000002,-82.4114285,17,4,OAKS MALL ENTRANCE & W NEWBERRY RD,2,5,6.72
NW 14TH AVE & NW 6TH ST,29.664814,-82.330703,25,4,NW 14TH AVE & NW 6TH ST | NW 14TH ST & NW 6TH ST,0,18,2.14
NE 1ST ST & NE 6TH AVE,29.65681,-82.32383,13,4,NE 1ST AVE & NE 6TH AVE | NE 1ST ST & NE 6TH AVE,0,8,2.06
NW 37TH ST & NW 53RD AVE,29.703226,-82.379279,23,4,NW 37TH ST & NW 53RD AVE,0,4,6.98
NW 34TH ST & NW 49TH AVE,29.69964,-82.372106,8,4,NW 34TH ST & NW 49TH AVE | NW 49TH AVE & SR 121,0,0,6.3
NW 16TH AVE & NW 8TH ST,29.666502,-82.332976,8,4,NW 16TH AVE & NW 8TH ST,0,2,2.19
SW 27TH ST & SW 2ND AVE,29.650259,-82.3625,11,4,SW 27TH ST & SW 2ND AVE | SW 27TH TER & SW 2ND AVE,0,6,1.88
N MAIN ST & NE 33RD AVE,29.682425,-82.319222,13,4,N MAIN ST & NE 33RD AVE | N MAIN ST & NW 33RD AVE,0,3,4.39
SE 1ST AVE & SE 3RD ST,29.650916,-82.322397,10,4,NE 1ST AVE & SE 3RD ST | SE 1ST AVE & SE 3RD ST,0,2,2.02
NE 1ST ST & NE 8TH AVE,29.659061,-82.323976,9,4,NE 1ST ST & NE 8TH AVE,0,5,2.17
SE 20TH ST & SE 8TH AVE,29.644392,-82.298493,8,4,SE 20TH ST & SE 8TH AVE,0,2,4.34
SE 15TH ST & SE 7TH AVE,29.645777,-82.305703,7,4,SE 15TH ST & SE 7TH AVE,0,1,3.63
N MAIN ST & NW 4TH AVE,29.654685,-82.324851,19,4,4TH AVE & N MAIN ST | N MAIN ST & NE 4TH AVE | N MAIN ST & NW 4TH AVE,0,11,1.88
NW 11TH AVE & NW 13TH ST,29.66216,-82.339011,14,4,NW 11TH AVE & NW 13TH ST,0,4,1.53
SW 25TH ST & SW 2ND AVE,29.650262,-82.360532,26,4,NW 25TH ST & SW 2ND AVE | SW 25TH ST & SW 2ND AVE | SW 2ND AVE & VILLAGE DR,0,13,1.69
NE 5TH AVE & NE WALDO RD,29.655597,-82.308855,17,4,NE 5TH AVE & NE WALDO RD | NE 5TH AVE & WALDO RD,0,6,3.4
NW 3RD ST & NW 8TH AVE,29.65927,-82.327941,8,4,NW 3RD ST & NW 8TH AVE,0,1,1.87
NW 39TH AVE & NW 40TH TER,29.688519,-82.386602,25,4,NW 39TH AVE & NW 40TH TER,0,12,6.09
SW 2ND AVE & SW 9TH ST,29.6501275,-82.3344555,6,4,SW 2ND AVE & SW 9TH ST,0,2,0.85
SW 23RD TER & SW 31ST PL,29.623618,-82.35593800000001,20,4,NW 31ST PL & SW 23RD TER | SW 23RD TER & SW 31ST PL | SW 23RD TER & SW 35TH BLVD | SW 23RD TER & SW 3IST PL,0,6,3.06
NE 39TH BLVD & NE 55TH BLVD,29.687749,-82.223532,8,4,NE 39TH AVE & NE 55TH BLVD | NE 39TH BLVD & NE 55TH BLVD,0,6,12.35
NW 34TH BLVD & NW 51ST PL,29.701064,-82.368587,16,4,50TH AVE & NW 34TH BLVD | NW 34TH BLVD & NW 51ST PL | NW 34TH BLVD & UNNAMED ROADWAY,0,6,6.3
NE 19TH DR & NE 23RD AVE,29.67367,-82.299691,19,4,NE 19TH DR & NE 23RD AVE | NE 19TH ST & NE 23RD AVE,0,8,5.02
CELEBRATION POINTE AVE & SW 42ND WAY,29.625514,-82.388423,7,4,CELEBRATION POINT AVE & SW 35TH BLVD | CELEBRATION POINT AVE & SW 42ND WAY | CELEBRATION POINTE AVE & SW 42ND ST | CELEBRATION POINTE AVE & SW 42ND WAY | CELEBRATION POINTE AVE & SW 42ND WY | SW 30TH AVE & SW 42ND WAY,0,0,5.09
SW 13TH AVE & SW 13TH ST,29.638834,-82.339153,9,4,SW 13TH AVE & SW 13TH ST | SW 13TH PL & SW 13TH ST,3,1,1.17
NW 16TH AVE & NW 4TH ST,29.666502,-82.328738,10,4,NW 16TH AVE & NW 4TH ST,0,3,2.4
NW 31ST AVE & NW 34TH ST,29.681377,-82.372198,14,4,NW 31ST AVE & NW 34TH ST | NW 31ST BVLD & NW 34TH ST | NW 31ST DR & NW 34TH ST,0,0,4.58
S MAIN ST & SE 13TH AVE,29.638389,-82.3264,8,4,S MAIN ST & SE 13TH AVE | S MAIN ST & SW 13TH RD,0,4,1.99
SW 20TH AVE & SW 58TH ST,29.639778,-82.405687,7,4,MAJESTIC OAKS & SW 20TH AVE | SW 20TH AVE & SW 36TH WAY | SW 20TH AVE & SW 37TH ST | SW 20TH AVE & SW 41ST TER | SW 20TH AVE & SW 58TH ST | SW 20TH AVE & SW 60TH BLVD,0,15,6.14
S MAIN ST & SW 11TH PL,29.640151,-82.32588,13,4,S MAIN ST & SE 11TH AVE | S MAIN ST & SW 11TH AVE | S MAIN ST & SW 11TH PL | S MAIN ST & SW 11TH ST,0,2,1.92
NW 11TH ST & NW 3RD AVE,29.653879,-82.335836,9,4,NW 11TH ST & NW 3RD AVE,0,1,0.9
SW 16TH AVE & SW 16TH CT,29.635853,-82.342191,10,4,SSR 226 & SW 16TH CT | SW 16TH AVE & SW 16TH CT,0,0,1.44
NW 25TH TER & NW 39TH AVE,29.688463,-82.359488,11,4,NW 25TH TER & NW 39TH AVE,0,6,4.67
NE 17TH ST & NE 8TH AVE,29.659094,-82.303284,19,4,NE 17TH ST & NE 8TH AVE,0,6,4.02
NW 22ND ST & NW 77TH AVE,29.724873,-82.353872,11,4,N COUNTY RD 231 & NW 22ND ST | NW 22ND ST & NW 77TH AVE | NW 77TH AVE & SR 121,1,2,8.5
NW 46TH ST & W NEWBERRY RD,29.656515,-82.392629,6,4,NW 46TH ST & W NEWBERRY RD,0,4,4.87
NE 7TH ST & NE 9TH AVE,29.659934,-82.317412,5,4,NE 7TH ST & NE 9TH AVE | NE 7TH ST & SE 9TH AVE,0,0,2.77
SW 11TH ST & SW 9TH AVE,29.643807,-82.335773,8,4,SW 11TH ST & SW 9TH AVE,0,2,0.9
SE 8TH AVE & SE HAWTHORNE RD,29.645536,-82.294603,13,4,SE 8TH AVE & SE HAWTHORNE RD,0,3,4.71
NW 19TH PL & NW 34TH ST,29.670342,-82.3725065,16,4,NW 19TH PL & NW 34TH ST | NW 19TH PL & SR 121 | NW 67TH PL & SR 121,0,11,3.71
NW 13TH AVE & NW 6TH ST,29.663733,-82.330706,6,4,NW 13TH & NW 6TH ST | NW 13TH AVE & NW 6TH ST,1,2,2.04
SW 8TH AVE & SW 9TH ST,29.644931,-82.33352,10,4,SW 8TH AVE & SW 9TH ST | SW 8TH LN & SW 9TH ST,0,2,1.02
NW 22ND ST & NW 71ST PL,29.719722,-82.353814,9,4,71ST PL AND & NW 22ND ST | NW 22ND ST & NW 71ST PL | NW 71ST PL & SR 121,0,4,7.93
SW 34TH ST & SW 48TH LN,29.606794,-82.371456,12,4,SW 34TH ST & SW 48TH LN,0,5,5.4
NE 16TH TER & NE 23RD AVE,29.673685,-82.304033,10,4,16TH TER & NE 23RD AVE | NE 16TH TER & NE 23RD AVE | NE 16TH TER & NE 23RD AVE 120,0,9,4.68
NW 25TH TER & NW 34TH ST,29.675515,-82.372184,10,4,NW 25TH AVE & NW 34TH ST | NW 25TH TER & NW 34TH ST,0,3,4.09
NE 39TH AVE & NE 57TH BLVD,29.673455,-82.258345,11,4,39TH AVE & NE 39TH AVE | 57TH BLVD & NE 39TH AVE | NE 39TH AVE & NE 57TH BLVD | NE 39TH AVE & NW 57TH BLVD,0,0,8.64
NE 39TH AVE & NE 52ND ST,29.673736,-82.261871,11,4,NE 39TH AVE & NE 52ND AVE | NE 39TH AVE & NE 52ND ST | NE 39TH AVE & NE 52ND TER,0,1,8.33
SW 16TH PL & SW 52ND ST,29.638002,-82.398101,5,4,SW 16TH AVE & SW 52ND ST | SW 16TH PL & SW 52ND ST,0,0,5.45
NW 16TH AVE & NW 5TH ST,29.666519,-82.329866,5,4,NW 16TH AVE & NW 5TH ST | NW 17TH ST & NW 5TH ST,0,3,2.34
E UNIVERSITY AVE & SE 25TH TER,29.651756,-82.291809,14,4,E 25TH ST & SR 26 | E UNIVERSITY AVE & SE 25TH ST | E UNIVERSITY AVE & SE 25TH TER,0,6,4.97
NW 39TH AVE & NW 40TH ST,29.6885245,-82.385281,17,4,NW 39TH AVE & NW 40TH ST,1,7,6.0
SW ARCHER RD & UNNAMED ST,29.6232535,-82.37669199999999,5,4,SW ARCHER RD & UNNAMED ST,2,15,4.31
NE 12TH ST & NE 39TH AVE,29.688241,-82.310441,13,4,NE 12TH ST & NE 39TH AVE,1,6,5.39
SW 17TH PL & SW 38TH TER,29.635838,-82.380676,4,4,SW 17TH PL & SW 38TH TER,1,0,3.91
NW 36TH ST & NW 5TH AVE,29.655227,-82.376369,5,4,NW 36TH ST & NW 5TH AVE | NW 36TH ST & NW 5TH BLVD,1,0,3.3
SE 3RD ST & SE DEPOT AVE,29.6451195,-82.322286,11,4,DEPOT AVE & SE 3RD ST | SE 3RD AVE & SE DEPOT AVE | SE 3RD ST & SE DEPOT AVE,1,6,2.05
NW 12TH ST & NW 5TH AVE,29.655575,-82.337141,8,4,NW 12TH ST & NW 5TH AVE,1,3,0.95
SE 12TH ST & SE 7TH AVE,29.645655,-82.310549,8,4,SE 12TH ST & SE 7TH AVE,1,2,3.17
NE 18TH TER & NE 23RD AVE,29.673948,-82.301129,14,4,NE 18TH ST & NE 23RD AVE | NE 18TH TER & NE 23RD AVE,1,6,4.93
NE 17TH PL & NE 17TH WAY,29.667711,-82.30158,7,4,NE 17TH PL & NE 17TH WAY,1,1,4.53
SW 23RD TER & SW 29TH PL,29.623955,-82.355946,8,4,SW 23RD TER & SW 29TH PL,2,1,3.02
SW 35TH DR & SW 47TH ST,29.608539,-82.37452,4,4,SW 35TH DR & SW 47TH AVE | SW 35TH DR & SW 47TH ST,2,0,5.4
CLARK BUTLER BLVD & SW 43RD ST,29.628697,-82.388604,4,4,CLARK BUTLER BLVD & SW 43RD ST,2,0,4.93
NW 13TH ST & NW 26TH ST,29.677907,-82.339249,7,3,NW 13TH ST & NW 26TH ST,3,1,3.25
SW 32ND CT & SW 35TH BLVD,29.624792,-82.37830149999999,8,3,SW 32ND CT & SW 35TH BLVD,2,0,4.32
SW 16TH AVE & SW 17TH ST,29.634908,-82.345687,7,3,CORNEALIUS WAY & SW 16TH AVE | SW 16TH AVE & SW 17TH LN | SW 16TH AVE & SW 17TH ST | SW 16TH AVE & VA HOSPITAL DR | SW 16TH AVE & VA HOSPITAL RD,1,1,1.56
NW 20TH WAY & NW 55TH AVE,29.704528,-82.351219,4,3,NW 20TH WAY & NW 55TH AVE | NW 55TH AVE & NW 55TH BLVD,1,0,6.23
NW 19TH AVE & NW 2ND ST,29.669303,-82.3264,4,3,NW 19TH AVE & NW 2ND ST,1,0,2.79
NW 19TH ST & NW 4TH AVE,29.654917,-82.347644,4,3,NW 19TH ST & NW 4TH AVE,1,1,0.81
N MAIN ST & NW 3RD AVE,29.654024,-82.324849,17,3,N 3RD AVE & N MAIN ST | N MAIN ST & NE 3RD AVE | N MAIN ST & NW 3RD AVE,0,16,1.86
NW 12TH ST & NW 39TH AVE,29.688404,-82.336908,9,3,NW 12TH ST & NW 39TH AVE,1,7,4.43
SE 2ND AVE & SE 9TH ST,29.64997,-82.315054,7,3,NE 2ND AVE & NE 9TH ST | SE 2ND AVE & SE 9TH ST,1,1,2.72
OLD ARCHER RD & UN NAMED RD,29.630547,-82.364553,6,3,OLD ARCHER RD & UN NAMED RD,3,0,2.9
SR 24 & SW 37TH BLVD,29.620898,-82.379719,7,3,SR 24 & SW 37TH BLVD,3,12,4.7
NW 13TH ST & NW 44TH AVE,29.694572,-82.338856,9,3,NW 13TH ST & NW 44TH AVE,0,3,5.09
NW 13TH ST & NW 86TH BLVD,29.734529,-82.379578,12,3,NW 13TH ST & NW 86TH BLVD | NW 13TH ST & TURKEY SCRATCH RD | NW 13TH ST & TURKEY SCRATH RD,0,3,10.14
NW 20TH TER & NW 8TH AVE,29.659322,-82.350132,10,3,NW 20TH TER & NW 8TH AVE,0,6,1.35
NW 21ST AVE & NW 6TH ST,29.671881,-82.33069,8,3,ALLEY ST & NW 6TH ST | NW 21ST AVE & NW 6TH ST,0,3,2.83
NW 43RD ST & NW 73RD AVE,29.72185,-82.388302,10,3,NW 43RD ST & NW 73RD AVE,0,2,9.2
NE 1ST ST & NE 3RD AVE,29.654014,-82.323843,6,3,NE 1ST ST & NE 3RD AVE,0,0,1.95
NW 55TH ST & W UNIVERSITY AVE,29.65213,-82.397687,4,3,NW 55TH ST & W UNIVERSITY AVE | NW 57TH ST & SR 26 | NW 57TH ST & W UNIVERSITY AVE,0,0,5.29
NW 9TH ST & W UNIVERSITY AVE,29.651913,-82.333903,28,3,9TH ST & W UNIVERSITY AVE | NEWELL RD & W UNIVERSITY AVE | NW 9TH ST & SR 26 | NW 9TH ST & W UNIIVERSITY AVE | NW 9TH ST & W UNIVERSITY AVE | SW 9TH ST & W UNIVERSITY AVE,0,15,0.95
NW 16TH AVE & NW 9TH ST,29.6665305,-82.334073,10,3,NW 16TH AVE & NW 9TH ST,0,7,2.15
NW 16TH BLVD & NW 38TH DR,29.671016,-82.382445,6,3,NW 16TH BLVD & NW 38TH DR,0,2,4.53
NW 16TH ST & NW 2ND AVE,29.653543,-82.343075,3,3,NW 16TH ST & NW 2ND AVE,0,0,0.53
NW 12TH AVE & NW 13TH ST,29.663042,-82.339007,8,3,NW 12TH AVE & NW 13TH ST,0,4,1.63
S MAIN ST & SE 2ND PL,29.64965,-82.324837,11,3,S MAIN ST & SE 2ND PL,0,7,1.77
S MAIN ST & SE 6TH AVE,29.646484,-82.324827,9,3,S MAIN ST & SE 6TH AVE | S MAIN ST & SW 6TH AVE,0,3,1.79
SE 10TH AVE & SE 11TH ST,29.642197,-82.311393,8,3,SE 10TH AVE & SE 11TH ST,0,4,3.15
NW 24TH ST & W UNIVERSITY AVE,29.652099,-82.35946,13,3,24TH ST & W UNIVERSITY AVE | NW 24TH ST & W UNIVERSITY AVE | SW 24TH ST & W UNIVERSITY AVE,0,5,1.62
NW 24TH TER & NW 34TH ST,29.674618,-82.372188,8,3,NW 23RD AVE & NW 34TH ST | NW 24TH AVE & NW 34TH ST | NW 24TH AVE & SW 34TH ST | NW 24TH TER & NW 34TH ST,0,2,4.01
SE 11TH ST & SE 3RD AVE,29.64914,-82.311353,7,3,SE 11TH ST & SE 3RD AVE | SE 12TH ST & SE 3RD AVE,0,3,3.07
SE 12TH AVE & SE 15TH ST,29.640283,-82.305712,13,3,SE 12TH AVE & SE 15TH ST,0,1,3.74
SE 13TH ST & SE 2ND AVE,29.650086,-82.308522,5,3,2ND AVE & SE 13TH ST | SE 13TH ST & SE 2ND AVE,0,1,3.35
NE 16TH AVE & NE 7TH ST,29.666425,-82.317377,5,3,NE 16TH AVE & NE 7TH ST,0,1,3.16
NE 16TH AVE & NE 16TH TER,29.666374,-82.304049,8,3,16TH AVE & 16TH TER | NE 16TH AVE & NE 16TH ST | NE 16TH AVE & NE 16TH TER,0,2,4.25
SE 1ST ST & SE 2ND PL,29.649517,-82.323948,11,3,SE 1ST ST & SE 2ND PL,0,6,1.85
SE 20TH PL & SE 4TH ST,29.632962,-82.315292,6,3,SE 20TH PL & SE 4TH ST,0,1,3.21
SE 20TH ST & SE HAWTHORNE RD,29.64774,-82.299239,5,3,SE 19TH TER & SE HAWTHORNE RD | SE 20TH ST & SE HAWTHORNE RD,0,4,4.24
NW 16TH AVE & NW 19TH ST,29.666591,-82.347646,5,3,NW 16TH AVE & NW 19TH ST,0,1,2.02
NW 16TH AVE & NW 25TH TER,29.666623,-82.361017,7,3,NW 16TH AVE & NW 25TH TER,0,3,2.63
NW 16TH AVE & NW 30TH TER,29.666638,-82.367367,8,3,NW 16TH AVE & NW 29TH ST | NW 16TH AVE & NW 30TH TER,0,3,3.07
NW 25TH CIR & NW 41ST ST,29.676247500000002,-82.386653,5,3,NW 25TH AVE & NW 41ST ST | NW 25TH CIR & NW 41ST ST | NW 25TH PL & NW 41ST ST,0,0,5.2
NW 26TH AVE & NW 6TH ST,29.67656,-82.33064,17,3,NW 26TH AVE & NW 6TH ST,0,6,3.31
NW 26TH TER & NW 39TH AVE,29.688475,-82.36124,6,3,NW 26TH TER & NW 39TH AVE,0,0,4.74
NW 26TH TER & NW 62ND AVE,29.711594,-82.361884,6,3,NW 26TH TER & NW 62ND AVE | NW 26TH TER & NW 62ND ST,0,0,7.19
NE 55TH PL & NE WALDO RD,29.705628,-82.275065,9,3,NE 55TH PL & NE WALDO RD | NE 55TH PL & WALDO RD,0,0,9.11
NW 29TH ST & W UNIVERSITY AVE,29.652102,-82.366364,9,3,NW 29TH ST & W UNIVERSITY AVE,0,3,2.28
NW 34TH AVE & NW 6TH ST,29.684051,-82.330615,5,3,NW 34TH AVE & NW 6TH ST,0,1,4.09
NW 17TH ST & NW 2ND AVE,29.653503,-82.344588,5,3,NW 17TH ST & NW 2ND AVE,0,3,0.54
NW 17TH ST & NW 3RD AVE,29.6539535,-82.344593,7,3,NW 17TH ST & NW 3RD AVE,0,2,0.59
NW 17TH ST & NW 3RD PL,29.654531,-82.344509,5,3,NW 17TH ST & NW 3RD PL,0,1,0.65
NW 10TH ST & NW 5TH AVE,29.655559,-82.335004,7,3,NW 10TH AVE & NW 5TH AVE | NW 10TH ST & NW 5TH AVE,0,2,1.08
NW 18TH ST & NW 8TH AVE,29.659282,-82.346648,8,3,18TH ST & NW 8TH AVE | NW 18TH ST & NW 8TH AVE,0,7,1.21
NW 19TH LN & NW 6TH ST,29.670183,-82.3307705,8,3,NW 19TH LN & NW 6TH ST,0,3,2.65
NW 35TH ST & NW 39TH AVE,29.688501,-82.374767,10,3,NW 35TH PL & NW 39TH AVE | NW 35TH ST & NW 39TH AVE | NW 39TH AVE & SIDE RD,0,4,5.36
NE 28TH AVE & NE 9TH ST,29.67745,-82.314803,6,3,NE 28TH AVE & NE 9TH ST,0,3,4.19
SE 7TH AVE & SE 7TH ST,29.645638,-82.317876,7,3,SE 7TH AVE & SE 7TH ST,0,3,2.47
NW 13TH ST & NW 9TH AVE,29.660295,-82.339014,13,3,NW 13TH ST & NW 9TH AVE | NW 13TH ST & SW 9TH AVE,0,8,1.33
NW 14TH ST & NW 39TH AVE,29.688412,-82.340551,16,3,NW 14TH ST & NW 39TH AVE,0,8,4.4
NW 15TH ST & NW 1ST AVE,29.652769,-82.341623,6,3,NW 15TH ST & NW 1ST AVE | NW 15TH ST & NW 1ST LN,0,1,0.46
NW 15TH ST & NW 39TH AVE,29.688421,-82.341697,12,3,NW 15TH ST & NW 39TH AVE,0,6,4.39
SHEALY DR & SW ARCHER RD,29.636199,-82.351452,10,3,SHEALY DR & SW ARCHER RD | SW ARCHER RD & SW SHEALY DR,0,8,1.61
SR 222 & US 441,29.688495,-82.3555765,4,3,SR 222 & US 441,0,0,4.56
SURGE AREA DR & SW ARCHER RD,29.630193,-82.365784,27,3,SURGE AREA DR & SW ARCHER RD | SURGE DR & SW ARCHER RD | SURGE RD & SW ARCHER RD | SW 31ST TER & SW ARCHER RD,0,17,3.01
SW 10TH ST & SW 1ST AVE,29.651175,-82.33488,12,3,NW 10TH ST & NW 1ST AVE | NW 10TH ST & SW 1ST AVE | SW 10TH ST & SW 1ST AVE,0,2,0.84
NE 14TH ST & NE 23RD AVE,29.673702,-82.307585,4,3,NE 14TH ST & NE 23RD AVE,0,0,4.41
NE 14TH ST & NE 39TH AVE,29.688223,-82.307619,8,3,NE 14TH ST & NE 39TH AVE,0,3,5.56
NE 14TH ST & NE 3RD AVE,29.653741,-82.3071805,5,3,NE 14TH ST & NE 3RD AVE | SW 14TH DR & SW 3RD AVE,0,0,3.52
SW 10TH ST & SW 3RD AVE,29.649308,-82.334875,10,3,SW 10TH ST & SW 3RD AVE,0,6,0.8
NE 17TH TER & NE 23RD AVE,29.673678,-82.303107,10,3,NE 17TH ST & NE 23RD AVE | NE 17TH TER & NE 23RD AVE,0,1,4.75
SE 11TH ST & SE 12TH AVE,29.639714,-82.311853,3,3,SE 11TH ST & SE 12TH AVE,0,1,3.19
NE 12TH ST & NE 8TH AVE,29.659181,-82.3099625,7,3,NE 12TH ST & NE 8TH AVE,0,1,3.41
SW 13TH ST & SW WILLISTON RD,29.614666,-82.340784,8,3,SE 13TH AVE & SW WILLISTON RD | SW 13TH ST & SW WILLISTON RD,0,39,3.79
SW 16TH AVE & VA HOSPITAL,29.635041,-82.3501335,5,3,SW 16TH AVE & VA HOSPITAL,0,0,1.67
SW 17TH PL & SW 37TH ST,29.635834,-82.377893,3,3,SW 17TH PL & SW 37TH ST,0,0,3.66
SW 17TH RD & SW 74TH DR,29.636691,-82.412538,5,3,SW 17TH RD & SW 66TH DR | SW 17TH RD & SW 74TH DR,0,0,6.85
SW 17TH RD & SW 75TH ST,29.636138,-82.422252,3,3,SW 17TH RD & SW 75TH ST,0,7,7.79
NE 11TH TER & NE 23RD AVE,29.673844,-82.311466,7,3,NE 11TH TER & NE 23RD AVE,0,3,4.13
SW 20TH AVE & SW 42ND WAY,29.635942,-82.388481,4,3,SW 20TH AVE & SW 42ND WAY,0,10,4.62
SW 20TH LN & SW 43RD ST,29.633622,-82.389079,9,3,20TH AVE & SW 43RD ST | SW 20TH LN & SW 43RD ST,0,1,4.76
SW 22ND RD & SW 38TH TER,29.632094000000002,-82.38073,8,3,SW 22ND RD & SW 38TH DR | SW 22ND RD & SW 38TH TER,0,1,4.08
NW 13TH ST & NW 68TH AVE,29.717502500000002,-82.360234,6,3,NW 13TH & NW 68TH AVE | NW 13TH ST & NW 68TH AVE,0,2,7.79
NW 13TH ST & NW 6TH PL,29.6570115,-82.33910399999999,10,3,NW 13TH ST & NW 6TH | NW 13TH ST & NW 6TH PL,0,4,0.99
SE 3RD ST & SE 5TH AVE,29.647134,-82.322162,6,3,SE 3RD ST & SE 5TH AVE | SE 3RD ST & SE 6TH AVE,0,3,2.03
N MAIN ST & NE 28TH PL,29.678101,-82.319331,6,3,N MAIN ST & NE 28TH PL,0,2,3.98
N MAIN ST & NE 34TH PL,29.6841465,-82.3194585,3,3,N MAIN ST & NE 34TH PL,0,0,4.54
N MAIN ST & NE 7TH AVE,29.658046,-82.324846,13,3,N MAIN ST & NE 7TH AVE | N MAIN ST & NW 7TH AVE | S MAIN ST & SW 7H AVE,0,10,2.04
SW 26TH ST & SW 2ND AVE,29.65027,-82.361512,13,3,SW 26TH ST & SW 2ND AVE,0,5,1.79
SW 27TH ST & SW 38TH PL,29.615271,-82.362237,7,3,38TH PL & SW 27TH ST | SW 27TH ST & SW 38TH PL,0,2,4.15
SW 2ND AVE & SW 7TH ST,29.650136,-82.331617,6,3,SW 2ND AVE & SW 7TH ST,0,4,1.12
E UNIVERSITY AVE & NE BLVD,29.651824,-82.320415,11,3,E UNIVERSITY AVE & NE BLVD,0,3,2.22
SW 30TH WAY & SW 35TH PL,29.620767,-82.368382,6,3,SW 30TH WAY & SW 35TH PL | SW 30TH WY & SW 35TH PL,0,1,3.95
E UNIVERSITY AVE & NE 17TH ST,29.6517755,-82.303025,6,3,E 17TH ST & E UNIVERSITY AVE | E UNIVERSITY AVE & NE 17TH ST | E UNIVERSITY AVE & SE 17TH ST,0,3,3.89
E UNIVERSITY AVE & NE 4TH ST,29.651827,-82.321625,11,3,E UNIVERSITY AVE & NE 4TH ST | E UNNIVERSITY AVE & NE 4TH ST | SW 4TH AVE & US 441,0,3,2.1
CR 231 & NW 34TH ST,29.7310265,-82.3645735,3,3,CR 231 & NW 34TH ST,0,0,9.35
CR 231 & SR 121,29.7573,-82.357138,10,3,CR 231 & SR 121 | NW 34TH BLVD & NW COUNTY RD 231,0,0,12.1
NW 13TH ST & NW 36TH RD,29.685329,-82.338885,9,3,NW 13TH ST & NW 36TH AVE | NW 13TH ST & NW 36TH RD | NW 36TH RD & US 441,0,1,4.07
NW 13TH ST & NW 43RD ST,29.743717,-82.387893,6,3,NW 13TH ST & NW 43RD ST,0,44,11.38
NW 21ST DR & NW 39TH AVE,29.688417,-82.353153,13,3,NW 21ST DR & NW 39TH AVE,0,11,4.5
NW 21ST DR & NW 53RD AVE,29.70317,-82.353471,6,3,NW 21ST DR & NW 53RD AVE,0,3,6.11
NW 10TH AVE & NW 12TH ST,29.661059,-82.337207,5,3,NW 10TH AVE & NW 12TH AVE | NW 10TH AVE & NW 12TH ST,0,2,1.47
NW 10TH AVE & NW 2ND ST,29.661108,-82.32645049999999,10,3,NW 10TH AVE & NW 2ND ST,0,5,2.11
NW 21ST ST & NW 39TH AVE,29.688426,-82.351459,14,3,NW 21ST ST & NW 39TH AE | NW 21ST ST & NW 39TH AVE,0,4,4.47
NW 22ND ST & NW 66TH CT,29.715304,-82.353405,4,3,66ND AVE & NW 22ND ST | NW 22ND ST & NW 66TH CT,0,1,7.44
NW 22ND ST & NW 7TH PL,29.658928,-82.353492,5,3,NW 22ND ST & NW 7TH PL,0,2,1.51
NE 8TH AVE & NE BLVD,29.659085,-82.321423,10,3,NE 4TH ST & NE 8TH AVE | NE 8TH AVE & NE BLVD,0,4,2.39
NW 19TH ST & NW 1ST AVE,29.652687,-82.347809,8,3,NW 19TH ST & NW 1ST AVE,0,6,0.63
NW 10TH ST & NW 16TH AVE,29.666801,-82.33481,6,3,NW 10TH ST & NW 16TH AVE,0,1,2.15
NW 10TH ST & NW 39TH AVE,29.6884085,-82.334686,11,3,NW 10TH ST & NW 39TH AVE | NW 39TH AVE & NW 9TH ST,0,3,4.47
NW 1ST ST & NW 4TH AVE,29.654683,-82.325688,6,3,NW 1ST ST & NW 4TH AVE,0,2,1.81
NW 23RD BLVD & NW 31ST AVE,29.681257000000002,-82.351937,12,3,NW 21ST ST & NW 23RD BLVD | NW 21ST TER & NW 23RD BLVD | NW 21ST TER & NW 31ST AVE | NW 23RD BLVD & NW 31ST AVE,0,0,3.7
NW 13TH ST & NW 32ND AVE,29.682132,-82.338908,7,3,NW 13TH ST & NW 32ND AVE | NW 32ND AVE & US 441,0,5,3.72
SW 41ST PL & SW 71ST TER,29.616138,-82.418826,3,3,SW 41ST PL & SW 71ST TER,0,0,8.17
NW 19TH ST & NW 5TH AVE,29.655697,-82.347792,6,3,NW 19TH ST & NW 5TH AVE,1,2,0.89
SW 10TH ST & SW 5TH AVE,29.647576,-82.334871,26,3,SW 10TH ST & SW 5TH AVE | SW 5TH AVE & SW 9TH TER,0,14,0.81
SW 10TH ST & SW 8TH AVE,29.644786,-82.335023,10,3,SW 10TH ST & SW 8TH AVE,0,6,0.9
NW 16TH ST & NW 3RD AVE,29.654012,-82.343075,4,3,NW 16TH ST & NW 3RD AVE,2,1,0.58
NW 4TH BLVD & UNNAMED ST,29.65598,-82.417596,7,3,NW 4TH BLVD & UNNAMED ST,3,0,7.25
SW 38TH ST & SW 39TH BLVD,29.620388,-82.380261,7,3,SW 38TH ST & SW 39TH BLVD,3,0,4.78
THE OAKS MALL WEST ENTRANCE & W NEWBERRY RD,29.659494,-82.412871,4,2,THE OAKS MALL WEST ENTRANCE & W NEWBERRY RD,2,7,6.85
NW 43RD ST & NW 44TH AVE,29.695105,-82.388731,9,2,NW 43RD ST & NW 44TH AVE,0,2,6.77
NW 42ND TER & NW 8TH AVE,29.659478,-82.387762,5,2,NW 42ND TER & NW 8TH AVE,0,0,4.48
NW 41ST PL & NW 6TH ST,29.690656,-82.332133,2,2,NW 41ST PL & NW 6TH ST,0,0,4.76
NW 43RD ST & NW 9TH PL,29.660994,-82.389219,8,2,NW 43RD ST & NW 9TH PL,0,3,4.66
NW 43RD ST & NW 65TH AVE,29.714914,-82.385621,12,2,65TH AVE & NW 43RD ST | NW 43RD ST & NW 65TH AVE,0,9,8.4
NE 20TH ST & NE 8TH AVE,29.659161,-82.2989645,6,2,NE 20TH ST & NE 8TH AVE,0,3,4.42
NW 41ST AVE & NW 6TH ST,29.690388,-82.3316,7,2,NW 41ST AVE & NW 6TH ST,1,5,4.74
SE 13TH ST & SE 3RD AVE,29.649157,-82.308527,6,2,SE 13TH ST & SE 3RD AVE,0,2,3.34
NW 32ND AVE & NW 43RD ST,29.682247,-82.388773,10,2,CR 2053 & NW 32ND AVE | NW 32ND AVE & NW 43RD ST,0,7,5.77
SE 11TH ST & SE 6TH AVE,29.646442,-82.311369,10,2,SE 11TH ST & SE 6TH AVE,0,7,3.08
SE 15TH ST & SE 3RD AVE,29.649174,-82.305687,13,2,SE 15TH ST & SE 3RD AVE,0,6,3.62
NW 33RD AVE & NW 6TH ST,29.683248,-82.330621,6,2,NW 33RD AVE & NW 6TH ST,0,0,4.01
NW 33RD CT & NW 43RD ST,29.683804,-82.388804,6,2,NW 33RD CT & NW 43RD ST,0,6,5.88
SE 18TH TER & SE 8TH AVE,29.644391,-82.301079,6,2,SE 18TH TER & SE 8TH AVE,0,3,4.09
SE 19TH PL & SE 1ST TER,29.632834,-82.318418,2,2,SE 19TH PL & SE 1ST TER,0,0,2.97
SW 2ND ST & SW 3RD AVE,29.6489215,-82.326492,3,2,SE 2ND ST & SE 3RD AVE | SW 2ND ST & SW 3RD AVE,0,1,1.61
NW 16TH AVE & NW 31ST ST,29.66664,-82.368199,3,2,NW 16TH AVE & NW 31ST ST,0,1,3.13
NW 37TH ST & NW 62ND PL,29.711424,-82.378326,3,2,NW 37TH ST & NW 62ND PL,0,1,7.73
NW 37TH TER & NW 39TH AVE,29.688533,-82.379113,7,2,NW 37TH TER & NW 39TH AVE,0,1,5.62
NE 17TH PL & NE WALDO RD,29.6675525,-82.3012485,4,2,NE 17TH PL & NE WALDO RD,0,7,4.55
SW 2ND TER & SW DEPOT AVE,29.644089,-82.327233,5,2,DEPOT AVE & SW 2ND TER | SW 2ND TER & SW DEPOT AVE,0,2,1.62
NW 15TH ST & NW 2ND PL,29.6534355,-82.341621,13,2,NW 15TH ST & NW 1ST PL | NW 15TH ST & NW 2ND AVE | NW 15TH ST & NW 2ND PL | NW 15TH TER & NW 2ND PL,0,4,0.53
NW 15TH ST & NW 4TH AVE,29.654934,-82.341624,8,2,NW 15TH ST & NW 4TH AVE,0,3,0.69
NW 31ST AVE & NW 31ST TER,29.681302,-82.3683475,5,2,NW 31ST AVE & NW 31ST ST | NW 31ST AVE & NW 31ST TER,0,2,4.35
SE 23RD ST & SE 8TH AVE,29.6448215,-82.294691,2,2,SE 23RD ST & SE 24TH ST | SE 23RD ST & SE 8TH AVE,0,0,4.7
NW 29TH ST & NW 34TH ST,29.702784,-82.368733,3,2,NW 29TH ST & NW 34TH ST,0,0,6.48
NE 16TH AVE & NE 16TH WAY,29.66637,-82.303421,8,2,NE 16TH AVE & NE 16TH WAY,0,4,4.3
SE 2ND ST & SE DEPOT AVE,29.645067,-82.322974,7,2,DEPOT AVE & SE 2ND ST | SE 2ND ST & SE DEPO AVE | SE 2ND ST & SE DEPOT AVE,0,3,1.99
SE 1ST ST & SE 4TH AVE,29.648247,-82.323983,3,2,SE 1ST ST & SE 4TH AVE,0,1,1.85
NW 16TH BLVD & NW 43RD AVE,29.6938015,-82.343864,3,2,16TH AVE & 43RD ST | NW 16TH AVE & NW 43RD AVE | NW 16TH BLVD & NW 43RD AVE,0,0,4.99
NW 12TH DR & NW 5TH AVE,29.655719,-82.338329,3,2,NW 12TH DR & NW 5TH AVE,0,0,0.9
HULL RD & SW 37TH ST,29.6373785,-82.37525550000001,3,2,HULL RD & SW 37TH ST,0,0,3.36
SE 1ST ST & SE WILLISTON RD,29.632362,-82.320863,2,2,SE 1ST ST & SE WILLISTON RD,0,1,2.82
NW 16TH AVE & NW 17TH ST,29.666578,-82.344411,11,2,NW 16TH AVE & NW 17TH ST,0,7,1.97
NW 16TH AVE & NW 18TH ST,29.666589,-82.34668,8,2,NW 16TH AVE & NW 18TH ST,0,4,2.0
NW 16TH AVE & NW 20TH WAY,29.666594,-82.34992,4,2,NW 16TH AVE & NW 20TH WAY,0,2,2.08
NW 16TH AVE & NW 23RD TER,29.666885,-82.357824,8,2,NW 16TH AVE & NW 23RD TER,0,5,2.46
SE 10TH ST & SE 12TH AVE,29.63964,-82.313731,2,2,SE 10TH ST & SE 12TH AVE,0,0,3.02
S MAIN ST & SW 5TH AVE,29.64716,-82.32490849999999,12,2,S MAIN ST & SE 5TH AVE | S MAIN ST & SW 5TH AVE,0,5,1.77
NE 47TH AVE & NE WALDO RD,29.696814,-82.28104,6,2,NE 47TH AVE & NE WALDO RD | NE 47TH AVE & WALDO RD,0,1,8.02
NE 5TH AVE & NE 9TH ST,29.655685,-82.31461,4,2,NE 5TH AVE & NE 9TH ST,0,2,2.86
SW 10TH ST & SW 1ST PL,29.650716,-82.334886,3,2,SW 10TH ST & SW 1ST PL,0,0,0.82
SE 4TH ST & SW WILLISTON RD,29.626758000000002,-82.32466199999999,3,2,SE 4TH ST & SW WILLISTON RD,0,0,3.03
NW 24TH TER & NW 34TH BLVD,29.705396,-82.358753,10,2,NW 24TH TER & NW 34TH BLVD,0,2,6.45
NW 23RD TER & NW 58TH AVE,29.708252,-82.358292,2,2,NW 23RD TER & NW 58TH AVE,0,0,6.75
SE 7TH AVE & SE 8TH AVE,29.645658,-82.316512,4,2,SE 7TH AVE & SE 8TH AVE | SE 7TH AVE & SE 8TH ST,0,1,2.6
SW 12TH ST & SW 4TH AVE,29.648306,-82.337114,9,2,4TH AVE & SW 12TH ST | SW 12TH ST & SW 4TH AVE,0,4,0.58
NW 12TH AVE & NW 6TH ST,29.662961,-82.330706,9,2,NW 12TH AVE & NW 6TH ST | NW 12TH ST & NW 6TH ST,0,5,1.98
NW 16TH TER & NW 23RD BLVD,29.675305,-82.32608250000001,2,2,NW 16TH TER & NW 23RD BLVD,0,0,3.37
NW 15TH ST & NW 5TH AVE,29.655758,-82.341614,8,2,NW 15TH ST & NW 5TH AVE,0,2,0.78
E UNIVERSITY AVE & NE 20TH ST,29.651773,-82.299072,5,2,E UNIVERSITY AVE & NE 20TH DR | E UNIVERSITY AVE & NE 20TH ST | E UNIVERSITY AVE & SE 20TH ST,0,1,4.27
E UNIVERSITY AVE & NE 22ND ST,29.65177,-82.295896,5,2,E UNIVERSITY AVE & NE 22ND ST,0,3,4.58
NE 3RD ST & NE 6TH AVE,29.507313,-82.275091,3,2,NE 3RD ST & NE 6TH AVE,0,0,17.01
NW 2ND ST & NW 3RD AVE,29.6538885,-82.3265855,5,2,NW 2ND ST & NW 3RD AVE,0,2,1.69
NE 16TH AVE & NE 21ST PL,29.670154,-82.29149,2,2,NE 16TH AVE & NE 21ST PL,0,0,5.53
NW 23RD AVE & UNNAMED ST,29.674372,-82.472595,2,2,NW 23RD AVE & UNNAMED ROADWAY | NW 23RD AVE & UNNAMED ST,0,0,12.84
NW 23RD DR & W UNIVERSITY AVE,29.65208,-82.358856,5,2,NW 23RD DR & W UNIVERSITY AVE,0,2,1.57
NW 23RD TER & NW 31ST AVE,29.681197,-82.356225,11,2,NW 23RD ST & NW 31ST AVE | NW 23RD TER & NW 31ST AVE | NW 23RD TER & NW 31ST ST,0,5,3.81
NW 23RD TER & NW 39TH AVE,29.68842,-82.356232,4,2,NW 23RD TER & NW 39TH AVE,0,0,4.57
NE 7TH TER & NE 8TH AVE,29.659219,-82.316691,3,2,NE 7TH TER & NE 8TH AVE,0,0,2.8
NW 17TH ST & NW 6TH AVE,29.656667,-82.34448,3,2,NW 17TH ST & NW 6TH AVE,0,0,0.88
NW 17TH ST & NW 7TH AVE,29.657576,-82.344474,5,2,NW 17TH ST & NW 7TH AVE,0,2,0.98
NW 11TH ST & NW 42ND AVE,29.692033,-82.336014,2,2,NW 11TH ST & NW 42ND AVE,0,0,4.84
SW 2ND AVE & US 441,29.510518,-82.276785,11,2,- SW 13TH ST & SW 2ND AVE | NW 2ND AVE & US 441 | SW 2ND AVE & US 441,0,0,16.62
SW 10TH ST & SW 7TH AVE,29.645745,-82.334869,10,2,SW 10TH ST & SW 7TH AVE,0,2,0.87
NW 28TH ST & W UNIVERSITY AVE,29.651905,-82.364547,16,2,NW 28TH ST & W UNIVERSITY AVE | SW 28TH ST & W UNIVERSITY AVE,0,12,2.1
NW 28TH TER & NW 55TH BLVD,29.705159,-82.36472,2,2,NW 28TH TER & NW 55TH BLVD,0,0,6.59
NE 15TH ST & NE 30TH AVE,29.680599,-82.305984,5,2,NE 15TH ST & NE 29TH PL | NE 15TH ST & NE 30TH AVE,0,1,5.03
SE 4TH ST & SE 8TH PL,29.643454,-82.32070949999999,3,2,SE 4TH ST & SE 8TH PL,0,0,2.25
SE 25TH ST & SE HAWTHORNE RD,29.643744,-82.291368,4,2,SE 25TH ST & SE HAWTHORNE RD | SE 26TH ST & SE HAWTHORNE RD,0,0,5.04
NW 27TH TER & NW 46TH PL,29.697114,-82.363302,2,2,NW 27TH TER & NW 46TH PL,0,0,5.7
NW 22ND ST & NW 73RD PL,29.721457,-82.353911,2,2,NW 22ND ST & NW 73RD PL | NW 73RD PL & SR 121,0,0,8.12
NW 22ND ST & US 441,29.67001,-82.11913,3,2,NW 22ND AVE & US 441 | NW 22ND ST & US 441,0,0,21.79
NO NAMED ST & OLD ARCHER RD,29.627304,-82.370786,2,2,NO NAMED ST & OLD ARCHER RD | SW 30TH ST & SW OLD ARCHER RD,0,1,3.59
NW 1ST ST & NW 8TH AVE,29.659055,-82.325841,10,2,NW 1ST ST & NW 8TH AVE,0,1,2.02
NW 10TH AVE & NW 10TH ST,29.6610425,-82.335106,8,2,NW 10TH AVE & NW 10TH ST,0,4,1.56
NW 10TH AVE & NW 4TH ST,29.661126,-82.328644,5,2,NW 10TH AVE & NW 4TH ST,0,0,1.96
NW 10TH AVE & NW 8TH ST,29.661026,-82.332935,4,2,NW 10TH AVE & NW 8TH ST,0,1,1.67
NW 21ST PL & SR 121,29.672193,-82.372498,2,2,NW 21ST PL & SR 121,0,0,3.85
SW 17TH RD & SW 68TH TER,29.630131,-82.305831,3,2,SW 17TH RD & SW 68TH TER,0,0,4.16
NW 11TH AVE & NW 22ND ST,29.662408,-82.35347,3,2,NW 11TH AVE & NW 22ND ST,0,1,1.81
NW 16TH BLVD & NW 35TH TER,29.667267,-82.374344,11,2,NE 16TH BLVD & NW 35TH TER | NW 16TH AVE & NW 35TH TER | NW 16TH BLVD & NW 35TH TER,0,4,3.65
NW 16TH BLVD & NW 35TH WAY,29.667741,-82.375357,11,2,NW 16TH BLVD & NW 35TH WAY,0,3,3.76
SW 28TH ST & SW 2ND AVE,29.650281,-82.3647425,5,2,SW 28TH ST & SW 2ND AVE,0,1,2.1
SW 12TH ST & SW 6TH AVE,29.6466305,-82.3370295,4,2,SW 12TH ST & SW 6TH AVE,0,1,0.63
NE 13TH ST & NE 23RD AVE,29.673703,-82.308649,3,2,NE 13TH ST & NE 23RD AVE,0,1,4.33
NW 23RD AVE & NW 51ST TER,29.67425,-82.397763,5,2,NW 23RD AVE & NW 51ST TER,0,0,5.99
SW 15TH PL & SW 42ND ST,29.6379605,-82.3870505,4,2,SW 15TH PL & SW 42ND ST,0,1,4.42
SW 16TH AVE & SW WILLISTON RD,29.622091,-82.333754,3,2,SW 16TH AVE & SW WILLISTON RD,0,0,3.1
NW 21ST AVE & NW 4TH ST,29.671902,-82.32837,2,2,NW 21ST AVE & NW 3RD TER | NW 21ST AVE & NW 4TH ST,0,0,2.93
NW 19TH ST & NW 53RD AVE,29.703135,-82.347297,19,2,NW 19TH ST & NW 53RD AVE,0,3,6.04
NE 11TH ST & NE 8TH AVE,29.659191,-82.311575,7,2,NE 11TH ST & NE 8TH AVE,0,1,3.26
NE 10TH AVE & NE 2ND ST,29.660642,-82.32315,7,2,NE 10TH AVE & NE 2ND ST,0,1,2.33
NW 19TH ST & NW 42ND AVE,29.692185,-82.347187,2,2,NW 19TH ST & NW 42ND AVE,0,0,4.83
N MAIN ST & NE 6TH AVE,29.656822,-82.324847,8,2,CRCR 329 & NW 6TH AVE | N MAIN ST & NE 6TH AVE | N MAIN ST & NW 6TH AVE,0,8,1.98
NW 20TH DR & W UNIVERSITY AVE,29.651955,-82.350827,11,2,20TH TER & SR 26 | NW 20TH DR & W UNIVERSITY AVE,0,4,0.83
NW 10TH PL & NW 66TH ST,29.661946999999998,-82.41264050000001,4,2,NW 10TH PL & NW 66TH ST,0,0,6.88
SW 11TH AVE & SW 11TH ST,29.640212,-82.336168,3,2,SW 11TH AVE & SW 11TH ST,0,0,1.16
NE 8TH AVE & SR 24,29.6521595,-82.359981,5,2,NE 8TH AVE & SR 24,0,0,1.68
NW 23RD AVE & NW 3RD TER,29.673825,-82.328175,5,2,NW 23RD AVE & NW 3RD TER,0,3,3.13
NE 11TH TER & NE 8TH AVE,29.659186,-82.310813,8,2,NE 11TH TER & NE 8TH AVE,0,1,3.33
NE 12TH AVE & NE 9TH ST,29.662927,-82.31461,2,2,NE 12TH AVE & NE 9TH ST,0,0,3.17
NE 12TH ST & NE 37TH PL,29.68694,-82.310566,3,2,NE 12TH ST & NE 37TH PL,0,1,5.27
NW 14TH TER & NW 5TH AVE,29.655615,-82.340911,2,2,NW 14TH TER & NW 5TH AVE,0,0,0.78
NW 15TH AVE & NW 6TH ST,29.665749,-82.330703,12,2,NW 15TH AVE & NW 6TH ST,0,7,2.23
NW 12TH ST & NW 4TH AVE,29.654529,-82.336979,5,2,NW 12TH ST & NW 4TH AVE,0,1,0.87
SW 37TH ST & SW 38TH ST,29.61663,-82.3811175,5,2,SW 24TH AVE & SW 38TH ST | SW 37TH ST & SW 38TH ST,0,0,5.12
ALLIGATOR ALLEY & SW 10TH ST,29.651463,-82.335036,5,2,ALLIGATOR ALLEY & NW 10TH ST | ALLIGATOR ALLEY & SW 10TH ST,0,0,0.83
ALLIGATOR ALLEY & SW 13TH ST,29.651462,-82.339317,7,2,ALLIGATOR ALLEY & SW 13TH ST | NW 13TH ST & SW 16TH AVE | SW 13TH ST & SW 19TH PL,0,2,0.47
NW 5TH AVE & US 441,29.512521,-82.285953,9,2,5TH AVE & S | NW 5TH AVE & US 441 | SW 5TH AVE & US 441,0,0,16.09
NW 3RD AVE & NW 9TH TER,29.653721,-82.333936,7,2,NW 3RD AVE & NW 9TH ST | NW 3RD AVE & NW 9TH TER,0,1,1.04
NW 40TH DR & NW 8TH AVE,29.659458,-82.386529,4,2,NW 40TH DR & NW 8TH AVE,0,2,4.36
NW 60TH ST & W UNIVERSITY AVE,29.653179,-82.419613,4,2,NW 60TH ST & W UNIVERSITY AVE,0,0,7.42
NW 18TH ST & NW 1ST AVE,29.652814,-82.346113,7,2,NW 18TH ST & NW 1ST AVE,0,4,0.53
NW 18TH ST & NW 2ND AVE,29.653441,-82.34618950000001,7,2,NW 18TH ST & NW 2ND AVE,0,6,0.6
NW 17TH AVE & NW 43RD ST,29.66759,-82.388845,6,2,NW 17TH AVE & NW 43RD ST,0,3,4.89
SW 24TH ST & SW 35TH PL,29.619967,-82.358037,8,2,SW 24TH ST & SW 35TH PL,0,2,3.51
NW 17TH ST & NW 39TH AVE,29.688415,-82.344478,2,2,NW 17TH ST & NW 39TH AVE,0,0,4.39
NE 10TH ST & NE 8TH AVE,29.659208,-82.31352,4,2,NE 10TH ST & NE 8TH AVE,0,1,3.09
NW 10TH ST & NW 23RD AVE,29.673824,-82.334978,15,2,NW 10TH ST & NW 23RD AVE,0,5,2.88
SW 23RD WAY & SW 2ND AVE,29.650252,-82.358094,8,2,SW 23RD WAY & SW 2ND AVE,0,5,1.46
SW 6TH ST & SW 7TH AVE,29.645307,-82.331134,3,2,SW 6TH ST & SW 7TH AVE,0,0,1.22
NW 3RD AVE & NW 3RD ST,29.653909499999997,-82.32783549999999,3,2,NW 3RD AVE & NW 3RD ST,0,0,1.58
NW 3RD AVE & NW 5TH ST,29.5797475,-82.30822549999999,2,2,NW 3RD AVE & NW 5TH ST,0,0,8.37
NW 7TH ST & NW 8TH AVE,29.6588905,-82.32460950000001,4,2,NW 7TH ST & NW 8TH AVE,0,1,2.11
NE 23RD AVE & NE 7TH ST,29.673735,-82.317384,5,2,NE 23RD AVE & NE 7TH ST,1,0,3.72
SE 10TH AVE & SE 20TH ST,29.641872,-82.294409,2,2,SE 10TH AVE & SE 20TH ST,1,0,4.77
SE 16TH AVE & SR 226,29.630518,-82.324092,3,2,SE 16TH AVE & SR 226,1,0,2.74
SE 24TH ST & SE 2ND AVE,29.649889,-82.29338,3,2,SE 24TH ST & SE 2ND AVE,1,1,4.81
SW 12TH ST & SW 16TH AVE,29.636608,-82.337462,3,2,SW 12TH ST & SW 16TH AVE,1,0,1.46
NW 23RD TER & NW 25TH TER,29.709732,-82.359995,3,2,NW 23RD TER & NW 25TH TER,1,1,6.95
NW 20TH AVE & NW 6TH ST,29.670851,-82.330705,8,2,NW 20TH AVE & NW 6TH ST,1,3,2.72
NW 10TH AVE & NW 18TH ST,29.660998,-82.301603,3,2,NE 10TH AVE & NE 18TH ST | NW 10TH AVE & NW 18TH ST,1,0,4.24
SW 20TH AVE & SW 64ST ST,29.624316,-82.375157,7,2,SW 20TH AVE & SW 64ST ST,1,4,4.12
NW 11TH RD & NW 13TH ST,29.662539,-82.339327,4,2,NW 11TH RD & NW 13TH ST,1,4,1.57
SW 25TH DR & SW 31ST PL,29.622695,-82.359697,4,2,SW 25TH DR & SW 31ST PL,1,0,3.31
SW 16TH ST & SW 17TH CT,29.633626,-82.343264,3,2,SW 16TH ST & SW 17TH CT,1,0,1.68
SW 24TH AVE & SW 36TH TER,29.630471,-82.376642,3,2,SW 24TH AVE & SW 34 TH | SW 24TH AVE & SW 36TH TER,1,0,3.83
NW 39TH DR & NW 8TH AVE,29.659418,-82.382618,6,2,NW 39TH DR & NW 8TH AVE | NW 39TH RD & NW 8TH AVE,0,3,4.0
SW 47TH ST & SW 62ND BLVD,29.668881,-82.4037965,2,2,SW 47TH ST & SW 62ND BLVD,0,0,6.28
51ST & NW 43RD ST,29.691341,-82.388843,4,2,51ST & NW 43RD ST | CO 2053 & UNNAMED ST | NW 43RD ST & NW 52ND AVE | NW 43RD ST & UNNAMED ST,0,1,6.47
NW 4TH BLVD & W UNIVERSITY AVE,29.653354,-82.414382,3,2,NW 4TH BLVD & W UNIVERSITY AVE | NW 4TH ST & W UNIVERSITY AVE | SW 4TH ST & W UNIVERSITY AVE,0,3,6.91
9TH ST & E UNIVERSITY AVE,29.6551625,-82.4607695,3,2,9TH ST & E UNIVERSITY AVE,0,0,11.41
NE 10TH AVE & NE 23RD ST,29.6610045,-82.294348,3,2,NE 10TH AVE & NE 23RD ST,1,1,4.91
SW 43RD ST & SW 62ND BLVD,29.6759695,-82.39307550000001,2,2,SW 43RD ST & SW 62ND BLVD,0,0,5.7
S MAIN ST & SW 29TH PL,29.625122,-82.330754,5,2,S MAIN ST & SW 29TH AVE | S MAIN ST & SW 29TH PL,0,1,2.88
NE 18TH ST & NE 8TH AVE,29.659095,-82.30161849999999,9,2,NE 18TH ST & NE 8TH AVE,0,3,4.17
NW 39TH RD & W UNIVERSITY AVE,29.652083,-82.385057,7,2,NW 39TH RD & W UNIVERSITY AVE,0,0,4.08
NW 39TH AVE & NW 39TH WAY,29.688525,-82.383251,11,2,NW 39TH AVE & NW 39TH PL | NW 39TH AVE & NW 39TH WAY,2,8,5.87
NE 17TH DR & NE 8TH AVE,29.659094,-82.302296,6,2,NE 17TH DR & NE 8TH AVE,2,2,4.11
NW 14TH ST & NW 2ND AVE,29.653363,-82.340331,8,2,NW 14TH ST & NW 2ND AVE,0,0,0.57
SW 35TH DR & SW 37TH BLVD,29.61996,-82.379521,2,2,SW 35TH DR & SW 37TH BLVD | SW 37TH BLVD & SW 37TH ST,0,9,4.76
NW 14TH ST & NW 3RD PL,29.654407,-82.340342,4,2,NW 14TH ST & NW 3RD PL,0,2,0.68
NE 27TH AVE & NE 55TH BLVD,29.675762,-82.238138,5,2,NE 27TH AVE & NE 55TH BLVD,0,4,10.59
NW 36TH ST & W UNIVERSITY AVE,29.651742499999997,-82.3765435,33,2,NW 36TH ST & W NEWBERRY RD | NW 36TH ST & W UNIVERSITY AVE | SW 36TH ST & UNIVERSITY AVE | SW 36TH ST & W UNIVERSITY AVE | SW 36TH ST & W UNIVESITY AVE | W 36TH ST & W UNIVERSITY AVE,0,14,3.25
NW 36TH TER & NW 8TH AVE,29.659396,-82.377057,5,2,NW 36TH TER & NW 8TH AVE,0,1,3.49
NE 2ND AVE & NE 3RD ST,29.653339,-82.322238,3,2,NE 2ND AVE & NE 3RD ST,0,1,2.08
NW 34TH PL & NW 43RD ST,29.684587,-82.389112,20,2,CR 2053 & NW 34TH PL | NW 34TH PL & NW 43RD ST,0,9,5.96
NW 15TH TER & NW 3RD AVE,29.654012,-82.342506,3,2,NW 15TH TER & NW 3RD AVE,0,1,0.58
NW 15TH TER & W UNIVERSITY AVE,29.652206,-82.342675,12,2,NW 15TH TER & W UNIVERSITY AVE,0,7,0.38
NW 4TH AVE & NW 6TH ST,29.654723,-82.330673,11,2,NW 4TH AVE & NW 6TH ST,0,1,1.37
NE 23RD ST & NE 8TH AVE,29.65908,-82.294441,4,2,NE 23RD ST & NE 8TH AVE,0,1,4.84
NW 50TH BLVD & W NEWBERRY RD,29.657814000000002,-82.396209,15,2,NEWBERRY RD & NW 50TH BLVD | NW 50TH AVE & W NEWBERRY RD | NW 50TH BLVD & W NEWBERRY RD | NW 50TH ST & NW NEWBERRY RD,0,8,5.23
NE 20TH TER & NE 3RD AVE,29.653666,-82.30442,4,2,NE 16TH ST & NE 3RD AVE | NE 20TH TER & NE 3RD AVE,0,1,3.78
NE 20TH WAY & NE 27TH AVE,29.677071,-82.298347,2,2,NE 20TH WAY & NE 27TH AVE,0,0,5.34
NE 1ST ST & NE 7TH AVE,29.658034,-82.323819,15,2,NE 1ST ST & NE 7TH AVE,0,8,2.13
SW 3TTH BLVD & SW ARCHER RD,29.651837,-82.326581,1,1,SW 3TTH BLVD & SW ARCHER RD,0,0,1.63
NW 13TH ST & NW 24TH AVE,29.630521,-82.101533,1,1,NW 13TH ST & NW 24TH AVE,0,0,23.46
NW 13TH ST & NW 33RD PL,29.683804,-82.338894,3,1,NW 13TH ST & NW 33RD PL,0,1,3.9
NW 13TH ST & NW 34TH PL,29.684469,-82.338905,6,1,NW 13TH ST & NW 34TH AVE | NW 13TH ST & NW 34TH PL | NW 13TH ST & NW 34TH RD | SR 121 & US HWY 441,0,3,3.98
NW 13TH AVE & NW 43RD ST,29.664557,-82.388871,2,1,NW 13TH AVE & NW 43RD ST,0,0,4.76
NW 13TH AVE & NW 53RD AVE,29.664718,-82.40004,1,1,NW 13TH AVE & NW 53RD AVE,0,0,5.78
NW 13TH AVE & NW 55TH ST,29.664569,-82.40138,4,1,NW 13TH AVE & NW 55TH ST,0,3,5.9
NW 13TH PL & NW 43RD ST,29.664848,-82.389185,3,1,NW 13TH PL & NW 43RD ST,0,1,4.8
20TH AVE & SW 42ND ST,29.630871,-82.388192,1,1,20TH AVE & SW 42ND ST,0,0,4.79
NE 20TH WAY & NE 31ST AVE,29.681312,-82.295118,2,1,NE 20TH WAY & NE 31ST AVE,0,1,5.88
NW 44TH AVE & NW 6TH ST,29.6949145,-82.3347055,7,1,NW 43RD AVE & NW 6TH ST | NW 44TH AVE & NW 6TH ST,0,3,5.18
ACCESS RD BEHIND CHEVRON & ACCESS RD NEXT TO BAKERY,29.695789,-82.372264,1,1,ACCESS RD BEHIND CHEVRON & ACCESS RD NEXT TO BAKERY,0,0,5.92
SW 62ND BLVD & SW 7TH AVE,29.646474,-82.400897,1,1,SW 62ND BLVD & SW 7TH AVE,0,15,5.6
NW 4TH PL & NW 52ND TER,29.656444,-82.398616,1,1,NW 4TH PL & NW 52ND TER,0,0,5.44
NW 45TH ST & W NEWBERRY RD,29.656083,-82.391495,9,1,NW 45TH ST & W NEWBERRY RD,0,7,4.75
NW 46TH TER & NW 53RD AVE,29.703131,-82.392343,5,1,NW 46TH TER & NW 53RD AVE,0,1,7.68
SW 47TH AVE & SW ARCHER RD,29.613152,-82.39385,2,1,SW 47TH AVE & SW ARCHER RD | SW 47TH ST & SW ARCHER RD,0,13,6.3
SW 4TH AVE & SW 5TH ST,29.648194,-82.329549,3,1,SW 4TH AVE & SW 5TH ST,0,1,1.31
NW 51ST DR & NW 82ND BLVD,29.730051,-82.396985,1,1,NW 51ST DR & NW 82ND BLVD,0,0,10.41
NW 10TH ST & NW 1ST PL,29.652844,-82.334868,2,1,NW 10TH ST & NW 1ST PL,0,0,0.91
NW 1ST PL & SW 13TH ST,29.511083,-82.279503,1,1,NW 1ST PL & SW 13TH ST,0,16,16.46
NW 1ST PL & SW 62ND BLVD,29.650619,-82.4055575,2,1,NW 1ST PL & SW 62ND BLVD,0,0,6.05
NW 19TH ST & NW 43RD PL,29.694373,-82.347142,1,1,NW 19TH ST & NW 43RD PL,0,0,5.07
NW 19TH ST & NW 45TH AVE,29.695739,-82.34726549999999,2,1,NW 19TH ST & NW 45TH AVE,0,1,5.22
NE 10TH AVE & NE 7TH ST,29.660636,-82.317404,1,1,NE 10TH AVE & NE 7TH ST,0,0,2.81
NE 10TH AVE & NE 7TH TER,29.660635,-82.316691,1,1,NE 10TH AVE & NE 7TH TER,0,0,2.87
NE 10TH ST & NE 6TH AVE,29.656972,-82.313226,1,1,NE 10TH ST & NE 6TH AVE,0,0,3.03
NE 10TH ST & NE 7TH AVE,29.657698,-82.313225,1,1,NE 10TH ST & NE 7TH AVE,0,0,3.05
SW 23RD ST & SW 32ND PL,29.62194,-82.355764,6,1,SW 23RD ST & SW 32ND PL,0,3,3.22
SW 21ST LN & SW 38TH DR,29.632373,-82.380562,1,1,SW 21ST LN & SW 38TH DR,0,0,4.06
SW 21ST LN & SW 43RD ST,29.632192,-82.389409,4,1,SW 21ST LN & SW 43RD ST,0,1,4.84
NW 1ST AVE & NW 20TH ST,29.652901999999997,-82.3493965,2,1,NW 1ST AVE & NW 20TH ST,0,0,0.76
SW 26TH TER & SW 33RD PL,29.6208705,-82.360837,2,1,SW 26TH TER & SW 33RD PL,0,0,3.54
NW 1ST AVE & NW 22ND ST,29.652848,-82.353478,1,1,NW 1ST AVE & NW 22ND ST,0,0,1.1
NW 1ST AVE & NW 2ND ST,29.652631999999997,-82.326506,2,1,NW 1ST AVE & NW 2ND AVE | NW 1ST AVE & NW 2ND ST,0,0,1.66
NW 1ST AVE & NW 8TH ST,29.652561,-82.332744,1,1,NW 1ST AVE & NW 8TH ST,0,0,1.09
SW 1ST AVE & SW 8TH ST,29.651227,-82.33293549999999,2,1,SW 1ST AVE & SW 8TH ST,0,0,1.02
SW 1ST AVE & SW 9TH ST,29.651038,-82.334314,1,1,SW 1ST AVE & SW 9TH ST,0,0,0.89
NW 20TH CT & NW 55TH AVE,29.704879,-82.350086,1,1,NW 20TH CT & NW 55TH AVE,0,0,6.25
NW 20TH DR & NW 45TH AVE,29.695982,-82.350615,1,1,NW 20TH DR & NW 45TH AVE,0,0,5.28
NW 20TH ST & NW 2ND AVE,29.653509,-82.349159,3,1,NW 20TH ST & NW 2ND AVE,0,1,0.78
NW 20TH ST & NW 31ST PL,29.682002,-82.349349,1,1,NW 20TH ST & NW 31ST PL,0,0,3.73
NW 20TH ST & NW 35TH AVE,29.684814,-82.349336,1,1,NW 20TH ST & NW 35TH AVE,0,0,4.04
NW 18TH TER & NW 7TH PL,29.658571,-82.34724,1,1,NW 18TH TER & NW 7TH PL,0,0,1.15
SW 21ST RD & SW 39TH WAY,29.633186,-82.383883,1,1,SW 21ST RD & SW 39TH WAY,0,0,4.31
SW 22ND LN & SW 43RD ST,29.631533,-82.38942,4,1,SW 22ND LN & SW 43RD ST,0,2,4.87
SW 23RD DR & SW 35TH PL,29.620272,-82.357516,7,1,SW 23RD DR & SW 35TH PL,0,1,3.46
NE 10TH AVE & NE 19TH TER,29.661122,-82.300066,1,1,NE 10TH AVE & NE 19TH TER,0,0,4.38
SW 24TH AVE & SW 37TH ST,29.630093,-82.37763,3,1,SW 24TH AVE & SW 37TH ST,0,0,3.93
SW 62ND BLVD & SWS 20TH AVE,29.712829,-82.606956,1,1,SW 62ND BLVD & SWS 20TH AVE,0,0,26.5
SW 62ND ST & W 1ST PL,29.652353,-82.408716,1,1,SW 62ND ST & W 1ST PL,0,1,6.36
SW 7TH AVE & SW 9TH ST,29.645741,-82.333501,4,1,SW 7TH AVE & SW 9TH ST,0,1,0.99
SW 51ST TER & SW 62ND AVE,29.596664,-82.398139,1,1,SW 51ST TER & SW 62ND AVE,0,1,7.86
BUTLER PLAZA WEST & SW 37TH BLVD,29.621826,-82.386604,1,1,BUTLER PLAZA WEST & SW 37TH BLVD,0,0,5.16
NW 14TH AVE & NW 2ND ST,29.664649,-82.32664,7,1,NW 14TH AVE & NW 2ND ST | NW 14TH ST & NW 2ND ST,0,2,2.37
NW 19TH AVE & NW 9TH ST,29.669284,-82.334052,1,1,NW 19TH AVE & NW 9TH ST,0,0,2.43
NW 19TH ST & NW 2ND AVE,29.653515,-82.347653,5,1,NW 19TH ST & NW 2ND AVE,0,3,0.68
NW 19TH ST & NW 31ST AVE,29.681214,-82.347575,1,1,NW 19TH ST & NW 31ST AVE,0,0,3.62
NW 10TH ST & NW 44TH AVE,29.694392,-82.335724,1,1,NW 10TH ST & NW 44TH AVE,0,0,5.1
NW 10TH ST & NW 6TH AVE,29.656456,-82.33485300000001,3,1,NW 10TH ST & NW 6TH AVE,0,2,1.16
NW 10TH ST & NW 7TH AVE,29.6574355,-82.33494,2,1,NW 10TH ST & NW 7TH AVE,0,0,1.24
NE 10TH AVE & NE 6TH ST,29.660769,-82.318699,1,1,NE 10TH AVE & NE 6TH ST,0,1,2.71
SW 26TH DR & SW 40TH PL,29.6134375,-82.361181,2,1,SW 26TH DR & SW 40TH PL,0,1,4.29
SW 26TH TER & SW 31ST PL,29.622784,-82.361104,4,1,SW 26TH TER & SW 31ST PL,0,2,3.37
NW 11TH AVE & NW 6TH ST,29.662088,-82.331022,5,1,NW 11TH AVE & NW 6TH ST,0,3,1.88
NW 17TH PL & NW 43RD ST,29.66811,-82.388841,1,1,NW 17TH PL & NW 43RD ST,0,0,4.92
N MAIN ST & UNNAMED ST,29.675429,-82.320873,2,1,N MAIN ST & UNNAMED ST,0,0,3.65
SW 24TH ST & SW 2ND AVE,29.650264,-82.359416,5,1,SW 24TH ST & SW 2ND AVE,0,2,1.59
SW 20TH AVE & SW 24TH AVE,29.638247,-82.411835,1,1,SW 20TH AVE & SW 24TH AVE,0,0,6.75
NE 10TH TER & NE 28TH AVE,29.677701,-82.313039,1,1,NE 10TH TER & NE 28TH AVE,0,0,4.33
NE 11TH PL & NE 25TH ST,29.663210999999997,-82.291917,2,1,NE 11TH PL & NE 25TH ST,0,1,5.2
NE 10TH AVE & NE 24TH ST,29.661073,-82.293499,2,1,NE 10TH AVE & NE 24TH ST,0,0,4.99
NE 11TH ST & NE 28TH AVE,29.677555,-82.312029,1,1,NE 11TH ST & NE 28TH AVE,0,0,4.38
NW 10TH ST & NW 15TH AVE,29.665622,-82.335078,1,1,NW 10TH ST & NW 15TH AVE,0,0,2.02
SW 20TH AVE & SW 37TH WAY,29.6368095,-82.39325600000001,6,1,SW 20TH AVE & SW 37TH WAY,0,0,5.03
NE 10TH AVE & NE 4TH ST,29.660775,-82.321427,1,1,NE 10TH AVE & NE 4TH ST,0,0,2.48
NE 10TH AVE & NE 5TH ST,29.660774,-82.320594,1,1,NE 10TH AVE & NE 5TH ST,0,0,2.55
NW 18TH TER & NW 5TH AVE,29.655698,-82.347197,1,1,NW 18TH TER & NW 5TH AVE,0,0,0.86
NW 18TH TER & NW 7TH AVE,29.657461,-82.34719,6,1,NW 18TH TER & NW 7TH AVE,0,2,1.04
NE 10TH AVE & NE 12TH ST,29.660736,-82.309959,1,1,NE 10TH AVE & NE 12TH ST,0,0,3.47
NE WALDO RD & UNNAMED ST,29.737255,-82.239498,1,1,NE WALDO RD & UNNAMED ST,0,0,14.02
NW 21ST LN & NW 6TH ST,29.6725085,-82.330996,2,1,NW 21ST LN & NW 6TH ST,0,1,2.88
NW 1ST ST & NW 7TH AVE,29.658033,-82.325692,3,1,NW 1ST ST & NW 7TH AVE,0,0,1.97
NW 21ST ST & NW 31ST AVE,29.681121,-82.351572,5,1,NW 21ST ST & NW 31ST AVE,0,4,3.68
NW 21ST ST & NW 33RD AVE,29.68344,-82.35141,1,1,NW 21ST ST & NW 33RD AVE,0,0,3.92
NW 20TH ST & NW 4TH AVE,29.654913,-82.349145,1,1,NW 20TH ST & NW 4TH AVE,0,0,0.9
NW 20TH ST & NW 5TH AVE,29.655694,-82.349305,2,1,NW 20TH ST & NW 5TH AVE,0,2,0.97
NW 20TH ST & NW 7TH AVE,29.657458,-82.349237,1,1,NW 20TH ST & NW 7TH AVE,0,0,1.13
SW 16TH ST & SW 6TH ST,29.635779,-82.331351,1,1,SW 16TH ST & SW 6TH ST,0,0,1.84
NW 10TH PL & NWS 66TH ST,29.66234,-82.412467,1,1,NW 10TH PL & NWS 66TH ST,0,1,6.88
SW 1ST ST & SW 3RD AVE,29.648855,-82.325816,1,1,SW 1ST ST & SW 3RD AVE,0,0,1.67
SW 20TH AVE & SW 42ND DR,29.635137,-82.387585,7,1,SW 20TH AVE & SW 42ND DR,0,5,4.56
SW 20TH AVE & SW 66TH DR,29.633729,-82.414064,1,1,SW 20TH AVE & SW 66TH DR,0,0,7.07
SW 23RD TER & SW 2ND AVE,29.650237,-82.356963,5,1,SW 23RD TER & SW 2ND AVE,0,2,1.35
SW 23RD TER & UNNAMED ST,29.625661,-82.356199,3,1,SW 23RD TER & TOWNE PARC EXIT | SW 23RD TER & UNNAMED ST,0,2,2.86
SW 23RD TER & W UNIVERSITY AVE,29.652010500000003,-82.35737,18,1,NW 23RD TER & W UNIVERSITY AVE | SW 23RD TER & W UNIVERSITY AVE,0,13,1.43
NW 22ND TER & NW 8TH AVE,29.659294,-82.355754,5,1,NW 22ND TER & NW 8TH AVE,0,2,1.69
NW 22ST & NW 66TH CT,29.59348,-82.086397,1,1,NW 22ST & NW 66TH CT,0,0,25.58
SW 17TH RD & SW 73RD ST,29.6361,-82.421147,1,1,SW 17TH RD & SW 73RD ST,0,0,7.68
SW 18TH PL & SW 51ST TER,29.635536,-82.397037,1,1,SW 18TH PL & SW 51ST TER,0,0,5.42
SW 19TH PL & SW 52ND ST,29.635536,-82.397733,2,1,SW 19TH PL & SW 52ND ST,0,1,5.49
SW 1ST AVE & SW 1ST ST,29.650989,-82.32575449999999,5,1,SW 1ST AVE & SW 1ST ST,0,2,1.7
NE 11TH TER & NE 28TH AVE,29.677553,-82.31114,2,1,NE 11TH TER & NE 28TH AVE,0,0,4.44
NE 11TH TER & NE 31ST AVE,29.681296,-82.31128,1,1,NE 11TH TER & NE 31ST AVE,0,0,4.74
NE 11TH TER & NE 39TH AVE,29.68826,-82.311259,2,1,NE 11TH TER & NE 39TH AVE,0,2,5.35
NW 21ST ST & NW 5TH AVE,29.655822,-82.351336,2,1,NW 21ST ST & NW 5TH AVE,0,0,1.11
NW 21ST ST & NW 7TH PL,29.65893,-82.35134,1,1,NW 21ST ST & NW 7TH PL,0,0,1.38
NW 21ST TER & NW 39TH AVE,29.688407,-82.352345,3,1,NW 21ST TER & NW 39TH AVE,0,0,4.48
NW 22ND AVE & NW 3RD TER,29.673359,-82.328198,1,1,NW 22ND AVE & NW 3RD TER,0,0,3.08
NW 20TH TER & NW 39TH AVE,29.688417,-82.349823,5,1,NW 20TH ST & NW 39TH AVE | NW 20TH TER & NW 39TH AVE,0,5,4.44
NW 21ST AVE & NW 2ND ST,29.6719455,-82.3265715,2,1,NW 21ST AVE & NW 2ND ST,0,0,3.02
NE 11TH ST & NE 5TH AVE,29.65569,-82.311567,6,1,NE 11TH ST & NE 5TH AVE,0,5,3.14
SW 13TH RD & SW 74TH DR,29.621157,-82.422001,1,1,SW 13TH RD & SW 74TH DR,0,0,8.23
SW 11TH AVE & SW 11TH TER,29.63266,-82.336507,3,1,SW 11TH AVE & SW 11TH TER,0,0,1.9
NE 8TH ST & NE 9TH ST,29.660065,-82.315808,1,1,NE 8TH ST & NE 9TH ST,0,0,2.92
NE 9TH AVE & NE 9TH ST,29.660066,-82.31462,3,1,NE 9TH AVE & NE 9TH ST,0,0,3.03
NE 9TH AVE & NE WALDO RD,29.663545,-82.30359,3,1,12TH AVE & NE WALDO RD | NE 12TH AVE & WALDO DR | NE 9TH AVE & NE WALDO RD,0,63,4.16
NW 23RD AVE & NW 45TH ST,29.67399,-82.390974,2,1,NW 23RD AVE & NW 43RDST | NW 23RD AVE & NW 45TH ST,0,0,5.41
NW 23RD AVE & NW 48TH TER,29.673982,-82.3946,5,1,NW 23RD AVE & NW 48TH TER,0,4,5.71
NE 11TH TER & NE 9TH AVE,29.660028,-82.310652,1,1,NE 11TH TER & NE 9TH AVE,0,0,3.38
NE 12TH AVE & NE 19TH TER,29.662336500000002,-82.29900599999999,3,1,NE 12TH AVE & NE 19TH TER,0,0,4.52
NE 12TH CT & NE 5TH AVE,29.65575,-82.310389,1,1,NE 12TH CT & NE 5TH AVE,0,0,3.26
SW 14TH ST & SW 16TH AVE,29.63634,-82.340234,9,1,SW 14TH ST & SW 16TH AVE,0,37,1.41
NE 12TH ST & NE 31ST AVE,29.681429,-82.310296,2,1,NE 12TH ST & NE 31ST AVE,0,0,4.81
NE 12TH ST & NE 35TH AVE,29.684922,-82.310275,2,1,NE 12TH ST & NE 35TH AVE,0,0,5.11
SW 1ST ST & SW 4TH AVE,29.648294999999997,-82.32573500000001,5,1,SW 1ST ST & SW 4TH AVE,0,2,1.68
SW 20 TH AVE & SW 43RD ST,29.69357,-82.34872,2,1,SW 20 TH AVE & SW 43RD ST | SW 2OTH AVE & SW 43RD ST,0,0,4.99
SW 26TH TER & SW 38TH PL,29.615486,-82.360443,1,1,SW 26TH TER & SW 38TH PL,0,0,4.06
NE 13TH AVE & NE 7TH ST,29.66333,-82.317393,1,1,NE 13TH AVE & NE 7TH ST,0,0,2.96
NE 13TH ST & NE 16TH AVE,29.6664625,-82.3083805,4,1,NE 13TH ST & NE 16TH AVE | NE 16TH AVE & NW 13TH ST,0,1,3.89
SW 12TH ST & SW 8TH AVE,29.644782,-82.337093,20,1,SW 12TH ST & SW 8TH AVE,0,13,0.73
NW 17TH ST & NW 4TH AVE,29.654958,-82.34448,1,1,NW 17TH ST & NW 4TH AVE,0,0,0.7
NW 17TH TER & NW 39TH AVE,29.688412,-82.345392,2,1,NW 17TH TER & NW 39TH AVE,0,1,4.4
NW 18TH AVE & NW 9TH ST,29.66842,-82.333913,1,1,NW 18TH AVE & NW 9TH ST,0,0,2.35
NW 18TH DR & NW 67TH PL,29.71588,-82.3468665,2,1,NW 18TH DR & NW 67TH PL,0,1,7.45
NW 11TH ST & NW 32ND AVE,29.682008,-82.335838,1,1,NW 11TH ST & NW 32ND AVE,0,0,3.75
NW 11TH ST & NW 4TH AVE,29.654377,-82.335994,1,1,NW 11TH ST & NW 4TH AVE,0,0,0.92
NW 128TH RD & SR 121,29.771776,-82.36834,1,1,NW 128TH RD & SR 121,0,0,13.85
SW 26TH DR & SW 31ST PL,29.622722,-82.361925,2,1,SW 26TH DR & SW 31ST PL,0,1,3.42
N MAIN ST & NE 35TH AVE,29.684811,-82.319219,3,1,N MAIN ST & NE 35TH AVE | N MAINST & NE 35TH AVE,0,2,4.61
SW 27TH AVE & SW 28TH PL,29.625473,-82.365979,1,1,SW 27TH AVE & SW 28TH PL,0,0,3.4
NW 22ND AVE & NW 6TH ST,29.673103,-82.330908,11,1,NW 22ND AVE & NW 6TH ST,0,8,2.94
NW 22ND DR & NW 55TH BLVD,29.702574499999997,-82.35505950000001,2,1,NW 22ND DR & NW 52ND PL | NW 22ND DR & NW 55TH BLVD,0,0,6.07
NE BLVD & NW 8TH AVE,29.659277,-82.32438450000001,2,1,NE BLVD & NW 8TH AVE,0,0,2.15
NW 24TH BLVD & NW ALPINE DR,29.69112,-82.357964,2,1,NW 24TH BLVD & NW 41ST AVE | NW 24TH BLVD & NW ALPINE DR,0,1,4.91
NE 5TH AVE & NE 6TH ST,29.655562500000002,-82.318554,2,1,NE 5TH AVE & NE 6TH ST,0,1,2.49
NE 13TH ST & NW 21ST AVE,29.664521,-82.298195,1,1,NE 13TH ST & NW 21ST AVE,0,0,4.68
NE 14TH AVE & NE 2ND ST,29.663491,-82.322934,1,1,NE 14TH AVE & NE 2ND ST,0,0,2.54
NW 23RD AVE & NW 49TH TER,29.67398,-82.394997,1,1,NW 23RD AVE & NW 49TH TER,0,0,5.74
NW 22ND ST & NW 3RD PL,29.654291,-82.35363,1,1,NW 22ND ST & NW 3RD PL,0,0,1.19
NW 23RD BLVD & NW 28TH CIR,29.679691,-82.350129,3,1,NW 23RD BLVD & NW 28TH CIR,0,1,3.49
NW 23RD BLVD & UNNAMED ST,29.676925,-82.348132,2,1,NW 23RD BLVD & UNNAMED ST,0,1,3.16
NW 23RD TER & NW 34TH ST,29.695197,-82.3572045,3,1,NW 23RD TER & NW 34TH ST,0,0,5.32
NW 23RD TER & NW 40TH PL,29.689892,-82.356446,1,1,NW 23RD TER & NW 40TH PL,0,0,4.73
NW 23RD TER & NW 57TH PL,29.707821,-82.358045,4,1,NW 23RD TER & NW 57TH PL,0,2,6.7
NE 7TH AVE & NE 9TH ST,29.6578415,-82.31462,2,1,NE 7TH AVE & NE 9TH ST,0,1,2.93
SW 11TH ST & SW 11TH TER,29.642047,-82.335694,2,1,SW 11TH ST & SW 11TH TER,0,1,1.04
NW 22ND ST & NW 5TH PL,29.656243,-82.353484,1,1,NW 22ND ST & NW 5TH PL,0,0,1.3
NW 22ND ST & NW 6TH PL,29.657164,-82.353494,3,1,NW 22ND ST & NW 6TH PL | NW 22ND ST & NW COUNTY 231,0,0,1.37
NW 22ND ST & NW 72ND PL,29.720842,-82.353891,2,1,NW 22ND ST & NW 72ND PL,0,1,8.05
NW 16TH TER & NW 19TH LN,29.670705,-82.34307,11,1,NW 16TH TER & NW 19TH CIR | NW 16TH TER & NW 19TH LN,0,7,2.43
NW 16TH TER & NW 21ST AVE,29.672067,-82.343058,2,1,NW 16TH TER & NW 21ST AVE,0,0,2.58
NW 16TH TER & NW 22ND CIR,29.67306,-82.343053,1,1,NW 16TH TER & NW 22ND CIR,0,0,2.69
NW 16TH TER & NW 42ND PL,29.693101,-82.343662,2,1,NW 16TH TER & NW 42ND PL,0,1,4.91
NW 16TH BLVD & NW 36TH DR,29.669085,-82.378134,3,1,NW 16TH BLVD & NW 36TH DR,0,2,4.07
SW 27TH ST & SW 40TH PL,29.613266,-82.362185,2,1,SW 27TH ST & SW 40TH PL,0,1,4.35
NW 15TH ST & NW 6TH AVE,29.656226,-82.34177,2,1,NW 15TH ST & NW 6TH AVE,0,0,0.83
NW 15TH ST & NW 7TH PL,29.658462,-82.34162,3,1,NW 15TH ST & NW 7TH PL,0,1,1.08
NW 16TH BLVD & NW 36TH WAY,29.668763,-82.377472,2,1,NW 16TH AVE & NW 36TH WAY | NW 16TH BLVD & NW 36TH WAY,0,0,3.99
NW 16TH BLVD & NW 38TH ST,29.670304,-82.380697,6,1,NW 16TH BLVD & NW 38TH ST,0,3,4.35
SW 12TH ST & SW 7TH AVE,29.64575,-82.336945,6,1,7TH AVE & SW 12TH ST | SW 12TH ST & SW 7TH AVE,0,4,0.68
NW 23TH AVE & NW 51TH ST,29.674115,-82.397492,3,1,NW 23TH AVE & NW 51TH ST,0,0,5.96
NW 24TH BLVD & NW 44TH PL,29.695221,-82.357497,1,1,NW 24TH BLVD & NW 44TH PL,0,0,5.33
NW 24TH BLVD & NW 45TH AVE,29.695981,-82.357162,6,1,NW 24TH BLVD & NW 45TH AVE,0,3,5.4
SW 27TH LN & SW 34TH TER,29.677,-82.372501,1,1,SW 27TH LN & SW 34TH TER,0,0,4.23
NW 12TH AVE & NW 34TH ST,29.6641295,-82.37289000000001,2,1,NW 12TH AVE & NW 34TH ST,0,0,3.35
NE 15TH ST & NE 19TH PL,29.669993,-82.305693,1,1,NE 15TH ST & NE 19TH PL,0,0,4.31
NE 15TH ST & NE 1ST AVE,29.65285,-82.305684,4,1,NE 15TH ST & NE 1ST AVE,0,2,3.65
NE 14TH ST & NE 26TH AVE,29.676486,-82.307573,1,1,NE 14TH ST & NE 26TH AVE,0,0,4.61
NE 14TH TER & NE 16TH AVE,29.666448000000003,-82.306629,2,1,NE 14TH TER & NE 16TH AVE,0,2,4.03
SW 10TH ST & SW 4TH AVE,29.648448,-82.334876,16,1,SW 10TH ST & SW 4TH AVE | SW 10TH ST & SW 4TH PL,0,7,0.8
SE 4TH TER & SE WILLISTON RD,29.635866,-82.316179,3,1,SE 4TH TER & SE WILLISTON RD | SE WILLISTON RD & SW 4TH AVE,0,3,2.97
NE 5TH ST & NE 8TH AVE,29.659065499999997,-82.320112,3,1,NE 5TH ST & NE 8TH AVE,0,1,2.5
NE 5TH TER & NE 8TH AVE,29.659094,-82.319341,4,1,NE 5TH TER & NE 8TH AVE,0,3,2.57
NE 6TH ST & NE 8TH AVE,29.65917,-82.3185,7,1,NE 6TH ST & NE 8TH AVE | NE 8TH AVE & NW 6TH ST,0,2,2.64
NW 25TH DR & NW 31ST AVE,29.681546,-82.361247,1,1,NW 25TH DR & NW 31ST AVE,0,1,4.03
NW 23RD WAY & NW 66TH CT,29.717292,-82.356967,1,1,NW 23RD WAY & NW 66TH CT,0,0,7.71
SE 5TH ST & SE 9TH PL,29.642159,-82.319079,3,1,SE 5TH ST & SE 9TH PL,0,1,2.44
SORORITY ROW ALLEY WAY & SW 8TH AVE,29.657201,-82.607067,1,1,SORORITY ROW ALLEY WAY & SW 8TH AVE,0,0,25.55
SW 12TH LN & SW 67TH WAY,29.641139,-82.435177,1,1,SW 12TH LN & SW 67TH WAY,0,0,8.95
SW 11TH ST & SW 7TH AVE,29.662076,-82.317398,1,1,SW 11TH ST & SW 7TH AVE,0,0,2.89
NW 21ST ST & NW 45TH AVE,29.695843,-82.351302,2,1,NW 21ST ST & NW 45TH AVE,0,1,5.28
NW 25TH PL & NW 43RD AVE,29.676521,-82.388929,2,1,NW 25TH PL & NW 43RD AVE,0,11,5.39
SE 2ND AVE & SE 7TH ST,29.649994,-82.317868,3,1,SE 2ND AVE & SE 7TH ST,0,2,2.44
SE 2ND PL & SE 3RD ST,29.649672,-82.322209,2,1,SE 2ND PL & SE 3RD ST,0,1,2.02
SR 226 & SR 24,29.6347545,-82.35538550000001,2,1,SR 226 & SR 24,0,2,1.96
SR 93 & SW ARCHER RD,29.617155,-82.38608500000001,9,1,SR 93 & SW ARCHER RD,0,42,5.44
SW 10TH LN & SW 6TH ST,29.641475,-82.330564,3,1,SW 10TH LN & SW 6TH ST,0,0,1.46
SE 4TH AVE & SE 6TH ST,29.648107,-82.3193215,2,1,SE 4TH AVE & SE 6TH AVE | SE 4TH AVE & SE 6TH ST,0,1,2.3
NE 15TH AVE & NE 2ND ST,29.650549,-82.305997,1,1,NE 15TH AVE & NE 2ND ST,0,0,3.59
NW 26TH AVE & NW 34TH ST,29.676264,-82.372182,5,1,NW 26TH AVE & NW 34TH ST | NW 26TH TER & NW 34TH ST,0,4,4.15
NW 26TH ST & NW 55TH BLVD,29.705342,-82.360806,1,1,NW 26TH ST & NW 55TH BLVD,0,0,6.5
NW 26TH ST & NW 62ND AVE,29.71159,-82.360848,1,1,NW 26TH ST & NW 62ND AVE,0,0,7.17
NW 26TH TER & NW 49TH PL,29.699885,-82.360846,1,1,NW 26TH TER & NW 49TH PL,0,0,5.92
NW 27TH AVE & NW 34TH ST,29.677,-82.372501,8,1,NW 27TH AVE & NW 34TH ST,0,6,4.23
NW 27TH LN & NW 43RD AVE,29.694478,-82.362426,1,1,NW 27TH LN & NW 43RD AVE,0,0,5.4
NE 5TH AVE & NE 7TH ST,29.655559,-82.317457,1,1,NE 5TH AVE & NE 7TH ST,0,0,2.59
NW 24TH BLVD & NW 49TH PL,29.699935,-82.358357,3,1,NW 24TH BLVD & NW 49TH PL,0,3,5.86
SE 1ST ST & SE 6TH AVE,29.646347,-82.323815,1,1,SE 1ST ST & SE 6TH AVE,0,1,1.89
SE 1ST TER & SE WILLISTON RD,29.63377,-82.319121,5,1,SE 1ST TER & SE WILLISTON RD,0,3,2.86
NE 4TH AVE & SE 11TH ST,29.65463,-82.307272,1,1,NE 4TH AVE & SE 11TH ST,0,0,3.53
NE 4TH PL & NE 9TH ST,29.655239,-82.314607,1,1,NE 4TH PL & NE 9TH ST,0,0,2.85
NW 28TH ST & NW 31ST AVE,29.681276,-82.365016,4,1,NW 28TH ST & NW 31ST AVE,0,0,4.18
NW 28TH TER & NW 39TH AVE,29.688495,-82.364295,8,1,NW 27TH ST & NW 39TH AVE | NW 28TH PL & NW 39TH AVE | NW 28TH TER & NW 39TH AVE,0,9,4.85
NW 28TH TER & NW 41ST PL,29.69212,-82.364479,1,1,NW 28TH TER & NW 41ST PL,0,0,5.23
NW 28TH TER & NW 45TH AVE,29.695934,-82.363832,1,1,NW 28TH TER & NW 45TH AVE,0,0,5.6
SE 20TH LN & SE 20TH PL,29.631249,-82.318717,5,1,SE 20TH LN & SE 20TH PL,0,1,3.06
NE 15TH ST & NE 21ST AVE,29.672194,-82.305675,2,1,NE 15TH ST & NE 21ST AVE,0,0,4.45
NE 15TH ST & NE 22ND AVE,29.67283,-82.305852,1,1,NE 15TH ST & NE 22ND AVE,0,0,4.48
NE 15TH ST & NE 26TH ST,29.6763555,-82.305661,2,1,NE 15TH ST & NE 26TH AVE | NE 15TH ST & NE 26TH ST,0,2,4.74
SE 24TH ST & SE 5TH LN,29.646182,-82.293067,1,1,SE 24TH ST & SE 5TH LN,0,0,4.85
SE 2ND AVE & SE 3RD ST,29.650299,-82.322221,8,1,SE 2ND AVE & SE 3RD ST,0,4,2.03
NW 28TH AVE & NW 34TH ST,29.677786,-82.372176,5,1,NW 28TH AVE & NW 34TH ST,0,3,4.27
SW 12TH ST & SW 3RD AVE,29.6492315,-82.337039,5,1,SW 10TH STR & SW 3RD AVE | SW 12TH ST & SW 3RD AVE,0,3,0.59
NE 15TH TER & NE 19TH PL,29.669421,-82.305052,1,1,NE 15TH TER & NE 19TH PL,0,0,4.33
SE 2ND PL & SE 7TH ST,29.649454,-82.317733,1,1,SE 2ND PL & SE 7TH ST,0,0,2.46
SE 4TH AVE & SE 4TH ST,29.6483225,-82.321528,3,1,SE 3RD AVE & SE 4TH ST | SE 4TH AVE & SE 4TH ST,0,2,2.09
NW 16TH BLVD & NW 38TH TER,29.670671,-82.381594,3,1,NW 16TH BLVD & NW 38TH TER,0,2,4.44
NW 16TH BLVD & NW 39TH DR,29.67162,-82.38388,4,1,NE 16TH BLVD & NW 39TH DR | NW 16TH BLVD & NW 39TH DR,0,2,4.69
NW 16TH PL & NW 51ST TER,29.667373,-82.398895,2,1,NW 16TH PL & NW 51ST TER,0,0,5.78
NW 16TH ST & NW 39TH AVE,29.688419,-82.34308,3,1,NW 16TH ST & NW 39TH AVE,0,3,4.39
NW 12TH PL & NW 43RD ST,29.663408,-82.388882,11,1,NW 12TH AVE & NW 43RD ST | NW 12TH PL & NW 43RD ST,0,4,4.72
HAWTHORNE RD & WALDO RD,29.651804,-82.311719,1,1,HAWTHORNE RD & WALDO RD,0,1,3.05
N 7TH AVE & N MAIN ST,29.657784,-82.184706,3,1,N 7TH AVE & N MAIN ST,0,0,15.36
SW 2ND AVE & SW 7TH TER,29.650134,-82.332346,4,1,SW 2ND AVE & SW 7TH TER,0,3,1.05
E UNIVERSITY AVE & SE 26TH ST,29.65175,-82.290539,6,1,E UNIVERSITY AVE & NE 26TH TER | E UNIVERSITY AVE & SE 26TH ST,0,5,5.1
E UNIVERSITY AVE & SE 26TH TER,29.651748,-82.289765,8,1,E UNIVERSITY AVE & NE 26TH ST | E UNIVERSITY AVE & SE 26TH TER,0,3,5.17
E UNIVERSITY AVE & SE 31ST ST,29.652014,-82.285461,3,1,E UNIVERSITY AVE & ELLEN W BLVD | E UNIVERSITY AVE & SE 31ST ST,0,0,5.59
E UNIVERSITY AVE & SE 38TH ST,29.651851,-82.27727,2,1,E UNIVERSITY AVE & SE 38TH ST,0,3,6.38
NE 15TH ST & NE 19TH LN,29.670329,-82.305691,1,1,NE 15TH ST & NE 19TH LN,0,1,4.34
NW 28TH TER & NW 62ND AVE,29.711878,-82.36456,4,1,NW 28TH TER & NW 62ND AVE,0,2,7.29
NW 28TH TER & NW 63RD PL,29.713004,-82.364401,1,1,NW 28TH TER & NW 63RD PL,0,0,7.41
NW 28TH TER & NW 65TH PL,29.714787,-82.364397,2,1,NW 28TH TER & NW 65TH PL,0,0,7.6
SE 17TH ST & SE HAWTHORNE RD,29.649773,-82.303035,4,1,SE 17TH ST & SE HAWTHORNE RD,0,3,3.88
SE 20TH PL & SE 3RD TER,29.632672,-82.316079,8,1,SE 20TH PL & SE 3RD TER,0,2,3.17
SE 21ST AVE & SE 4TH ST,29.632491,-82.314976,1,1,SE 21ST AVE & SE 4TH ST,0,0,3.27
SE 21ST AVE & SE 5TH ST,29.632345,-82.3121235,2,1,SE 21ST AVE & SE 5TH ST,0,0,3.51
SE 21ST ST & SE HAWTHORNE RD,29.646957,-82.297693,4,1,SE 21ST & SE HAWTHORNE RD | SE 21ST ST & SE HAWTHORNE RD,0,2,4.4
NW 29TH TER & NW 62ND AVE,29.711883,-82.366338,1,1,NW 29TH TER & NW 62ND AVE,0,0,7.35
NW 29TH TER & NW 65TH PL,29.714794,-82.366177,1,1,NW 29TH TER & NW 65TH PL,0,0,7.65
NE 49TH TER & NE 54TH PL,29.705443,-82.264753,2,1,NE 49TH TER & NE 54TH PL,0,0,9.84
NE 4TH AVE & NE 5TH ST,29.65455,-82.32083,1,1,NE 4TH AVE & NE 5TH ST,0,0,2.25
NE 4TH AVE & NE 7TH ST,29.65456,-82.317531,1,1,NE 4TH AVE & NE 7TH ST,0,0,2.55
NE 15TH ST & NE 6TH AVE,29.656784,-82.30569,1,1,NE 15TH ST & NE 6TH AVE,0,1,3.73
NE 15TH TER & NE 16TH AVE,29.666356,-82.304972,5,1,NE 15TH TER & NE 16TH AVE,0,1,4.17
NE 49TH AVE & NE 49TH TER,29.701665,-82.265911,1,1,NE 49TH AVE & NE 49TH TER,0,0,9.49
NE 40TH TER & NE 54TH AVE,29.704008,-82.273392,1,1,NE 40TH TER & NE 54TH AVE,0,0,9.11
NE 46TH TER & NE 49TH AVE,29.700264,-82.269496,1,1,NE 46TH TER & NE 49TH AVE,0,0,9.12
NW 31ST AVE & NW 9TH ST,29.680755,-82.333572,1,1,NW 31ST AVE & NW 9TH ST,0,0,3.66
NW 31ST PL & NW 6TH ST,29.681855,-82.330936,2,1,NW 31ST PL & NW 6TH ST,0,2,3.85
NE 16TH WAY & NE 18TH PL,29.668852,-82.301673,2,1,NE 16TH WAY & NE 18TH PL,0,1,4.58
NE 16TH WAY & NE 21ST PL,29.670634,-82.300434,1,1,NE 16TH WAY & NE 21ST PL,0,0,4.79
SE 15TH AVE & SE 15TH ST,29.637386,-82.305795,4,1,SE 15TH AVE & SE 15TH ST,0,0,3.82
SE 1ST AVE & SE 9TH ST,29.650824,-82.314895,3,1,SE 1ST AVE & SE 9TH ST,0,2,2.74
SE 15TH ST & SE 4TH AVE,29.6482635,-82.305694,8,1,SE 15TH ST & SE 4TH AVE,0,4,3.62
SE 17TH ST & SE 1ST AVE,29.650855,-82.303017,1,1,SE 17TH ST & SE 1ST AVE,0,0,3.88
NW 2ND ST & NW 4TH PL,29.65545,-82.326607,2,1,NW 2ND ST & NW 4TH PL,0,1,1.76
NW 2ND ST & NW 6TH AVE,29.656869,-82.326467,2,1,NW 2ND ST & NW 6TH AVE,0,0,1.84
NW 2ND ST & NW 7TH AVE,29.657849,-82.326484,2,1,NW 2ND ST & NW 7TH AVE,0,1,1.89
NW 30TH TER & NW 45TH AVE,29.696114,-82.367632,2,1,NW 30TH TER & NW 45TH AVE,0,0,5.76
NW 30TH TER & NW 65TH PL,29.71479,-82.36706,1,1,NW 30TH TER & NW 65TH PL,0,0,7.67
NW 28TH TER & NW 57TH PL,29.707402,-82.364412,2,1,NW 28TH TER & NW 54TH PL | NW 28TH TER & NW 57TH PL,0,0,6.82
SE 13TH PL & SE 15TH ST,29.638829,-82.305716,1,1,SE 13TH PL & SE 15TH ST,0,0,3.78
SE 19TH PL & SE 4TH ST,29.6338845,-82.315788,9,1,NE 19TH PL & NE 4TH ST | NE 19TH PL & SE 4TH ST | SE 19TH PL & SE 4TH ST,0,5,3.12
SE 19TH ST & SE 8TH AVE,29.644391,-82.30023,3,1,SE 19TH ST & SE 8TH AVE,0,1,4.18
E UNIVERSITY AVE & SE 43RD ST,29.651725,-82.272427,4,1,E UNIVERSITY AVE & SE 43RD ST,0,8,6.84
E UNIVERSITY AVE & SE 8TH ST,29.651817,-82.316274,5,1,8TH ST & E UNIVERSITY AVE | E 8TH ST & E UNIVERSITY AVE | E UNIV AVE & SE 8TH ST | E UNIVERSITY AVE & SE 8TH ST,0,1,2.62
SW 2ND ST & SW 4TH AVE,29.648212,-82.32656,4,1,SW 2ND ST & SW 4TH AVE,0,2,1.6
SW 2ND ST & SW DEPOT AVE,29.644209,-82.326507,2,1,SW 2ND ST & SW DEPOT AVE,0,0,1.68
GALE LEMERAND DR & STADIUM RD,29.648572,-82.3496895,2,1,- SW ARCHER RD & GALE LEMERAND DR | GALE LEMERAND DR & STADIUM RD,0,10,0.64
NW 12TH RD & NW 13TH ST,29.663799,-82.339004,9,1,NW 12TH RD & NW 13TH ST,0,4,1.71
NW 12TH ST & NW 16TH AVE,29.666551,-82.3371925,11,1,12TH ST & NW 16TH AVE | NW 12TH ST & NW 16TH AVE,0,6,2.05
NW 12TH ST & NW 1ST AVE,29.652568,-82.33697,1,1,NW 12TH ST & NW 1ST AVE,0,0,0.73
E UNIVERSITY AVE & NE 16TH ST,29.6518485,-82.304356,2,1,E UNIVERSITY AVE & NE 16TH ST,0,0,3.76
E UNIVERSITY AVE & NE 21ST TER,29.651772,-82.297016,4,1,E UNIVERSITY AVE & NE 21ST TER,0,1,4.47
NE 16TH AVE & NE 8TH ST,29.666444,-82.315694,6,1,8TH ST & NE 16TH AVE | NE 16TH AVE & NE 8TH ST,0,3,3.29
NE 16TH TER & NE 19TH PL,29.669376,-82.303961,2,1,NE 16TH TER & NE 19TH PL,0,0,4.42
NE 16TH TER & NE 5TH PL,29.656052,-82.303763,2,1,NE 16TH TER & NE 5TH PL,0,0,3.89
SE 12TH AVE & SE 17TH TER,29.64026,-82.303191,1,1,SE 12TH AVE & SE 17TH TER,0,0,3.98
SE 12TH ST & SE 22ND AVE,29.631705500000002,-82.31051049999999,2,1,SE 12TH ST & SE 22ND AVE,0,1,3.68
NE 17TH ST & NE 9TH AVE,29.660156,-82.303128,1,1,NE 17TH ST & NE 9TH AVE,0,0,4.07
NE 17TH WAY & NE 20TH PL,29.670222,-82.300038,4,1,NE 17TH WAY & NE 20TH PL | NE 17TH WAY & NE 21ST PL,0,0,4.8
SE 15TH ST & SE 2ND AVE,29.649937,-82.305842,1,1,SE 15TH ST & SE 2ND AVE,0,0,3.61
SE 13TH ST & SE 4TH AVE,29.648254,-82.308523,2,1,SE 13TH ST & SE 4TH AVE,0,0,3.35
NW 32ND ST & NW 45TH AVE,29.695964,-82.369494,1,1,NW 32ND ST & NW 45TH AVE,0,0,5.82
NW 32ND ST & NW 62ND AVE,29.711546,-82.369471,2,1,NW 32ND ST & NW 62ND AVE,0,1,7.41
NW 33RD LN & NW 34TH ST,29.683639,-82.372165,9,1,NW 33RD LN & NW 34TH ST,0,6,4.78
SE 14TH ST & SE 2ND AVE,29.650012,-82.307174,3,1,SE 14TH ST & SE 2ND AVE,0,0,3.48
SE 14TH ST & SE 3RD AVE,29.649026,-82.307258,10,1,SE 14TH ST & SE 3RD AVE,0,2,3.47
SE 14TH ST & SE 4TH AVE,29.648292,-82.30703,3,1,SE 14TH ST & SE 4TH AVE,0,0,3.49
SE 14TH TER & SE 7TH AVE,29.645641,-82.306534,1,1,SE 14TH TER & SE 7TH AVE,0,0,3.55
NE 16TH AVE & NE 6TH TER,29.666438,-82.318278,9,1,NE 16TH AVE & NE 6TH ST | NE 16TH AVE & NE 6TH TER,0,5,3.1
NE 16TH AVE & NE 7TH TER,29.666447,-82.316495,3,1,NE 16TH AVE & NE 7TH TER,0,2,3.23
SE 13TH AVE & SE 4TH ST,29.638506,-82.318158,2,1,SE 13TH AVE & SE 4TH ST,0,1,2.67
S MAIN ST & SW 3RD AVE,29.648997,-82.32484,11,1,S MAIN ST & SW 3RD AVE,0,5,1.77
NW 34TH ST & NW 41ST AVE,29.691016,-82.37214,8,1,NW 34TH ST & NW 41ST AVE,0,3,5.46
NW 34TH ST & NW 42ND AVE,29.692244,-82.372124,9,1,NW 34TH ST & NW 42ND AVE,0,4,5.57
NW 34TH ST & NW 44TH PL,29.695103,-82.372109,4,1,NW 34TH ST & NW 44TH PL,0,2,5.85
NW 34TH ST & NW 45TH AVE,29.695924,-82.372111,5,1,NW 34TH ST & NW 45TH AVE,0,0,5.93
NW 34TH ST & NW 50TH AVE,29.700552,-82.372734,1,1,NW 34TH ST & NW 50TH AVE,0,0,6.41
NW 34TH ST & NW 51ST PL,29.7029085,-82.370298,5,1,NW 34TH ST & NW 51ST PL,0,0,6.55
SE 13TH PL & SE 17TH TER,29.638676,-82.3029,1,1,SE 13TH PL & SE 17TH TER,0,0,4.05
SE 11TH PL & SE 4TH ST,29.63989,-82.318827,1,1,SE 11TH PL & SE 4TH ST,0,0,2.55
NE 2ND ST & NE 35TH AVE,29.684529,-82.322393,3,1,NE 2ND ST & NE 35TH AVE,0,0,4.44
NE 2ND ST & NE 4TH AVE,29.654546,-82.323125,1,1,NE 2ND ST & NE 4TH AVE,0,0,2.03
NE 31ST AVE & NW 15TH ST,29.681126,-82.341102,1,1,NE 31ST AVE & NW 15TH ST,0,0,3.59
NE 33RD AVE & NE 4TH ST,29.682318,-82.320504,2,1,NE 33RD AVE & NE 4TH ST,0,0,4.31
NW 32ND AVE & NW 6TH ST,29.682136,-82.330615,1,1,NW 32ND AVE & NW 6TH ST,0,1,3.89
SE 11TH ST & SE 8TH AVE,29.644586,-82.311379,3,1,SE 11TH ST & SE 8TH AVE,0,1,3.1
SE 11TH ST & SE 9TH AVE,29.6434145,-82.311386,3,1,SE 11TH ST & SE 9TH AVE,0,1,3.13
NE 18TH AVE & NE 9TH ST,29.668193,-82.314613,1,1,NE 18TH AVE & NE 9TH ST,0,0,3.5
NE 18TH PL & NE 20TH ST,29.668695,-82.298795,3,1,NE 18TH DR & NE 20TH ST | NE 18TH PL & NE 20TH ST,0,0,4.82
NE 18TH PL & NE WALDO RD,29.668328,-82.300708,6,1,NE 18TH PL & NE WALDO RD,0,4,4.64
NE 18TH ST & NE 1ST AVE,29.652841,-82.301515,1,1,NE 18TH ST & NE 1ST AVE,0,0,4.05
E UNIVERSITY AVE & NE 43RD TER,29.651722,-82.271989,1,1,E UNIVERSITY AVE & NE 43RD TER,0,2,6.89
SW 2ND PL & SW 38TH ST,29.64983,-82.3809,1,1,SW 2ND PL & SW 38TH ST,0,0,3.66
NW 16TH AVE & NW 21ST ST,29.666598,-82.351369,3,1,21ST ST & NW 16TH AVE | NW 16TH AVE & NW 21ST ST,0,2,2.13
NW 16TH AVE & NW 24TH ST,29.666613,-82.358468,6,1,NW 16TH AVE & NW 24TH ST,0,4,2.47
NW 12TH ST & NW 6TH AVE,29.656167,-82.337129,3,1,NW 12TH ST & NW 6TH AVE,0,0,1.0
NW 12TH ST & NW 7TH AVE,29.657387,-82.337105,5,1,NW 12TH ST & NW 7TH AVE,0,3,1.11
CLARKE BUTLER BLVD & SW 42ND ST,29.6243265,-82.38288,3,1,CLARKE BUTLER BLVD & SW 42ND ST,0,0,4.71
CR 231 & SW 34TH BLVD,29.785452,-82.282964,1,1,CR 231 & SW 34TH BLVD,0,0,16.23
CR- & SW 6ND BLVD,29.639729,-82.398252,1,1,CR- & SW 6ND BLVD,0,0,5.43
NE 18TH ST & NE 3RD AVE,29.653709,-82.301593,3,1,NE 18TH ST & NE 3RD AVE,0,2,4.05
SE 10TH ST & SE 1ST AVE,29.6506525,-82.3131695,2,1,SE 10TH ST & SE 1ST AVE,0,0,2.9
SE 10TH ST & SE 4TH AVE,29.641044,-82.319412,1,1,SE 10TH ST & SE 4TH AVE,0,0,2.45
NW 35TH ST & NW 5TH AVE,29.655221,-82.374684,1,1,NW 35TH ST & NW 5TH AVE,0,0,3.14
PLAZA BLVD & SW 30TH PL,29.625973,-82.386674,1,1,PLAZA BLVD & SW 30TH PL,0,0,4.92
S MAIN ST & SE 13TH,29.601087,-82.151477,1,1,S MAIN ST & SE 13TH,0,0,19.28
NW 34TH ST & NW 54TH AVE,29.7043,-82.372245,6,1,CR 232 & SR 121 | NW 34TH ST & NW 54TH AVE,0,0,6.77
NW 34TH ST & NW 77TH AVE,29.704753,-82.372009,1,1,NW 34TH ST & NW 77TH AVE,0,0,6.8
NW 34TH AVE & NW 8TH AVE,29.683926,-82.33293,1,1,NW 34TH AVE & NW 8TH AVE,0,0,4.02
NW 36TH AVE & NW 36TH RD,29.685611,-82.333836,1,1,NW 36TH AVE & NW 36TH RD,0,0,4.18
NW 36TH AVE & NW 6TH ST,29.685516,-82.330589,10,1,NW 36TH AVE & NW 6TH ST | NW 36TH AVE & SR 120,0,6,4.25
NW 36TH DR & NW 8TH AVE,29.659675,-82.378011,8,1,NW 36TH DR & NW 8TH AVE,0,1,3.59
NW 36TH DR & W UNIVERSITY AVE,29.651709,-82.378224,8,1,NW 36TH DR & W UNIVERSITY AVE | NW 36TH DR & WUA,0,2,3.41
NW 36TH ST & NW 7TH AVE,29.657932,-82.376268,2,1,NW 36TH ST & NW 7TH AVE,0,0,3.36
NE 25TH ST & NE 3RD PL,29.654232,-82.29214,3,1,NE 25TH ST & NE 3RD PL,0,1,4.97
NE 25TH ST & NE 4TH AVE,29.654859000000002,-82.2922305,4,1,NE 25TH ST & NE 4TH AVE,0,1,4.97
NW 34TH PL & NW 42ND TER,29.684409,-82.388244,1,1,NW 34TH PL & NW 42ND TER,0,0,5.89
NW 34TH PL & NW 6TH ST,29.684603,-82.330588,2,1,NW 34TH PL & NW 6TH ST,0,0,4.15
SE 10TH AVE & SE 1ST ST,29.640642,-82.321788,1,1,SE 10TH AVE & SE 1ST ST,0,0,2.25
OLD ARCHER RD & SW 35TH PL,29.621636,-82.370014,1,1,OLD ARCHER RD & SW 35TH PL,0,8,3.98
SW 34TH ST & VA ENTRANCE,29.599837,-82.367284,1,1,SW 34TH ST & VA ENTRANCE,0,0,5.91
SW 30TH TER & SW 41ST LN,29.617294,-82.367473,2,1,SW 30TH TER & SW 41ST LN,0,0,4.21
NW 13 TH ST & NW 7TH AVE,29.645796,-82.312152,1,1,NW 13 TH ST & NW 7TH AVE,0,0,3.01
NW 13TH & NW 14TH AVE,29.665122,-82.339796,1,1,NW 13TH & NW 14TH AVE,0,0,1.84
NW 13TH AVE & NW 16TH AVE,29.6592445,-82.35575800000001,2,1,NW 13TH AVE & NW 16TH AVE,0,0,1.69
NW 15TH PL & NW 43RD ST,29.666711,-82.389167,3,1,NW 15TH AVE & NW 43RD ST | NW 15TH PL & NW 43RD ST,0,1,4.88
NW 14TH PL & NW 43ST ST,29.690969,-82.34053,1,1,NW 14TH PL & NW 43ST ST,0,0,4.68
SW 31ST DR & SW 41ST LN,29.616689,-82.368825,5,1,SW 31ST DR & SW 41ST LN,0,3,4.34
SW 35TH TER & SW 42ND AVE,29.613719,-82.375101,1,1,SW 35TH TER & SW 42ND AVE,0,1,4.97
NE 25TH TER & NE 8TH AVE,29.659204,-82.29123,1,1,NE 25TH TER & NE 8TH AVE,0,0,5.15
NE 26TH TER & NE 2ND PL,29.653367,-82.290199,5,1,NE 26TH TER & NE 2ND PL,0,4,5.14
NE 26TH TER & NE 8TH AVE,29.659131000000002,-82.29021,2,1,NE 26TH TER & NE 8TH AVE,0,1,5.24
NW 36TH TER & W UNIVERSITY AVE,29.651856,-82.37728,1,1,NW 36TH TER & W UNIVERSITY AVE,0,0,3.32
NW 34TH ST & SR 231,29.727045,-82.3646185,2,1,NW 34TH ST & SR 231,0,0,8.92
NW 35TH DR & NW 53RD AVE,29.703229,-82.376204,2,1,NW 35TH DR & NW 53RD AVE,0,0,6.83
NW 74TH PL & US 441,29.58683,-82.084646,1,1,NW 74TH PL & US 441,0,0,25.93
NW 7TH AVE & NW 8TH ST,29.657484,-82.33273,1,1,NW 7TH AVE & NW 8TH ST,0,0,1.39
S MAIN ST & SE 13TH RD,29.63771,-82.326656,6,1,S MAIN ST & SE 13TH RD,0,2,2.01
S MAIN ST & SE 4TH PL,29.647756,-82.324834,4,1,S MAIN ST & SE 4TH PL,0,6,1.77
S MAIN ST & SW 10TH AVE,29.7295795,-82.464016,3,1,S MAIN ST & SW 10TH AVE,0,0,14.73
S MAIN ST & SW 23RD PL,29.630256,-82.329309,2,1,S MAIN ST & SW 22ND ST | S MAIN ST & SW 23RD PL,0,0,2.45
S MAIN ST & SW 26TH PL,29.62787,-82.330108,1,1,S MAIN ST & SW 26TH PL,0,0,2.64
S MAIN ST & SW 33RD PL,29.621741,-82.331452,2,1,S MAIN ST & SW 33RD PL,0,0,3.2
NW 37TH DR & NW 67TH PL,29.712982,-82.379898,1,1,NW 37TH DR & NW 67TH PL,0,0,7.96
NW 37TH DR & NW 8TH AVE,29.659682,-82.380066,2,1,NW 37TH DR & NW 8TH AVE,0,1,3.77
NW 37TH ST & NW 56TH LN,29.707134,-82.378807,2,1,NW 37TH ST & NW 56TH LN,0,1,7.33
NE 25TH ST & NE 5TH PL,29.656171,-82.292324,1,1,NE 25TH ST & NE 5TH PL,0,0,4.98
NE 25TH ST & NE 6TH AVE,29.656991,-82.29217,1,1,NE 25TH ST & NE 6TH AVE,0,0,5.01
NE 19TH TER & NE 8TH AVE,29.659229,-82.299929,8,1,NE 19TH TER & NE 8TH AVE,0,3,4.33
NE 17TH ST & NE 1ST AVE,29.6527095,-82.3030225,2,1,NE 17TH ST & NE 1ST AVE,0,2,3.9
NE 17TH ST & NE 3RD AVE,29.653648,-82.303022,1,1,NE 17TH ST & NE 3RD AVE,0,0,3.91
NW 3RD ST & NW 7TH AVE,29.657883,-82.327768,1,1,NW 3RD ST & NW 7TH AVE,0,0,1.79
NW 43RD ST & W UNIVERSITY AVE,29.652438,-82.389602,2,1,NW 43RD ST & W UNIVERSITY AVE | SW 43RD TER & W UNIVERSITY AVE,0,0,4.52
NW 40TH DR & NW 67TH PL,29.716439,-82.384377,1,1,NW 40TH DR & NW 67TH PL,0,0,8.5
NW 37TH TER & NW 8TH AVE,29.659678,-82.379011,3,1,NW 37TH TER & NW 8TH AVE,0,2,3.68
NW 64TH TER & NW 9TH BLVD,29.663739,-82.411403,2,1,NW 64TH TER & NW 9TH BLVD,0,0,6.81
NW 93RD AVE & US 441,29.640566,-82.439097,1,1,NW 93RD AVE & US 441,0,0,9.33
NW 6TH ST & NW 7TH AVE,29.657538000000002,-82.3307905,9,1,NW 6TH ST & NW 7TH AVE,0,3,1.54
NW 6TH ST & NW 8TH PL,29.659788,-82.33071,3,1,NW 6TH ST & NW 8TH PL,0,5,1.71
NW 38TH ST & NW 39TH AVE,29.688533,-82.380735,12,1,38TH ST & NW 39TH AVE | NW 38TH ST & NW 39TH AVE,0,3,5.71
NW 39TH AVE & NW 45TH ST,29.688512,-82.390776,2,1,NW 39TH AVE & NW 45TH ST | NW 39TH AVE & UNNAMED ST,0,4,6.38
NW 39TH AVE & NW 48TH TER,29.688524,-82.394635,3,1,NW 39TH AVE & NW 48TH TER,0,13,6.65
NW 39TH AVE & NW 51ST ST,29.688529,-82.397395,10,1,NW 39TH AVE & NW 51ST ST | NW 51ST ST & SR 222,0,55,6.85
NW 39TH PL & NW 48TH TER,29.689404,-82.394637,1,1,NW 39TH PL & NW 48TH TER,0,0,6.72
NW 39TH RD & NW 40TH TER,29.657053,-82.386434,1,1,NW 39TH RD & NW 40TH TER,0,0,4.29
NW 37TH AVE & NW 6TH ST,29.686471,-82.330758,1,1,NW 37TH AVE & NW 6TH ST,0,0,4.34
NW 37TH DR & NW 64TH PL,29.713572,-82.380016,1,1,NW 37TH DR & NW 64TH PL,0,0,8.02
NW 7TH TER & W UNIVERSITY AVE,29.651907,-82.332441,10,1,NW 7TH TER & W UNIVERSITY AVE,0,9,1.09
NE 21ST LN & NE 2ND ST,29.672735,-82.319895,1,1,NE 21ST LN & NE 2ND ST,0,0,3.48
NW 82ND BLVD & NW 82ND RD,29.729297,-82.394831,1,1,NW 82ND BLVD & NW 82ND RD,0,0,10.23
NW 8TH AVE & NW 9TH ST,29.659289,-82.333984,5,1,NW 8TH AVE & NW 9TH ST,0,1,1.46
NW 14TH TER & NW 6TH AVE,29.656357,-82.340752,1,1,NW 14TH TER & NW 6TH AVE,0,0,0.87
NW 156TH AVE & TREE FARM RD,29.796703,-82.346274,1,1,NW 156TH AVE & TREE FARM RD,0,7,16.4
NW 15TH AVE & NW 39TH ST,29.666205,-82.382659,1,1,NW 15TH AVE & NW 39TH ST,0,0,4.29
SW 39TH TER & W NEWBERRY RD,29.652083,-82.385057,1,1,SW 39TH TER & W NEWBERRY RD,0,0,4.08
SW 3RD AVE & SW 3RD ST,29.648846,-82.327979,3,1,SW 3RD AVE & SW 3RD ST,0,1,1.46
SW 3RD AVE & SW 5TH ST,29.648989,-82.329386,7,1,SW 3RD AVE & SW 5TH ST,0,3,1.33
SW 34TH ST & SW 62ND BLVD,29.593081,-82.360049,1,1,SW 34TH ST & SW 62ND BLVD,0,0,6.39
NW 13TH ST & NW 6TH EXTENSION,29.663733,-82.330706,1,1,NW 13TH ST & NW 6TH EXTENSION,0,0,2.04
NW 13TH ST & NW 93RD ST,29.739264,-82.384275,1,1,NW 13TH ST & NW 93RD ST,0,0,10.79
NW 5TH AVE & NW 8TH ST,29.6556095,-82.3328225,3,1,NW 5TH AVE & NW 8TH ST,0,0,1.25
NW 3RD ST & NW 4TH PL,29.655327,-82.327769,1,1,NW 3RD ST & NW 4TH PL,0,0,1.65
NW 3RD ST & NW 5TH AVE,29.65577,-82.327929,1,1,NW 3RD ST & NW 5TH AVE,0,1,1.66
SW 41ST PL & SW 69TH TER,29.616389,-82.416798,1,1,SW 41ST PL & SW 69TH TER,0,1,7.98
SW 41ST ST & W UNIVERSITY AVE,29.652184,-82.386898,1,1,SW 41ST ST & W UNIVERSITY AVE,0,0,4.25
SW 42ND ST & SW 7TH AVE,29.645984,-82.388376,1,1,SW 42ND ST & SW 7TH AVE,0,0,4.39
SW 44TH ST & SW ARCHER RD,29.61487,-82.390479,1,1,SW 44TH ST & SW ARCHER RD,0,7,5.93
SW 45TH ST & SW ARCHER RD,29.614431,-82.391341,1,1,SW 45TH ST & SW ARCHER RD,0,12,6.02
SW 46TH DR & SW 62ND AVE,29.59666,-82.395606,2,1,SW 46TH DR & SW 62ND AVE | SW 49TH ST & SW 62ND AVE,0,0,7.7
SW 35TH BLVD & UNNAMED ST,29.623804,-82.3767125,14,1,SW 35TH BLVD & UNNAMED ST,0,4,4.27
ACCESS RD & NW 53RD AVE,29.703229,-82.325565,1,1,ACCESS RD & NW 53RD AVE,0,0,6.27
SW 57TH TER & SW 9TH PL,29.643782,-82.403014,1,1,SW 57TH TER & SW 9TH PL,0,0,5.82
NW 69TH TER & NW 9TH BLVD,29.661135,-82.416266,1,1,NW 69TH TER & NW 9TH BLVD,0,3,7.21
NW 53RD TER & NW 82ND BLVD,29.730056,-82.400397,1,1,NW 53RD TER & NW 82ND BLVD,0,0,10.58
NW 55TH ST & NW 9TH LN,29.661097,-82.401386,4,1,NW 55TH ST & NW 9TH CT | NW 55TH ST & NW 9TH LN,0,7,5.8
NW 41ST DR & NW 62ND AVE,29.711468,-82.386933,1,1,NW 41ST DR & NW 62ND AVE,0,0,8.14
NE 23RD AVE & NE 6TH TER,29.673725,-82.318237,4,1,NE 23RD AVE & NE 6TH ST | NE 23RD AVE & NE 6TH TER,0,1,3.66
NE 23RD AVE & NE 9TH TER,29.6739125,-82.313569,2,1,23RD AVE & NE 9TH TER | NE 23RD AVE & NE 9TH TER,0,1,3.99
NW 39TH WAY & NW 43RD CT,29.694362,-82.383348,1,1,NW 39TH WAY & NW 43RD CT,0,0,6.38
NW 48TH BLVD & W UNIVERSITY AVE,29.652417,-82.394519,2,1,NW 48TH BLVD & SR 26 | NW 48TH BLVD & W UNIVERSITY AVE,0,0,4.99
NW 49TH ST & NW 73RD AVE,29.721403,-82.395153,1,1,NW 49TH ST & NW 73RD AVE,0,0,9.49
NW 4TH AVE & NW 4TH ST,29.6546135,-82.32864000000001,2,1,NW 4TH AVE & NW 4TH ST,0,0,1.54
-A & SW 36TH TER,29.651739,-82.376552,2,1,-A & SW 36TH TER,0,0,3.25
NE 1ST DR & NE 38TH AVE,29.687287,-82.323475,2,1,NE 1ST DR & NE 38TH AVE,0,0,4.67
NE 1ST TER & NE 39TH AVE,29.688595,-82.323177,4,1,NE 1ST TER & NE 39TH AVE,0,0,4.81
NE 20TH ST & NE 4TH PL,29.657306,-82.29921999999999,2,1,NE 20TH ST & NE 4TH PL,0,0,4.35
NW 13TH TER & NW 5TH AVE,29.655602,-82.340062,2,1,NW 13TH TER & NW 5TH AVE,0,0,0.81
NW 13TH TER & NW 6TH AVE,29.656355,-82.3399,1,1,NW 13TH TER & NW 6TH AVE,0,0,0.89
NW 51ST ST & NW 82ND BLVD,29.730048,-82.397848,1,1,NW 51ST ST & NW 82ND BLVD,0,0,10.45
NW 40TH TER & NW 8TH AVE,29.659698,-82.383977,6,1,NW 40TH TER & NW 8TH AVE,0,4,4.14
NW 50TH ST & NW 76TH LN,29.724715,-82.395654,1,1,NW 50TH ST & NW 76TH LN,0,0,9.83
NW 51ST DR & NW 81ST AVE,29.728616,-82.396995,2,1,NW 51ST DR & NW 81ST AVE,0,0,10.27
NW 66TH ST & W UNIVERSITY AVE,29.657342,-82.414492,2,1,NW 66TH ST & W UNIVERSITY AVE,0,0,6.97
NW 67TH ST & W NEWBERRY RD,29.6597795,-82.43045599999999,2,1,NW 67TH ST & W NEWBERRY RD,0,0,8.54
SW 40TH BLVD & SW 47TH AVE,29.62888,-82.393474,1,1,SW 40TH BLVD & SW 47TH AVE,0,0,5.35
NW 21ST PL & NW 34TH ST,29.672189,-82.372183,6,1,NW 21ST PL & NW 34TH ST,1,4,3.83
SW 20TH AVE & SW 41ST ST,29.634331500000002,-82.3854345,10,1,SW 20TH AVE & SW 41ST ST,1,9,4.4
NW 19TH ST & NW 23RD AVE,29.674786,-82.347031,2,1,NW 19TH ST & NW 23RD AVE,1,0,2.91
NE 10TH AVE & NE 16TH TER,29.661009,-82.303832,2,1,NE 10TH AVE & NE 16TH TER,1,0,4.03
SW 40TH BLVD & UNNAMED ROADWAY,29.620537,-82.384916,4,1,SW 40TH BLVD & UNNAMED ROADWAY,1,9,5.12
NW 4TH PL & NW 8TH ST,29.655209,-82.33291,2,1,NW 4TH PL & NW 8TH ST,1,0,1.22
NW 12TH AVE & NW 12TH ST,29.6629985,-82.3371205,4,1,NW 12TH AVE & NW 12TH ST,1,2,1.68
SW 28TH TER & SW 2ND AVE,29.650302,-82.365331,8,1,SW 28TH TER & SW 2ND AVE,1,4,2.16
SW 31ST TER & SW OLD ARCHER RD,29.628403,-82.368764,5,1,OLD ARCHER RD & SW 31ST ST | SW 31ST TER & SW OLD ARCHER RD,1,1,3.36
E PANHELLENIC DR & SW 9TH AVE,29.643565,-82.337199,2,1,E PANHELLENIC DR & SW 9TH AVE,1,1,0.81
NW 13TH ST & NW 41ST RD,29.691121,-82.338868,6,1,NW 13TH ST & NW 41ST RD,1,2,4.71
NW 51ST TER & NW 52ND TER,29.70395,-82.398083,1,1,NW 51ST TER & NW 52ND TER,0,0,8.1
SW ARCHER RD & US 441,29.6407915,-82.3405805,2,1,SW ARCHER RD & US 441,0,1,0.92
6TH ST & NW 13TH ST,29.66347,-82.318702,1,1,6TH ST & NW 13TH ST,0,0,2.87
SW 3RD ST & SW 6TH AVE,29.646484,-82.327929,1,1,SW 3RD ST & SW 6TH AVE,0,0,1.49
SW 3RD ST & SW DEPOT AVE,29.643943,-82.328109,3,1,SW 3RD ST & SW DEPOT AVE,0,2,1.55
SW 9TH AVE & W PANHELLENIC DR,29.643838,-82.338563,3,1,SW 9TH AVE & W PANHELLENIC DR,0,1,0.7
NE 21ST PL & NE WALDO RD,29.669981,-82.299243,15,1,NE 20TH PL & NE WALDO RD | NE 21ST PL & NE WALDO RD,0,8,4.85
NE 21ST TER & NE 3RD PL,29.654251,-82.296878,1,1,NE 21ST TER & NE 3RD PL,0,0,4.51
NE 24TH ST & NE 8TH AVE,29.6591435,-82.2934265,2,1,NE 24TH ST & NE 8TH AVE,0,3,4.94
NW 43RD ST & NW 53RD ST,29.698479,-82.39499699999999,2,1,NW 43RD ST & NW 53RD ST,0,0,7.45
NW 10TH PL & NW 43RD ST,29.662247,-82.389208,4,1,NW 10TH PL & NW 43RD ST,0,2,4.7
NE 1ST WAY & NE 39TH AVE,29.688753499999997,-82.32399050000001,3,1,NE 1ST WAY & NE 39TH AVE,1,1,4.8
NE 1ST AVE & NE 24TH ST,29.652278,-82.293368,3,1,NE 1ST AVE & NE 24TH ST,1,1,4.83
OAKS MALL NORTH ENTRANCE & W NEWBERRY RD,29.659515,-82.415156,8,1,OAKS MALL NORTH ENTRANCE & W NEWBERRY RD,1,17,7.07
PRIVATE ACCESS RD & W NEWBERRY RD,29.659612,-82.41019349999999,11,1,PRIVATE ACCESS RD & W NEWBERRY RD,1,7,6.6
NE 2ND WAY & NW 39TH AVE,29.688786,-82.322564,3,1,NE 2ND WAY & NW 39TH AVE,1,0,4.86
NW 2ND AVE & NW 3RD ST,29.653213,-82.327945,2,1,NW 2ND AVE & NW 3RD ST,1,0,1.55
SE 2ND PL & SE 2ND ST,29.649522,-82.323102,2,1,SE 2ND PL & SE 2ND ST,1,0,1.94
SR ALT 26 & SW 34TH ST,29.6512335,-82.37222399999999,4,1,SR ALT 26 & SW 34TH ST,1,8,2.83
NE 13TH ST & NE 37TH PL,29.686837,-82.309483,2,1,NE 13TH ST & NE 37TH PL,1,1,5.33
SW 11TH LN & SW 6TH DR,29.640656999999997,-82.331694,3,1,SW 11TH LN & SW 6TH DR,1,1,1.43
CLARK BUTLER BLVD & SW 24TH AVE,29.6304655,-82.242944,2,0,CLARK BUTLER BLVD & SW 24TH AVE,0,0,9.9
SW 5TH AVE & SW 5TH TER,29.778682,-82.171521,1,0,SW 5TH AVE & SW 5TH TER,0,0,21.97
-SW 34TH ST & SW 20TH AVE,29.840229,-82.353314,1,0,-SW 34TH ST & SW 20TH AVE,0,0,21.24
NW 14TH DR & NW 3RD AVE,29.653782,-82.341315,1,0,NW 14TH DR & NW 3RD AVE,0,0,0.58
NW 14TH AVE & NW 8TH ST,29.664826,-82.332806,1,0,NW 14TH AVE & NW 8TH ST,0,0,2.04
NW 14TH AVE & NW 4TH ST,29.664665,-82.328758,3,0,NW 14TH AVE & NW 3RD ST | NW 14TH AVE & NW 4TH ST,0,2,2.24
NW 14TH AVE & NW 22ND ST,29.664521,-82.353404,2,0,NW 14TH AVE & NW 22ND ST,0,1,2.01
NW 14TH AVE & NW 18TH ST,29.664998,-82.346723,1,0,NW 14TH AVE & NW 18TH ST,0,0,1.83
NW 13TH TER & NW 7TH AVE,29.657411,-82.340046,1,0,NW 13TH TER & NW 7TH AVE,0,0,1.0
NW 13TH ST & NW 8TH AVE,29.659259,-82.33807300000001,4,0,NW 13TH ST & NW 8TH AVE,0,0,1.26
ARDEN DR & NW 24TH BLVD,29.689189,-82.358517,1,0,ARDEN DR & NW 24TH BLVD,0,1,4.72
ALT & SW 34TH ST,29.635312,-82.320318,3,0,ALT & SW 34TH ST,0,0,2.66
SW 4TH AVE & SW 8TH ST,29.648216,-82.332864,3,0,SW 4TH AVE & SW 8TH ST | SW 4TH AVE & SW 9TH ST,0,2,0.99
SW 4TH PL & SW 75TH ST,29.648032,-82.422275,1,0,SW 4TH PL & SW 75TH ST,0,4,7.66
27TH ST & W UNIVERSITY AVE,29.839923,-82.365307,1,0,27TH ST & W UNIVERSITY AVE,0,0,21.3
24TH ST & W NEWBERRY RD,29.651984,-82.36044,1,0,24TH ST & W NEWBERRY RD,0,0,1.71
NW 14TH ST & NW 4TH PL,29.654831,-82.340347,1,0,NW 14TH ST & NW 4TH PL,0,1,0.72
SW 41ST PL & SW 63RD BLVD,29.618322,-82.413286,1,0,SW 41ST PL & SW 63RD BLVD,0,0,7.58
SW 41ST BLVD & SW WILLISTON RD,29.600349,-82.375403,9,0,SW 35TH DR & SW WILLISTON RD | SW 41ST BLVD & SW WILLISTON RD,0,22,6.21
NE 23RD PL & NE 5TH TER,29.674684,-82.319598,1,0,NE 23RD PL & NE 5TH TER,0,1,3.66
NE 23RD AVE & NE 8TH ST,29.673991,-82.315704,2,0,NE 23RD AVE & NE 8TH ST,0,0,3.85
NW 43RD ST & NW 43RD WAY,29.710819,-82.388343,6,0,NW 43RD ST & NW 43RD WAY,0,2,8.15
NW 41ST PL & NW 51ST ST,29.691402,-82.397154,1,0,NW 41ST PL & NW 51ST ST,0,1,7.05
NW 41ST AVE & NW 9TH ST,29.690185,-82.334035,1,0,NW 41ST AVE & NW 9TH ST,0,0,4.67
NW 4TH PL & NW 53RD TER,29.656455,-82.399786,2,0,NW 4TH PL & NW 53RD TER,0,1,5.55
NW 51ST ST & W NEWBERRY RD,29.658284,-82.397469,12,0,NEWBERRY RD & NW 51ST ST | NW 51ST ST & W NEWBERRY RD | NW 51ST TER & W NEWBERRY RD,0,9,5.36
SW 5TH AVE & SW 5TH ST,29.647033,-82.329573,1,0,SW 5TH AVE & SW 5TH ST,0,1,1.32
SW 58TH TER & SW 8TH PL,29.644589,-82.404036,1,0,SW 58TH TER & SW 8TH PL,0,0,5.91
15TH ST & SE HAWTHORNE RD,29.63912,-82.606738,1,0,15TH ST & SE HAWTHORNE RD,0,0,25.53
-SW 34TH ST & SW 35TH PL,29.622255,-82.441255,1,0,-SW 34TH ST & SW 35TH PL,0,0,9.94
-SW 34TH ST & SW 24TH AVE,29.630588,-82.445723,2,0,- SW 34TH ST & SW 24TH AVE | -SW 34TH ST & SW 24TH AVE,0,2,10.13
SW 4TH AVE & SW 7TH TER,29.648207,-82.332335,4,0,SW 4TH AVE & SW 7TH TER,0,3,1.04
SW 3RD AVE & SW 6TH ST,29.648952,-82.330802,3,0,SW 3RD AVE & SW 6TH ST,0,3,1.19
SW 3RD AVE & SW 40TH ST,29.649638,-82.384898,1,0,SW 3RD AVE & SW 40TH ST,0,1,4.04
SW 38TH ST & SW 5TH PL,29.647266,-82.381066,1,0,SW 38TH ST & SW 5TH PL,0,1,3.68
NW 37TH TER & NW 64TH PL,29.713697,-82.379029,1,0,NW 37TH TER & NW 64TH PL,0,1,7.99
NW 40TH AVE & NW 9TH ST,29.692192,-82.333934,1,0,NW 40TH AVE & NW 9TH ST,0,0,4.89
NW 40TH AVE & NW 7TH ST,29.6893475,-82.33224200000001,3,0,NW 40TH AVE & NW 7TH ST,0,1,4.62
NW 40TH AVE & NW 6TH ST,29.6894705,-82.3311425,3,0,NW 40TH AVE & NW 6TH ST,0,3,4.65
NW 3RD ST & NW 6TH AVE,29.656881,-82.327764,1,0,NW 3RD ST & NW 6TH AVE,0,1,1.73
NW 3RD AVE & US 441,29.653811,-82.308507,2,0,NE 13TH ST & NE 3RD AVE | NW 3RD AVE & US 441,0,2,3.39
NE 24TH ST & NE 6TH AVE,29.657085,-82.293531,1,0,NE 24TH ST & NE 6TH AVE,0,0,4.88
NE 24TH AVE & NE 51ST BLVD,29.674538,-82.263107,1,0,NE 24TH AVE & NE 51ST BLVD,0,1,8.25
NE 21ST WAY & NE 27TH AVE,29.676823,-82.297028,2,0,NE 21ST WAY & NE 27TH AVE,0,1,5.43
NE 21ST ST & NE 8TH AVE,29.659096,-82.297508,2,0,NE 21ST ST & NE 8TH AVE,0,1,4.56
NW 56TH TER & W NEWBERRY RD,29.6594075,-82.40298200000001,2,0,NW 56TH TER & W NEWBERRY RD,0,5,5.91
NE 20TH ST & NE 9TH PL,29.660355,-82.299054,1,0,NE 20TH ST & NE 9TH PL,0,2,4.45
NE 20TH AVE & NE 9TH ST,29.670663,-82.314612,1,0,NE 20TH AVE & NE 9TH ST,0,0,3.67
NE 1ST TER & NE 39TH PL,29.688912,-82.324804,1,0,NE 1ST TER & NE 39TH PL,0,0,4.79
NE 1ST ST & NE 2ND AVE,29.653348,-82.323834,4,0,NE 1ST ST & NE 2ND AVE,0,1,1.93
NE 1ST DR & NE 40TH PL,29.689755,-82.32408,1,0,NE 1ST DR & NE 40TH PL,0,1,4.9
NW 37TH DR & NW 39TH AVE,29.688795,-82.379936,4,0,NW 37TH DR & NW 39TH AVE,0,4,5.69
NW 39TH PL & NW 51ST ST,29.689506,-82.397394,1,0,NW 39TH PL & NW 51ST ST,0,1,6.92
NW 39TH DR & W NEWBERRY RD,29.652623,-82.38429049999999,2,0,NW 39TH DR & W NEWBERRY RD,0,0,4.01
NW 39TH AVE & NW 9TH AVE,29.660165,-82.381754,1,0,NW 39TH AVE & NW 9TH AVE,0,0,3.95
NW 39TH AVE & NW 7TH ST,29.688403,-82.331949,6,0,NW 39TH AVE & NW 7TH ST,0,10,4.52
NW 6TH ST & NW 9TH AVE,29.660259,-82.3309455,5,0,NW 6TH ST & NW 9TH AVE,0,11,1.73
NW 53RD AVE & NW 55TH AVE,29.703111,-82.402826,2,0,NW 53RD AVE & NW 55TH AVE,0,0,8.34
NW 52ND TER & NW 53RD AVE,29.703117,-82.397923,2,0,NW 52ND TER & NW 53RD AVE,0,2,8.02
NW 6TH AVE & NW 7TH ST,29.656575,-82.33159,1,0,NW 6TH AVE & NW 7TH ST,0,0,1.41
NW 6TH AVE & NW 6TH ST,29.656569,-82.330699,6,0,NW 6TH AVE & NW 6TH ST | NW 6TH EXT & NW 6TH ST,0,1,1.48
NW 69TH TER & W UNIVERSITY AVE,29.65313,-82.41617,2,0,NW 69TH TER & W UNIVERSITY AVE,0,0,7.09
NW 62ND ST & WNEWBERRY RD,29.594822,-82.382842,1,0,NW 62ND ST & WNEWBERRY RD,0,0,7.11
NW 5TH ST & NW 8TH AVE,29.835291,-82.598444,1,0,NW 5TH ST & NW 8TH AVE,0,0,32.21
NW 5TH ST & NW 6TH AVE,29.656486,-82.330375,1,0,NW 5TH ST & NW 6TH AVE,0,0,1.5
NW 38TH PL & NW 38TH ST,29.688006,-82.382292,2,0,NW 38TH PL & NW 38TH ST,0,2,5.77
NW 37TH WAY & NW 38TH ST,29.699488,-82.380554,1,0,NW 37TH WAY & NW 38TH ST,0,1,6.69
NW 40TH PL & NW 50TH ST,29.690334,-82.395803,1,0,NW 40TH PL & NW 50TH ST,0,1,6.87
NW 43RD ST & NW 62ND AVE,29.745979,-82.439457,4,0,NW 43RD ST & NW 62ND AVE,0,0,14.25
NW 43RD ST & NW 56TH ST,29.694271,-82.403297,1,0,NW 43RD ST & NW 56TH ST,0,0,7.7
NW 43RD ST & NW 46TH AVE,29.696615,-82.38871950000001,9,0,NW 43RD ST & NW 46TH AVE,0,9,6.9
NE 25TH ST & NE 2ND AVE,29.65335,-82.292131,2,0,NE 25TH ST & NE 2ND AVE,0,2,4.96
NE 24TH TER & NE 8TH AVE,29.659074,-82.292876,3,0,NE 24TH TER & NE 8TH AVE,0,2,4.99
NE 21ST PL & NE 21ST TER,29.671661,-82.297437,1,0,NE 21ST PL & NE 21ST TER,0,0,5.09
NE 20TH TER & NE 4TH AVE,29.655244,-82.298518,2,0,NE 20TH ST & NE 4TH AVE | NE 20TH TER & NE 4TH AVE,0,0,4.37
NW 4TH ST & NW 9TH AVE,29.660327,-82.32881,1,0,NW 4TH ST & NW 9TH AVE,0,0,1.88
NW 5TH AVE & NW 7TH TER,29.655676,-82.332461,2,0,NW 5TH AVE & NW 7TH TER,0,2,1.28
NW 5TH AVE & NW 7TH ST,29.833605,-82.601804,1,0,NW 5TH AVE & NW 7TH ST,0,0,32.34
NW 8TH AVE & SR 26,29.645113,-82.413537,7,0,E UNIVERSITY AVE & NE 8TH ST | NW 8TH AVE & SR 26 | SR 441 & SW 8TH AVE,0,0,6.83
NW 7TH LN & NW 7TH PL,29.658234,-82.349753,1,0,NW 7TH LN & NW 7TH PL,0,1,1.23
NW 7TH AVE & NW 7TH ST,29.657478,-82.332108,1,0,NW 7TH AVE & NW 7TH ST,0,1,1.43
NW 76TH ST & US 441,29.72401,-82.141289,1,0,NW 76TH ST & US 441,0,0,21.23
NW 37TH DR & NW 53RD AVE,29.70809,-82.378638,1,0,NW 37TH DR & NW 53RD AVE,0,0,7.42
NE 19TH ST & NE 8TH AVE,29.659095,-82.300571,7,0,NE 19TH ST & NE 8TH AVE,0,3,4.27
NE 19TH DR & NE 4TH PL,29.653767,-82.299398,1,0,NE 19TH DR & NE 4TH PL,0,0,4.26
NE 25TH TER & NE 3RD PL,29.654199,-82.291041,1,0,NE 25TH TER & NE 3RD PL,0,1,5.07
NE 25TH ST & NE 5TH AVE,29.655601,-82.292156,2,0,NE 25TH ST & NE 5TH AVE,0,2,4.99
NW 37TH TER & NW 39TH PL,29.689083,-82.378317,1,0,NW 37TH TER & NW 39TH PL,0,0,5.62
NW 37TH ST & NW 8TH AVE,29.659402,-82.378653,1,0,NW 37TH ST & NW 8TH AVE,0,1,3.63
NW 37TH ST & NW 59TH PL,29.709209,-82.378807,2,0,NW 37TH ST & NW 59TH PL,0,2,7.54
NW 37TH ST & NW 54TH LN,29.705257,-82.378974,1,0,NW 37TH ST & NW 54TH LN,0,1,7.16
NW 3RD AVE & NW 8TH ST,29.653845,-82.332744,1,0,NW 3RD AVE & NW 8TH ST,0,1,1.15
NW 51ST ST & NW 83RD PL,29.732078,-82.397843,1,0,NW 51ST ST & NW 83RD PL,0,0,10.64
NE 22ND TER & NE 8TH AVE,29.659084,-82.295235,3,0,NE 22ND TER & NE 8TH AVE,0,1,4.77
NE 22ND ST & NE 7TH AVE,29.657766,-82.295949,1,0,NE 22ND ST & NE 7TH AVE,0,1,4.67
NE 22ND ST & NE 3RD AVE,29.653747,-82.295734,1,0,NE 22ND ST & NE 3RD AVE,0,1,4.62
NE 22ND AVE & NE 9TH TER,29.672557,-82.313138,1,0,NE 22ND AVE & NE 9TH TER,0,0,3.92
NE 21ST WAY & NE 31ST AVE,29.681229,-82.294054,1,0,NE 21ST WAY & NE 31ST AVE,0,1,5.95
NW 41ST AVE & NW 43RD ST,29.692287,-82.390435,1,0,NW 41ST AVE & NW 43RD ST,0,0,6.65
NE 18TH TER & NE 8TH AVE,29.659094,-82.301228,3,0,NE 18TH TER & NE 8TH AVE,0,3,4.21
S MAIN ST & SW 21ST AVE,29.632082,-82.328664,3,0,S MAIN ST & SW 21ST AVE,0,0,2.32
PRIVATE ROADWAY & SW 34TH ST,29.644996,-82.372293,1,0,PRIVATE ROADWAY & SW 34TH ST,0,2,2.86
NW 34TH TER & NW 5TH AVE,29.65508,-82.373236,2,0,NW 34TH TER & NW 5TH AVE,0,1,3.0
NW 36TH TER & NW 7TH AVE,29.658064,-82.377416,1,0,NW 36TH TER & NW 7TH AVE,0,0,3.48
NW 36TH TER & NW 39TH AVE,29.688515,-82.377168,6,0,NW 36TH TER & NW 39TH AVE,0,6,5.5
NW 36TH ST & NW 7TH PL,29.658737,-82.376275,1,0,NW 36TH ST & NW 7TH PL,0,1,3.39
NE 27TH AVE & NE 56TH TER,29.675715,-82.258866,1,0,NE 27TH AVE & NE 56TH TER,0,0,8.68
NE 27TH AVE & NE 53RD TER,29.675749,-82.26104,1,0,NE 27TH AVE & NE 53RD TER,0,1,8.48
PANHELLENIC DR & SW 8TH AVE,29.644779,-82.3385,2,0,PANHELLENIC DR & SW 8TH AVE,0,3,0.63
NW 6TH AVE & NW 7TH TER,29.656584,-82.332137,1,0,NW 6TH AVE & NW 7TH TER,0,0,1.37
OLD ARCHER RD & PUBLIC ACCESS RD,29.626514,-82.371604,1,0,OLD ARCHER RD & PUBLIC ACCESS RD,0,0,3.7
NE 1ST AVE & NE 4TH ST,29.65256,-82.321619,1,0,NE 1ST AVE & NE 4TH ST,0,0,2.12
NE 1ST AVE & NE 25TH ST,29.652655,-82.292123,3,0,NE 1ST AVE & NE 25TH ST,0,1,4.95
NE 1ST AVE & NE 1ST ST,29.652681,-82.323826,2,0,NE 1ST AVE & NE 1ST ST,0,0,1.91
NE 19TH TER & NE 7TH AVE,29.657916,-82.299941,1,0,NE 19TH TER & NE 7TH AVE,0,0,4.3
SE 10TH AVE & VEITCH ST,29.64012,-82.323642,1,0,SE 10TH AVE & VEITCH ST,0,2,2.11
SE 10TH AVE & SE WILLISTON RD,29.617155,-82.334727,1,0,SE 10TH AVE & SE WILLISTON RD,0,0,3.6
SE 10TH AVE & SE VEITCH ST,29.640318,-82.32386,5,0,SE 10TH AVE & SE VEITCH ST,0,1,2.09
SE 10TH AVE & SE 4TH ST,29.641609,-82.319702,6,0,10TH AVE & SE 4TH ST | SE 10TH AVE & SE 4TH ST,0,3,2.4
NW 34TH PL & NW 41ST TER,29.684574,-82.387107,1,0,NW 34TH PL & NW 41ST TER,0,0,5.82
NW 36TH ST & NW 52ND AVE,29.701899,-82.376166,1,0,NW 36TH ST & NW 52ND AVE,0,1,6.7
NW 36TH ST & NW 44TH PL,29.694734,-82.37619,1,0,NW 36TH ST & NW 44TH PL,0,0,6.01
NW 36TH CT & NW 53RD AVE,29.7032305,-82.37764,2,0,NW 36TH CT & NW 53RD AVE,0,2,6.9
NW 35TH TER & NW 5TH AVE,29.655223,-82.375477,2,0,NW 35TH TER & NW 5TH AVE,0,2,3.21
NW 35TH ST & NW 60TH LN,29.709916,-82.374201,1,0,NW 35TH ST & NW 60TH LN,0,0,7.41
NE 2ND AVE & NE BLVD,29.653172,-82.319999,1,0,NE 2ND AVE & NE BLVD,0,1,2.29
NW 37TH ST & NW 53RD RD,29.704617,-82.379257,1,0,NW 37TH ST & NW 53RD RD,0,1,7.11
NW 37TH ST & NW 53RD LN,29.703969,-82.379401,1,0,NW 37TH ST & NW 53RD LN,0,1,7.05
NW 37TH PL & NW 6TH ST,29.686976,-82.330609,2,0,NW 37TH PL & NW 6TH ST,0,2,4.4
NE 19TH DR & NE 31ST AVE,29.681325,-82.297792,1,0,NE 19TH DR & NE 31ST AVE,0,1,5.68
NE 19TH DR & NE 27TH AVE,29.676995,-82.299492,1,0,NE 19TH DR & NE 27TH AVE,0,1,5.25
NW 34TH RD & NW 62ND PL,29.711394,-82.3735,1,0,NW 34TH RD & NW 62ND PL,0,0,7.54
SE 10TH AVE & SE 18TH TER,29.641809,-82.301239,1,0,SE 10TH AVE & SE 18TH TER,0,1,4.12
SE 10TH AVE & SE 10TH ST,29.642076,-82.313709,1,0,SE 10TH AVE & SE 10TH ST,0,0,2.94
SE 10TH TER & SE 22ND AVE,29.631695,-82.312413,4,0,SE 10TH AVE & SE 22ND AVE | SE 10TH TER & SE 22ND AVE,0,0,3.52
SE 10TH TER & SE 11TH AVE,29.640873,-82.312341,1,0,SE 10TH TER & SE 11TH AVE,0,0,3.1
SE 10TH ST & SE 2ND AVE,29.649963,-82.313331,1,0,SE 10TH ST & SE 2ND AVE,0,0,2.88
NE 18TH ST & NE 4TH AVE,29.654736,-82.301511,1,0,NE 18TH ST & NE 4TH AVE,0,0,4.08
NE 17TH TER & NE 21ST PL,29.672615999999998,-82.303006,3,0,NE 17TH TER & NE 21ST PL,0,1,4.69
NE 17TH ST & NE 6TH PL,29.657392,-82.303449,1,0,NE 17TH ST & NE 6TH PL,0,1,3.95
SE 12TH ST & SE 2ND AVE,29.649952,-82.310105,1,0,SE 12TH ST & SE 2ND AVE,0,0,3.19
SE 12TH PL & SE 15TH ST,29.639542,-82.306028,2,0,SE 12TH PL & SE 15TH ST,0,0,3.73
SE 12TH AVE & SE 9TH ST,29.639782,-82.314951,1,0,SE 12TH AVE & SE 9TH ST,0,1,2.9
OLD ARCHER RD & SW 31ST TER,29.628241,-82.369759,5,0,OLD ARCHER RD & SW 31ST TER | SW 31ST TER & SW ARHCER RD,0,6,3.44
NE 17TH ST & NE 4TH AVE,29.65476,-82.302856,1,0,NE 17TH ST & NE 4TH AVE,0,1,3.95
SE 10TH PL & SE 20TH ST,29.641801,-82.298661,1,0,SE 10TH PL & SE 20TH ST,0,1,4.37
SE 10TH PL & SE 1ST ST,29.64036,-82.321488,1,0,SE 10TH PL & SE 1ST ST,0,1,2.29
SE 12TH AVE & SE 12TH ST,29.639774,-82.310797,1,0,SE 12TH AVE & SE 12TH ST,0,1,3.28
NW 32ND PL & NW 6TH ST,29.682557,-82.330939,1,0,NW 32ND PL & NW 6TH ST,0,0,3.92
NW 31ST TER & NW 45TH AVE,29.696116,-82.368669,3,0,NW 31ST TER & NW 45TH AVE,0,1,5.8
NW 34TH PL & NW 40TH TER,29.684503499999998,-82.386196,2,0,NW 34TH PL & NW 40TH TER,0,0,5.75
NW 34TH PL & NW 38TH ST,29.684711,-82.38067,1,0,NW 34TH PL & NW 38TH ST,0,0,5.39
NW 34TH DR & NW 49TH AVE,29.699644,-82.373165,1,0,NW 34TH DR & NW 49TH AVE,0,0,6.34
NW 34TH BLVD & NW 54TH PL,29.704752,-82.372009,1,0,NW 34TH BLVD & NW 54TH PL,0,0,6.8
NE 2ND ST & NE 6TH AVE,29.656806,-82.322948,4,0,NE 2ND ST & NE 6TH AVE,0,0,2.14
NE 2ND ST & NE 5TH AVE,29.655703,-82.322961,1,0,NE 2ND ST & NE 5TH AVE,0,0,2.09
NE 2ND ST & NE 3RD AVE,29.654011,-82.322967,2,0,NE 2ND ST & NE 3RD AVE,0,2,2.03
SE 11TH AVE & SE 14TH ST,29.640865,-82.306789,3,0,SE 11TH AVE & SE 14TH ST,0,3,3.62
SE 11TH AVE & SE 13TH ST,29.641007,-82.308331,1,0,SE 11TH AVE & SE 13TH ST,0,2,3.47
NE 2ND AVE & NE 2ND ST,29.653209,-82.323129,1,0,NE 2ND AVE & NE 2ND ST,0,0,1.99
NW 34TH ST & NW 6TH AVE,29.657915,-82.431525,1,0,NW 34TH ST & NW 6TH AVE,0,0,8.61
NW 34TH ST & NW 48TH PL,29.698519,-82.372444,1,0,NW 34TH ST & NW 48TH PL,0,0,6.2
NW 34TH ST & NW 42ND PL,29.692635,-82.372124,1,0,NW 34TH ST & NW 42ND PL,0,3,5.61
SE 13TH PL & SE 3RD TER,29.637334,-82.319066,1,0,SE 13TH PL & SE 3RD TER,0,0,2.65
SE 13TH PL & SE 20TH ST,29.638762,-82.298517,1,0,SE 13TH PL & SE 20TH ST,0,0,4.45
SE 13TH PL & SE 19TH TER,29.638908,-82.299243,1,0,SE 13TH PL & SE 19TH TER,0,1,4.38
SE 13TH PL & SE 19TH ST,29.638909,-82.300076,1,0,SE 13TH PL & SE 19TH ST,0,0,4.3
SE 13TH PL & SE 18TH TER,29.638774,-82.301107,2,0,SE 13TH PL & SE 18TH TER,0,1,4.21
SE 13TH LN & SE 4TH ST,29.637602,-82.317719,2,0,SE 13TH LN & SE 4TH ST,0,0,2.75
SE 13TH LN & SE 3RD TER,29.637113,-82.318493,1,0,SE 13TH LN & SE 3RD TER,0,0,2.71
SE 13TH AVE & SE 2ND ST,29.649947,-82.308685,1,0,SE 13TH AVE & SE 2ND ST,0,0,3.33
SE 12TH ST & SE 6TH AVE,29.646436,-82.310394,1,0,SE 12TH ST & SE 6TH AVE,0,1,3.17
SE 12TH ST & SE 4TH PL,29.648054,-82.310719,1,0,SE 12TH ST & SE 4TH PL,0,0,3.13
SE 14TH TER & SE 4TH AVE,29.64812,-82.306514,4,0,SE 14TH TER & SE 4TH AVE | SE 14TH TER & SE 5TH ST,0,0,3.54
SE 14TH ST & UNIVERSITY AVE,29.634375,-82.336609,1,0,SE 14TH ST & UNIVERSITY AVE,0,0,1.72
SE 14TH LN & SE 4TH ST,29.636178,-82.317226,1,0,SE 14TH LN & SE 4TH ST,0,0,2.87
SE 12TH AVE & SE 19TH TER,29.640119,-82.299391,1,0,SE 12TH AVE & SE 19TH TER,0,1,4.34
SE 12TH AVE & SE 19TH ST,29.64026,-82.300396,5,0,SE 12TH AVE & SE 19TH ST,0,2,4.24
SE 12TH AVE & SE 18TH TER,29.640136,-82.301102,2,0,SE 12TH AVE & SE 18TH TER,0,1,4.18
NE 3RD AVE & NE 8TH ST,29.653711,-82.316264,1,0,NE 3RD AVE & NE 8TH ST,0,1,2.65
NE 3RD AVE & NE 3RD ST,29.654008,-82.322234,2,0,NE 3RD AVE & NE 3RD ST,0,2,2.1
NE 3R AVE & NE 7TH ST,29.653989,-82.317585,1,0,NE 3R AVE & NE 7TH ST,0,0,2.53
NE 39TH BLVD & NE 57TH BLVD,29.673729,-82.258369,3,0,NE 39TH BLVD & NE 57TH BLVD,0,9,8.65
NW 33RD TER & NW 46TH AVE,29.696799,-82.371689,1,0,NW 33RD TER & NW 46TH AVE,0,1,6.0
NW 33RD ST & NW 68TH AVE,29.71697,-82.370749,1,0,NW 33RD ST & NW 68TH AVE,0,1,8.02
NW 33RD ST & NW 63RD PL,29.712827,-82.370608,1,0,NW 33RD ST & NW 63RD PL,0,1,7.58
NW 33RD ST & NW 62ND AVE,29.711685,-82.370609,1,0,NW 33RD ST & NW 62ND AVE,0,1,7.46
NW 33RD LN & NW 34TH TER,29.68372,-82.373229,1,0,NW 33RD LN & NW 34TH TER,0,1,4.85
NW 33RD AVE & NW 8TH ST,29.683123,-82.332823,1,0,NW 33RD AVE & NW 8TH ST,0,0,3.93
NW 32ND ST & NW 41ST AVE,29.691024,-82.369529,1,0,NW 32ND ST & NW 41ST AVE,0,1,5.33
SE 14TH AVE & SE 15TH ST,29.638118,-82.305718,1,0,SE 14TH AVE & SE 15TH ST,0,1,3.81
SE 13TH TER & SE 4TH AVE,29.648183,-82.30801,2,0,SE 13TH TER & SE 4TH AVE,0,0,3.4
SE 11TH AVE & SE 12TH ST,29.640875,-82.310938,1,0,SE 11TH AVE & SE 12TH ST,0,1,3.23
SE 13TH ST & SE 22ND AVE,29.6316985,-82.308571,4,0,SE 13TH ST & SE 22ND AVE,0,1,3.84
SE 13TH RD & SE 1ST ST,29.63438,-82.321922,1,0,SE 13TH RD & SE 1ST ST,0,0,2.6
SE 15TH DR & SE 7TH AVE,29.645732,-82.304798,1,0,SE 15TH DR & SE 7TH AVE,0,0,3.72
SE 15TH AVE & SE 19TH TER,29.63728,-82.299323,2,0,SE 15TH AVE & SE 19TH TER,0,2,4.42
SE 15TH AVE & SE 17TH ST,29.637295,-82.302726,1,0,SE 15TH AVE & SE 17TH ST,0,1,4.11
NE 17TH DR & NE 21ST PL,29.671971,-82.301873,1,0,NE 17TH DR & NE 21ST PL,0,0,4.74
NE 16TH TER & NE 8TH AVE,29.659095,-82.303861,1,0,NE 16TH TER & NE 8TH AVE,0,1,3.96
NW 2ND AVE & SW 5TH ST,29.653239,-82.330581,1,0,NW 2ND AVE & SW 5TH ST,0,0,1.31
NW 2ND AVE & NW 7TH TER,29.653364,-82.332307,1,0,NW 2ND AVE & NW 7TH TER,0,1,1.16
NW 2ND AVE & NW 6TH ST,29.830469,-82.602356,1,0,NW 2ND AVE & NW 6TH ST,0,1,32.17
NW 31ST PL & NW 8TH AVE,29.681864,-82.332654,1,0,NW 31ST PL & NW 8TH AVE,0,0,3.8
NW 31ST DR & NW 9TH PL,29.661184,-82.369571,2,0,NW 31ST DR & NW 9TH PL,0,0,2.91
NW 31ST BLVD & NW 31ST TER,29.68516,-82.371155,1,0,NW 31ST BLVD & NW 31ST TER,0,0,4.86
NW 31ST AVE & NW 6TH ST,29.680803,-82.330623,8,0,31ST AVE & NW 6TH ST | NW 31ST AVE & NW 6TH ST,0,6,3.75
NE 43RD TER & NE 49TH AVE,29.699487,-82.271837,1,0,NE 43RD TER & NE 49TH AVE,0,0,8.89
SE 14TH LN & SE 3RD TER,29.635933,-82.317599,1,0,SE 14TH LN & SE 3RD TER,0,1,2.85
SE 14TH AVE & SE 19TH TER,29.637982,-82.299404,2,0,SE 14TH AVE & SE 19TH TER,0,2,4.39
SE 14TH AVE & SE 17TH DR,29.63819,-82.301871,2,0,SE 14TH AVE & SE 17TH DR,0,1,4.16
NE 16TH TER & NE 6TH PL,29.657256,-82.303858,1,0,NE 16TH TER & NE 6TH PL,0,1,3.91
SE 19TH TER & SE 8TH AVE,29.644528,-82.299539,4,0,SE 19TH TER & SE 8TH AVE,0,3,4.24
SE 18TH ST & SE 6TH AVE,29.646314,-82.301694,1,0,SE 18TH ST & SE 6TH AVE,0,2,4.02
SE 18TH ST & SE 2ND AVE,29.650127,-82.301445,1,0,SE 18TH ST & SE 2ND AVE,0,1,4.03
SE 17TH TER & SE 6TH AVE,29.646326,-82.302681,1,0,SE 17TH TER & SE 6TH AVE,0,0,3.92
SE 17TH TER & SE 4TH AVE,29.648274,-82.302832,2,0,SE 17TH TER & SE 4TH AVE,0,2,3.9
SE 17TH ST & SE 3RD AVE,29.649191,-82.302842,4,0,SE 17TH ST & SE 3RD AVE,0,2,3.89
SE 17TH ST & SE 2ND AVE,29.650263,-82.303009,1,0,SE 17TH ST & SE 2ND AVE,0,0,3.88
NW 30TH TER & NW 39TH PL,29.689642,-82.367542,2,0,NW 30TH TER & NW 39TH PL,0,2,5.11
NW 30TH ST & W UNIVERSITY AVE,29.652097,-82.36727,16,0,NW 30TH ST & W UNIVERSITY AVE | SW 30TH ST & W UNIVERSITY AVE,0,8,2.37
NW 30TH ST & NW 45TH AVE,29.695836,-82.366719,1,0,NW 30TH ST & NW 45TH AVE,0,2,5.69
NW 30TH BLVD & NW 34TH ST,29.6803065,-82.3723535,2,0,NW 30TH BLVD & NW 34TH ST,0,2,4.5
NW 30TH AVE & NW 6TH ST,29.679965,-82.330622,5,0,NW 30TH AVE & NW 6TH ST,0,2,3.66
NW 30TH AVE & NW 34TH ST,29.679965,-82.37251,7,0,NW 30TH AVE & NW 34TH ST,0,8,4.48
SE 13TH ST & SE 7TH AVE,29.645795,-82.308511,5,0,SE 13TH ST & SE 7TH AVE,0,2,3.36
SE 15TH ST & SE 23RD AVE,29.630871,-82.30583,1,0,SE 15TH ST & SE 23RD AVE,0,1,4.12
SE 1ST AVE & SE WILLISTON RD,29.632214,-82.320598,1,0,SE 1ST AVE & SE WILLISTON RD,0,0,2.85
SE 1ST AVE & SE 7TH ST,29.650946,-82.317621,1,0,SE 1ST AVE & SE 7TH ST,0,1,2.48
NE 16TH AVE & NE 17TH WAY,29.666361,-82.302593,3,0,NE 16TH AVE & NE 17TH WAY,0,3,4.38
NE 15TH TER & NE 8TH AVE,29.659098,-82.304788,2,0,NE 15TH TER & NE 8TH AVE,0,0,3.88
NE 15TH ST & NE 7TH AVE,29.657833,-82.30569,1,0,NE 15TH ST & NE 7TH AVE,0,1,3.76
NE 15TH ST & NE 6TH PL,29.657397,-82.30569,2,0,NE 15TH ST & NE 6TH PL,0,0,3.74
NE 4TH AVE & NE 6TH ST,29.654685,-82.318412,1,0,NE 4TH AVE & NE 6TH ST,0,0,2.48
NW 2ND AVE & NW 2ND ST,29.653205,-82.326584,1,0,NW 2ND AVE & NW 2ND ST,0,1,1.67
NW 29TH TER & NW 44TH PL,29.694967,-82.36702,1,0,NW 29TH TER & NW 44TH PL,0,1,5.62
NW 29TH TER & NW 43RD AVE,29.693549,-82.366695,1,0,NW 29TH TER & NW 43RD AVE,0,0,5.46
NW 29TH TER & NW 41ST PL,29.691959,-82.3661045,2,0,NW 29TH TER & NW 41ST PL,0,1,5.28
NW 29TH ST & NW 41ST AVE,29.69123,-82.365802,1,0,NW 29TH ST & NW 41ST AVE,0,1,5.19
NW 29TH ST & NW 31ST AVE,29.681271,-82.366112,1,0,NW 29TH ST & NW 31ST AVE,0,0,4.23
NW 29TH AVE & NW 6TH ST,29.678919,-82.330635,3,0,NW 29TH AVE & NW 6TH AVE | NW 29TH AVE & NW 6TH ST,0,2,3.55
NE 40TH TER & NE 49TH AVE,29.699302,-82.274681,2,0,NE 40TH TER & NE 49TH AVE,0,1,8.67
NE 3RD ST & NE 9TH AVE,29.660081,-82.322197,1,0,NE 3RD ST & NE 9TH AVE,0,0,2.38
NE 15TH ST & NE 5TH AVE,29.655527,-82.305687,2,0,NE 15TH ST & NE 5TH AVE,0,1,3.7
NE 15TH ST & NE 4TH AVE,29.654775,-82.3057,2,0,NE 15TH ST & NE 4TH AVE,0,1,3.68
NE 15TH ST & NE 40TH PL,29.690699,-82.305608,4,0,NE 15TH ST & NE 40TH PL,0,0,5.89
SE 1ST AVE & SE 4TH PL,29.823454,-82.594564,1,0,SE 1ST AVE & SE 4TH PL,0,0,31.09
SE 23RD ST & SE 9TH PL,29.642735,-82.29425,1,0,SE 23RD ST & SE 9TH PL,0,0,4.77
SE 23RD ST & SE 8TH PL,29.644173,-82.29457,1,0,SE 23RD ST & SE 8TH PL,0,0,4.72
SE 21ST ST & SE 3RD PL,29.648612,-82.29741,1,0,SE 21ST ST & SE 3RD PL,0,0,4.42
SE 21ST ST & SE 2ND AVE,29.6500385,-82.2973665,2,0,SE 21ST ST & SE 2ND AVE,0,2,4.43
SE 1ST TER & SW WILLISTON RD,29.634051,-82.319004,1,0,SE 1ST TER & SW WILLISTON RD,0,0,2.85
NW 27TH ST & NW 57TH PL,29.707264,-82.362776,2,0,NW 27TH ST & NW 57TH PL,0,2,6.76
NW 27TH ST & NW 2ND AVE,29.653379,-82.362721,1,0,NW 27TH ST & NW 2ND AVE,0,0,1.96
NW 27TH ST & NW 27TH TER,29.678099,-82.363462,1,0,NW 27TH ST & NW 27TH TER,0,0,3.8
NW 27TH PL & NW 34TH ST,29.678079,-82.372172,1,0,NW 27TH PL & NW 34TH ST,0,2,4.29
NW 28TH ST & NW 48TH AVE,29.698809,-82.364138,1,0,NW 28TH ST & NW 48TH AVE,0,0,5.91
NE 53RD AVE & NW 43RD ST,29.64931,-82.389523,1,0,NE 53RD AVE & NW 43RD ST,0,0,4.49
SE 16TH DR & SE 8TH AVE,29.644406,-82.304449,1,0,SE 16TH DR & SE 8TH AVE,0,0,3.77
NE 4TH TER & NE 8TH AVE,29.659075,-82.320871,3,0,NE 4TH TER & NE 8TH AVE,0,3,2.43
NE 4TH AVE & NE 9TH ST,29.654702,-82.314604,1,0,NE 4TH AVE & NE 9TH ST,0,0,2.83
SE 2ND ST & SE 6TH AVE,29.646349,-82.323063,2,0,2ND ST & 6TH AVE | SE 2ND ST & SE 6TH AVE,0,2,1.96
SE 2ND ST & SE 4TH AVE,29.648397,-82.322925,2,0,SE 2ND ST & SE 4TH AVE,0,2,1.95
SE 2ND PL & SE 4TH ST,29.649533,-82.321607,1,0,SE 2ND PL & SE 4TH ST,0,0,2.08
SE 2ND AVE & SE 6TH ST,29.650125,-82.319345,1,0,SE 2ND AVE & SE 6TH ST,0,0,2.3
SE 2ND AVE & SE 4TH ST,29.650291,-82.321759,1,0,SE 2ND AVE & SE 4TH ST,0,0,2.07
NW 25TH TER & NW 31ST AVE,29.691366,-82.320491,1,0,NW 25TH TER & NW 31ST AVE,0,0,5.2
NW 25TH TER & NW 29TH PL,29.679785,-82.361281,1,0,NW 25TH TER & NW 29TH PL,0,0,3.86
NW 25TH PL & NW 34TH ST,29.675918,-82.372183,4,0,NW 25TH PL & NW 34TH ST,0,3,4.12
NE 49TH AVE & NE 52ND DR,29.703701,-82.261649,1,0,NE 49TH AVE & NE 52ND DR,0,0,9.96
NW 28TH PL & NW 37TH TER,29.678603,-82.379211,1,0,NW 28TH PL & NW 37TH TER,0,0,4.81
NW 28TH PL & NW 34TH ST,29.678532500000003,-82.3725085,2,0,NW 28TH PL & NW 34TH ST,0,5,4.35
NW 28TH AVE & NW 6TH ST,29.67805,-82.3306335,2,0,NW 28TH AVE & NW 6TH ST,0,3,3.46
NW 27TH TER & W UNIVERSITY AVE,29.651872,-82.363642,3,0,NW 27TH TER & W UNIVERSITY AVE,0,4,2.02
NW 29TH AVE & NW 34TH ST,29.679272,-82.372194,3,0,NW 29TH AVE & NW 34TH ST,0,3,4.4
NW 27TH TER & NW 47TH AVE,29.697835,-82.362987,1,0,NW 27TH TER & NW 47TH AVE,0,0,5.77
NW 27TH TER & NW 2ND AVE,29.65339,-82.363502,1,0,NW 27TH TER & NW 2ND AVE,0,1,2.04
NW 27TH ST & NW 62ND AVE,29.71187,-82.362776,2,0,NW 27TH ST & NW 62ND AVE,0,3,7.25
SE 26TH ST & SE 26TH TER,29.649688,-82.289813,1,0,SE 26TH ST & SE 26TH TER,0,0,5.16
SE 4TH ST & SE 9TH PL,29.642036,-82.319918,3,0,SE 4TH ST & SE 9TH PL,0,2,2.36
SE 4TH AVE & SE 8TH ST,29.648102,-82.316489,1,0,SE 4TH AVE & SE 8TH ST,0,0,2.58
NE 15TH ST & NE 3RD AVE,29.653796,-82.305687,9,0,NE 15TH ST & NE 3RD AVE,0,4,3.66
NE 15TH ST & NE 28TH AVE,29.677521,-82.30566,5,0,NE 15TH ST & NE 28TH AVE,0,2,4.82
NE 5TH PL & NE 7TH ST,29.656598,-82.317433,1,0,NE 5TH PL & NE 7TH ST,0,1,2.63
NE 5TH AVE & NE 8TH ST,29.655555,-82.316256,2,0,NE 5TH AVE & NE 8TH ST,0,0,2.7
NW 27TH AVE & NW 48TH TER,29.677754,-82.394942,1,0,NW 27TH AVE & NW 48TH TER,0,0,5.95
NW 26TH TER & NW 68TH AVE,29.717215,-82.361869,2,0,NW 26TH TER & NW 68TH AVE,0,2,7.8
NW 26TH TER & NW 57TH PL,29.707537,-82.361889,1,0,NW 26TH TER & NW 57TH PL,0,0,6.76
NW 26TH TER & NW 33RD PL,29.683897,-82.361685,1,0,NW 26TH TER & NW 33RD PL,0,1,4.29
NW 26TH ST & NW 3RD AVE,29.654039,-82.361319,1,0,NW 26TH ST & NW 3RD AVE,0,0,1.86
NW 25TH TER & NW 55TH BLVD,29.705558,-82.360012,1,0,NW 25TH TER & NW 55TH BLVD,0,0,6.5
NW 24TH ST & NW 24TH WAY,29.674031,-82.358104,1,0,NW 24TH ST & NW 24TH WAY,0,0,3.15
NW 24TH BLVD & NW 52ND AVE,29.701894,-82.358494,1,0,NW 24TH BLVD & NW 52ND AVE,0,1,6.07
NW 24TH BLVD & NW 49TH AVE,29.699609,-82.357707,1,0,NW 24TH BLVD & NW 49TH AVE,0,1,5.81
NE 15TH ST & NE 18TH AVE,29.668396,-82.30569,2,0,NE 15TH ST & NE 18TH AVE,0,1,4.22
NE 15TH ST & NE 17TH AVE,29.667645,-82.3056715,2,0,NE 15TH ST & NE 17TH AVE,0,1,4.18
STATION 2 ACCESS RD & SW ARCHER RD,29.634884,-82.355018,2,0,STATION 2 ACCESS RD & SW ARCHER RD,0,10,1.93
SR-A & W UNIVERSTIY AVE,29.651837,-82.326581,1,0,SR-A & W UNIVERSTIY AVE,0,0,1.63
SE 9TH PL & SE 9TH ST,29.642802,-82.315242,1,0,SE 9TH PL & SE 9TH ST,0,0,2.78
NW 23RD WAY & NW 71ST PL,29.720018,-82.356352,1,0,NW 23RD WAY & NW 71ST PL,0,0,8.0
NW 23RD TER & NW 62ND PL,29.7122,-82.360457,1,0,NW 23RD TER & NW 62ND PL,0,1,7.23
NW 25TH AVE & NW 8TH ST,29.675548,-82.332891,1,0,NW 25TH AVE & NW 8TH ST,0,1,3.13
NE 6TH AVE & NE BLVD,29.656761,-82.319909,1,0,NE 6TH AVE & NE BLVD,0,1,2.41
NE 6TH AVE & NE 9TH ST,29.657132,-82.314611,2,0,NE 6TH AVE & NE 9TH ST,0,0,2.91
NE 6TH AVE & NE 6TH ST,29.65676,-82.31853,1,0,NE 6TH AVE & NE 6TH ST,0,0,2.54
NE 5TH TER & NE 9TH AVE,29.660073,-82.319191,1,0,NE 5TH TER & NE 9TH AVE,0,1,2.63
NE 5TH ST & NE 9TH AVE,29.660074,-82.319966,1,0,NE 5TH ST & NE 9TH AVE,0,2,2.56
NW 23RD ST & NW 34TH ST,29.6913755,-82.3635685,2,0,NW 23RD ST & NW 34TH ST,0,0,5.12
NW 22ND ST & NW 5TH AVE,29.655818,-82.353477,1,0,NW 22ND ST & NW 5TH AVE,0,0,1.27
NW 22ND ST & NW 45TH AVE,29.700192,-82.354312,1,0,NW 22ND ST & NW 45TH AVE,0,0,5.8
NW 22ND ST & NW 31ST AVE,29.681126,-82.353053,2,0,NW 22ND ST & NW 31ST AVE,0,1,3.71
NE 5TH PL & NE 9TH ST,29.656435,-82.314613,1,0,NE 5TH PL & NE 9TH ST,0,1,2.88
SE 5TH AVE & SE 9TH ST,29.647028,-82.314947,1,0,SE 5TH AVE & SE 9TH ST,0,1,2.73
SE 5TH AVE & SE 7TH ST,29.6470275,-82.3177575,2,0,SE 5TH AVE & SE 7TH ST,0,1,2.46
NE 14TH ST & NE 8TH AVE,29.659149,-82.30737,9,0,NE 14TH ST & NE 8TH AVE,0,0,3.64
NE 14TH ST & NE 16TH AVE,29.666385,-82.307576,1,0,NE 14TH ST & NE 16TH AVE,0,0,3.95
NE 14TH AVE & NE 8TH ST,29.664674,-82.315537,1,0,NE 14TH AVE & NE 8TH ST,0,0,3.19
NE 13TH ST & NE 8TH AVE,29.659175,-82.308959,1,0,NE 13TH ST & NE 8TH AVE,0,1,3.5
NE 13TH ST & NE 31ST AVE,29.681417,-82.309374,3,0,NE 13TH ST & NE 31ST AVE,0,2,4.87
NW 23RD AVE & NW 8TH ST,29.6738,-82.332833,8,0,NW 23RD AVE & NW 8TH ST,0,4,2.94
NW 23RD AVE & NW 8TH CT,29.674078,-82.333307,1,0,NW 23RD AVE & NW 8TH CT,0,1,2.96
NW 23RD AVE & NW 54TH TER,29.673979,-82.400721,3,0,NW 23RD AVE & NW 54TH TER,0,2,6.23
NE 5TH AVE & NE 5TH ST,29.655571,-82.320826,1,0,NE 5TH AVE & NE 5TH ST,0,1,2.28
NE 12TH ST & NE 5TH AVE,29.655684,-82.310726,1,0,NE 12TH ST & NE 5TH AVE,0,0,3.22
NW 21ST ST & NW 4TH PL,29.655324,-82.351339,1,0,NW 21ST ST & NW 4TH PL,0,1,1.08
NW 21ST ST & NW 42ND AVE,29.692196,-82.351329,1,0,NW 21ST ST & NW 42ND AVE,0,1,4.88
NW 21ST ST & NW 3RD PL,29.654409,-82.351347,1,0,NW 21ST ST & NW 3RD PL,0,2,1.01
NE 7TH AVE & NE 8TH TER,29.657744,-82.315704,1,0,NE 7TH AVE & NE 8TH TER,0,1,2.83
NW 24TH BLVD & NW 38TH AVE,29.687517,-82.357787,2,0,NW 24TH BLVD & NW 38TH AVE,0,0,4.52
NW 24TH AVE & NW 6TH ST,29.674774,-82.330622,4,0,NW 24TH AVE & NW 6TH ST,0,1,3.12
NE 13TH ST & NE 28TH AVE,29.67742,-82.309547,1,0,NE 13TH ST & NE 28TH AVE,0,0,4.54
NE 13TH ST & NE 1ST AVE,29.653,-82.308662,1,0,NE 13TH ST & NE 1ST AVE,0,0,3.36
SW 10TH PL & SW 19TH TER,29.641797,-82.299538,1,0,SW 10TH PL & SW 19TH TER,0,0,4.29
NE 12TH ST & NE 18TH AVE,29.668401,-82.310116,1,0,NE 12TH ST & NE 18TH AVE,0,0,3.86
SW 12TH DR & SW 17TH LN,29.63592,-82.337176,2,0,SW 12TH DR & SW 17TH LN,0,0,1.54
SW 121 SW 34TH ST & SW 24TH AVE,29.652278,-82.293368,1,0,SW 121 SW 34TH ST & SW 24TH AVE,0,0,4.83
NE 8TH AVE & NE 8TH ST,29.659216,-82.315967,1,0,NE 8TH AVE & NE 8TH ST,0,1,2.87
NE 7TH PL & NE 9TH ST,29.658578,-82.314621,1,0,NE 7TH PL & NE 9TH ST,0,0,2.96
NW 23RD TER & NW 54TH BLVD,29.70606,-82.35622,1,0,NW 23RD TER & NW 54TH BLVD,0,0,6.47
NE 12TH AVE & NE 15TH ST,29.663324,-82.305823,2,0,NE 12TH AVE & NE 15TH ST,0,1,3.95
NW 22ND ST & NW 2ND AVE,29.653594,-82.35347,1,0,NW 22ND ST & NW 2ND AVE,0,1,1.14
NW 22ND AVE & NW 8TH ST,29.673066,-82.332696,1,0,NW 22ND AVE & NW 8TH ST,0,0,2.87
NW 21ST WAY & NW 76TH PL,29.724256,-82.353335,1,0,NW 21ST WAY & NW 76TH PL,0,0,8.42
NW 21ST TER & NW 45TH AVE,29.6957115,-82.35222949999999,2,0,NW 21ST TER & NW 45TH AVE,0,1,5.28
NW 23RD AVE & NW 47TH TER,29.673985,-82.393301,2,0,NW 23RD AVE & NW 47TH ST | NW 23RD AVE & NW 47TH TER,0,4,5.6
NW 23RD AVE & NW 46TH TER,29.673986,-82.392642,1,0,NW 23RD AVE & NW 46TH TER,0,0,5.55
NW 23RD AVE & NW 46TH ST,29.673986,-82.392047,3,0,NW 23RD AVE & NW 46TH ST,0,2,5.5
NE 9TH AVE & NE BLVD,29.660149,-82.321447,2,0,NE 9TH AVE & NE BLVD,0,0,2.44
SW 10TH TER & SW 17TH LN,29.636028,-82.335347,1,0,SW 10TH TER & SW 17TH LN,0,0,1.6
SW 13TH ST & SW 36TH PL,29.619049,-82.339998,2,0,SW 13TH ST & SW 36TH PL,0,6,3.31
NE 13TH AVE & NE 5TH ST,29.663474,-82.320273,1,0,NE 13TH AVE & NE 5TH ST,0,0,2.74
NE 13TH AVE & NE 25TH TER,29.664471,-82.290982,1,0,NE 13TH AVE & NE 25TH TER,0,0,5.33
NE 12TH TER & NE 23RD AVE,29.673704,-82.309405,1,0,NE 12TH TER & NE 23RD AVE,0,1,4.27
NE 12TH TER & NE 16TH AVE,29.66639,-82.309306,3,0,NE 12TH TER & NE 16TH AVE,0,1,3.81
NE 12TH ST & NE 6TH PL,29.657032,-82.310398,1,0,NE 12TH ST & NE 6TH PL,0,1,3.29
NW 21ST ST & NW 3RD AVE,29.653876,-82.3515045,3,0,NW 21ST ST & NW 3RD AVE,0,1,0.99
NW 21ST ST & NW 23RD AVE,29.673794,-82.323538,2,0,NW 21ST ST & NW 23RD AVE,0,2,3.36
NW 10TH AVE & NW 9TH AVE,29.660349,-82.335108,1,0,NW 10TH AVE & NW 9TH AVE,0,0,1.5
NW 10TH AVE & NW 18TH TER,29.661798,-82.347049,1,0,NW 10TH AVE & NW 18TH TER,0,0,1.49
NW 10TH AVE & NW 13TH TER,29.66139,-82.339948,1,0,NW 10TH AVE & NW 13TH TER,0,1,1.43
NW 20TH AVE & NW 36TH TER,29.671051,-82.376844,1,0,NW 20TH AVE & NW 36TH TER,0,1,4.09
NE 7TH AVE & NE 7TH ST,29.658132,-82.317252,1,0,NE 7TH AVE & NE 7TH ST,0,0,2.71
NW 22ND ST & NW 9TH AVE,29.660639,-82.353468,1,0,NW 22ND ST & NW 9TH AVE,0,1,1.65
NW 22ND ST & NW 82ND AVE,29.74217,-82.354252,1,0,NW 22ND ST & NW 82ND AVE,0,2,10.41
NW 22ND ST & NW 7TH LN,29.658074,-82.353493,3,0,NW 22ND ST & NW 7TH LN,0,1,1.44
NE 12TH ST & NE 28TH AVE,29.677547,-82.310285,3,0,NE 12TH ST & NE 28TH AVE,0,1,4.5
SW 14TH ST & SW 18TH PL,29.634511,-82.340238,1,0,SW 14TH ST & SW 18TH PL,0,0,1.61
NE 12TH AVE & NE 24TH TER,29.663874,-82.292849,1,0,NE 12TH AVE & NE 24TH TER,0,1,5.14
NE 12TH AVE & NE 24TH ST,29.663683,-82.2935885,2,0,NE 12TH AVE & NE 24TH ST,0,1,5.07
NE 12TH AVE & NE 22ND ST,29.663458,-82.29607,3,0,NE 12TH AVE & NE 22ND ST,0,1,4.83
NE 12TH AVE & NE 21ST ST,29.662925,-82.298102,2,0,NE 12TH AVE & NE 21ST ST,0,0,4.63
SW 1ST ST & SW 6TH AVE,29.646347,-82.325813,1,0,SW 1ST ST & SW 6TH AVE,0,0,1.69
SW 1ST ST & SW 5TH AVE,29.647155,-82.325658,1,0,SW 1ST ST & SW 5TH AVE,0,0,1.7
NW 10TH ST & NW 13TH AVE,29.663788,-82.335091,1,0,NW 10TH ST & NW 13TH AVE,0,0,1.83
NW 10TH ST & NW 11TH AVE,29.6619785,-82.335019,2,0,11TH AVE & NW 10TH ST | NW 10TH ST & NW 11TH AVE,0,0,1.66
NW 20TH ST & NW 3RD AVE,29.653855,-82.349309,1,0,NW 20TH ST & NW 3RD AVE,0,0,0.82
NW 20TH ST & NW 32ND PL,29.682704,-82.349333,1,0,NW 20TH ST & NW 32ND PL,0,0,3.81
NW 21ST ST & NW 7TH LN,29.657938,-82.351497,1,0,NW 21ST ST & NW 7TH LN,0,0,1.3
NW 21ST ST & NW 53RD AVE,29.703153,-82.351472,2,0,NW 21ST ST & NW 53RD AVE,0,1,6.08
NE 11TH TER & NE 35TH AVE,29.684923,-82.311105,1,0,NE 11TH TER & NE 35TH AVE,0,1,5.06
SW 1ST AVE & SW 2ND ST,29.651184,-82.326582,11,0,SE 1ST AVE & SE 2ND ST | SW 1ST AVE & SW 2ND ST,0,7,1.62
SW 1ST AVE & SW 28TH TER,29.651356,-82.365203,1,0,SW 1ST AVE & SW 28TH TER,0,0,2.16
SW 17TH PL & SW 51ST TER,29.636969,-82.397289,1,0,SW 17TH PL & SW 51ST TER,0,0,5.4
SW 17TH PL & SW 42ND ST,29.636282,-82.386999,2,0,SW 17TH PL & SW 42ND ST,0,1,4.47
SW 17TH PL & SW 36TH ST,29.635951,-82.376675,1,0,SW 17TH PL & SW 36TH ST,0,0,3.55
SW 17TH LN & SW 40TH TER,29.636849,-82.384396,1,0,SW 17TH LN & SW 40TH TER,0,0,4.21
NW 20TH ST & W UNIVERSITY AVE,29.651941,-82.349304,2,0,NW 20TH ST & W UNIVERSITY AVE,0,20,0.69
NE 11TH ST & NE 7TH AVE,29.657691,-82.311741,1,0,NE 11TH ST & NE 7TH AVE,0,0,3.19
NE 11TH ST & NE 5TH PL,29.656372,-82.311574,1,0,NE 11TH ST & NE 5TH PL,0,1,3.16
NW 1ST ST & NW 6TH AVE,29.65682,-82.325683,1,0,NW 1ST ST & NW 6TH AVE,0,0,1.91
NW 1ST ST & NW 5TH AVE,29.655769,-82.325841,1,0,NW 1ST ST & NW 5TH AVE,0,0,1.84
NW 1ST ST & NW 3RD AVE,29.653956,-82.32577599999999,3,0,NW 1ST ST & NW 3RD AVE,0,2,1.77
NW 1ST PL & NW 9TH ST,29.652885,-82.333903,1,0,NW 1ST PL & NW 9TH ST,0,0,1.0
NW 21ST DR & NW 77TH AVE,29.725085,-82.352488,2,0,NW 21ST DR & NW 77TH AVE,0,0,8.51
NW 21ST DR & NW 52ND PL,29.702704,-82.353323,1,0,NW 21ST DR & NW 52ND PL,0,0,6.06
NW 21ST DR & NW 49TH AVE,29.69908,-82.352961,1,0,NW 21ST DR & NW 49TH AVE,0,1,5.66
NW 21ST DR & NW 36TH AVE,29.685979,-82.353108,1,0,NW 21ST DR & NW 36TH AVE,0,1,4.23
NW 21ST AVE & NW 22ND ST,29.672205,-82.351753,1,0,NW 21ST AVE & NW 22ND ST,0,1,2.73
NW 20TH TER & NW 50TH PL,29.70087,-82.349797,1,0,NW 20TH TER & NW 50TH PL,0,0,5.81
NW 20TH TER & NW 3RD AVE,29.653862,-82.34993,1,0,NW 20TH TER & NW 3RD AVE,0,1,0.87
NE 11TH PL & NE 25TH TER,29.663138,-82.290898,1,0,NE 11TH PL & NE 25TH TER,0,1,5.29
NE 11TH PL & NE 23RD ST,29.663051,-82.294258,1,0,NE 11TH PL & NE 23RD ST,0,0,4.98
NE 10TH TER & NE 23RD AVE,29.673709,-82.313025,3,0,NE 10TH ST & NE 23RD AVE | NE 10TH TER & NE 23RD AVE,0,1,4.01
SW 23RD DR & SW 2ND AVE,29.650261,-82.358434,1,0,SW 23RD DR & SW 2ND AVE,0,2,1.49
SW 22ND RD & SW 38TH WAY,29.632861,-82.390897,1,0,SW 22ND RD & SW 38TH WAY,0,0,4.95
SW 22ND RD & SW 37TH TER,29.68744,-82.35512,1,0,SW 22ND RD & SW 37TH TER,0,0,4.44
NW 18TH WAY & NW 27TH TER,29.668476,-82.363263,1,0,NW 18TH WAY & NW 27TH TER,0,0,2.93
NW 10TH PL & NW 50TH TER,29.66191,-82.396331,1,0,NW 10TH PL & NW 50TH TER,0,0,5.35
NW 1ST PL & NW 8TH ST,29.653171,-82.332903,1,0,NW 1ST PL & NW 8TH ST,0,1,1.1
NW 1ST AVE & NW 3RD ST,29.652704,-82.327787,4,0,NW 1ST AVE & NW 3RD ST,0,0,1.54
NW 20TH LN & NW 38TH DR,29.67206,-82.382237,1,0,NW 20TH LN & NW 38TH DR,0,1,4.58
NW 20TH DR & NW 43RD PL,29.694393,-82.350453,1,0,NW 20TH DR & NW 43RD PL,0,0,5.1
NW 20TH DR & NW 42ND AVE,29.692326,-82.35063,1,0,NW 20TH DR & NW 42ND AVE,0,1,4.88
NW 20TH DR & NW 20TH TER,29.693629,-82.350482,1,0,NW 20TH DR & NW 20TH TER,0,0,5.02
SW 1ST AVE & SW 3RD ST,29.650665,-82.3277745,3,0,SW 1ST AVE & SW 3RD ST,0,0,1.5
SW 1ST AVE & SW 38TH ST,29.651332,-82.380739,1,0,SW 1ST AVE & SW 38TH ST,0,1,3.65
SW 20TH LN & SW 39TH WAY,29.633679,-82.383558,1,0,SW 20TH LN & SW 39TH WAY,0,0,4.26
SW 20TH AVE & SW 51ST TER,29.634805,-82.397094,2,0,SW 20TH AVE & SW 51ST TER,0,0,5.45
NE 11TH ST & NE 9TH AVE,29.660028,-82.311412,1,0,NE 11TH ST & NE 9TH AVE,0,1,3.31
NE 10TH ST & NE 1ST AVE,29.652891,-82.313059,1,0,NE 10TH ST & NE 1ST AVE,0,2,2.94
NE 10TH PL & NE 9TH ST,29.661484,-82.314615,1,0,NE 10TH PL & NE 9TH ST,0,0,3.09
NW 10TH ST & NW 6TH PL,29.656911,-82.334856,1,0,NW 10TH ST & NW 6TH PL,0,0,1.2
NW 19TH ST & NW 33RD AVE,29.683537,-82.347418,1,0,NW 19TH ST & NW 33RD AVE,0,1,3.87
NW 19TH ST & NW 31ST PL,29.681976,-82.347553,1,0,NW 19TH ST & NW 31ST PL,0,0,3.7
NW 19TH LN & NW 22ND ST,29.670491,-82.351755,1,0,NW 19TH LN & NW 22ND ST,0,1,2.55
NW 19TH AVE & NW 7TH ST,29.669262,-82.331878,1,0,NW 19TH AVE & NW 7TH ST,0,0,2.51
NW 10TH ST & NW 40TH AVE,29.689414,-82.334524,2,0,NW 10TH ST & NW 40TH AVE,0,0,4.58
NW 10TH ST & NW 18TH AVE,29.668277,-82.33479,1,0,NW 10TH ST & NW 18TH AVE,0,1,2.3
NW 10TH ST & NW 14TH AVE,29.664851,-82.334929,1,0,NW 10TH ST & NW 14TH AVE,0,0,1.95
NE 11TH ST & NE 3RD AVE,29.6537665,-82.3116385,7,0,NE 11TH ST & NE 3RD AVE,0,4,3.09
NE 11TH ST & NE 23RD AVE,29.673776,-82.31225,2,0,NE 11TH ST & NE 23RD AVE,0,1,4.07
NE 11TH ST & NE 1ST AVE,29.652893,-82.311558,5,0,NE 11TH ST & NE 1ST AVE,0,4,3.09
SW 23RD PL & SW 24TH AVE,29.630072,-82.378778,2,0,SW 23RD PL & SW 24TH AVE | SW 24TH AVE & SW 37TH TER,0,0,4.03
SW 23RD LN & SW 37TH TER,29.63089,-82.378628,1,0,SW 23RD LN & SW 37TH TER,0,0,3.97
SW 23RD DR & W UNIVERSITY AVE,29.652058500000003,-82.358446,2,0,SW 23RD DR & W UNIVERSITY AVE,0,4,1.53
N MAIN TER & NE 35TH AVE,29.684489,-82.32407,1,0,N MAIN TER & NE 35TH AVE,0,0,4.36
N MAIN ST & NW 31ST AVE,29.623498,-82.199181,1,0,N MAIN ST & NW 31ST AVE,0,0,14.2
NW 17TH ST & NW 29TH RD,29.681468000000002,-82.3451065,2,0,NW 17TH ST & NW 29TH RD,0,1,3.63
NW 17TH PL & NW 47TH ST,29.668124,-82.393263,1,0,NW 17TH PL & NW 47TH ST,0,0,5.3
NW 18TH ST & NW 3RD PL,29.6545665,-82.346111,4,0,NW 18TH ST & NW 3RD PL,0,2,0.7
NW 18TH ST & NW 3RD AVE,29.65383,-82.346266,1,0,NW 18TH ST & NW 3RD AVE,0,0,0.64
NW 11TH RD & NW 18TH TER,29.662822,-82.347046,2,0,NW 11TH RD & NW 18TH TER,0,2,1.6
NW 11TH AVE & NW 8TH ST,29.66196,-82.332949,1,0,NW 11TH AVE & NW 8TH ST,0,0,1.76
NW 19TH TER & NW 39TH AVE,29.688416,-82.348142,1,0,NW 19TH TER & NW 39TH AVE,0,2,4.42
NW 19TH ST & NW 7TH PL,29.658572,-82.347763,1,0,NW 19TH ST & NW 7TH PL,0,1,1.17
NW 19TH ST & NW 7TH AVE,29.657599,-82.347629,2,0,NW 19TH ST & NW 7TH AVE,0,1,1.07
SW 21ST PL & SW 43RD ST,29.632741,-82.389087,12,0,SW 21ST PL & SW 42ND ST | SW 21ST PL & SW 43RD ST | SW 21ST ST PL & SW 43RD ST,0,5,4.79
SW 21ST DR & SW 37TH CT,29.618581,-82.350879,1,0,SW 21ST DR & SW 37TH CT,0,0,3.43
SW 23RD ST & SW 34TH PL,29.621188500000002,-82.3557895,2,0,SW 23RD ST & SW 34TH PL,0,1,3.3
SW 23RD ST & SW 31ST PL,29.623528,-82.356249,7,0,SW 23RD ST & SW 30TH AVE | SW 23RD ST & SW 31ST PL,0,6,3.08
NE 10TH ST & NE 28TH AVE,29.677432,-82.313783,1,0,NE 10TH ST & NE 28TH AVE,0,3,4.26
NW 49TH TER & NW 53RD AVE,29.703395,-82.395377,5,0,NW 49TH TER & NW 53RD AVE,0,0,7.89
NW 48TH TER & NW 76TH RD,29.724952,-82.394042,1,0,NW 48TH TER & NW 76TH RD,0,1,9.78
NW 48TH BLVD & NW 6TH PL,29.659729,-82.396217,1,0,NW 48TH BLVD & NW 6TH PL,0,0,5.28
NW 47TH WAY & NW 79TH RD,29.72691,-82.393564,1,0,NW 47TH WAY & NW 79TH RD,0,0,9.94
NW 46TH ST & NW 8TH AVE,29.659289,-82.331887,1,0,NW 46TH ST & NW 8TH AVE,0,0,1.59
SW 40TH TER & W UNIVERSITY AVE,29.65235,-82.385994,1,0,SW 40TH TER & W UNIVERSITY AVE,0,0,4.17
NW 13TH ST & NW 49TH AVE,29.664637,-82.395735,1,0,NW 13TH ST & NW 49TH AVE,0,0,5.39
NW 17TH ST & NW 31ST PL,29.68185,-82.344711,2,0,NW 17TH ST & NW 31ST PL,0,0,3.67
SW 25TH BLVD & SW 25TH TER,29.610861,-82.35744,1,0,SW 25TH BLVD & SW 25TH TER,0,2,4.43
SW 2ND AVE & SW 30TH ST,29.650285,-82.367461,4,0,SW 2ND AVE & SW 30TH ST,0,2,2.36
NW 19TH AVE & NW 4TH ST,29.812387,-82.567721,2,0,NW 19TH AVE & NW 4TH ST,0,0,28.3
NW 19TH AVE & NW 4TH AVE,29.669187,-82.328763,1,0,NW 19TH AVE & NW 4TH AVE,0,1,2.65
NE 10TH AVE & NE 26TH TER,29.661057,-82.289989,1,0,NE 10TH AVE & NE 26TH TER,0,1,5.31
NE 10TH AVE & NE 14TH ST,29.664533,-82.313574,1,0,NE 10TH AVE & NE 14TH ST,0,0,3.35
NE 10TH AVE & NE 11TH ST,29.660612,-82.311568,1,0,NE 10TH AVE & NE 11TH ST,0,1,3.32
N W 23RD AVE & NW 43RD ST,29.683866,-82.357456,1,0,N W 23RD AVE & NW 43RD ST,0,0,4.13
SW 26TH TER & SW 40TH PL,29.613468,-82.360256,2,0,SW 26TH TER & SW 40TH PL,0,2,4.25
N MAIN ST & NE 42ND PL,29.692307,-82.319449,1,0,N MAIN ST & NE 42ND PL,0,1,5.34
SW 25TH WAY & SW 31ST PL,29.622752,-82.360469,2,0,SW 25TH WAY & SW 31ST PL,0,0,3.34
SW 25TH TER & SW 40TH PL,29.6137215,-82.35968700000001,3,0,SW 25TH TER & SW 40TH PL,0,2,4.21
SW 25TH TER & SW 35TH PL,29.619746499999998,-82.361019,4,0,SW 25TH TER & SW 35TH PL,0,2,3.66
NW 18TH PL & NW 39TH TER,29.669324,-82.382969,1,0,NW 18TH PL & NW 39TH TER,0,0,4.48
NW 18TH AVE & NW 34TH ST,29.66838,-82.372237,2,0,NW 18TH AVE & NW 34TH ST,0,8,3.56
NW 17TH TER & NW 41ST AVE,29.691065,-82.345079,1,0,NW 17TH TER & NW 41ST AVE,0,0,4.69
NW 17TH ST & NW 7TH PL,29.658368,-82.34447,2,0,NW 17TH ST & NW 7TH PL,0,0,1.07
NW 4TH ST & NW 7TH AVE,29.657755,-82.328758,1,0,NW 4TH ST & NW 7TH AVE,0,0,1.71
NW 4TH ST & NW 5TH AVE,29.655633,-82.32856,2,0,NW 4TH ST & NW 5TH AVE,0,2,1.6
NW 4TH PL & NW 60TH ST,29.656548,-82.406778,3,0,NW 4TH PL & NW 60TH ST,0,1,6.22
NE 24TH AVE & NE 50TH DR,29.674454,-82.26386,1,0,NE 24TH AVE & NE 50TH DR,0,0,8.18
NE 23RD ST & NE 3RD PL,29.654237,-82.294569,1,0,NE 23RD ST & NE 3RD PL,0,1,4.73
NE 23RD ST & NE 3RD AVE,29.653884,-82.294911,1,0,NE 23RD ST & NE 3RD AVE,0,1,4.7
NW 4TH AVE & NW 8TH ST,29.654453,-82.332744,1,0,NW 4TH AVE & NW 8TH ST,0,2,1.18
SW 29TH AVE & SW 40TH BLVD,29.627399,-82.392494,1,0,SW 29TH AVE & SW 40TH BLVD,0,0,5.34
SW 28TH TER & SW 39TH AVE,29.614756,-82.365338,2,0,SW 28TH TER & SW 39TH AVE,0,2,4.34
SW 28TH TER & SW 38TH PL,29.615628,-82.365099,1,0,SW 28TH TER & SW 38TH PL,0,1,4.25
SW 27TH ST & SW WILLISTON RD,29.608989,-82.363447,3,0,SW 27TH ST & SW WILLISTON RD,0,0,4.83
SW 27TH ST & SW 5TH AVE,29.647336,-82.363079,1,0,SW 27TH ST & SW 5TH AVE,0,0,1.94
SW 27TH ST & SW 4TH PL,29.648056,-82.362664,2,0,SW 27TH ST & SW 4TH PL,0,1,1.89
NW 16TH AVE & NW 55TH ST,29.666861,-82.401369,2,0,NW 16TH AVE & NW 55TH ST,0,4,5.98
NW 17TH AVE & NW 40TH TER,29.667639,-82.385309,1,0,NW 17TH AVE & NW 40TH TER,0,1,4.59
NW 12TH AVE & NW 40TH TER,29.663095,-82.385477,1,0,NW 12TH AVE & NW 40TH TER,0,0,4.4
NW 12TH AVE & NW 36TH ST,29.663455,-82.376102,1,0,NW 12TH AVE & NW 36TH ST,0,0,3.58
SW 26TH WAY & SW 33RD PL,29.620703,-82.362335,1,0,SW 26TH WAY & SW 33RD PL,0,1,3.63
SW 26TH WAY & SW 31ST PL,29.622561,-82.362758,1,0,SW 26TH WAY & SW 31ST PL,0,0,3.48
NW 11TH AVE & NW 64TH TER,29.662658,-82.411821,1,0,NW 11TH AVE & NW 64TH TER,0,0,6.82
NW 10TH TER & NW 5TH AVE,29.655562,-82.33554,1,0,NW 10TH TER & NW 5TH AVE,0,1,1.05
NW 10TH TER & NW 16TH AVE,29.666555,-82.33579,5,0,NW 10TH TER & NW 16TH AVE,0,4,2.09
SW 23RD TR & SW ARCHER RD,29.63248,-82.360935,1,0,SW 23RD TR & SW ARCHER RD,0,11,2.5
N MAIN & NW 2ND AVE,29.654026,-82.324849,1,0,N MAIN & NW 2ND AVE,0,1,1.86
MUSEUM RD & NEWELL DR,29.64484,-82.343362,1,0,MUSEUM RD & NEWELL DR,0,8,0.44
MORGAN RD & NE 53RD AVE,29.702869,-82.289784,1,0,MORGAN RD & NE 53RD AVE,0,0,7.91
MAIN ST & NW 4TH AVE,29.655148,-82.185201,1,0,MAIN ST & NW 4TH AVE,0,0,15.29
NW 12TH DR & NW 4TH AVE,29.655966,-82.33796799999999,2,0,NW 12TH DR & NW 4TH AVE,0,0,0.94
NW 12TH DR & NW 39TH AVE,29.688378,-82.338023,3,0,NW 12TH DR & NW 39TH AVE,0,12,4.42
NW 11TH ST & NW 1ST PL,29.652851,-82.335836,1,0,NW 11TH ST & NW 1ST PL,0,0,0.83
NW 11TH ST & NW 1ST AVE,29.652561,-82.335836,1,0,NW 11TH ST & NW 1ST AVE,0,0,0.82
NW 11TH ST & NW 12TH RD,29.662664,-82.350482,1,0,NW 11TH ST & NW 12TH RD,0,0,1.69
NW 11TH RD & NW 20TH ST,29.662655,-82.348818,1,0,NW 11TH RD & NW 20TH ST,0,1,1.63
NW 16TH BLVD & NW 39TH TER,29.671317,-82.383155,2,0,NW 16TH BLVD & NW 39TH ST | NW 16TH BLVD & NW 39TH TER,0,1,4.61
NW 15TH TER & NW 2ND AVE,29.653537,-82.342506,1,0,NW 15TH TER & NW 2ND AVE,0,2,0.53
NW 16TH AVE & NW 41ST ST,29.666898,-82.386923,3,0,NW 16TH AVE & NW 41ST ST,0,0,4.69
NW 16TH AVE & NW 31ST TER,29.6666435,-82.368924,2,0,NW 16TH AVE & NW 31ST TER,0,2,3.19
SW 2ND AVE & SW 2ND TER,29.650142,-82.327267,1,0,SW 2ND AVE & SW 2ND TER,0,2,1.54
SW 29TH TER & SW 37TH PL,29.616436,-82.366352,1,0,SW 29TH TER & SW 37TH PL,0,0,4.23
NW 12TH ST & NW 30TH AVE,29.680096,-82.33691,1,0,NW 12TH ST & NW 30TH AVE,0,0,3.52
NW 12TH ST & NW 15TH AVE,29.66579,-82.337031,2,0,NW 12TH ST & NW 15TH AVE,0,0,1.97
NW 12TH RD & NW 18TH TER,29.663729,-82.347197,1,0,NW 12TH RD & NW 18TH TER,0,1,1.7
EUA & WALDO RD,29.789415,-82.16887,1,0,EUA & WALDO RD,0,0,22.96
E UNIVERSTITY AVE & ELLEN WEST BLVD,29.652014,-82.285461,1,0,E UNIVERSTITY AVE & ELLEN WEST BLVD,0,0,5.59
SW 2ND AVE & SW 32ND ST,29.650279,-82.369801,11,0,-A & SW 32ND ST | SW 2ND AVE & SW 32ND ST,0,7,2.59
SW 2ND ST & SW 5TH AVE,29.647154,-82.326402,2,0,SW 2ND ST & SW 5TH AVE,0,0,1.63
SW 2ND PL & SW 3RD ST,29.649641,-82.327818,1,0,SW 2ND PL & SW 3RD ST,0,1,1.48
E UNIVERSITY AVE & SE 39TH ST,29.635781,-82.357275,2,0,E UNIVERSITY AVE & SE 39TH ST,0,0,1.99
NW 12TH TER & NW 30TH AVE,29.67997,-82.33768,1,0,NW 12TH TER & NW 30TH AVE,0,0,3.5
NW 12TH TER & NW 18TH AVE,29.66835,-82.338009,2,0,NW 12TH TER & NW 18TH AVE,0,0,2.22
NW 12TH AVE & NW 8TH ST,29.662861,-82.332971,3,0,NW 12TH AVE & NW 8TH ST,0,3,1.84
NW 16TH AVE & NW 26TH WAY,29.666624,-82.362174,3,0,NW 16TH AVE & NW 26TH TER | NW 16TH AVE & NW 26TH WAY,0,2,2.7
NW 16TH AVE & NW 23RD ST,29.666605,-82.355707,3,0,NW 16TH AVE & NW 23RD ST,0,0,2.32
SW 2ND AVE & SW 62ND BLVD,29.673941,-82.293803,1,0,SW 2ND AVE & SW 62ND BLVD,0,0,5.52
SW 2ND AVE & SW 35TH TER,29.650628,-82.375865,1,0,SW 2ND AVE & SW 35TH TER,0,1,3.18
E UNIVERSITY AVE & SE 21ST ST,29.651772,-82.297515,1,0,E UNIVERSITY AVE & SE 21ST ST,0,2,4.42
SW 2ND AVE & WOODLAWN DR,29.644917,-82.355255,1,0,SW 2ND AVE & WOODLAWN DR,0,2,1.25
SW 2ND AVE & W NEWBERRY RD,29.6479675,-82.494387,3,0,SW 2ND AVE & W NEWBERRY RD,0,0,14.64
E UNIVERSITY AVE & NE 5TH ST,29.825424,-82.591411,2,0,E UNIVERSITY AVE & NE 5TH ST,0,0,30.99
E UNIVERSITY AVE & NE 25TH TER,29.647564,-82.60606,1,0,E UNIVERSITY AVE & NE 25TH TER,0,0,25.44
E UNIVERSITY AVE & NE 23RD ST,29.651765,-82.2944195,2,0,E UNIVERSITY AVE & NE 23RD ST,0,2,4.72
E UNIVERSITY AVE & NE 19TH ST,29.651773,-82.299596,1,0,E UNIVERSITY AVE & NE 19TH ST,0,0,4.22
SW 31ST DR & SW 42ND PL,29.614358,-82.368946,1,0,SW 31ST DR & SW 42ND PL,0,0,4.56
NW 14TH ST & NW 32ND AVE,29.68215,-82.340521,1,0,NW 14TH ST & NW 32ND AVE,0,1,3.71
NW 14TH PL & NW 43RD ST,29.665754,-82.389177,1,0,NW 14TH PL & NW 43RD ST,0,2,4.84
NW 15TH ST & NW 3RD PL,29.654266999999997,-82.341628,4,0,NW 15TH ST & NW 3RD PL,0,1,0.62
NW 15TH ST & NW 3RD AVE,29.65392,-82.341627,11,0,3RD AVE & NW 15TH ST | NW 15TH ST & NW 3RD AVE,0,6,0.59
NW 15TH PL & NW 54TH DR,29.665396,-82.401376,1,0,NW 15TH PL & NW 54TH DR,0,0,5.93
NW 13ST & NW 23RD AVE,29.652561,-82.294404,1,0,NW 13ST & NW 23RD AVE,0,0,4.73
NW 12TH ST & NW 41ST AVE,29.690323,-82.336735,1,0,NW 12TH ST & NW 41ST AVE,0,1,4.64
NW 12TH ST & NW 33RD AVE,29.6829385,-82.3367425,3,0,NW 12TH ST & NW 33RD AVE,0,2,3.83
NW 13 TH ST & NW 21ST AVE,29.827455,-82.305017,1,0,NW 13 TH ST & NW 21ST AVE,0,0,20.15
NW 12TH TER & NW 39TH AVE,29.688394,-82.337353,2,0,NW 12TH TER & NW 39TH AVE,0,2,4.42
SW 30TH TER & SW 39TH AVE,29.614606,-82.367349,1,0,SW 30TH TER & SW 39TH AVE,0,1,4.46
SW 2ND TER & SW 6TH AVE,29.646488,-82.327441,1,0,SW 2ND TER & SW 6TH AVE,0,1,1.54
SW 34TH TER & SW 47TH BLVD,29.608787,-82.373595,1,0,SW 34TH TER & SW 47TH BLVD,0,1,5.33
SW 34TH TER & SW 47TH AVE,29.608898,-82.3725485,2,0,SW 34TH TER & SW 47TH AVE,0,0,5.26
E UNIVERSITY AVE & NE 12TH AVE,29.72224,-82.263349,1,0,E UNIVERSITY AVE & NE 12TH AVE,0,0,11.22
E PANHELLENIC DR & SW 11TH ST,29.6439425,-82.3363315,2,0,E PANHELLENIC DR & SW 11TH ST,0,0,0.85
E 22ND ST & E UNIVERSITY AVE,29.840014,-82.35787,1,0,E 22ND ST & E UNIVERSITY AVE,0,0,21.25
CR 231 & NW 116TH PL,29.760907,-82.354954,1,0,CR 231 & NW 116TH PL,0,1,12.48
CR 2053 & NW 62ND AVE,29.712099,-82.387496,1,0,CR 2053 & NW 62ND AVE,0,4,8.23
SW 34TH LN & SW SCHOOL HOUSE RD,29.622883,-82.442141,4,0,SW 34TH LN & SW SCHOOL HOUSE RD,0,0,10.0
SW 3RD ST & SW 5TH AVE,29.647148,-82.327867,1,0,SW 3RD ST & SW 5TH AVE,0,1,1.49
SW 3RD ST & SW 4TH AVE,29.648193,-82.327989,4,0,SW 3RD ST & SW 4TH AVE,0,3,1.46
SW 3RD AVE & SW 9TH ST,29.6493,-82.33444850000001,3,0,SW 3RD AVE & SW 9TH ST,0,0,0.84
NW 15TH TER & NW 4TH AVE,29.654809,-82.342659,1,0,NW 15TH TER & NW 4TH AVE,0,0,0.67
SW ARCHER LN & SW ARCHER RD,29.548526,-82.499395,5,0,SURGE AREA & SW ARCHER RD | SURGE AREA RD & SW ARCHER RD | SW ARCHER LN & SW ARCHER RD,0,0,18.77
CENTER DR & MUSEUM RD,29.644724,-82.34693,1,0,CENTER DR & MUSEUM RD,0,3,0.58
BUTLER PLAZA ACCESS RD & CLARK BUTLER BLVD,29.626114,-82.373333,5,0,BUTLER PLAZA ACCESS RD & CLARK BUTLER BLVD,0,8,3.86
BAY DR & TURKEY SCRATCH RD,29.7351,-82.388127,1,0,BAY DR & TURKEY SCRATCH RD,0,0,10.51
AT NW 60TH ST & W NEWBERRY RD,29.680483,-82.301336,1,0,AT NW 60TH ST & W NEWBERRY RD,0,0,5.35
SW 56TH TER & SW 9TH PL,29.643733,-82.401922,1,0,SW 56TH TER & SW 9TH PL,0,1,5.72
SW 55TH TER & SW 9TH PL,29.643903,-82.401063,1,0,SW 55TH TER & SW 9TH PL,0,0,5.63
SW 8TH AVE & US 441,29.663322,-82.315915,1,0,SW 8TH AVE & US 441,0,0,3.08
SW 6TH AVE & SW 9TH ST,29.646678,-82.333827,6,0,SW 6TH AVE & SW 9TH ST,0,7,0.93
SW 5TH ST & SW DEPOT AVE,29.643704,-82.329524,1,0,SW 5TH ST & SW DEPOT AVE,0,0,1.43
NW 15TH AVE & NW 55TH ST,29.666369,-82.401372,1,0,NW 15TH AVE & NW 55TH ST,0,3,5.96
NW 15TH AVE & NW 38TH ST,29.666199,-82.380586,2,0,NW 15TH AVE & NW 38TH ST,0,1,4.11
NW 14TH TER & NW 6TH PL,29.656822,-82.340907,1,0,NW 14TH TER & NW 6TH PL,0,0,0.91
92ND AVE & NW 43RD ST,29.730752,-82.388642,2,0,92ND AVE & NW 43RD ST | NW 43RD ST & NW 81ST AVE,0,0,10.1
NW 13TH ST & NW 43RD AVE,29.743551,-82.388143,5,0,NW 13TH ST & NW 43RD AVE | NW 43RD AVE & US 441,0,3,11.37
SW 8TH ST & SW 9TH AVE,29.643231,-82.332917,3,0,SW 8TH ST & SW 9TH AVE | SW 8TH ST & SW DEPOT AVE,0,0,1.16
SW 37TH TER & SW 47TH AVE,29.608787,-82.373595,1,0,SW 37TH TER & SW 47TH AVE,0,0,5.33
NW 13TH ST & NW 55TH BLVD,29.664435,-82.401532,1,0,NW 13TH ST & NW 55TH BLVD,0,0,5.91
NW 13TH ST & NW 1ST AVE,29.6528,-82.339116,2,0,NW 13TH ST & NW 1ST AVE,0,20,0.59
NW 13TH ST & NW 16TH ST,29.6675325,-82.338995,2,0,NW 13TH ST & NW 16TH ST,0,10,2.11
NW 13TH PL & NW 52ND TER,29.664975,-82.398755,1,0,NW 13TH PL & NW 52ND TER,0,1,5.68
NW 12TH ST & NW 42ND AVE,29.692046,-82.336912,1,0,NW 12TH ST & NW 42ND AVE,0,1,4.83
SW 5TH ST & SW 7TH PL,29.64515,-82.329599,1,0,SW 5TH ST & SW 7TH PL,0,1,1.37
SW 5TH AVE & SW 8TH ST,29.647088,-82.332863,1,0,SW 5TH AVE & SW 8TH ST,0,0,1.01
NW 44TH ST & W UNIVERSITY AVE,29.65219,-82.390379,1,0,NW 44TH ST & W UNIVERSITY AVE,0,0,4.59
NW 43RDST & NW 51ST PL,29.693522,-82.396822,1,0,NW 43RDST & NW 51ST PL,0,0,7.18
NW 13TH ST & NW 23RD TER,29.715648,-82.358067,6,0,NW 13TH ST & NW 23RD TER,0,6,7.55
NW 13TH ST & NW 53RD,29.635516,-82.414925,1,0,NW 13TH ST & NW 53RD,0,0,7.1
NW 13TH ST & NW 4TH ST,29.663877,-82.328612,1,0,NW 13TH ST & NW 4TH ST,0,0,2.18
NW 13TH ST & NW 4TH LN,29.655245,-82.339061,5,0,NW 13TH ST & NW 4TH LN,0,7,0.81
SW 3RD ST & SW 7TH AVE,29.646098,-82.328112,1,0,SW 3RD ST & SW 7TH AVE,0,0,1.48
SW ARCHER RD & UNION RD,29.645808,-82.332685,1,0,SW ARCHER RD & UNION RD,0,0,1.06
