intersection_id,name,crashes_early,crashes_recent,relative_rate,vulnerable_share_early,vulnerable_share_recent,time_shift,still_hotspot,same_people,same_times,verdict
SW 34TH ST & SW ARCHER RD,SW 34th St & SW Archer Rd,323,275,1.09,0.053,0.051,0.067,True,True,True,held
SW 40TH BLVD & SW ARCHER RD,SW 40th Blvd & SW Archer Rd,177,190,1.37,0.017,0.037,0.08,True,True,True,held
SW 37TH BLVD & SW ARCHER RD,SW 37th Blvd & SW Archer Rd,202,184,1.16,0.035,0.022,0.093,True,True,True,held
SW 20TH AVE & SW 62ND BLVD,SW 20th Ave & SW 62nd Blvd,156,176,1.44,0.038,0.085,0.062,True,True,True,held
NW 13TH ST & W UNIVERSITY AVE,NW 13th St & W University Ave,253,169,0.85,0.036,0.083,0.019,True,True,True,held
SW 34TH ST & WINDMEADOWS BLVD,SW 34th St & Windmeadows Blvd,131,145,1.41,0.038,0.062,0.076,True,True,True,held
NW 13TH ST & NW 39TH AVE,NW 13th St & NW 39th Ave,146,143,1.25,0.007,0.049,0.122,True,True,True,held
SW 35TH BLVD & SW ARCHER RD,SW 35th Blvd & SW Archer Rd,155,139,1.15,0.045,0.072,0.13,True,True,True,held
NW 13TH ST & NW 23RD AVE,NW 13th St & NW 23rd Ave,138,132,1.22,0.065,0.083,0.097,True,True,True,held
SW 13TH ST & SW 16TH AVE,SW 13th St & SW 16th Ave,109,131,1.54,0.028,0.061,0.141,True,True,True,held
NW 39TH AVE & NW 43RD ST,NW 39th Ave & NW 43rd St,118,130,1.41,0.017,0.015,0.083,True,True,True,held
E UNIVERSITY AVE & NE WALDO RD,E University Ave & NE Waldo Rd,142,129,1.16,0.021,0.031,0.099,True,True,True,held
NW 16TH BLVD & NW 43RD ST,NW 16th Blvd & NW 43rd St,118,127,1.38,0.017,0.047,0.147,True,True,True,held
NW 62ND ST & W NEWBERRY RD,NW 62nd St & W Newberry Rd,161,126,1.0,0.037,0.016,0.104,True,True,True,held
NW 8TH AVE & W NEWBERRY RD,NW 8th Ave & W Newberry Rd,116,126,1.39,0.009,0.008,0.128,True,True,True,held
SW 34TH ST & SW WILLISTON RD,SW 34th St & SW Williston Rd,132,125,1.21,0.015,0.008,0.166,True,True,True,held
NW 13TH ST & NW 16TH AVE,NW 13th St & NW 16th Ave,193,125,0.83,0.047,0.064,0.079,True,True,True,held
SW 2ND AVE & SW 34TH ST,SW 2nd Ave & SW 34th St,204,122,0.76,0.01,0.049,0.065,True,True,True,held
SW 23RD TER & SW ARCHER RD,SW 23rd Ter & SW Archer Rd,117,114,1.25,0.06,0.044,0.089,True,True,True,held
SW 34TH ST & W UNIVERSITY AVE,SW 34th St & W University Ave,148,111,0.96,0.02,0.009,0.083,True,True,True,held
NW 34TH ST & NW 39TH AVE,NW 34th St & NW 39th Ave,168,111,0.84,0.006,0.009,0.168,True,True,True,held
SW 13TH ST & SW 8TH AVE,SW 13th St & SW 8th Ave,112,110,1.26,0.027,0.064,0.141,True,True,True,held
SW 20TH AVE & SW 34TH ST,SW 20th Ave & SW 34th St,177,109,0.79,0.062,0.101,0.076,True,True,True,held
HULL RD & SW 34TH ST,Hull Rd & SW 34th St,83,108,1.66,0.048,0.065,0.155,True,True,True,held
NW 66TH ST & W NEWBERRY RD,NW 66th St & W Newberry Rd,122,102,1.07,0.008,0.039,0.166,True,True,True,held
CLARK BUTLER BLVD & PLAZA BLVD,Clark Butler Blvd & Plaza Blvd,63,101,2.05,0.0,0.04,0.12,True,True,True,held
NW 16TH AVE & NW 34TH ST,NW 16th Ave & NW 34th St,78,97,1.59,0.051,0.031,0.162,True,True,True,held
SW 20TH AVE & SW 43RD ST,SW 20th Ave & SW 43rd St,133,96,0.92,0.023,0.031,0.067,True,True,True,held
NW 13TH ST & NW 53RD AVE,NW 13th St & NW 53rd Ave,98,96,1.25,0.0,0.042,0.205,True,True,False,changed: same_times
NW 60TH ST & W NEWBERRY RD,NW 60th St & W Newberry Rd,123,94,0.98,0.008,0.021,0.209,True,True,False,changed: same_times
NW 13TH ST & NW 6TH ST,NW 13th St & NW 6th St,65,92,1.81,0.015,0.011,0.124,True,True,True,held
SW 23RD DR & SW ARCHER RD,SW 23rd Dr & SW Archer Rd,69,89,1.65,0.0,0.045,0.117,True,True,True,held
NW 55TH ST & W NEWBERRY RD,NW 55th St & W Newberry Rd,75,89,1.52,0.013,0.022,0.085,True,True,True,held
NE 39TH AVE & NE WALDO RD,NE 39th Ave & NE Waldo Rd,111,85,0.98,0.036,0.059,0.187,True,True,True,held
SW 24TH AVE & SW 34TH ST,SW 24th Ave & SW 34th St,61,82,1.72,0.098,0.098,0.161,True,True,True,held
CLARK BUTLER BLVD & WINDMEADOWS BLVD,Clark Butler Blvd & Windmeadows Blvd,62,79,1.63,0.048,0.013,0.096,True,True,True,held
NW 43RD ST & NW 53RD AVE,NW 43rd St & NW 53rd Ave,73,77,1.35,0.0,0.026,0.098,True,True,True,held
SW 13TH ST & SW ARCHER RD,SW 13th St & SW Archer Rd,80,77,1.23,0.038,0.039,0.154,True,True,True,held
N MAIN ST & W UNIVERSITY AVE,N Main St & W University Ave,101,75,0.95,0.089,0.16,0.108,True,True,True,held
N MAIN ST & NE 16TH AVE,N Main St & NE 16th Ave,82,74,1.15,0.085,0.027,0.208,True,True,True,held
SW 34TH ST & SW 35TH PL,SW 34th St & SW 35th Pl,79,72,1.16,0.063,0.125,0.091,True,True,True,held
NE 8TH AVE & NE WALDO RD,NE 8th Ave & NE Waldo Rd,88,67,0.97,0.034,0.075,0.082,True,True,True,held
NE 16TH AVE & NE WALDO RD,NE 16th Ave & NE Waldo Rd,84,67,1.02,0.048,0.03,0.118,True,True,True,held
NW 43RD ST & NW 8TH AVE,NW 43rd St & NW 8th Ave,61,66,1.38,0.016,0.061,0.073,True,True,True,held
NW 69TH TER & W NEWBERRY RD,NW 69th Ter & W Newberry Rd,154,64,0.53,0.045,0.016,0.132,False,True,True,changed: still_hotspot
SW 20TH AVE & SW 38TH TER,SW 20th Ave & SW 38th Ter,81,63,0.99,0.012,0.048,0.093,True,True,True,held
NE 12TH AVE & NE WALDO RD,NE 12th Ave & NE Waldo Rd,91,61,0.86,0.066,0.082,0.144,True,True,True,held
NW 34TH BLVD & NW 53RD AVE,NW 34th Blvd & NW 53rd Ave,65,61,1.2,0.015,0.033,0.19,True,True,True,held
SW 16TH AVE & SW ARCHER RD,SW 16th Ave & SW Archer Rd,84,59,0.9,0.024,0.017,0.16,True,True,True,held
NW 34TH ST & NW 8TH AVE,NW 34th St & NW 8th Ave,86,59,0.88,0.035,0.017,0.149,True,True,True,held
NW 23RD AVE & NW 6TH ST,NW 23rd Ave & NW 6th St,53,58,1.4,0.113,0.069,0.176,True,True,True,held
NW 13TH ST & NW 22ND ST,NW 13th St & NW 22nd St,66,57,1.1,0.015,0.0,0.076,True,True,True,held
N MAIN ST & NE 39TH AVE,N Main St & NE 39th Ave,59,56,1.21,0.017,0.0,0.124,True,True,True,held
NW 16TH AVE & NW 6TH ST,NW 16th Ave & NW 6th St,56,53,1.21,0.036,0.019,0.083,True,True,True,held
NW 6TH ST & W UNIVERSITY AVE,NW 6th St & W University Ave,64,53,1.06,0.047,0.057,0.181,True,True,True,held
NW 39TH AVE & NW 6TH ST,NW 39th Ave & NW 6th St,78,52,0.85,0.0,0.0,0.135,True,True,True,held
NW 13TH ST & NW 3RD AVE,NW 13th St & NW 3rd Ave,45,48,1.36,0.022,0.104,0.14,True,True,True,held
S MAIN ST & SW 16TH AVE,S Main St & SW 16th Ave,49,48,1.25,0.041,0.021,0.259,True,True,True,held
SW 13TH ST & SW 2ND AVE,SW 13th St & SW 2nd Ave,66,46,0.89,0.03,0.087,0.174,True,True,True,held
SW 6TH ST & SW DEPOT AVE,SW 6th St & SW Depot Ave,9,46,,,,,,,,too few crashes
NW 6TH ST & NW 8TH AVE,NW 6th St & NW 8th Ave,52,46,1.13,0.115,0.065,0.168,True,True,True,held
NW 17TH ST & W UNIVERSITY AVE,NW 17th St & W University Ave,78,45,0.74,0.064,0.089,0.188,True,True,True,held
N MAIN ST & NW 8TH AVE,N Main St & NW 8th Ave,48,45,1.2,0.062,0.067,0.146,True,True,True,held
NW 43RD ST & W NEWBERRY RD,NW 43rd St & W Newberry Rd,62,44,0.91,0.032,0.068,0.091,True,True,True,held
SW 25TH TER & SW WILLISTON RD,SW 25th Ter & SW Williston Rd,31,43,1.77,0.032,0.0,0.228,True,True,True,held
SW 23RD ST & SW ARCHER RD,SW 23rd St & SW Archer Rd,29,43,1.89,0.034,0.07,0.119,True,True,True,held
SW 16TH ST & SW ARCHER RD,SW 16th St & SW Archer Rd,53,43,1.04,0.057,0.023,0.283,True,True,True,held
NW 13TH ST & NW 29TH RD,NW 13th St & NW 29th Rd,54,43,1.02,0.056,0.07,0.132,True,True,True,held
SW 13TH ST & SW 5TH AVE,SW 13th St & SW 5th Ave,61,42,0.88,0.0,0.024,0.196,True,True,True,held
SW 23RD ST & SW WILLISTON RD,SW 23rd St & SW Williston Rd,39,42,1.38,0.077,0.048,0.194,True,True,True,held
SW 16TH AVE & SW 6TH ST,SW 16th Ave & SW 6th St,23,42,2.33,0.087,0.024,0.108,True,True,True,held
NE 23RD AVE & NE WALDO RD,NE 23rd Ave & NE Waldo Rd,49,40,1.04,0.02,0.075,0.257,True,True,True,held
NE 8TH AVE & NE 9TH ST,NE 8th Ave & NE 9th St,37,39,1.35,0.027,0.0,0.118,True,True,True,held
SW 20TH AVE & SW 61ST ST,SW 20th Ave & SW 61st St,22,38,2.21,0.0,0.026,0.244,True,True,True,held
SE 16TH AVE & SE WILLISTON RD,SE 16th Ave & SE Williston Rd,35,38,1.39,0.0,0.0,0.157,True,True,True,held
NW 13TH ST & NW 5TH AVE,NW 13th St & NW 5th Ave,39,38,1.25,0.077,0.026,0.194,True,True,True,held
SW 16TH AVE & SW 16TH ST,SW 16th Ave & SW 16th St,23,37,2.06,0.043,0.081,0.159,True,True,True,held
SW 30TH PL & SW 42ND ST,SW 30th Pl & SW 42nd St,9,36,,,,,,,,too few crashes
E UNIVERSITY AVE & NE 9TH ST,E University Ave & NE 9th St,34,34,1.28,0.029,0.147,0.265,True,True,True,held
RADIO RD & SW 34TH ST,Radio Rd & SW 34th St,33,34,1.32,0.03,0.029,0.156,True,True,True,held
SW 13TH ST & SW 9TH AVE,SW 13th St & SW 9th Ave,49,34,0.89,0.061,0.029,0.198,True,True,True,held
N BOUND & SW WILLISTON RD,N Bound & SW Williston Rd,17,33,,,,,,,,too few crashes
1-75 N & SW ARCHER RD,1-75 N & SW Archer Rd,32,33,1.32,0.094,0.061,0.199,True,True,True,held
NW 57TH ST & W NEWBERRY RD,NW 57th St & W Newberry Rd,55,33,0.77,0.0,0.03,0.285,True,True,True,held
GALE LEMERAND DR & SW ARCHER RD,Gale Lemerand Dr & SW Archer Rd,49,32,0.83,0.041,0.125,0.268,True,True,True,held
N MAIN ST & NE 23RD AVE,N Main St & NE 23rd Ave,48,32,0.85,0.021,0.094,0.427,True,True,False,changed: same_times
NEWELL DR & SW ARCHER RD,Newell Dr & SW Archer Rd,33,32,1.24,0.152,0.125,0.17,True,True,True,held
SE 24TH ST & SE HAWTHORNE RD,SE 24th St & SE Hawthorne Rd,17,31,,,,,,,,too few crashes
NW 48TH BLVD & W NEWBERRY RD,NW 48th Blvd & W Newberry Rd,44,31,0.9,0.0,0.129,0.211,True,False,True,changed: same_people
SW 43RD ST & SW ARCHER RD,SW 43rd St & SW Archer Rd,2,31,,,,,,,,too few crashes
NW 22ND ST & NW 8TH AVE,NW 22nd St & NW 8th Ave,39,31,1.02,0.051,0.0,0.246,True,True,True,held
NW 25TH PL & NW 43RD ST,NW 25th Pl & NW 43rd St,36,30,1.06,0.028,0.1,0.211,True,True,True,held
SE 11TH ST & SE 4TH AVE,SE 11th St & SE 4th Ave,39,30,0.98,0.051,0.033,0.141,True,True,True,held
SW 40TH BLVD & SW 42ND ST,SW 40th Blvd & SW 42nd St,26,30,1.47,0.0,0.067,0.277,True,True,True,held
SW 34TH ST & SW 39TH BLVD,SW 34th St & SW 39th Blvd,49,30,0.78,0.082,0.067,0.22,True,True,True,held
SE 4TH ST & SE WILLISTON RD,SE 4th St & SE Williston Rd,32,30,1.2,0.062,0.133,0.352,True,True,False,changed: same_times
NW 12TH ST & W UNIVERSITY AVE,NW 12th St & W University Ave,60,30,0.64,0.083,0.033,0.183,True,True,True,held
NE 15TH ST & NE 16TH AVE,NE 15th St & NE 16th Ave,26,29,1.43,0.0,0.034,0.228,True,True,True,held
SW 30TH AVE & SW 42ND ST,SW 30th Ave & SW 42nd St,11,29,,,,,,,,too few crashes
GALE LEMERAND DR & W UNIVERSITY AVE,Gale Lemerand Dr & W University Ave,52,29,0.71,0.096,0.034,0.332,True,True,True,held
SW 35TH BLVD & WINDMEADOWS BLVD,SW 35th Blvd & Windmeadows Blvd,8,29,,,,,,,,too few crashes
SW 11TH ST & SW DEPOT AVE,SW 11th St & SW Depot Ave,8,27,,,,,,,,too few crashes
E UNIVERSITY AVE & NE 13TH ST,E University Ave & NE 13th St,28,27,1.23,0.143,0.037,0.242,True,True,True,held
SW 27TH ST & SW 35TH PL,SW 27th St & SW 35th Pl,38,27,0.91,0.053,0.037,0.234,True,True,True,held
NW 13TH ST & NW 23RD ST,NW 13th St & NW 23rd St,23,27,1.5,0.0,0.0,0.145,True,True,True,held
CLARK BUTLER BLVD & SW 30TH PL,Clark Butler Blvd & SW 30th Pl,13,27,,,,,,,,too few crashes
NW 16TH BLVD & NW 41ST ST,NW 16th Blvd & NW 41st St,34,27,1.01,0.118,0.074,0.068,True,True,True,held
NW 10TH ST & W UNIVERSITY AVE,NW 10th St & W University Ave,49,26,0.68,0.061,0.038,0.164,True,True,True,held
S MAIN ST & SW WILLISTON RD,S Main St & SW Williston Rd,30,26,1.11,0.0,0.0,0.133,True,True,True,held
NW 4TH PL & NW 62ND ST,NW 4th Pl & NW 62nd St,39,26,0.85,0.0,0.077,0.09,True,True,True,held
CENTER DR & SW ARCHER RD,Center Dr & SW Archer Rd,34,26,0.98,0.059,0.115,0.106,True,True,True,held
NW 16TH AVE & NW 22ND ST,NW 16th Ave & NW 22nd St,14,26,,,,,,,,too few crashes
NE 53RD AVE & NE WALDO RD,NE 53rd Ave & NE Waldo Rd,35,26,0.95,0.0,0.0,0.293,True,True,True,held
NE 16TH AVE & NE 9TH ST,NE 16th Ave & NE 9th St,21,26,1.58,0.048,0.038,0.3,True,True,True,held
E UNIVERSITY AVE & NE 14TH ST,E University Ave & NE 14th St,30,25,1.06,0.067,0.08,0.293,True,True,True,held
SW 38TH ST & W NEWBERRY RD,SW 38th St & W Newberry Rd,60,25,0.53,0.033,0.04,0.15,False,True,True,changed: still_hotspot
E UNIVERSITY AVE & NE 10TH ST,E University Ave & NE 10th St,7,25,,,,,,,,too few crashes
NW 16TH AVE & NW 2ND ST,NW 16th Ave & NW 2nd St,25,25,1.28,0.04,0.08,0.32,True,True,True,held
NW 23RD ST & NW 34TH BLVD,NW 23rd St & NW 34th Blvd,7,25,,,,,,,,too few crashes
NE 15TH ST & NE 39TH AVE,NE 15th St & NE 39th Ave,29,24,1.06,0.034,0.0,0.289,True,True,True,held
NW 23RD AVE & NW 51ST ST,NW 23rd Ave & NW 51st St,20,24,1.53,0.05,0.0,0.15,True,True,True,held
NE 3RD AVE & NE WALDO RD,NE 3rd Ave & NE Waldo Rd,20,24,1.53,0.15,0.125,0.167,True,True,True,held
NW 39TH RD & W NEWBERRY RD,NW 39th Rd & W Newberry Rd,35,24,0.88,0.029,0.042,0.243,True,True,True,held
E UNIVERSITY AVE & NE 15TH ST,E University Ave & NE 15th St,32,24,0.96,0.0,0.042,0.208,True,True,True,held
NW 13TH ST & NW 22ND AVE,NW 13th St & NW 22nd Ave,16,23,,,,,,,,too few crashes
NW 70TH ST & W NEWBERRY RD,NW 70th St & W Newberry Rd,25,23,1.18,0.0,0.087,0.11,True,True,True,held
SW 23RD ST & W UNIVERSITY AVE,SW 23rd St & W University Ave,50,23,0.59,0.02,0.0,0.192,False,True,True,changed: still_hotspot
NW 29TH TER & NW 39TH AVE,NW 29th Ter & NW 39th Ave,29,23,1.01,0.0,0.0,0.142,True,True,True,held
NW 19TH ST & NW 39TH AVE,NW 19th St & NW 39th Ave,26,23,1.13,0.0,0.0,0.244,True,True,True,held
N MAIN ST & NE 53RD AVE,N Main St & NE 53rd Ave,17,22,,,,,,,,too few crashes
SW 20TH AVE & SW 42ND ST,SW 20th Ave & SW 42nd St,21,22,1.34,0.048,0.0,0.108,True,True,True,held
SW 2ND AVE & W UNIVERSITY AVE,SW 2nd Ave & W University Ave,55,22,0.51,0.091,0.045,0.145,False,True,True,changed: still_hotspot
SW 17TH RD & SW 24TH AVE,SW 17th Rd & SW 24th Ave,2,22,,,,,,,,too few crashes
E UNIVERSITY AVE & NE 1ST ST,E University Ave & NE 1st St,27,22,1.04,0.074,0.136,0.104,True,True,True,held
SW 2ND AVE & SW 6TH ST,SW 2nd Ave & SW 6th St,33,22,0.85,0.364,0.273,0.167,True,True,True,held
NW 16TH AVE & NW 16TH TER,NW 16th Ave & NW 16th Ter,12,22,,,,,,,,too few crashes
SW 19TH AVE & SW 34TH ST,SW 19th Ave & SW 34th St,20,22,1.41,0.05,0.091,0.227,True,True,True,held
NW 13TH ST & NW 19TH LN,NW 13th St & NW 19th Ln,32,21,0.84,0.094,0.19,0.466,True,True,False,changed: same_times
NW 13TH ST & NW 7TH AVE,NW 13th St & NW 7th Ave,45,21,0.6,0.067,0.19,0.206,False,True,True,changed: still_hotspot
NW 43RD ST & NW 51ST AVE,NW 43rd St & NW 51st Ave,4,21,,,,,,,,too few crashes
SW 13TH ST & SW 4TH AVE,SW 13th St & SW 4th Ave,41,20,0.62,0.024,0.05,0.09,True,True,True,held
NW 22ND ST & W UNIVERSITY AVE,NW 22nd St & W University Ave,57,20,0.45,0.035,0.05,0.143,False,True,True,changed: still_hotspot
NW 16TH ST & W UNIVERSITY AVE,NW 16th St & W University Ave,36,19,,,,,,,,too few crashes
SW 23RD ST & SW 35TH PL,SW 23rd St & SW 35th Pl,34,19,,,,,,,,too few crashes
SW 24TH AVE & SW 38TH TER,SW 24th Ave & SW 38th Ter,17,19,,,,,,,,too few crashes
NW 24TH BLVD & NW 39TH AVE,NW 24th Blvd & NW 39th Ave,25,19,,,,,,,,too few crashes
SE 11TH ST & SE 2ND AVE,SE 11th St & SE 2nd Ave,16,19,,,,,,,,too few crashes
S MAIN ST & SW DEPOT AVE,S Main St & SW Depot Ave,14,19,,,,,,,,too few crashes
NW 3RD AVE & NW 6TH ST,NW 3rd Ave & NW 6th St,23,18,,,,,,,,too few crashes
NE 7TH ST & NE 8TH AVE,NE 7th St & NE 8th Ave,23,18,,,,,,,,too few crashes
NW 1ST PL & NW 62ND ST,NW 1st Pl & NW 62nd St,34,18,,,,,,,,too few crashes
NE 2ND ST & NE 39TH AVE,NE 2nd St & NE 39th Ave,19,18,,,,,,,,too few crashes
SW 4TH PL & SW 62ND BLVD,SW 4th Pl & SW 62nd Blvd,12,17,,,,,,,,too few crashes
NW 15TH ST & W UNIVERSITY AVE,NW 15th St & W University Ave,43,17,,,,,,,,too few crashes
NW 21ST TER & NW 8TH AVE,NW 21st Ter & NW 8th Ave,9,17,,,,,,,,too few crashes
SHEALY DR & SW 16TH AVE,Shealy Dr & SW 16th Ave,30,17,,,,,,,,too few crashes
NW 34TH ST & NW 5TH AVE,NW 34th St & NW 5th Ave,10,17,,,,,,,,too few crashes
N MAIN ST & NW 10TH AVE,N Main St & NW 10th Ave,30,17,,,,,,,,too few crashes
SE 11TH AVE & SE 11TH ST,SE 11th Ave & SE 11th St,26,16,,,,,,,,too few crashes
SE 11TH ST & SE 7TH AVE,SE 11th St & SE 7th Ave,13,16,,,,,,,,too few crashes
NW 15TH AVE & NW 34TH ST,NW 15th Ave & NW 34th St,16,16,,,,,,,,too few crashes
NW 4TH ST & NW 8TH AVE,NW 4th St & NW 8th Ave,10,16,,,,,,,,too few crashes
SW 34TH ST & SW 42ND AVE,SW 34th St & SW 42nd Ave,14,16,,,,,,,,too few crashes
NE 15TH ST & NE 53RD AVE,NE 15th St & NE 53rd Ave,10,15,,,,,,,,too few crashes
S MAIN ST & SW 4TH AVE,S Main St & SW 4th Ave,38,15,,,,,,,,too few crashes
NW 29TH ST & NW 34TH BLVD,NW 29th St & NW 34th Blvd,13,15,,,,,,,,too few crashes
SE 15TH ST & SE 8TH AVE,SE 15th St & SE 8th Ave,9,15,,,,,,,,too few crashes
NW 37TH PL & NW 43RD ST,NW 37th Pl & NW 43rd St,14,15,,,,,,,,too few crashes
NW 36TH ST & NW 8TH AVE,NW 36th St & NW 8th Ave,11,15,,,,,,,,too few crashes
SW 13TH ST & SW 21ST AVE,SW 13th St & SW 21st Ave,16,15,,,,,,,,too few crashes
NW 12TH ST & NW 23RD AVE,NW 12th St & NW 23rd Ave,15,15,,,,,,,,too few crashes
NW 64TH TER & W NEWBERRY RD,NW 64th Ter & W Newberry Rd,16,14,,,,,,,,too few crashes
NW 13TH ST & NW 21ST AVE,NW 13th St & NW 21st Ave,17,14,,,,,,,,too few crashes
NW 22ND DR & NW 39TH AVE,NW 22nd Dr & NW 39th Ave,15,14,,,,,,,,too few crashes
SW 29TH DR & SW WILLISTON RD,SW 29th Dr & SW Williston Rd,17,14,,,,,,,,too few crashes
SW 11TH AVE & SW 13TH ST,SW 11th Ave & SW 13th St,19,14,,,,,,,,too few crashes
NW 10TH AVE & NW 13TH ST,NW 10th Ave & NW 13th St,18,14,,,,,,,,too few crashes
NW 31ST BLVD & NW 34TH ST,NW 31st Blvd & NW 34th St,27,14,,,,,,,,too few crashes
CLARK BUTLER BLVD & SW 42ND ST,Clark Butler Blvd & SW 42nd St,11,14,,,,,,,,too few crashes
NW 34TH BLVD & NW 55TH BLVD,NW 34th Blvd & NW 55th Blvd,17,14,,,,,,,,too few crashes
SW 34TH ST & SW 47TH AVE,SW 34th St & SW 47th Ave,13,14,,,,,,,,too few crashes
NW 13TH ST & NW 45TH AVE,NW 13th St & NW 45th Ave,15,14,,,,,,,,too few crashes
NW 10TH AVE & NW 6TH ST,NW 10th Ave & NW 6th St,18,14,,,,,,,,too few crashes
NE 15TH ST & NE 23RD AVE,NE 15th St & NE 23rd Ave,19,14,,,,,,,,too few crashes
NW 72ND ST & W NEWBERRY RD,NW 72nd St & W Newberry Rd,24,13,,,,,,,,too few crashes
NW 22ND ST & NW 67TH PL,NW 22nd St & NW 67th Pl,6,13,,,,,,,,too few crashes
SW 32ND TER & SW 35TH PL,SW 32nd Ter & SW 35th Pl,22,13,,,,,,,,too few crashes
NW 10TH ST & NW 8TH AVE,NW 10th St & NW 8th Ave,8,13,,,,,,,,too few crashes
SW 20TH AVE & SW 40TH TER,SW 20th Ave & SW 40th Ter,51,13,,,,,,,,too few crashes
SW 13TH ST & SW 14TH DR,SW 13th St & SW 14th Dr,16,13,,,,,,,,too few crashes
E UNIVERSITY AVE & NE 25TH ST,E University Ave & NE 25th St,15,13,,,,,,,,too few crashes
ACCESS RD & SR 26,Access Rd & SR 26,36,13,,,,,,,,too few crashes
NW 8TH ST & W UNIVERSITY AVE,NW 8th St & W University Ave,19,13,,,,,,,,too few crashes
SW 34TH ST & SW 41ST PL,SW 34th St & SW 41st Pl,20,13,,,,,,,,too few crashes
NW 14TH ST & W UNIVERSITY AVE,NW 14th St & W University Ave,21,13,,,,,,,,too few crashes
SW 20TH AVE & SW 39TH WAY,SW 20th Ave & SW 39th Way,23,13,,,,,,,,too few crashes
SE 1ST ST & SE 2ND AVE,SE 1st St & SE 2nd Ave,6,13,,,,,,,,too few crashes
NW 16TH AVE & NW 43RD ST,NW 16th Ave & NW 43rd St,15,13,,,,,,,,too few crashes
S MAIN ST & SE 1ST AVE,S Main St & SE 1st Ave,26,12,,,,,,,,too few crashes
E UNIVERSITY AVE & NE 18TH ST,E University Ave & NE 18th St,13,12,,,,,,,,too few crashes
NE 39TH AVE & NE 4TH ST,NE 39th Ave & NE 4th St,16,12,,,,,,,,too few crashes
SW 3RD ST & W UNIVERSITY AVE,SW 3rd St & W University Ave,14,12,,,,,,,,too few crashes
NE 49TH AVE & NE WALDO RD,NE 49th Ave & NE Waldo Rd,7,12,,,,,,,,too few crashes
SW 13TH ST & SW 3RD AVE,SW 13th St & SW 3rd Ave,22,12,,,,,,,,too few crashes
SW 10TH TER & SW 16TH AVE,SW 10th Ter & SW 16th Ave,13,12,,,,,,,,too few crashes
NW 18TH ST & W UNIVERSITY AVE,NW 18th St & W University Ave,49,12,,,,,,,,too few crashes
S MAIN ST & SW 2ND AVE,S Main St & SW 2nd Ave,23,12,,,,,,,,too few crashes
NW 13TH ST & NW 50TH AVE,NW 13th St & NW 50th Ave,9,12,,,,,,,,too few crashes
NW 14TH ST & NW 1ST AVE,NW 14th St & NW 1st Ave,9,12,,,,,,,,too few crashes
NW 19TH ST & W UNIVERSITY AVE,NW 19th St & W University Ave,39,12,,,,,,,,too few crashes
NW 33RD CT & W UNIVERSITY AVE,NW 33rd Ct & W University Ave,13,12,,,,,,,,too few crashes
SW 13TH PL & SW 62ND BLVD,SW 13th Pl & SW 62nd Blvd,11,12,,,,,,,,too few crashes
N MAIN ST & NW 2ND AVE,N Main St & NW 2nd Ave,19,12,,,,,,,,too few crashes
NW 13TH ST & NW 2ND AVE,NW 13th St & NW 2nd Ave,9,12,,,,,,,,too few crashes
NW 1ST ST & W UNIVERSITY AVE,NW 1st St & W University Ave,22,12,,,,,,,,too few crashes
NW 32ND ST & W UNIVERSITY AVE,NW 32nd St & W University Ave,17,11,,,,,,,,too few crashes
SE 27TH ST & SE HAWTHORNE RD,SE 27th St & SE Hawthorne Rd,17,11,,,,,,,,too few crashes
SW 10TH ST & SW 2ND AVE,SW 10th St & SW 2nd Ave,28,11,,,,,,,,too few crashes
NW 13TH ST & NW 6TH AVE,NW 13th St & NW 6th Ave,13,11,,,,,,,,too few crashes
NW 42ND AVE & NW 6TH ST,NW 42nd Ave & NW 6th St,14,11,,,,,,,,too few crashes
NW 25TH ST & W UNIVERSITY AVE,NW 25th St & W University Ave,11,11,,,,,,,,too few crashes
NW 18TH TER & NW 8TH AVE,NW 18th Ter & NW 8th Ave,18,11,,,,,,,,too few crashes
NW 13TH AVE & NW 34TH ST,NW 13th Ave & NW 34th St,8,11,,,,,,,,too few crashes
NW 11TH ST & W UNIVERSITY AVE,NW 11th St & W University Ave,21,11,,,,,,,,too few crashes
UNNAMED ST & W NEWBERRY RD,Unnamed St & W Newberry Rd,1,11,,,,,,,,too few crashes
NW 12TH ST & NW 8TH AVE,NW 12th St & NW 8th Ave,8,11,,,,,,,,too few crashes
SW 24TH AVE & SW 43RD ST,SW 24th Ave & SW 43rd St,5,11,,,,,,,,too few crashes
N MAIN ST & NW 14TH AVE,N Main St & NW 14th Ave,17,11,,,,,,,,too few crashes
NW 1ST CT & NW 34TH ST,NW 1st Ct & NW 34th St,8,11,,,,,,,,too few crashes
SE 15TH ST & SE HAWTHORNE RD,SE 15th St & SE Hawthorne Rd,33,10,,,,,,,,too few crashes
NW 31ST DR & NW 8TH AVE,NW 31st Dr & NW 8th Ave,13,10,,,,,,,,too few crashes
NE 2ND ST & NE 8TH AVE,NE 2nd St & NE 8th Ave,12,10,,,,,,,,too few crashes
SW 23RD ST & SW 2ND AVE,SW 23rd St & SW 2nd Ave,15,10,,,,,,,,too few crashes
NB ONRAMP & W NEWBERRY RD,Nb Onramp & W Newberry Rd,20,10,,,,,,,,too few crashes
SW 28TH TER & SW 35TH PL,SW 28th Ter & SW 35th Pl,14,10,,,,,,,,too few crashes
NE 25TH ST & NE 8TH AVE,NE 25th St & NE 8th Ave,6,10,,,,,,,,too few crashes
SW 13TH ST & SW 14TH AVE,SW 13th St & SW 14th Ave,15,10,,,,,,,,too few crashes
SW 2ND ST & W UNIVERSITY AVE,SW 2nd St & W University Ave,23,10,,,,,,,,too few crashes
SW 19TH CT & SW 24TH AVE,SW 19th Ct & SW 24th Ave,6,10,,,,,,,,too few crashes
NE 23RD AVE & NE 2ND ST,NE 23rd Ave & NE 2nd St,10,10,,,,,,,,too few crashes
NW 13TH ST & NW 55TH AVE,NW 13th St & NW 55th Ave,15,10,,,,,,,,too few crashes
NW 34TH ST & NW 7TH AVE,NW 34th St & NW 7th Ave,20,10,,,,,,,,too few crashes
E UNIVERSITY AVE & SE 12TH ST,E University Ave & SE 12th St,13,10,,,,,,,,too few crashes
N MAIN ST & NW 1ST AVE,N Main St & NW 1st Ave,15,10,,,,,,,,too few crashes
NW 43RD ST & WALGREENS ACCESS RD,NW 43rd St & Walgreens Access Rd,6,9,,,,,,,,too few crashes
NW 13TH ST & NW 31ST AVE,NW 13th St & NW 31st Ave,14,9,,,,,,,,too few crashes
NW 17TH ST & NW 1ST AVE,NW 17th St & NW 1st Ave,9,9,,,,,,,,too few crashes
NW 12TH ST & NW 3RD AVE,NW 12th St & NW 3rd Ave,9,9,,,,,,,,too few crashes
OLD ARCHER RD & SW 34TH ST,Old Archer Rd & SW 34th St,12,9,,,,,,,,too few crashes
NW 23RD TER & NW 34TH BLVD,NW 23rd Ter & NW 34th Blvd,7,9,,,,,,,,too few crashes
NE 1ST BLVD & NE 23RD AVE,NE 1st Blvd & NE 23rd Ave,6,9,,,,,,,,too few crashes
SW 2ND AVE & SW 37TH ST,SW 2nd Ave & SW 37th St,9,9,,,,,,,,too few crashes
NW 23RD ST & NW 8TH AVE,NW 23rd St & NW 8th Ave,6,9,,,,,,,,too few crashes
NW 30TH PL & NW 34TH ST,NW 30th Pl & NW 34th St,9,9,,,,,,,,too few crashes
NW 23RD AVE & NW 55TH ST,NW 23rd Ave & NW 55th St,17,9,,,,,,,,too few crashes
SE 4TH AVE & SE 7TH ST,SE 4th Ave & SE 7th St,13,9,,,,,,,,too few crashes
SW 12TH AVE & SW 13TH ST,SW 12th Ave & SW 13th St,1,9,,,,,,,,too few crashes
NE 1ST AVE & NE WALDO RD,NE 1st Ave & NE Waldo Rd,7,9,,,,,,,,too few crashes
NE 16TH AVE & NE 2ND ST,NE 16th Ave & NE 2nd St,14,9,,,,,,,,too few crashes
SW 13TH ST & SW 1ST AVE,SW 13th St & SW 1st Ave,11,9,,,,,,,,too few crashes
NW 38TH ST & NW 8TH AVE,NW 38th St & NW 8th Ave,9,9,,,,,,,,too few crashes
NW 20TH ST & NW 8TH AVE,NW 20th St & NW 8th Ave,9,9,,,,,,,,too few crashes
SE 11TH AVE & SE 15TH ST,SE 11th Ave & SE 15th St,9,9,,,,,,,,too few crashes
SW 5TH AVE & SW 6TH ST,SW 5th Ave & SW 6th St,3,9,,,,,,,,too few crashes
SW 13TH ST & SW 25TH PL,SW 13th St & SW 25th Pl,10,9,,,,,,,,too few crashes
NW 16TH TER & NW 23RD AVE,NW 16th Ter & NW 23rd Ave,15,9,,,,,,,,too few crashes
NW 23RD ST & NW 62ND AVE,NW 23rd St & NW 62nd Ave,6,9,,,,,,,,too few crashes
NE 3RD AVE & NE 9TH ST,NE 3rd Ave & NE 9th St,5,8,,,,,,,,too few crashes
N MAIN ST & NE 31ST AVE,N Main St & NE 31st Ave,5,8,,,,,,,,too few crashes
NW 19TH PL & NW 43RD ST,NW 19th Pl & NW 43rd St,10,8,,,,,,,,too few crashes
NW 16TH AVE & NW 27TH TER,NW 16th Ave & NW 27th Ter,3,8,,,,,,,,too few crashes
NW 26TH ST & W UNIVERSITY AVE,NW 26th St & W University Ave,15,8,,,,,,,,too few crashes
S MAIN ST & SE 10TH AVE,S Main St & SE 10th Ave,5,8,,,,,,,,too few crashes
SE 5TH ST & SE WILLISTON RD,SE 5th St & SE Williston Rd,2,8,,,,,,,,too few crashes
NW 34TH BLVD & NW 54TH AVE,NW 34th Blvd & NW 54th Ave,10,8,,,,,,,,too few crashes
NW 28TH LN & NW 43RD ST,NW 28th Ln & NW 43rd St,21,8,,,,,,,,too few crashes
N MAIN ST & NE 28TH AVE,N Main St & NE 28th Ave,6,8,,,,,,,,too few crashes
NW 10TH PL & NW 64TH TER,NW 10th Pl & NW 64th Ter,2,8,,,,,,,,too few crashes
SE 7TH AVE & SE 9TH ST,SE 7th Ave & SE 9th St,0,8,,,,,,,,too few crashes
SW 33RD PL & SW 42ND ST,SW 33rd Pl & SW 42nd St,6,8,,,,,,,,too few crashes
NW 19TH ST & NW 3RD AVE,NW 19th St & NW 3rd Ave,2,8,,,,,,,,too few crashes
NW 13TH ST & NW 42ND AVE,NW 13th St & NW 42nd Ave,15,8,,,,,,,,too few crashes
NW 15TH ST & NW 8TH AVE,NW 15th St & NW 8th Ave,1,8,,,,,,,,too few crashes
NE 1ST ST & NE 4TH AVE,NE 1st St & NE 4th Ave,8,8,,,,,,,,too few crashes
NW 45TH AVE & NW 6TH ST,NW 45th Ave & NW 6th St,2,8,,,,,,,,too few crashes
NW 13TH ST & NW 36TH PL,NW 13th St & NW 36th Pl,12,8,,,,,,,,too few crashes
NW 16TH AVE & NW 31ST DR,NW 16th Ave & NW 31st Dr,5,8,,,,,,,,too few crashes
NW 13TH ST & NW 84TH PL,NW 13th St & NW 84th Pl,2,8,,,,,,,,too few crashes
SW 13TH ST & SW 18TH PL,SW 13th St & SW 18th Pl,6,8,,,,,,,,too few crashes
SR 93 & SW WILLISTON RD,SR 93 & SW Williston Rd,3,7,,,,,,,,too few crashes
NW 14TH ST & NW 5TH AVE,NW 14th St & NW 5th Ave,1,7,,,,,,,,too few crashes
SW 32ND WAY & SW WILLISTON RD,SW 32nd Way & SW Williston Rd,2,7,,,,,,,,too few crashes
SW 2ND AVE & SW 2ND ST,SW 2nd Ave & SW 2nd St,12,7,,,,,,,,too few crashes
NW 13TH ST & NW 4TH AVE,NW 13th St & NW 4th Ave,7,7,,,,,,,,too few crashes
SW 12TH ST & SW 1ST AVE,SW 12th St & SW 1st Ave,11,7,,,,,,,,too few crashes
NE 12TH ST & NE 16TH AVE,NE 12th St & NE 16th Ave,7,7,,,,,,,,too few crashes
NW 25TH TER & NW 34TH BLVD,NW 25th Ter & NW 34th Blvd,12,7,,,,,,,,too few crashes
NW 23RD AVE & NW 2ND ST,NW 23rd Ave & NW 2nd St,11,7,,,,,,,,too few crashes
NE 23RD AVE & NE 9TH ST,NE 23rd Ave & NE 9th St,13,7,,,,,,,,too few crashes
NW 51ST TER & NW 8TH AVE,NW 51st Ter & NW 8th Ave,14,7,,,,,,,,too few crashes
NW 43RD ST & NW 93RD AVE,NW 43rd St & NW 93rd Ave,1,7,,,,,,,,too few crashes
SW 2ND AVE & SW 36TH ST,SW 2nd Ave & SW 36th St,9,7,,,,,,,,too few crashes
SW 2ND AVE & SW 5TH ST,SW 2nd Ave & SW 5th St,5,7,,,,,,,,too few crashes
HULL RD & SW 38TH TER,Hull Rd & SW 38th Ter,3,7,,,,,,,,too few crashes
E UNIVERSITY AVE & NE 7TH ST,E University Ave & NE 7th St,12,7,,,,,,,,too few crashes
NW 19TH AVE & NW 6TH ST,NW 19th Ave & NW 6th St,8,7,,,,,,,,too few crashes
NW 13TH ST & NW 74TH PL,NW 13th St & NW 74th Pl,9,7,,,,,,,,too few crashes
NE 35TH AVE & NE 4TH ST,NE 35th Ave & NE 4th St,3,7,,,,,,,,too few crashes
NW 55TH TER & W NEWBERRY RD,NW 55th Ter & W Newberry Rd,7,7,,,,,,,,too few crashes
NW 16TH AVE & NW 7TH ST,NW 16th Ave & NW 7th St,5,7,,,,,,,,too few crashes
NW 9TH TER & W UNIVERSITY AVE,NW 9th Ter & W University Ave,8,7,,,,,,,,too few crashes
NW 27TH LN & NW 43RD ST,NW 27th Ln & NW 43rd St,21,7,,,,,,,,too few crashes
NW 27TH ST & W UNIVERSITY AVE,NW 27th St & W University Ave,9,7,,,,,,,,too few crashes
NW 10TH ST & NW 3RD AVE,NW 10th St & NW 3rd Ave,7,7,,,,,,,,too few crashes
SW 12TH ST & SW 2ND AVE,SW 12th St & SW 2nd Ave,14,7,,,,,,,,too few crashes
NW 5TH AVE & NW 6TH ST,NW 5th Ave & NW 6th St,12,7,,,,,,,,too few crashes
NW 23RD TER & NW 62ND AVE,NW 23rd Ter & NW 62nd Ave,2,7,,,,,,,,too few crashes
SE 4TH ST & SE DEPOT AVE,SE 4th St & SE Depot Ave,4,7,,,,,,,,too few crashes
SE 4TH AVE & SE 9TH ST,SE 4th Ave & SE 9th St,0,7,,,,,,,,too few crashes
SE 18TH ST & SE HAWTHORNE RD,SE 18th St & SE Hawthorne Rd,6,7,,,,,,,,too few crashes
NW 31ST AVE & NW 43RD ST,NW 31st Ave & NW 43rd St,11,7,,,,,,,,too few crashes
NW 2ND ST & NW 8TH AVE,NW 2nd St & NW 8th Ave,5,7,,,,,,,,too few crashes
NW 16TH ST & NW 1ST AVE,NW 16th St & NW 1st Ave,4,7,,,,,,,,too few crashes
NE 15TH ST & NE 31ST AVE,NE 15th St & NE 31st Ave,11,7,,,,,,,,too few crashes
SW 35TH TER & W UNIVERSITY AVE,SW 35th Ter & W University Ave,19,7,,,,,,,,too few crashes
SW 37TH BLVD & SW 38TH ST,SW 37th Blvd & SW 38th St,7,7,,,,,,,,too few crashes
NW 13TH ST & NW 26TH AVE,NW 13th St & NW 26th Ave,1,7,,,,,,,,too few crashes
71ST ST & W NEWBERRY RD,71st St & W Newberry Rd,1,7,,,,,,,,too few crashes
NW 50TH TER & NW 8TH AVE,NW 50th Ter & NW 8th Ave,10,7,,,,,,,,too few crashes
NW 17TH ST & NW 5TH AVE,NW 17th St & NW 5th Ave,2,7,,,,,,,,too few crashes
NW 21ST ST & NW 8TH AVE,NW 21st St & NW 8th Ave,9,6,,,,,,,,too few crashes
NW 13TH ST & NW 93RD AVE,NW 13th St & NW 93rd Ave,0,6,,,,,,,,too few crashes
NW 21ST ST & W UNIVERSITY AVE,NW 21st St & W University Ave,7,6,,,,,,,,too few crashes
NE 54TH AVE & NE WALDO RD,NE 54th Ave & NE Waldo Rd,1,6,,,,,,,,too few crashes
E UNIVERSITY AVE & SE 24TH ST,E University Ave & SE 24th St,16,6,,,,,,,,too few crashes
NW 34TH BLVD & NW 49TH AVE,NW 34th Blvd & NW 49th Ave,11,6,,,,,,,,too few crashes
N MAIN ST & NE 1ST BLVD,N Main St & NE 1st Blvd,5,6,,,,,,,,too few crashes
NW 32ND ST & NW 39TH AVE,NW 32nd St & NW 39th Ave,12,6,,,,,,,,too few crashes
N MAIN ST & NW 9TH AVE,N Main St & NW 9th Ave,7,6,,,,,,,,too few crashes
NW 36TH AVE & NW 43RD ST,NW 36th Ave & NW 43rd St,10,6,,,,,,,,too few crashes
NW 43RD ST & NW 58TH AVE,NW 43rd St & NW 58th Ave,2,6,,,,,,,,too few crashes
NE 27TH AVE & NE WALDO RD,NE 27th Ave & NE Waldo Rd,5,6,,,,,,,,too few crashes
NW 36TH ST & NW 39TH AVE,NW 36th St & NW 39th Ave,6,6,,,,,,,,too few crashes
NW 37TH ST & NW 39TH AVE,NW 37th St & NW 39th Ave,2,6,,,,,,,,too few crashes
SW 9TH ST & SW DEPOT AVE,SW 9th St & SW Depot Ave,4,6,,,,,,,,too few crashes
NW 30TH TER & NW 34TH BLVD,NW 30th Ter & NW 34th Blvd,13,6,,,,,,,,too few crashes
NW 28TH TER & W UNIVERSITY AVE,NW 28th Ter & W University Ave,5,6,,,,,,,,too few crashes
SW 28TH PL & SW ARCHER RD,SW 28th Pl & SW Archer Rd,15,6,,,,,,,,too few crashes
NW 13TH ST & NW 30TH AVE,NW 13th St & NW 30th Ave,15,6,,,,,,,,too few crashes
NW 12TH TER & W UNIVERSITY AVE,NW 12th Ter & W University Ave,12,6,,,,,,,,too few crashes
NW 15TH ST & NW 7TH AVE,NW 15th St & NW 7th Ave,11,6,,,,,,,,too few crashes
SW 7TH ST & W UNIVERSITY AVE,SW 7th St & W University Ave,12,6,,,,,,,,too few crashes
NW 13TH ST & NW 18TH AVE,NW 13th St & NW 18th Ave,22,6,,,,,,,,too few crashes
SE 13TH AVE & SE WILLISTON RD,SE 13th Ave & SE Williston Rd,6,6,,,,,,,,too few crashes
NW 13TH ST & NW 33RD AVE,NW 13th St & NW 33rd Ave,3,6,,,,,,,,too few crashes
NW 16TH BLVD & NW 40TH TER,NW 16th Blvd & NW 40th Ter,4,6,,,,,,,,too few crashes
NW 43RD ST & NW 48TH PL,NW 43rd St & NW 48th Pl,9,6,,,,,,,,too few crashes
SW 11TH ST & SW 8TH AVE,SW 11th St & SW 8th Ave,11,6,,,,,,,,too few crashes
SE 11TH ST & SE 1ST AVE,SE 11th St & SE 1st Ave,9,6,,,,,,,,too few crashes
NW 4TH BLVD & NW 75TH ST,NW 4th Blvd & NW 75th St,13,5,,,,,,,,too few crashes
NW 31ST TER & NW 39TH AVE,NW 31st Ter & NW 39th Ave,6,5,,,,,,,,too few crashes
NW 61ST TER & W NEWBERRY RD,NW 61st Ter & W Newberry Rd,11,5,,,,,,,,too few crashes
SW 12TH DR & SW 16TH AVE,SW 12th Dr & SW 16th Ave,3,5,,,,,,,,too few crashes
SW 28TH TER & SW 37TH PL,SW 28th Ter & SW 37th Pl,1,5,,,,,,,,too few crashes
SW 2ND AVE & SW 3RD ST,SW 2nd Ave & SW 3rd St,8,5,,,,,,,,too few crashes
NE 31ST AVE & NE WALDO RD,NE 31st Ave & NE Waldo Rd,5,5,,,,,,,,too few crashes
NW 14TH ST & NW 3RD AVE,NW 14th St & NW 3rd Ave,3,5,,,,,,,,too few crashes
NW 13TH ST & NW 14TH AVE,NW 13th St & NW 14th Ave,6,5,,,,,,,,too few crashes
SE 15TH ST & SE 22ND AVE,SE 15th St & SE 22nd Ave,6,5,,,,,,,,too few crashes
NW 1ST TER & NW 39TH AVE,NW 1st Ter & NW 39th Ave,7,5,,,,,,,,too few crashes
NW 39TH AVE & NW 46TH TER,NW 39th Ave & NW 46th Ter,4,5,,,,,,,,too few crashes
SW 62ND BLVD & SW 9TH PL,SW 62nd Blvd & SW 9th Pl,16,5,,,,,,,,too few crashes
NE 10TH AVE & NE 9TH ST,NE 10th Ave & NE 9th St,1,5,,,,,,,,too few crashes
SE 1ST AVE & SE 1ST ST,SE 1st Ave & SE 1st St,10,5,,,,,,,,too few crashes
NE 12TH ST & NE 23RD AVE,NE 12th St & NE 23rd Ave,6,5,,,,,,,,too few crashes
NW 13TH ST & NW 41ST AVE,NW 13th St & NW 41st Ave,1,5,,,,,,,,too few crashes
SW 10TH ST & SW 6TH AVE,SW 10th St & SW 6th Ave,11,5,,,,,,,,too few crashes
NW 25TH AVE & NW 6TH ST,NW 25th Ave & NW 6th St,2,5,,,,,,,,too few crashes
NE 19TH PL & NE 9TH ST,NE 19th Pl & NE 9th St,1,5,,,,,,,,too few crashes
NW 10TH AVE & NW 34TH ST,NW 10th Ave & NW 34th St,11,5,,,,,,,,too few crashes
NW 16TH AVE & NW 17TH TER,NW 16th Ave & NW 17th Ter,3,5,,,,,,,,too few crashes
NW 19TH TER & NW 8TH AVE,NW 19th Ter & NW 8th Ave,5,5,,,,,,,,too few crashes
NW 8TH AVE & NW 8TH ST,NW 8th Ave & NW 8th St,3,5,,,,,,,,too few crashes
E UNIVERSITY AVE & SE 3RD ST,E University Ave & SE 3rd St,20,5,,,,,,,,too few crashes
SW 2ND AVE & SW 8TH ST,SW 2nd Ave & SW 8th St,0,5,,,,,,,,too few crashes
NE 15TH ST & NE 8TH AVE,NE 15th St & NE 8th Ave,7,5,,,,,,,,too few crashes
SW 23RD TER & SW 35TH PL,SW 23rd Ter & SW 35th Pl,3,5,,,,,,,,too few crashes
NW 54TH TER & W NEWBERRY RD,NW 54th Ter & W Newberry Rd,5,5,,,,,,,,too few crashes
SW 51ST TER & SW 62ND BVD,SW 51st Ter & SW 62nd Bvd,1,5,,,,,,,,too few crashes
NW 34TH ST & NW 7TH PL,NW 34th St & NW 7th Pl,10,5,,,,,,,,too few crashes
NW 34TH BLVD & NW 34TH ST,NW 34th Blvd & NW 34th St,11,5,,,,,,,,too few crashes
ACCESS RD TO LOWES & NW 13TH ST,Access Rd To Lowes & NW 13th St,2,5,,,,,,,,too few crashes
NW 41ST PL & NW 43RD ST,NW 41st Pl & NW 43rd St,3,5,,,,,,,,too few crashes
NE 28TH DR & NE 39TH AVE,NE 28th Dr & NE 39th Ave,8,5,,,,,,,,too few crashes
NW 13TH ST & NW 35TH AVE,NW 13th St & NW 35th Ave,1,5,,,,,,,,too few crashes
NW 75TH ST & W NEWBERRY RD,NW 75th St & W Newberry Rd,1,5,,,,,,,,too few crashes
E UNIVERSITY AVE & NE 11TH ST,E University Ave & NE 11th St,2,5,,,,,,,,too few crashes
NW 52ND TER & W NEWBERRY RD,NW 52nd Ter & W Newberry Rd,4,5,,,,,,,,too few crashes
SW 1ST ST & SW 2ND AVE,SW 1st St & SW 2nd Ave,2,5,,,,,,,,too few crashes
SW 31ST ST & SW ARCHER RD,SW 31st St & SW Archer Rd,1,5,,,,,,,,too few crashes
ACSO & NE 39TH AVE,Acso & NE 39th Ave,0,5,,,,,,,,too few crashes
SE 2ND AVE & SE 2ND ST,SE 2nd Ave & SE 2nd St,4,5,,,,,,,,too few crashes
NW 1ST PL & SW 62ND ST,NW 1st Pl & SW 62nd St,1,5,,,,,,,,too few crashes
SW 12TH ST & SW 5TH AVE,SW 12th St & SW 5th Ave,10,5,,,,,,,,too few crashes
SW 4TH AVE & SW 6TH ST,SW 4th Ave & SW 6th St,6,5,,,,,,,,too few crashes
NW 43RD ST & NW 82ND BLVD,NW 43rd St & NW 82nd Blvd,2,5,,,,,,,,too few crashes
N MAIN ST & NE 12TH AVE,N Main St & NE 12th Ave,9,5,,,,,,,,too few crashes
SE 3RD ST & SE 4TH AVE,SE 3rd St & SE 4th Ave,5,5,,,,,,,,too few crashes
SW 31ST DR & SW 41ST PL,SW 31st Dr & SW 41st Pl,0,5,,,,,,,,too few crashes
NW 17TH ST & NW 8TH AVE,NW 17th St & NW 8th Ave,8,5,,,,,,,,too few crashes
NW 24TH BLVD & NW 53RD AVE,NW 24th Blvd & NW 53rd Ave,7,5,,,,,,,,too few crashes
OAKS MALL ENTRANCE & W NEWBERRY RD,Oaks Mall Entrance & W Newberry Rd,8,4,,,,,,,,too few crashes
NW 14TH AVE & NW 6TH ST,NW 14th Ave & NW 6th St,11,4,,,,,,,,too few crashes
NE 1ST ST & NE 6TH AVE,NE 1st St & NE 6th Ave,9,4,,,,,,,,too few crashes
NW 37TH ST & NW 53RD AVE,NW 37th St & NW 53rd Ave,14,4,,,,,,,,too few crashes
NW 34TH ST & NW 49TH AVE,NW 34th St & NW 49th Ave,3,4,,,,,,,,too few crashes
NW 16TH AVE & NW 8TH ST,NW 16th Ave & NW 8th St,3,4,,,,,,,,too few crashes
SW 27TH ST & SW 2ND AVE,SW 27th St & SW 2nd Ave,5,4,,,,,,,,too few crashes
N MAIN ST & NE 33RD AVE,N Main St & NE 33rd Ave,4,4,,,,,,,,too few crashes
SE 1ST AVE & SE 3RD ST,SE 1st Ave & SE 3rd St,3,4,,,,,,,,too few crashes
NE 1ST ST & NE 8TH AVE,NE 1st St & NE 8th Ave,4,4,,,,,,,,too few crashes
SE 20TH ST & SE 8TH AVE,SE 20th St & SE 8th Ave,2,4,,,,,,,,too few crashes
SE 15TH ST & SE 7TH AVE,SE 15th St & SE 7th Ave,1,4,,,,,,,,too few crashes
N MAIN ST & NW 4TH AVE,N Main St & NW 4th Ave,10,4,,,,,,,,too few crashes
NW 11TH AVE & NW 13TH ST,NW 11th Ave & NW 13th St,7,4,,,,,,,,too few crashes
SW 25TH ST & SW 2ND AVE,SW 25th St & SW 2nd Ave,11,4,,,,,,,,too few crashes
NE 5TH AVE & NE WALDO RD,NE 5th Ave & NE Waldo Rd,8,4,,,,,,,,too few crashes
NW 3RD ST & NW 8TH AVE,NW 3rd St & NW 8th Ave,1,4,,,,,,,,too few crashes
NW 39TH AVE & NW 40TH TER,NW 39th Ave & NW 40th Ter,16,4,,,,,,,,too few crashes
SW 2ND AVE & SW 9TH ST,SW 2nd Ave & SW 9th St,2,4,,,,,,,,too few crashes
SW 23RD TER & SW 31ST PL,SW 23rd Ter & SW 31st Pl,10,4,,,,,,,,too few crashes
NE 39TH BLVD & NE 55TH BLVD,NE 39th Blvd & NE 55th Blvd,3,4,,,,,,,,too few crashes
NW 34TH BLVD & NW 51ST PL,NW 34th Blvd & NW 51st Pl,7,4,,,,,,,,too few crashes
NE 19TH DR & NE 23RD AVE,NE 19th Dr & NE 23rd Ave,7,4,,,,,,,,too few crashes
CELEBRATION POINTE AVE & SW 42ND WAY,Celebration Pointe Ave & SW 42nd Way,0,4,,,,,,,,too few crashes
SW 13TH AVE & SW 13TH ST,SW 13th Ave & SW 13th St,0,4,,,,,,,,too few crashes
NW 16TH AVE & NW 4TH ST,NW 16th Ave & NW 4th St,4,4,,,,,,,,too few crashes
NW 31ST AVE & NW 34TH ST,NW 31st Ave & NW 34th St,7,4,,,,,,,,too few crashes
S MAIN ST & SE 13TH AVE,S Main St & SE 13th Ave,3,4,,,,,,,,too few crashes
SW 20TH AVE & SW 58TH ST,SW 20th Ave & SW 58th St,0,4,,,,,,,,too few crashes
S MAIN ST & SW 11TH PL,S Main St & SW 11th Pl,4,4,,,,,,,,too few crashes
NW 11TH ST & NW 3RD AVE,NW 11th St & NW 3rd Ave,1,4,,,,,,,,too few crashes
SW 16TH AVE & SW 16TH CT,SW 16th Ave & SW 16th Ct,6,4,,,,,,,,too few crashes
NW 25TH TER & NW 39TH AVE,NW 25th Ter & NW 39th Ave,5,4,,,,,,,,too few crashes
NE 17TH ST & NE 8TH AVE,NE 17th St & NE 8th Ave,7,4,,,,,,,,too few crashes
NW 22ND ST & NW 77TH AVE,NW 22nd St & NW 77th Ave,3,4,,,,,,,,too few crashes
NW 46TH ST & W NEWBERRY RD,NW 46th St & W Newberry Rd,1,4,,,,,,,,too few crashes
NE 7TH ST & NE 9TH AVE,NE 7th St & NE 9th Ave,0,4,,,,,,,,too few crashes
SW 11TH ST & SW 9TH AVE,SW 11th St & SW 9th Ave,2,4,,,,,,,,too few crashes
SE 8TH AVE & SE HAWTHORNE RD,SE 8th Ave & SE Hawthorne Rd,6,4,,,,,,,,too few crashes
NW 19TH PL & NW 34TH ST,NW 19th Pl & NW 34th St,10,4,,,,,,,,too few crashes
NW 13TH AVE & NW 6TH ST,NW 13th Ave & NW 6th St,2,4,,,,,,,,too few crashes
SW 8TH AVE & SW 9TH ST,SW 8th Ave & SW 9th St,3,4,,,,,,,,too few crashes
NW 22ND ST & NW 71ST PL,NW 22nd St & NW 71st Pl,4,4,,,,,,,,too few crashes
SW 34TH ST & SW 48TH LN,SW 34th St & SW 48th Ln,3,4,,,,,,,,too few crashes
NE 16TH TER & NE 23RD AVE,NE 16th Ter & NE 23rd Ave,3,4,,,,,,,,too few crashes
NW 25TH TER & NW 34TH ST,NW 25th Ter & NW 34th St,3,4,,,,,,,,too few crashes
NE 39TH AVE & NE 57TH BLVD,NE 39th Ave & NE 57th Blvd,5,4,,,,,,,,too few crashes
NE 39TH AVE & NE 52ND ST,NE 39th Ave & NE 52nd St,1,4,,,,,,,,too few crashes
SW 16TH PL & SW 52ND ST,SW 16th Pl & SW 52nd St,0,4,,,,,,,,too few crashes
NW 16TH AVE & NW 5TH ST,NW 16th Ave & NW 5th St,1,4,,,,,,,,too few crashes
E UNIVERSITY AVE & SE 25TH TER,E University Ave & SE 25th Ter,4,4,,,,,,,,too few crashes
NW 39TH AVE & NW 40TH ST,NW 39th Ave & NW 40th St,7,4,,,,,,,,too few crashes
SW ARCHER RD & UNNAMED ST,SW Archer Rd & Unnamed St,0,4,,,,,,,,too few crashes
NE 12TH ST & NE 39TH AVE,NE 12th St & NE 39th Ave,6,4,,,,,,,,too few crashes
SW 17TH PL & SW 38TH TER,SW 17th Pl & SW 38th Ter,0,4,,,,,,,,too few crashes
NW 36TH ST & NW 5TH AVE,NW 36th St & NW 5th Ave,0,4,,,,,,,,too few crashes
SE 3RD ST & SE DEPOT AVE,SE 3rd St & SE Depot Ave,5,4,,,,,,,,too few crashes
NW 12TH ST & NW 5TH AVE,NW 12th St & NW 5th Ave,4,4,,,,,,,,too few crashes
SE 12TH ST & SE 7TH AVE,SE 12th St & SE 7th Ave,3,4,,,,,,,,too few crashes
NE 18TH TER & NE 23RD AVE,NE 18th Ter & NE 23rd Ave,7,4,,,,,,,,too few crashes
NE 17TH PL & NE 17TH WAY,NE 17th Pl & NE 17th Way,2,4,,,,,,,,too few crashes
SW 23RD TER & SW 29TH PL,SW 23rd Ter & SW 29th Pl,3,4,,,,,,,,too few crashes
SW 35TH DR & SW 47TH ST,SW 35th Dr & SW 47th St,0,4,,,,,,,,too few crashes
CLARK BUTLER BLVD & SW 43RD ST,Clark Butler Blvd & SW 43rd St,0,4,,,,,,,,too few crashes
NW 13TH ST & NW 26TH ST,NW 13th St & NW 26th St,2,3,,,,,,,,too few crashes
SW 32ND CT & SW 35TH BLVD,SW 32nd Ct & SW 35th Blvd,0,3,,,,,,,,too few crashes
SW 16TH AVE & SW 17TH ST,SW 16th Ave & SW 17th St,1,3,,,,,,,,too few crashes
NW 20TH WAY & NW 55TH AVE,NW 20th Way & NW 55th Ave,0,3,,,,,,,,too few crashes
NW 19TH AVE & NW 2ND ST,NW 19th Ave & NW 2nd St,1,3,,,,,,,,too few crashes
NW 19TH ST & NW 4TH AVE,NW 19th St & NW 4th Ave,1,3,,,,,,,,too few crashes
N MAIN ST & NW 3RD AVE,N Main St & NW 3rd Ave,12,3,,,,,,,,too few crashes
NW 12TH ST & NW 39TH AVE,NW 12th St & NW 39th Ave,3,3,,,,,,,,too few crashes
SE 2ND AVE & SE 9TH ST,SE 2nd Ave & SE 9th St,2,3,,,,,,,,too few crashes
OLD ARCHER RD & UN NAMED RD,Old Archer Rd & Un Named Rd,2,3,,,,,,,,too few crashes
SR 24 & SW 37TH BLVD,SR 24 & SW 37th Blvd,2,3,,,,,,,,too few crashes
NW 13TH ST & NW 44TH AVE,NW 13th St & NW 44th Ave,6,3,,,,,,,,too few crashes
NW 13TH ST & NW 86TH BLVD,NW 13th St & NW 86th Blvd,6,3,,,,,,,,too few crashes
NW 20TH TER & NW 8TH AVE,NW 20th Ter & NW 8th Ave,6,3,,,,,,,,too few crashes
NW 21ST AVE & NW 6TH ST,NW 21st Ave & NW 6th St,3,3,,,,,,,,too few crashes
NW 43RD ST & NW 73RD AVE,NW 43rd St & NW 73rd Ave,3,3,,,,,,,,too few crashes
NE 1ST ST & NE 3RD AVE,NE 1st St & NE 3rd Ave,1,3,,,,,,,,too few crashes
NW 55TH ST & W UNIVERSITY AVE,NW 55th St & W University Ave,0,3,,,,,,,,too few crashes
NW 9TH ST & W UNIVERSITY AVE,NW 9th St & W University Ave,17,3,,,,,,,,too few crashes
NW 16TH AVE & NW 9TH ST,NW 16th Ave & NW 9th St,7,3,,,,,,,,too few crashes
NW 16TH BLVD & NW 38TH DR,NW 16th Blvd & NW 38th Dr,2,3,,,,,,,,too few crashes
NW 16TH ST & NW 2ND AVE,NW 16th St & NW 2nd Ave,0,3,,,,,,,,too few crashes
NW 12TH AVE & NW 13TH ST,NW 12th Ave & NW 13th St,5,3,,,,,,,,too few crashes
S MAIN ST & SE 2ND PL,S Main St & SE 2nd Pl,5,3,,,,,,,,too few crashes
S MAIN ST & SE 6TH AVE,S Main St & SE 6th Ave,4,3,,,,,,,,too few crashes
SE 10TH AVE & SE 11TH ST,SE 10th Ave & SE 11th St,4,3,,,,,,,,too few crashes
NW 24TH ST & W UNIVERSITY AVE,NW 24th St & W University Ave,7,3,,,,,,,,too few crashes
NW 24TH TER & NW 34TH ST,NW 24th Ter & NW 34th St,3,3,,,,,,,,too few crashes
SE 11TH ST & SE 3RD AVE,SE 11th St & SE 3rd Ave,1,3,,,,,,,,too few crashes
SE 12TH AVE & SE 15TH ST,SE 12th Ave & SE 15th St,6,3,,,,,,,,too few crashes
SE 13TH ST & SE 2ND AVE,SE 13th St & SE 2nd Ave,1,3,,,,,,,,too few crashes
NE 16TH AVE & NE 7TH ST,NE 16th Ave & NE 7th St,1,3,,,,,,,,too few crashes
NE 16TH AVE & NE 16TH TER,NE 16th Ave & NE 16th Ter,3,3,,,,,,,,too few crashes
SE 1ST ST & SE 2ND PL,SE 1st St & SE 2nd Pl,6,3,,,,,,,,too few crashes
SE 20TH PL & SE 4TH ST,SE 20th Pl & SE 4th St,1,3,,,,,,,,too few crashes
SE 20TH ST & SE HAWTHORNE RD,SE 20th St & SE Hawthorne Rd,2,3,,,,,,,,too few crashes
NW 16TH AVE & NW 19TH ST,NW 16th Ave & NW 19th St,1,3,,,,,,,,too few crashes
NW 16TH AVE & NW 25TH TER,NW 16th Ave & NW 25th Ter,3,3,,,,,,,,too few crashes
NW 16TH AVE & NW 30TH TER,NW 16th Ave & NW 30th Ter,4,3,,,,,,,,too few crashes
NW 25TH CIR & NW 41ST ST,NW 25th Cir & NW 41st St,2,3,,,,,,,,too few crashes
NW 26TH AVE & NW 6TH ST,NW 26th Ave & NW 6th St,5,3,,,,,,,,too few crashes
NW 26TH TER & NW 39TH AVE,NW 26th Ter & NW 39th Ave,0,3,,,,,,,,too few crashes
NW 26TH TER & NW 62ND AVE,NW 26th Ter & NW 62nd Ave,0,3,,,,,,,,too few crashes
NE 55TH PL & NE WALDO RD,NE 55th Pl & NE Waldo Rd,0,3,,,,,,,,too few crashes
NW 29TH ST & W UNIVERSITY AVE,NW 29th St & W University Ave,5,3,,,,,,,,too few crashes
NW 34TH AVE & NW 6TH ST,NW 34th Ave & NW 6th St,1,3,,,,,,,,too few crashes
NW 17TH ST & NW 2ND AVE,NW 17th St & NW 2nd Ave,2,3,,,,,,,,too few crashes
NW 17TH ST & NW 3RD AVE,NW 17th St & NW 3rd Ave,4,3,,,,,,,,too few crashes
NW 17TH ST & NW 3RD PL,NW 17th St & NW 3rd Pl,1,3,,,,,,,,too few crashes
NW 10TH ST & NW 5TH AVE,NW 10th St & NW 5th Ave,2,3,,,,,,,,too few crashes
NW 18TH ST & NW 8TH AVE,NW 18th St & NW 8th Ave,3,3,,,,,,,,too few crashes
NW 19TH LN & NW 6TH ST,NW 19th Ln & NW 6th St,3,3,,,,,,,,too few crashes
NW 35TH ST & NW 39TH AVE,NW 35th St & NW 39th Ave,2,3,,,,,,,,too few crashes
NE 28TH AVE & NE 9TH ST,NE 28th Ave & NE 9th St,3,3,,,,,,,,too few crashes
SE 7TH AVE & SE 7TH ST,SE 7th Ave & SE 7th St,2,3,,,,,,,,too few crashes
NW 13TH ST & NW 9TH AVE,NW 13th St & NW 9th Ave,9,3,,,,,,,,too few crashes
NW 14TH ST & NW 39TH AVE,NW 14th St & NW 39th Ave,9,3,,,,,,,,too few crashes
NW 15TH ST & NW 1ST AVE,NW 15th St & NW 1st Ave,3,3,,,,,,,,too few crashes
NW 15TH ST & NW 39TH AVE,NW 15th St & NW 39th Ave,7,3,,,,,,,,too few crashes
SHEALY DR & SW ARCHER RD,Shealy Dr & SW Archer Rd,5,3,,,,,,,,too few crashes
SR 222 & US 441,SR 222 & US 441,0,3,,,,,,,,too few crashes
SURGE AREA DR & SW ARCHER RD,Surge Area Dr & SW Archer Rd,14,3,,,,,,,,too few crashes
SW 10TH ST & SW 1ST AVE,SW 10th St & SW 1st Ave,8,3,,,,,,,,too few crashes
NE 14TH ST & NE 23RD AVE,NE 14th St & NE 23rd Ave,0,3,,,,,,,,too few crashes
NE 14TH ST & NE 39TH AVE,NE 14th St & NE 39th Ave,4,3,,,,,,,,too few crashes
NE 14TH ST & NE 3RD AVE,NE 14th St & NE 3rd Ave,0,3,,,,,,,,too few crashes
SW 10TH ST & SW 3RD AVE,SW 10th St & SW 3rd Ave,6,3,,,,,,,,too few crashes
NE 17TH TER & NE 23RD AVE,NE 17th Ter & NE 23rd Ave,2,3,,,,,,,,too few crashes
SE 11TH ST & SE 12TH AVE,SE 11th St & SE 12th Ave,0,3,,,,,,,,too few crashes
NE 12TH ST & NE 8TH AVE,NE 12th St & NE 8th Ave,3,3,,,,,,,,too few crashes
SW 13TH ST & SW WILLISTON RD,SW 13th St & SW Williston Rd,4,3,,,,,,,,too few crashes
SW 16TH AVE & VA HOSPITAL,SW 16th Ave & Va Hospital,1,3,,,,,,,,too few crashes
SW 17TH PL & SW 37TH ST,SW 17th Pl & SW 37th St,0,3,,,,,,,,too few crashes
SW 17TH RD & SW 74TH DR,SW 17th Rd & SW 74th Dr,1,3,,,,,,,,too few crashes
SW 17TH RD & SW 75TH ST,SW 17th Rd & SW 75th St,0,3,,,,,,,,too few crashes
NE 11TH TER & NE 23RD AVE,NE 11th Ter & NE 23rd Ave,3,3,,,,,,,,too few crashes
SW 20TH AVE & SW 42ND WAY,SW 20th Ave & SW 42nd Way,0,3,,,,,,,,too few crashes
SW 20TH LN & SW 43RD ST,SW 20th Ln & SW 43rd St,5,3,,,,,,,,too few crashes
SW 22ND RD & SW 38TH TER,SW 22nd Rd & SW 38th Ter,1,3,,,,,,,,too few crashes
NW 13TH ST & NW 68TH AVE,NW 13th St & NW 68th Ave,2,3,,,,,,,,too few crashes
NW 13TH ST & NW 6TH PL,NW 13th St & NW 6th Pl,5,3,,,,,,,,too few crashes
SE 3RD ST & SE 5TH AVE,SE 3rd St & SE 5th Ave,3,3,,,,,,,,too few crashes
N MAIN ST & NE 28TH PL,N Main St & NE 28th Pl,2,3,,,,,,,,too few crashes
N MAIN ST & NE 34TH PL,N Main St & NE 34th Pl,0,3,,,,,,,,too few crashes
N MAIN ST & NE 7TH AVE,N Main St & NE 7th Ave,9,3,,,,,,,,too few crashes
SW 26TH ST & SW 2ND AVE,SW 26th St & SW 2nd Ave,7,3,,,,,,,,too few crashes
SW 27TH ST & SW 38TH PL,SW 27th St & SW 38th Pl,1,3,,,,,,,,too few crashes
SW 2ND AVE & SW 7TH ST,SW 2nd Ave & SW 7th St,3,3,,,,,,,,too few crashes
E UNIVERSITY AVE & NE BLVD,E University Ave & NE Blvd,6,3,,,,,,,,too few crashes
SW 30TH WAY & SW 35TH PL,SW 30th Way & SW 35th Pl,2,3,,,,,,,,too few crashes
E UNIVERSITY AVE & NE 17TH ST,E University Ave & NE 17th St,2,3,,,,,,,,too few crashes
E UNIVERSITY AVE & NE 4TH ST,E University Ave & NE 4th St,5,3,,,,,,,,too few crashes
CR 231 & NW 34TH ST,CR 231 & NW 34th St,0,3,,,,,,,,too few crashes
CR 231 & SR 121,CR 231 & SR 121,3,3,,,,,,,,too few crashes
NW 13TH ST & NW 36TH RD,NW 13th St & NW 36th Rd,1,3,,,,,,,,too few crashes
NW 13TH ST & NW 43RD ST,NW 13th St & NW 43rd St,2,3,,,,,,,,too few crashes
NW 21ST DR & NW 39TH AVE,NW 21st Dr & NW 39th Ave,9,3,,,,,,,,too few crashes
NW 21ST DR & NW 53RD AVE,NW 21st Dr & NW 53rd Ave,1,3,,,,,,,,too few crashes
NW 10TH AVE & NW 12TH ST,NW 10th Ave & NW 12th St,1,3,,,,,,,,too few crashes
NW 10TH AVE & NW 2ND ST,NW 10th Ave & NW 2nd St,5,3,,,,,,,,too few crashes
NW 21ST ST & NW 39TH AVE,NW 21st St & NW 39th Ave,7,3,,,,,,,,too few crashes
NW 22ND ST & NW 66TH CT,NW 22nd St & NW 66th Ct,0,3,,,,,,,,too few crashes
NW 22ND ST & NW 7TH PL,NW 22nd St & NW 7th Pl,1,3,,,,,,,,too few crashes
NE 8TH AVE & NE BLVD,NE 8th Ave & NE Blvd,5,3,,,,,,,,too few crashes
NW 19TH ST & NW 1ST AVE,NW 19th St & NW 1st Ave,4,3,,,,,,,,too few crashes
NW 10TH ST & NW 16TH AVE,NW 10th St & NW 16th Ave,2,3,,,,,,,,too few crashes
NW 10TH ST & NW 39TH AVE,NW 10th St & NW 39th Ave,5,3,,,,,,,,too few crashes
NW 1ST ST & NW 4TH AVE,NW 1st St & NW 4th Ave,2,3,,,,,,,,too few crashes
NW 23RD BLVD & NW 31ST AVE,NW 23rd Blvd & NW 31st Ave,3,3,,,,,,,,too few crashes
NW 13TH ST & NW 32ND AVE,NW 13th St & NW 32nd Ave,4,3,,,,,,,,too few crashes
SW 41ST PL & SW 71ST TER,SW 41st Pl & SW 71st Ter,0,3,,,,,,,,too few crashes
NW 19TH ST & NW 5TH AVE,NW 19th St & NW 5th Ave,3,3,,,,,,,,too few crashes
SW 10TH ST & SW 5TH AVE,SW 10th St & SW 5th Ave,16,3,,,,,,,,too few crashes
SW 10TH ST & SW 8TH AVE,SW 10th St & SW 8th Ave,5,3,,,,,,,,too few crashes
NW 16TH ST & NW 3RD AVE,NW 16th St & NW 3rd Ave,1,3,,,,,,,,too few crashes
NW 4TH BLVD & UNNAMED ST,NW 4th Blvd & Unnamed St,2,3,,,,,,,,too few crashes
SW 38TH ST & SW 39TH BLVD,SW 38th St & SW 39th Blvd,3,3,,,,,,,,too few crashes
THE OAKS MALL WEST ENTRANCE & W NEWBERRY RD,The Oaks Mall West Entrance & W Newberry Rd,1,2,,,,,,,,too few crashes
NW 43RD ST & NW 44TH AVE,NW 43rd St & NW 44th Ave,3,2,,,,,,,,too few crashes
NW 42ND TER & NW 8TH AVE,NW 42nd Ter & NW 8th Ave,1,2,,,,,,,,too few crashes
NW 41ST PL & NW 6TH ST,NW 41st Pl & NW 6th St,0,2,,,,,,,,too few crashes
NW 43RD ST & NW 9TH PL,NW 43rd St & NW 9th Pl,4,2,,,,,,,,too few crashes
NW 43RD ST & NW 65TH AVE,NW 43rd St & NW 65th Ave,8,2,,,,,,,,too few crashes
NE 20TH ST & NE 8TH AVE,NE 20th St & NE 8th Ave,3,2,,,,,,,,too few crashes
NW 41ST AVE & NW 6TH ST,NW 41st Ave & NW 6th St,3,2,,,,,,,,too few crashes
SE 13TH ST & SE 3RD AVE,SE 13th St & SE 3rd Ave,2,2,,,,,,,,too few crashes
NW 32ND AVE & NW 43RD ST,NW 32nd Ave & NW 43rd St,7,2,,,,,,,,too few crashes
SE 11TH ST & SE 6TH AVE,SE 11th St & SE 6th Ave,6,2,,,,,,,,too few crashes
SE 15TH ST & SE 3RD AVE,SE 15th St & SE 3rd Ave,5,2,,,,,,,,too few crashes
NW 33RD AVE & NW 6TH ST,NW 33rd Ave & NW 6th St,0,2,,,,,,,,too few crashes
NW 33RD CT & NW 43RD ST,NW 33rd Ct & NW 43rd St,3,2,,,,,,,,too few crashes
SE 18TH TER & SE 8TH AVE,SE 18th Ter & SE 8th Ave,3,2,,,,,,,,too few crashes
SE 19TH PL & SE 1ST TER,SE 19th Pl & SE 1st Ter,0,2,,,,,,,,too few crashes
SW 2ND ST & SW 3RD AVE,SW 2nd St & SW 3rd Ave,1,2,,,,,,,,too few crashes
NW 16TH AVE & NW 31ST ST,NW 16th Ave & NW 31st St,1,2,,,,,,,,too few crashes
NW 37TH ST & NW 62ND PL,NW 37th St & NW 62nd Pl,1,2,,,,,,,,too few crashes
NW 37TH TER & NW 39TH AVE,NW 37th Ter & NW 39th Ave,3,2,,,,,,,,too few crashes
NE 17TH PL & NE WALDO RD,NE 17th Pl & NE Waldo Rd,2,2,,,,,,,,too few crashes
SW 2ND TER & SW DEPOT AVE,SW 2nd Ter & SW Depot Ave,1,2,,,,,,,,too few crashes
NW 15TH ST & NW 2ND PL,NW 15th St & NW 2nd Pl,7,2,,,,,,,,too few crashes
NW 15TH ST & NW 4TH AVE,NW 15th St & NW 4th Ave,3,2,,,,,,,,too few crashes
NW 31ST AVE & NW 31ST TER,NW 31st Ave & NW 31st Ter,3,2,,,,,,,,too few crashes
SE 23RD ST & SE 8TH AVE,SE 23rd St & SE 8th Ave,0,2,,,,,,,,too few crashes
NW 29TH ST & NW 34TH ST,NW 29th St & NW 34th St,1,2,,,,,,,,too few crashes
NE 16TH AVE & NE 16TH WAY,NE 16th Ave & NE 16th Way,4,2,,,,,,,,too few crashes
SE 2ND ST & SE DEPOT AVE,SE 2nd St & SE Depot Ave,5,2,,,,,,,,too few crashes
SE 1ST ST & SE 4TH AVE,SE 1st St & SE 4th Ave,0,2,,,,,,,,too few crashes
NW 16TH BLVD & NW 43RD AVE,NW 16th Blvd & NW 43rd Ave,1,2,,,,,,,,too few crashes
NW 12TH DR & NW 5TH AVE,NW 12th Dr & NW 5th Ave,0,2,,,,,,,,too few crashes
HULL RD & SW 37TH ST,Hull Rd & SW 37th St,1,2,,,,,,,,too few crashes
SE 1ST ST & SE WILLISTON RD,SE 1st St & SE Williston Rd,0,2,,,,,,,,too few crashes
NW 16TH AVE & NW 17TH ST,NW 16th Ave & NW 17th St,7,2,,,,,,,,too few crashes
NW 16TH AVE & NW 18TH ST,NW 16th Ave & NW 18th St,4,2,,,,,,,,too few crashes
NW 16TH AVE & NW 20TH WAY,NW 16th Ave & NW 20th Way,2,2,,,,,,,,too few crashes
NW 16TH AVE & NW 23RD TER,NW 16th Ave & NW 23rd Ter,5,2,,,,,,,,too few crashes
SE 10TH ST & SE 12TH AVE,SE 10th St & SE 12th Ave,0,2,,,,,,,,too few crashes
S MAIN ST & SW 5TH AVE,S Main St & SW 5th Ave,7,2,,,,,,,,too few crashes
NE 47TH AVE & NE WALDO RD,NE 47th Ave & NE Waldo Rd,1,2,,,,,,,,too few crashes
NE 5TH AVE & NE 9TH ST,NE 5th Ave & NE 9th St,2,2,,,,,,,,too few crashes
SW 10TH ST & SW 1ST PL,SW 10th St & SW 1st Pl,1,2,,,,,,,,too few crashes
SE 4TH ST & SW WILLISTON RD,SE 4th St & SW Williston Rd,0,2,,,,,,,,too few crashes
NW 24TH TER & NW 34TH BLVD,NW 24th Ter & NW 34th Blvd,2,2,,,,,,,,too few crashes
NW 23RD TER & NW 58TH AVE,NW 23rd Ter & NW 58th Ave,0,2,,,,,,,,too few crashes
SE 7TH AVE & SE 8TH AVE,SE 7th Ave & SE 8th Ave,1,2,,,,,,,,too few crashes
SW 12TH ST & SW 4TH AVE,SW 12th St & SW 4th Ave,6,2,,,,,,,,too few crashes
NW 12TH AVE & NW 6TH ST,NW 12th Ave & NW 6th St,6,2,,,,,,,,too few crashes
NW 16TH TER & NW 23RD BLVD,NW 16th Ter & NW 23rd Blvd,0,2,,,,,,,,too few crashes
NW 15TH ST & NW 5TH AVE,NW 15th St & NW 5th Ave,3,2,,,,,,,,too few crashes
E UNIVERSITY AVE & NE 20TH ST,E University Ave & NE 20th St,1,2,,,,,,,,too few crashes
E UNIVERSITY AVE & NE 22ND ST,E University Ave & NE 22nd St,1,2,,,,,,,,too few crashes
NE 3RD ST & NE 6TH AVE,NE 3rd St & NE 6th Ave,0,2,,,,,,,,too few crashes
NW 2ND ST & NW 3RD AVE,NW 2nd St & NW 3rd Ave,2,2,,,,,,,,too few crashes
NE 16TH AVE & NE 21ST PL,NE 16th Ave & NE 21st Pl,0,2,,,,,,,,too few crashes
NW 23RD AVE & UNNAMED ST,NW 23rd Ave & Unnamed St,0,2,,,,,,,,too few crashes
NW 23RD DR & W UNIVERSITY AVE,NW 23rd Dr & W University Ave,3,2,,,,,,,,too few crashes
NW 23RD TER & NW 31ST AVE,NW 23rd Ter & NW 31st Ave,5,2,,,,,,,,too few crashes
NW 23RD TER & NW 39TH AVE,NW 23rd Ter & NW 39th Ave,1,2,,,,,,,,too few crashes
NE 7TH TER & NE 8TH AVE,NE 7th Ter & NE 8th Ave,0,2,,,,,,,,too few crashes
NW 17TH ST & NW 6TH AVE,NW 17th St & NW 6th Ave,1,2,,,,,,,,too few crashes
NW 17TH ST & NW 7TH AVE,NW 17th St & NW 7th Ave,2,2,,,,,,,,too few crashes
NW 11TH ST & NW 42ND AVE,NW 11th St & NW 42nd Ave,0,2,,,,,,,,too few crashes
SW 2ND AVE & US 441,SW 2nd Ave & US 441,8,2,,,,,,,,too few crashes
SW 10TH ST & SW 7TH AVE,SW 10th St & SW 7th Ave,5,2,,,,,,,,too few crashes
NW 28TH ST & W UNIVERSITY AVE,NW 28th St & W University Ave,12,2,,,,,,,,too few crashes
NW 28TH TER & NW 55TH BLVD,NW 28th Ter & NW 55th Blvd,0,2,,,,,,,,too few crashes
NE 15TH ST & NE 30TH AVE,NE 15th St & NE 30th Ave,2,2,,,,,,,,too few crashes
SE 4TH ST & SE 8TH PL,SE 4th St & SE 8th Pl,0,2,,,,,,,,too few crashes
SE 25TH ST & SE HAWTHORNE RD,SE 25th St & SE Hawthorne Rd,2,2,,,,,,,,too few crashes
NW 27TH TER & NW 46TH PL,NW 27th Ter & NW 46th Pl,0,2,,,,,,,,too few crashes
NW 22ND ST & NW 73RD PL,NW 22nd St & NW 73rd Pl,0,2,,,,,,,,too few crashes
NW 22ND ST & US 441,NW 22nd St & US 441,0,2,,,,,,,,too few crashes
NO NAMED ST & OLD ARCHER RD,No Named St & Old Archer Rd,0,2,,,,,,,,too few crashes
NW 1ST ST & NW 8TH AVE,NW 1st St & NW 8th Ave,3,2,,,,,,,,too few crashes
NW 10TH AVE & NW 10TH ST,NW 10th Ave & NW 10th St,4,2,,,,,,,,too few crashes
NW 10TH AVE & NW 4TH ST,NW 10th Ave & NW 4th St,1,2,,,,,,,,too few crashes
NW 10TH AVE & NW 8TH ST,NW 10th Ave & NW 8th St,2,2,,,,,,,,too few crashes
NW 21ST PL & SR 121,NW 21st Pl & SR 121,0,2,,,,,,,,too few crashes
SW 17TH RD & SW 68TH TER,SW 17th Rd & SW 68th Ter,0,2,,,,,,,,too few crashes
NW 11TH AVE & NW 22ND ST,NW 11th Ave & NW 22nd St,1,2,,,,,,,,too few crashes
NW 16TH BLVD & NW 35TH TER,NW 16th Blvd & NW 35th Ter,5,2,,,,,,,,too few crashes
NW 16TH BLVD & NW 35TH WAY,NW 16th Blvd & NW 35th Way,4,2,,,,,,,,too few crashes
SW 28TH ST & SW 2ND AVE,SW 28th St & SW 2nd Ave,1,2,,,,,,,,too few crashes
SW 12TH ST & SW 6TH AVE,SW 12th St & SW 6th Ave,2,2,,,,,,,,too few crashes
NE 13TH ST & NE 23RD AVE,NE 13th St & NE 23rd Ave,1,2,,,,,,,,too few crashes
NW 23RD AVE & NW 51ST TER,NW 23rd Ave & NW 51st Ter,1,2,,,,,,,,too few crashes
SW 15TH PL & SW 42ND ST,SW 15th Pl & SW 42nd St,1,2,,,,,,,,too few crashes
SW 16TH AVE & SW WILLISTON RD,SW 16th Ave & SW Williston Rd,1,2,,,,,,,,too few crashes
NW 21ST AVE & NW 4TH ST,NW 21st Ave & NW 4th St,0,2,,,,,,,,too few crashes
NW 19TH ST & NW 53RD AVE,NW 19th St & NW 53rd Ave,7,2,,,,,,,,too few crashes
NE 11TH ST & NE 8TH AVE,NE 11th St & NE 8th Ave,1,2,,,,,,,,too few crashes
NE 10TH AVE & NE 2ND ST,NE 10th Ave & NE 2nd St,3,2,,,,,,,,too few crashes
NW 19TH ST & NW 42ND AVE,NW 19th St & NW 42nd Ave,0,2,,,,,,,,too few crashes
N MAIN ST & NE 6TH AVE,N Main St & NE 6th Ave,6,2,,,,,,,,too few crashes
NW 20TH DR & W UNIVERSITY AVE,NW 20th Dr & W University Ave,6,2,,,,,,,,too few crashes
NW 10TH PL & NW 66TH ST,NW 10th Pl & NW 66th St,2,2,,,,,,,,too few crashes
SW 11TH AVE & SW 11TH ST,SW 11th Ave & SW 11th St,1,2,,,,,,,,too few crashes
NE 8TH AVE & SR 24,NE 8th Ave & SR 24,3,2,,,,,,,,too few crashes
NW 23RD AVE & NW 3RD TER,NW 23rd Ave & NW 3rd Ter,3,2,,,,,,,,too few crashes
NE 11TH TER & NE 8TH AVE,NE 11th Ter & NE 8th Ave,5,2,,,,,,,,too few crashes
NE 12TH AVE & NE 9TH ST,NE 12th Ave & NE 9th St,0,2,,,,,,,,too few crashes
NE 12TH ST & NE 37TH PL,NE 12th St & NE 37th Pl,1,2,,,,,,,,too few crashes
NW 14TH TER & NW 5TH AVE,NW 14th Ter & NW 5th Ave,0,2,,,,,,,,too few crashes
NW 15TH AVE & NW 6TH ST,NW 15th Ave & NW 6th St,7,2,,,,,,,,too few crashes
NW 12TH ST & NW 4TH AVE,NW 12th St & NW 4th Ave,1,2,,,,,,,,too few crashes
SW 37TH ST & SW 38TH ST,SW 37th St & SW 38th St,2,2,,,,,,,,too few crashes
ALLIGATOR ALLEY & SW 10TH ST,Alligator Alley & SW 10th St,1,2,,,,,,,,too few crashes
ALLIGATOR ALLEY & SW 13TH ST,Alligator Alley & SW 13th St,1,2,,,,,,,,too few crashes
NW 5TH AVE & US 441,NW 5th Ave & US 441,5,2,,,,,,,,too few crashes
NW 3RD AVE & NW 9TH TER,NW 3rd Ave & NW 9th Ter,2,2,,,,,,,,too few crashes
NW 40TH DR & NW 8TH AVE,NW 40th Dr & NW 8th Ave,2,2,,,,,,,,too few crashes
NW 60TH ST & W UNIVERSITY AVE,NW 60th St & W University Ave,2,2,,,,,,,,too few crashes
NW 18TH ST & NW 1ST AVE,NW 18th St & NW 1st Ave,4,2,,,,,,,,too few crashes
NW 18TH ST & NW 2ND AVE,NW 18th St & NW 2nd Ave,4,2,,,,,,,,too few crashes
NW 17TH AVE & NW 43RD ST,NW 17th Ave & NW 43rd St,3,2,,,,,,,,too few crashes
SW 24TH ST & SW 35TH PL,SW 24th St & SW 35th Pl,4,2,,,,,,,,too few crashes
NW 17TH ST & NW 39TH AVE,NW 17th St & NW 39th Ave,0,2,,,,,,,,too few crashes
NE 10TH ST & NE 8TH AVE,NE 10th St & NE 8th Ave,2,2,,,,,,,,too few crashes
NW 10TH ST & NW 23RD AVE,NW 10th St & NW 23rd Ave,7,2,,,,,,,,too few crashes
SW 23RD WAY & SW 2ND AVE,SW 23rd Way & SW 2nd Ave,4,2,,,,,,,,too few crashes
SW 6TH ST & SW 7TH AVE,SW 6th St & SW 7th Ave,0,2,,,,,,,,too few crashes
NW 3RD AVE & NW 3RD ST,NW 3rd Ave & NW 3rd St,0,2,,,,,,,,too few crashes
NW 3RD AVE & NW 5TH ST,NW 3rd Ave & NW 5th St,0,2,,,,,,,,too few crashes
NW 7TH ST & NW 8TH AVE,NW 7th St & NW 8th Ave,0,2,,,,,,,,too few crashes
NE 23RD AVE & NE 7TH ST,NE 23rd Ave & NE 7th St,1,2,,,,,,,,too few crashes
SE 10TH AVE & SE 20TH ST,SE 10th Ave & SE 20th St,0,2,,,,,,,,too few crashes
SE 16TH AVE & SR 226,SE 16th Ave & SR 226,0,2,,,,,,,,too few crashes
SE 24TH ST & SE 2ND AVE,SE 24th St & SE 2nd Ave,1,2,,,,,,,,too few crashes
SW 12TH ST & SW 16TH AVE,SW 12th St & SW 16th Ave,0,2,,,,,,,,too few crashes
NW 23RD TER & NW 25TH TER,NW 23rd Ter & NW 25th Ter,1,2,,,,,,,,too few crashes
NW 20TH AVE & NW 6TH ST,NW 20th Ave & NW 6th St,3,2,,,,,,,,too few crashes
NW 10TH AVE & NW 18TH ST,NW 10th Ave & NW 18th St,1,2,,,,,,,,too few crashes
SW 20TH AVE & SW 64ST ST,SW 20th Ave & SW 64st St,5,2,,,,,,,,too few crashes
NW 11TH RD & NW 13TH ST,NW 11th Rd & NW 13th St,1,2,,,,,,,,too few crashes
SW 25TH DR & SW 31ST PL,SW 25th Dr & SW 31st Pl,1,2,,,,,,,,too few crashes
SW 16TH ST & SW 17TH CT,SW 16th St & SW 17th Ct,1,2,,,,,,,,too few crashes
SW 24TH AVE & SW 36TH TER,SW 24th Ave & SW 36th Ter,0,2,,,,,,,,too few crashes
NW 39TH DR & NW 8TH AVE,NW 39th Dr & NW 8th Ave,4,2,,,,,,,,too few crashes
SW 47TH ST & SW 62ND BLVD,SW 47th St & SW 62nd Blvd,0,2,,,,,,,,too few crashes
51ST & NW 43RD ST,51st & NW 43rd St,0,2,,,,,,,,too few crashes
NW 4TH BLVD & W UNIVERSITY AVE,NW 4th Blvd & W University Ave,1,2,,,,,,,,too few crashes
9TH ST & E UNIVERSITY AVE,9th St & E University Ave,1,2,,,,,,,,too few crashes
NE 10TH AVE & NE 23RD ST,NE 10th Ave & NE 23rd St,1,2,,,,,,,,too few crashes
SW 43RD ST & SW 62ND BLVD,SW 43rd St & SW 62nd Blvd,0,2,,,,,,,,too few crashes
S MAIN ST & SW 29TH PL,S Main St & SW 29th Pl,1,2,,,,,,,,too few crashes
NE 18TH ST & NE 8TH AVE,NE 18th St & NE 8th Ave,4,2,,,,,,,,too few crashes
NW 39TH RD & W UNIVERSITY AVE,NW 39th Rd & W University Ave,5,2,,,,,,,,too few crashes
NW 39TH AVE & NW 39TH WAY,NW 39th Ave & NW 39th Way,6,2,,,,,,,,too few crashes
NE 17TH DR & NE 8TH AVE,NE 17th Dr & NE 8th Ave,4,2,,,,,,,,too few crashes
NW 14TH ST & NW 2ND AVE,NW 14th St & NW 2nd Ave,1,2,,,,,,,,too few crashes
SW 35TH DR & SW 37TH BLVD,SW 35th Dr & SW 37th Blvd,0,2,,,,,,,,too few crashes
NW 14TH ST & NW 3RD PL,NW 14th St & NW 3rd Pl,1,2,,,,,,,,too few crashes
NE 27TH AVE & NE 55TH BLVD,NE 27th Ave & NE 55th Blvd,3,2,,,,,,,,too few crashes
NW 36TH ST & W UNIVERSITY AVE,NW 36th St & W University Ave,23,2,,,,,,,,too few crashes
NW 36TH TER & NW 8TH AVE,NW 36th Ter & NW 8th Ave,2,2,,,,,,,,too few crashes
NE 2ND AVE & NE 3RD ST,NE 2nd Ave & NE 3rd St,1,2,,,,,,,,too few crashes
NW 34TH PL & NW 43RD ST,NW 34th Pl & NW 43rd St,10,2,,,,,,,,too few crashes
NW 15TH TER & NW 3RD AVE,NW 15th Ter & NW 3rd Ave,1,2,,,,,,,,too few crashes
NW 15TH TER & W UNIVERSITY AVE,NW 15th Ter & W University Ave,5,2,,,,,,,,too few crashes
NW 4TH AVE & NW 6TH ST,NW 4th Ave & NW 6th St,4,2,,,,,,,,too few crashes
NE 23RD ST & NE 8TH AVE,NE 23rd St & NE 8th Ave,1,2,,,,,,,,too few crashes
NW 50TH BLVD & W NEWBERRY RD,NW 50th Blvd & W Newberry Rd,10,2,,,,,,,,too few crashes
NE 20TH TER & NE 3RD AVE,NE 20th Ter & NE 3rd Ave,2,2,,,,,,,,too few crashes
NE 20TH WAY & NE 27TH AVE,NE 20th Way & NE 27th Ave,0,2,,,,,,,,too few crashes
NE 1ST ST & NE 7TH AVE,NE 1st St & NE 7th Ave,9,2,,,,,,,,too few crashes
SW 3TTH BLVD & SW ARCHER RD,SW 3tth Blvd & SW Archer Rd,0,1,,,,,,,,too few crashes
NW 13TH ST & NW 24TH AVE,NW 13th St & NW 24th Ave,0,1,,,,,,,,too few crashes
NW 13TH ST & NW 33RD PL,NW 13th St & NW 33rd Pl,2,1,,,,,,,,too few crashes
NW 13TH ST & NW 34TH PL,NW 13th St & NW 34th Pl,2,1,,,,,,,,too few crashes
NW 13TH AVE & NW 43RD ST,NW 13th Ave & NW 43rd St,0,1,,,,,,,,too few crashes
NW 13TH AVE & NW 53RD AVE,NW 13th Ave & NW 53rd Ave,0,1,,,,,,,,too few crashes
NW 13TH AVE & NW 55TH ST,NW 13th Ave & NW 55th St,2,1,,,,,,,,too few crashes
NW 13TH PL & NW 43RD ST,NW 13th Pl & NW 43rd St,2,1,,,,,,,,too few crashes
20TH AVE & SW 42ND ST,20th Ave & SW 42nd St,0,1,,,,,,,,too few crashes
NE 20TH WAY & NE 31ST AVE,NE 20th Way & NE 31st Ave,1,1,,,,,,,,too few crashes
NW 44TH AVE & NW 6TH ST,NW 44th Ave & NW 6th St,4,1,,,,,,,,too few crashes
ACCESS RD BEHIND CHEVRON & ACCESS RD NEXT TO BAKERY,Access Rd Behind Chevron & Access Rd Next To Bakery,0,1,,,,,,,,too few crashes
SW 62ND BLVD & SW 7TH AVE,SW 62nd Blvd & SW 7th Ave,0,1,,,,,,,,too few crashes
NW 4TH PL & NW 52ND TER,NW 4th Pl & NW 52nd Ter,0,1,,,,,,,,too few crashes
NW 45TH ST & W NEWBERRY RD,NW 45th St & W Newberry Rd,7,1,,,,,,,,too few crashes
NW 46TH TER & NW 53RD AVE,NW 46th Ter & NW 53rd Ave,1,1,,,,,,,,too few crashes
SW 47TH AVE & SW ARCHER RD,SW 47th Ave & SW Archer Rd,1,1,,,,,,,,too few crashes
SW 4TH AVE & SW 5TH ST,SW 4th Ave & SW 5th St,1,1,,,,,,,,too few crashes
NW 51ST DR & NW 82ND BLVD,NW 51st Dr & NW 82nd Blvd,0,1,,,,,,,,too few crashes
NW 10TH ST & NW 1ST PL,NW 10th St & NW 1st Pl,1,1,,,,,,,,too few crashes
NW 1ST PL & SW 13TH ST,NW 1st Pl & SW 13th St,0,1,,,,,,,,too few crashes
NW 1ST PL & SW 62ND BLVD,NW 1st Pl & SW 62nd Blvd,0,1,,,,,,,,too few crashes
NW 19TH ST & NW 43RD PL,NW 19th St & NW 43rd Pl,0,1,,,,,,,,too few crashes
NW 19TH ST & NW 45TH AVE,NW 19th St & NW 45th Ave,1,1,,,,,,,,too few crashes
NE 10TH AVE & NE 7TH ST,NE 10th Ave & NE 7th St,0,1,,,,,,,,too few crashes
NE 10TH AVE & NE 7TH TER,NE 10th Ave & NE 7th Ter,0,1,,,,,,,,too few crashes
NE 10TH ST & NE 6TH AVE,NE 10th St & NE 6th Ave,0,1,,,,,,,,too few crashes
NE 10TH ST & NE 7TH AVE,NE 10th St & NE 7th Ave,0,1,,,,,,,,too few crashes
SW 23RD ST & SW 32ND PL,SW 23rd St & SW 32nd Pl,3,1,,,,,,,,too few crashes
SW 21ST LN & SW 38TH DR,SW 21st Ln & SW 38th Dr,0,1,,,,,,,,too few crashes
SW 21ST LN & SW 43RD ST,SW 21st Ln & SW 43rd St,1,1,,,,,,,,too few crashes
NW 1ST AVE & NW 20TH ST,NW 1st Ave & NW 20th St,0,1,,,,,,,,too few crashes
SW 26TH TER & SW 33RD PL,SW 26th Ter & SW 33rd Pl,0,1,,,,,,,,too few crashes
NW 1ST AVE & NW 22ND ST,NW 1st Ave & NW 22nd St,0,1,,,,,,,,too few crashes
NW 1ST AVE & NW 2ND ST,NW 1st Ave & NW 2nd St,1,1,,,,,,,,too few crashes
NW 1ST AVE & NW 8TH ST,NW 1st Ave & NW 8th St,0,1,,,,,,,,too few crashes
SW 1ST AVE & SW 8TH ST,SW 1st Ave & SW 8th St,0,1,,,,,,,,too few crashes
SW 1ST AVE & SW 9TH ST,SW 1st Ave & SW 9th St,0,1,,,,,,,,too few crashes
NW 20TH CT & NW 55TH AVE,NW 20th Ct & NW 55th Ave,0,1,,,,,,,,too few crashes
NW 20TH DR & NW 45TH AVE,NW 20th Dr & NW 45th Ave,0,1,,,,,,,,too few crashes
NW 20TH ST & NW 2ND AVE,NW 20th St & NW 2nd Ave,1,1,,,,,,,,too few crashes
NW 20TH ST & NW 31ST PL,NW 20th St & NW 31st Pl,0,1,,,,,,,,too few crashes
NW 20TH ST & NW 35TH AVE,NW 20th St & NW 35th Ave,0,1,,,,,,,,too few crashes
NW 18TH TER & NW 7TH PL,NW 18th Ter & NW 7th Pl,0,1,,,,,,,,too few crashes
SW 21ST RD & SW 39TH WAY,SW 21st Rd & SW 39th Way,0,1,,,,,,,,too few crashes
SW 22ND LN & SW 43RD ST,SW 22nd Ln & SW 43rd St,2,1,,,,,,,,too few crashes
SW 23RD DR & SW 35TH PL,SW 23rd Dr & SW 35th Pl,5,1,,,,,,,,too few crashes
NE 10TH AVE & NE 19TH TER,NE 10th Ave & NE 19th Ter,0,1,,,,,,,,too few crashes
SW 24TH AVE & SW 37TH ST,SW 24th Ave & SW 37th St,0,1,,,,,,,,too few crashes
SW 62ND BLVD & SWS 20TH AVE,SW 62nd Blvd & Sws 20th Ave,0,1,,,,,,,,too few crashes
SW 62ND ST & W 1ST PL,SW 62nd St & W 1st Pl,0,1,,,,,,,,too few crashes
SW 7TH AVE & SW 9TH ST,SW 7th Ave & SW 9th St,3,1,,,,,,,,too few crashes
SW 51ST TER & SW 62ND AVE,SW 51st Ter & SW 62nd Ave,0,1,,,,,,,,too few crashes
BUTLER PLAZA WEST & SW 37TH BLVD,Butler Plaza West & SW 37th Blvd,0,1,,,,,,,,too few crashes
NW 14TH AVE & NW 2ND ST,NW 14th Ave & NW 2nd St,3,1,,,,,,,,too few crashes
NW 19TH AVE & NW 9TH ST,NW 19th Ave & NW 9th St,0,1,,,,,,,,too few crashes
NW 19TH ST & NW 2ND AVE,NW 19th St & NW 2nd Ave,4,1,,,,,,,,too few crashes
NW 19TH ST & NW 31ST AVE,NW 19th St & NW 31st Ave,0,1,,,,,,,,too few crashes
NW 10TH ST & NW 44TH AVE,NW 10th St & NW 44th Ave,0,1,,,,,,,,too few crashes
NW 10TH ST & NW 6TH AVE,NW 10th St & NW 6th Ave,2,1,,,,,,,,too few crashes
NW 10TH ST & NW 7TH AVE,NW 10th St & NW 7th Ave,0,1,,,,,,,,too few crashes
NE 10TH AVE & NE 6TH ST,NE 10th Ave & NE 6th St,0,1,,,,,,,,too few crashes
SW 26TH DR & SW 40TH PL,SW 26th Dr & SW 40th Pl,1,1,,,,,,,,too few crashes
SW 26TH TER & SW 31ST PL,SW 26th Ter & SW 31st Pl,2,1,,,,,,,,too few crashes
NW 11TH AVE & NW 6TH ST,NW 11th Ave & NW 6th St,2,1,,,,,,,,too few crashes
NW 17TH PL & NW 43RD ST,NW 17th Pl & NW 43rd St,0,1,,,,,,,,too few crashes
N MAIN ST & UNNAMED ST,N Main St & Unnamed St,0,1,,,,,,,,too few crashes
SW 24TH ST & SW 2ND AVE,SW 24th St & SW 2nd Ave,3,1,,,,,,,,too few crashes
SW 20TH AVE & SW 24TH AVE,SW 20th Ave & SW 24th Ave,0,1,,,,,,,,too few crashes
NE 10TH TER & NE 28TH AVE,NE 10th Ter & NE 28th Ave,0,1,,,,,,,,too few crashes
NE 11TH PL & NE 25TH ST,NE 11th Pl & NE 25th St,1,1,,,,,,,,too few crashes
NE 10TH AVE & NE 24TH ST,NE 10th Ave & NE 24th St,0,1,,,,,,,,too few crashes
NE 11TH ST & NE 28TH AVE,NE 11th St & NE 28th Ave,0,1,,,,,,,,too few crashes
NW 10TH ST & NW 15TH AVE,NW 10th St & NW 15th Ave,0,1,,,,,,,,too few crashes
SW 20TH AVE & SW 37TH WAY,SW 20th Ave & SW 37th Way,3,1,,,,,,,,too few crashes
NE 10TH AVE & NE 4TH ST,NE 10th Ave & NE 4th St,0,1,,,,,,,,too few crashes
NE 10TH AVE & NE 5TH ST,NE 10th Ave & NE 5th St,0,1,,,,,,,,too few crashes
NW 18TH TER & NW 5TH AVE,NW 18th Ter & NW 5th Ave,0,1,,,,,,,,too few crashes
NW 18TH TER & NW 7TH AVE,NW 18th Ter & NW 7th Ave,3,1,,,,,,,,too few crashes
NE 10TH AVE & NE 12TH ST,NE 10th Ave & NE 12th St,0,1,,,,,,,,too few crashes
NE WALDO RD & UNNAMED ST,NE Waldo Rd & Unnamed St,0,1,,,,,,,,too few crashes
NW 21ST LN & NW 6TH ST,NW 21st Ln & NW 6th St,1,1,,,,,,,,too few crashes
NW 1ST ST & NW 7TH AVE,NW 1st St & NW 7th Ave,1,1,,,,,,,,too few crashes
NW 21ST ST & NW 31ST AVE,NW 21st St & NW 31st Ave,3,1,,,,,,,,too few crashes
NW 21ST ST & NW 33RD AVE,NW 21st St & NW 33rd Ave,0,1,,,,,,,,too few crashes
NW 20TH ST & NW 4TH AVE,NW 20th St & NW 4th Ave,0,1,,,,,,,,too few crashes
NW 20TH ST & NW 5TH AVE,NW 20th St & NW 5th Ave,1,1,,,,,,,,too few crashes
NW 20TH ST & NW 7TH AVE,NW 20th St & NW 7th Ave,0,1,,,,,,,,too few crashes
SW 16TH ST & SW 6TH ST,SW 16th St & SW 6th St,0,1,,,,,,,,too few crashes
NW 10TH PL & NWS 66TH ST,NW 10th Pl & Nws 66th St,0,1,,,,,,,,too few crashes
SW 1ST ST & SW 3RD AVE,SW 1st St & SW 3rd Ave,0,1,,,,,,,,too few crashes
SW 20TH AVE & SW 42ND DR,SW 20th Ave & SW 42nd Dr,5,1,,,,,,,,too few crashes
SW 20TH AVE & SW 66TH DR,SW 20th Ave & SW 66th Dr,0,1,,,,,,,,too few crashes
SW 23RD TER & SW 2ND AVE,SW 23rd Ter & SW 2nd Ave,3,1,,,,,,,,too few crashes
SW 23RD TER & UNNAMED ST,SW 23rd Ter & Unnamed St,0,1,,,,,,,,too few crashes
SW 23RD TER & W UNIVERSITY AVE,SW 23rd Ter & W University Ave,13,1,,,,,,,,too few crashes
NW 22ND TER & NW 8TH AVE,NW 22nd Ter & NW 8th Ave,2,1,,,,,,,,too few crashes
NW 22ST & NW 66TH CT,NW 22st & NW 66th Ct,0,1,,,,,,,,too few crashes
SW 17TH RD & SW 73RD ST,SW 17th Rd & SW 73rd St,0,1,,,,,,,,too few crashes
SW 18TH PL & SW 51ST TER,SW 18th Pl & SW 51st Ter,0,1,,,,,,,,too few crashes
SW 19TH PL & SW 52ND ST,SW 19th Pl & SW 52nd St,0,1,,,,,,,,too few crashes
SW 1ST AVE & SW 1ST ST,SW 1st Ave & SW 1st St,4,1,,,,,,,,too few crashes
NE 11TH TER & NE 28TH AVE,NE 11th Ter & NE 28th Ave,0,1,,,,,,,,too few crashes
NE 11TH TER & NE 31ST AVE,NE 11th Ter & NE 31st Ave,0,1,,,,,,,,too few crashes
NE 11TH TER & NE 39TH AVE,NE 11th Ter & NE 39th Ave,1,1,,,,,,,,too few crashes
NW 21ST ST & NW 5TH AVE,NW 21st St & NW 5th Ave,0,1,,,,,,,,too few crashes
NW 21ST ST & NW 7TH PL,NW 21st St & NW 7th Pl,0,1,,,,,,,,too few crashes
NW 21ST TER & NW 39TH AVE,NW 21st Ter & NW 39th Ave,1,1,,,,,,,,too few crashes
NW 22ND AVE & NW 3RD TER,NW 22nd Ave & NW 3rd Ter,0,1,,,,,,,,too few crashes
NW 20TH TER & NW 39TH AVE,NW 20th Ter & NW 39th Ave,4,1,,,,,,,,too few crashes
NW 21ST AVE & NW 2ND ST,NW 21st Ave & NW 2nd St,0,1,,,,,,,,too few crashes
NE 11TH ST & NE 5TH AVE,NE 11th St & NE 5th Ave,5,1,,,,,,,,too few crashes
SW 13TH RD & SW 74TH DR,SW 13th Rd & SW 74th Dr,0,1,,,,,,,,too few crashes
SW 11TH AVE & SW 11TH TER,SW 11th Ave & SW 11th Ter,0,1,,,,,,,,too few crashes
NE 8TH ST & NE 9TH ST,NE 8th St & NE 9th St,0,1,,,,,,,,too few crashes
NE 9TH AVE & NE 9TH ST,NE 9th Ave & NE 9th St,0,1,,,,,,,,too few crashes
NE 9TH AVE & NE WALDO RD,NE 9th Ave & NE Waldo Rd,0,1,,,,,,,,too few crashes
NW 23RD AVE & NW 45TH ST,NW 23rd Ave & NW 45th St,1,1,,,,,,,,too few crashes
NW 23RD AVE & NW 48TH TER,NW 23rd Ave & NW 48th Ter,4,1,,,,,,,,too few crashes
NE 11TH TER & NE 9TH AVE,NE 11th Ter & NE 9th Ave,0,1,,,,,,,,too few crashes
NE 12TH AVE & NE 19TH TER,NE 12th Ave & NE 19th Ter,1,1,,,,,,,,too few crashes
NE 12TH CT & NE 5TH AVE,NE 12th Ct & NE 5th Ave,0,1,,,,,,,,too few crashes
SW 14TH ST & SW 16TH AVE,SW 14th St & SW 16th Ave,5,1,,,,,,,,too few crashes
NE 12TH ST & NE 31ST AVE,NE 12th St & NE 31st Ave,1,1,,,,,,,,too few crashes
NE 12TH ST & NE 35TH AVE,NE 12th St & NE 35th Ave,0,1,,,,,,,,too few crashes
SW 1ST ST & SW 4TH AVE,SW 1st St & SW 4th Ave,3,1,,,,,,,,too few crashes
SW 20 TH AVE & SW 43RD ST,SW 20 Th Ave & SW 43rd St,0,1,,,,,,,,too few crashes
SW 26TH TER & SW 38TH PL,SW 26th Ter & SW 38th Pl,0,1,,,,,,,,too few crashes
NE 13TH AVE & NE 7TH ST,NE 13th Ave & NE 7th St,0,1,,,,,,,,too few crashes
NE 13TH ST & NE 16TH AVE,NE 13th St & NE 16th Ave,3,1,,,,,,,,too few crashes
SW 12TH ST & SW 8TH AVE,SW 12th St & SW 8th Ave,13,1,,,,,,,,too few crashes
NW 17TH ST & NW 4TH AVE,NW 17th St & NW 4th Ave,0,1,,,,,,,,too few crashes
NW 17TH TER & NW 39TH AVE,NW 17th Ter & NW 39th Ave,1,1,,,,,,,,too few crashes
NW 18TH AVE & NW 9TH ST,NW 18th Ave & NW 9th St,0,1,,,,,,,,too few crashes
NW 18TH DR & NW 67TH PL,NW 18th Dr & NW 67th Pl,1,1,,,,,,,,too few crashes
NW 11TH ST & NW 32ND AVE,NW 11th St & NW 32nd Ave,0,1,,,,,,,,too few crashes
NW 11TH ST & NW 4TH AVE,NW 11th St & NW 4th Ave,0,1,,,,,,,,too few crashes
NW 128TH RD & SR 121,NW 128th Rd & SR 121,0,1,,,,,,,,too few crashes
SW 26TH DR & SW 31ST PL,SW 26th Dr & SW 31st Pl,1,1,,,,,,,,too few crashes
N MAIN ST & NE 35TH AVE,N Main St & NE 35th Ave,2,1,,,,,,,,too few crashes
SW 27TH AVE & SW 28TH PL,SW 27th Ave & SW 28th Pl,0,1,,,,,,,,too few crashes
NW 22ND AVE & NW 6TH ST,NW 22nd Ave & NW 6th St,7,1,,,,,,,,too few crashes
NW 22ND DR & NW 55TH BLVD,NW 22nd Dr & NW 55th Blvd,1,1,,,,,,,,too few crashes
NE BLVD & NW 8TH AVE,NE Blvd & NW 8th Ave,0,1,,,,,,,,too few crashes
NW 24TH BLVD & NW ALPINE DR,NW 24th Blvd & NW Alpine Dr,1,1,,,,,,,,too few crashes
NE 5TH AVE & NE 6TH ST,NE 5th Ave & NE 6th St,1,1,,,,,,,,too few crashes
NE 13TH ST & NW 21ST AVE,NE 13th St & NW 21st Ave,0,1,,,,,,,,too few crashes
NE 14TH AVE & NE 2ND ST,NE 14th Ave & NE 2nd St,0,1,,,,,,,,too few crashes
NW 23RD AVE & NW 49TH TER,NW 23rd Ave & NW 49th Ter,0,1,,,,,,,,too few crashes
NW 22ND ST & NW 3RD PL,NW 22nd St & NW 3rd Pl,0,1,,,,,,,,too few crashes
NW 23RD BLVD & NW 28TH CIR,NW 23rd Blvd & NW 28th Cir,1,1,,,,,,,,too few crashes
NW 23RD BLVD & UNNAMED ST,NW 23rd Blvd & Unnamed St,0,1,,,,,,,,too few crashes
NW 23RD TER & NW 34TH ST,NW 23rd Ter & NW 34th St,2,1,,,,,,,,too few crashes
NW 23RD TER & NW 40TH PL,NW 23rd Ter & NW 40th Pl,0,1,,,,,,,,too few crashes
NW 23RD TER & NW 57TH PL,NW 23rd Ter & NW 57th Pl,2,1,,,,,,,,too few crashes
NE 7TH AVE & NE 9TH ST,NE 7th Ave & NE 9th St,1,1,,,,,,,,too few crashes
SW 11TH ST & SW 11TH TER,SW 11th St & SW 11th Ter,1,1,,,,,,,,too few crashes
NW 22ND ST & NW 5TH PL,NW 22nd St & NW 5th Pl,0,1,,,,,,,,too few crashes
NW 22ND ST & NW 6TH PL,NW 22nd St & NW 6th Pl,2,1,,,,,,,,too few crashes
NW 22ND ST & NW 72ND PL,NW 22nd St & NW 72nd Pl,1,1,,,,,,,,too few crashes
NW 16TH TER & NW 19TH LN,NW 16th Ter & NW 19th Ln,7,1,,,,,,,,too few crashes
NW 16TH TER & NW 21ST AVE,NW 16th Ter & NW 21st Ave,0,1,,,,,,,,too few crashes
NW 16TH TER & NW 22ND CIR,NW 16th Ter & NW 22nd Cir,0,1,,,,,,,,too few crashes
NW 16TH TER & NW 42ND PL,NW 16th Ter & NW 42nd Pl,1,1,,,,,,,,too few crashes
NW 16TH BLVD & NW 36TH DR,NW 16th Blvd & NW 36th Dr,2,1,,,,,,,,too few crashes
SW 27TH ST & SW 40TH PL,SW 27th St & SW 40th Pl,1,1,,,,,,,,too few crashes
NW 15TH ST & NW 6TH AVE,NW 15th St & NW 6th Ave,1,1,,,,,,,,too few crashes
NW 15TH ST & NW 7TH PL,NW 15th St & NW 7th Pl,1,1,,,,,,,,too few crashes
NW 16TH BLVD & NW 36TH WAY,NW 16th Blvd & NW 36th Way,0,1,,,,,,,,too few crashes
NW 16TH BLVD & NW 38TH ST,NW 16th Blvd & NW 38th St,3,1,,,,,,,,too few crashes
SW 12TH ST & SW 7TH AVE,SW 12th St & SW 7th Ave,5,1,,,,,,,,too few crashes
NW 23TH AVE & NW 51TH ST,NW 23th Ave & NW 51th St,2,1,,,,,,,,too few crashes
NW 24TH BLVD & NW 44TH PL,NW 24th Blvd & NW 44th Pl,0,1,,,,,,,,too few crashes
NW 24TH BLVD & NW 45TH AVE,NW 24th Blvd & NW 45th Ave,3,1,,,,,,,,too few crashes
SW 27TH LN & SW 34TH TER,SW 27th Ln & SW 34th Ter,0,1,,,,,,,,too few crashes
NW 12TH AVE & NW 34TH ST,NW 12th Ave & NW 34th St,0,1,,,,,,,,too few crashes
NE 15TH ST & NE 19TH PL,NE 15th St & NE 19th Pl,0,1,,,,,,,,too few crashes
NE 15TH ST & NE 1ST AVE,NE 15th St & NE 1st Ave,3,1,,,,,,,,too few crashes
NE 14TH ST & NE 26TH AVE,NE 14th St & NE 26th Ave,0,1,,,,,,,,too few crashes
NE 14TH TER & NE 16TH AVE,NE 14th Ter & NE 16th Ave,1,1,,,,,,,,too few crashes
SW 10TH ST & SW 4TH AVE,SW 10th St & SW 4th Ave,6,1,,,,,,,,too few crashes
SE 4TH TER & SE WILLISTON RD,SE 4th Ter & SE Williston Rd,1,1,,,,,,,,too few crashes
NE 5TH ST & NE 8TH AVE,NE 5th St & NE 8th Ave,1,1,,,,,,,,too few crashes
NE 5TH TER & NE 8TH AVE,NE 5th Ter & NE 8th Ave,3,1,,,,,,,,too few crashes
NE 6TH ST & NE 8TH AVE,NE 6th St & NE 8th Ave,3,1,,,,,,,,too few crashes
NW 25TH DR & NW 31ST AVE,NW 25th Dr & NW 31st Ave,0,1,,,,,,,,too few crashes
NW 23RD WAY & NW 66TH CT,NW 23rd Way & NW 66th Ct,0,1,,,,,,,,too few crashes
SE 5TH ST & SE 9TH PL,SE 5th St & SE 9th Pl,2,1,,,,,,,,too few crashes
SORORITY ROW ALLEY WAY & SW 8TH AVE,Sorority Row Alley Way & SW 8th Ave,0,1,,,,,,,,too few crashes
SW 12TH LN & SW 67TH WAY,SW 12th Ln & SW 67th Way,0,1,,,,,,,,too few crashes
SW 11TH ST & SW 7TH AVE,SW 11th St & SW 7th Ave,0,1,,,,,,,,too few crashes
NW 21ST ST & NW 45TH AVE,NW 21st St & NW 45th Ave,1,1,,,,,,,,too few crashes
NW 25TH PL & NW 43RD AVE,NW 25th Pl & NW 43rd Ave,1,1,,,,,,,,too few crashes
SE 2ND AVE & SE 7TH ST,SE 2nd Ave & SE 7th St,2,1,,,,,,,,too few crashes
SE 2ND PL & SE 3RD ST,SE 2nd Pl & SE 3rd St,1,1,,,,,,,,too few crashes
SR 226 & SR 24,SR 226 & SR 24,1,1,,,,,,,,too few crashes
SR 93 & SW ARCHER RD,SR 93 & SW Archer Rd,7,1,,,,,,,,too few crashes
SW 10TH LN & SW 6TH ST,SW 10th Ln & SW 6th St,0,1,,,,,,,,too few crashes
SE 4TH AVE & SE 6TH ST,SE 4th Ave & SE 6th St,1,1,,,,,,,,too few crashes
NE 15TH AVE & NE 2ND ST,NE 15th Ave & NE 2nd St,0,1,,,,,,,,too few crashes
NW 26TH AVE & NW 34TH ST,NW 26th Ave & NW 34th St,4,1,,,,,,,,too few crashes
NW 26TH ST & NW 55TH BLVD,NW 26th St & NW 55th Blvd,0,1,,,,,,,,too few crashes
NW 26TH ST & NW 62ND AVE,NW 26th St & NW 62nd Ave,0,1,,,,,,,,too few crashes
NW 26TH TER & NW 49TH PL,NW 26th Ter & NW 49th Pl,0,1,,,,,,,,too few crashes
NW 27TH AVE & NW 34TH ST,NW 27th Ave & NW 34th St,7,1,,,,,,,,too few crashes
NW 27TH LN & NW 43RD AVE,NW 27th Ln & NW 43rd Ave,0,1,,,,,,,,too few crashes
NE 5TH AVE & NE 7TH ST,NE 5th Ave & NE 7th St,0,1,,,,,,,,too few crashes
NW 24TH BLVD & NW 49TH PL,NW 24th Blvd & NW 49th Pl,2,1,,,,,,,,too few crashes
SE 1ST ST & SE 6TH AVE,SE 1st St & SE 6th Ave,0,1,,,,,,,,too few crashes
SE 1ST TER & SE WILLISTON RD,SE 1st Ter & SE Williston Rd,4,1,,,,,,,,too few crashes
NE 4TH AVE & SE 11TH ST,NE 4th Ave & SE 11th St,0,1,,,,,,,,too few crashes
NE 4TH PL & NE 9TH ST,NE 4th Pl & NE 9th St,0,1,,,,,,,,too few crashes
NW 28TH ST & NW 31ST AVE,NW 28th St & NW 31st Ave,0,1,,,,,,,,too few crashes
NW 28TH TER & NW 39TH AVE,NW 28th Ter & NW 39th Ave,5,1,,,,,,,,too few crashes
NW 28TH TER & NW 41ST PL,NW 28th Ter & NW 41st Pl,0,1,,,,,,,,too few crashes
NW 28TH TER & NW 45TH AVE,NW 28th Ter & NW 45th Ave,0,1,,,,,,,,too few crashes
SE 20TH LN & SE 20TH PL,SE 20th Ln & SE 20th Pl,4,1,,,,,,,,too few crashes
NE 15TH ST & NE 21ST AVE,NE 15th St & NE 21st Ave,1,1,,,,,,,,too few crashes
NE 15TH ST & NE 22ND AVE,NE 15th St & NE 22nd Ave,0,1,,,,,,,,too few crashes
NE 15TH ST & NE 26TH ST,NE 15th St & NE 26th St,1,1,,,,,,,,too few crashes
SE 24TH ST & SE 5TH LN,SE 24th St & SE 5th Ln,0,1,,,,,,,,too few crashes
SE 2ND AVE & SE 3RD ST,SE 2nd Ave & SE 3rd St,5,1,,,,,,,,too few crashes
NW 28TH AVE & NW 34TH ST,NW 28th Ave & NW 34th St,3,1,,,,,,,,too few crashes
SW 12TH ST & SW 3RD AVE,SW 12th St & SW 3rd Ave,4,1,,,,,,,,too few crashes
NE 15TH TER & NE 19TH PL,NE 15th Ter & NE 19th Pl,0,1,,,,,,,,too few crashes
SE 2ND PL & SE 7TH ST,SE 2nd Pl & SE 7th St,0,1,,,,,,,,too few crashes
SE 4TH AVE & SE 4TH ST,SE 4th Ave & SE 4th St,1,1,,,,,,,,too few crashes
NW 16TH BLVD & NW 38TH TER,NW 16th Blvd & NW 38th Ter,2,1,,,,,,,,too few crashes
NW 16TH BLVD & NW 39TH DR,NW 16th Blvd & NW 39th Dr,1,1,,,,,,,,too few crashes
NW 16TH PL & NW 51ST TER,NW 16th Pl & NW 51st Ter,0,1,,,,,,,,too few crashes
NW 16TH ST & NW 39TH AVE,NW 16th St & NW 39th Ave,1,1,,,,,,,,too few crashes
NW 12TH PL & NW 43RD ST,NW 12th Pl & NW 43rd St,5,1,,,,,,,,too few crashes
HAWTHORNE RD & WALDO RD,Hawthorne Rd & Waldo Rd,0,1,,,,,,,,too few crashes
N 7TH AVE & N MAIN ST,N 7th Ave & N Main St,1,1,,,,,,,,too few crashes
SW 2ND AVE & SW 7TH TER,SW 2nd Ave & SW 7th Ter,3,1,,,,,,,,too few crashes
E UNIVERSITY AVE & SE 26TH ST,E University Ave & SE 26th St,3,1,,,,,,,,too few crashes
E UNIVERSITY AVE & SE 26TH TER,E University Ave & SE 26th Ter,5,1,,,,,,,,too few crashes
E UNIVERSITY AVE & SE 31ST ST,E University Ave & SE 31st St,0,1,,,,,,,,too few crashes
E UNIVERSITY AVE & SE 38TH ST,E University Ave & SE 38th St,1,1,,,,,,,,too few crashes
NE 15TH ST & NE 19TH LN,NE 15th St & NE 19th Ln,0,1,,,,,,,,too few crashes
NW 28TH TER & NW 62ND AVE,NW 28th Ter & NW 62nd Ave,2,1,,,,,,,,too few crashes
NW 28TH TER & NW 63RD PL,NW 28th Ter & NW 63rd Pl,0,1,,,,,,,,too few crashes
NW 28TH TER & NW 65TH PL,NW 28th Ter & NW 65th Pl,0,1,,,,,,,,too few crashes
SE 17TH ST & SE HAWTHORNE RD,SE 17th St & SE Hawthorne Rd,2,1,,,,,,,,too few crashes
SE 20TH PL & SE 3RD TER,SE 20th Pl & SE 3rd Ter,3,1,,,,,,,,too few crashes
SE 21ST AVE & SE 4TH ST,SE 21st Ave & SE 4th St,0,1,,,,,,,,too few crashes
SE 21ST AVE & SE 5TH ST,SE 21st Ave & SE 5th St,1,1,,,,,,,,too few crashes
SE 21ST ST & SE HAWTHORNE RD,SE 21st St & SE Hawthorne Rd,2,1,,,,,,,,too few crashes
NW 29TH TER & NW 62ND AVE,NW 29th Ter & NW 62nd Ave,0,1,,,,,,,,too few crashes
NW 29TH TER & NW 65TH PL,NW 29th Ter & NW 65th Pl,0,1,,,,,,,,too few crashes
NE 49TH TER & NE 54TH PL,NE 49th Ter & NE 54th Pl,1,1,,,,,,,,too few crashes
NE 4TH AVE & NE 5TH ST,NE 4th Ave & NE 5th St,0,1,,,,,,,,too few crashes
NE 4TH AVE & NE 7TH ST,NE 4th Ave & NE 7th St,0,1,,,,,,,,too few crashes
NE 15TH ST & NE 6TH AVE,NE 15th St & NE 6th Ave,0,1,,,,,,,,too few crashes
NE 15TH TER & NE 16TH AVE,NE 15th Ter & NE 16th Ave,1,1,,,,,,,,too few crashes
NE 49TH AVE & NE 49TH TER,NE 49th Ave & NE 49th Ter,0,1,,,,,,,,too few crashes
NE 40TH TER & NE 54TH AVE,NE 40th Ter & NE 54th Ave,0,1,,,,,,,,too few crashes
NE 46TH TER & NE 49TH AVE,NE 46th Ter & NE 49th Ave,0,1,,,,,,,,too few crashes
NW 31ST AVE & NW 9TH ST,NW 31st Ave & NW 9th St,0,1,,,,,,,,too few crashes
NW 31ST PL & NW 6TH ST,NW 31st Pl & NW 6th St,1,1,,,,,,,,too few crashes
NE 16TH WAY & NE 18TH PL,NE 16th Way & NE 18th Pl,1,1,,,,,,,,too few crashes
NE 16TH WAY & NE 21ST PL,NE 16th Way & NE 21st Pl,0,1,,,,,,,,too few crashes
SE 15TH AVE & SE 15TH ST,SE 15th Ave & SE 15th St,2,1,,,,,,,,too few crashes
SE 1ST AVE & SE 9TH ST,SE 1st Ave & SE 9th St,2,1,,,,,,,,too few crashes
SE 15TH ST & SE 4TH AVE,SE 15th St & SE 4th Ave,4,1,,,,,,,,too few crashes
SE 17TH ST & SE 1ST AVE,SE 17th St & SE 1st Ave,0,1,,,,,,,,too few crashes
NW 2ND ST & NW 4TH PL,NW 2nd St & NW 4th Pl,1,1,,,,,,,,too few crashes
NW 2ND ST & NW 6TH AVE,NW 2nd St & NW 6th Ave,0,1,,,,,,,,too few crashes
NW 2ND ST & NW 7TH AVE,NW 2nd St & NW 7th Ave,1,1,,,,,,,,too few crashes
NW 30TH TER & NW 45TH AVE,NW 30th Ter & NW 45th Ave,0,1,,,,,,,,too few crashes
NW 30TH TER & NW 65TH PL,NW 30th Ter & NW 65th Pl,0,1,,,,,,,,too few crashes
NW 28TH TER & NW 57TH PL,NW 28th Ter & NW 57th Pl,0,1,,,,,,,,too few crashes
SE 13TH PL & SE 15TH ST,SE 13th Pl & SE 15th St,0,1,,,,,,,,too few crashes
SE 19TH PL & SE 4TH ST,SE 19th Pl & SE 4th St,6,1,,,,,,,,too few crashes
SE 19TH ST & SE 8TH AVE,SE 19th St & SE 8th Ave,0,1,,,,,,,,too few crashes
E UNIVERSITY AVE & SE 43RD ST,E University Ave & SE 43rd St,1,1,,,,,,,,too few crashes
E UNIVERSITY AVE & SE 8TH ST,E University Ave & SE 8th St,2,1,,,,,,,,too few crashes
SW 2ND ST & SW 4TH AVE,SW 2nd St & SW 4th Ave,1,1,,,,,,,,too few crashes
SW 2ND ST & SW DEPOT AVE,SW 2nd St & SW Depot Ave,1,1,,,,,,,,too few crashes
GALE LEMERAND DR & STADIUM RD,Gale Lemerand Dr & Stadium Rd,1,1,,,,,,,,too few crashes
NW 12TH RD & NW 13TH ST,NW 12th Rd & NW 13th St,6,1,,,,,,,,too few crashes
NW 12TH ST & NW 16TH AVE,NW 12th St & NW 16th Ave,7,1,,,,,,,,too few crashes
NW 12TH ST & NW 1ST AVE,NW 12th St & NW 1st Ave,0,1,,,,,,,,too few crashes
E UNIVERSITY AVE & NE 16TH ST,E University Ave & NE 16th St,1,1,,,,,,,,too few crashes
E UNIVERSITY AVE & NE 21ST TER,E University Ave & NE 21st Ter,1,1,,,,,,,,too few crashes
NE 16TH AVE & NE 8TH ST,NE 16th Ave & NE 8th St,1,1,,,,,,,,too few crashes
NE 16TH TER & NE 19TH PL,NE 16th Ter & NE 19th Pl,0,1,,,,,,,,too few crashes
NE 16TH TER & NE 5TH PL,NE 16th Ter & NE 5th Pl,1,1,,,,,,,,too few crashes
SE 12TH AVE & SE 17TH TER,SE 12th Ave & SE 17th Ter,0,1,,,,,,,,too few crashes
SE 12TH ST & SE 22ND AVE,SE 12th St & SE 22nd Ave,1,1,,,,,,,,too few crashes
NE 17TH ST & NE 9TH AVE,NE 17th St & NE 9th Ave,0,1,,,,,,,,too few crashes
NE 17TH WAY & NE 20TH PL,NE 17th Way & NE 20th Pl,2,1,,,,,,,,too few crashes
SE 15TH ST & SE 2ND AVE,SE 15th St & SE 2nd Ave,0,1,,,,,,,,too few crashes
SE 13TH ST & SE 4TH AVE,SE 13th St & SE 4th Ave,0,1,,,,,,,,too few crashes
NW 32ND ST & NW 45TH AVE,NW 32nd St & NW 45th Ave,0,1,,,,,,,,too few crashes
NW 32ND ST & NW 62ND AVE,NW 32nd St & NW 62nd Ave,1,1,,,,,,,,too few crashes
NW 33RD LN & NW 34TH ST,NW 33rd Ln & NW 34th St,7,1,,,,,,,,too few crashes
SE 14TH ST & SE 2ND AVE,SE 14th St & SE 2nd Ave,0,1,,,,,,,,too few crashes
SE 14TH ST & SE 3RD AVE,SE 14th St & SE 3rd Ave,1,1,,,,,,,,too few crashes
SE 14TH ST & SE 4TH AVE,SE 14th St & SE 4th Ave,0,1,,,,,,,,too few crashes
SE 14TH TER & SE 7TH AVE,SE 14th Ter & SE 7th Ave,0,1,,,,,,,,too few crashes
NE 16TH AVE & NE 6TH TER,NE 16th Ave & NE 6th Ter,7,1,,,,,,,,too few crashes
NE 16TH AVE & NE 7TH TER,NE 16th Ave & NE 7th Ter,2,1,,,,,,,,too few crashes
SE 13TH AVE & SE 4TH ST,SE 13th Ave & SE 4th St,1,1,,,,,,,,too few crashes
S MAIN ST & SW 3RD AVE,S Main St & SW 3rd Ave,5,1,,,,,,,,too few crashes
NW 34TH ST & NW 41ST AVE,NW 34th St & NW 41st Ave,3,1,,,,,,,,too few crashes
NW 34TH ST & NW 42ND AVE,NW 34th St & NW 42nd Ave,5,1,,,,,,,,too few crashes
NW 34TH ST & NW 44TH PL,NW 34th St & NW 44th Pl,2,1,,,,,,,,too few crashes
NW 34TH ST & NW 45TH AVE,NW 34th St & NW 45th Ave,3,1,,,,,,,,too few crashes
NW 34TH ST & NW 50TH AVE,NW 34th St & NW 50th Ave,0,1,,,,,,,,too few crashes
NW 34TH ST & NW 51ST PL,NW 34th St & NW 51st Pl,3,1,,,,,,,,too few crashes
SE 13TH PL & SE 17TH TER,SE 13th Pl & SE 17th Ter,0,1,,,,,,,,too few crashes
SE 11TH PL & SE 4TH ST,SE 11th Pl & SE 4th St,0,1,,,,,,,,too few crashes
NE 2ND ST & NE 35TH AVE,NE 2nd St & NE 35th Ave,1,1,,,,,,,,too few crashes
NE 2ND ST & NE 4TH AVE,NE 2nd St & NE 4th Ave,0,1,,,,,,,,too few crashes
NE 31ST AVE & NW 15TH ST,NE 31st Ave & NW 15th St,0,1,,,,,,,,too few crashes
NE 33RD AVE & NE 4TH ST,NE 33rd Ave & NE 4th St,1,1,,,,,,,,too few crashes
NW 32ND AVE & NW 6TH ST,NW 32nd Ave & NW 6th St,0,1,,,,,,,,too few crashes
SE 11TH ST & SE 8TH AVE,SE 11th St & SE 8th Ave,0,1,,,,,,,,too few crashes
SE 11TH ST & SE 9TH AVE,SE 11th St & SE 9th Ave,1,1,,,,,,,,too few crashes
NE 18TH AVE & NE 9TH ST,NE 18th Ave & NE 9th St,0,1,,,,,,,,too few crashes
NE 18TH PL & NE 20TH ST,NE 18th Pl & NE 20th St,1,1,,,,,,,,too few crashes
NE 18TH PL & NE WALDO RD,NE 18th Pl & NE Waldo Rd,5,1,,,,,,,,too few crashes
NE 18TH ST & NE 1ST AVE,NE 18th St & NE 1st Ave,0,1,,,,,,,,too few crashes
E UNIVERSITY AVE & NE 43RD TER,E University Ave & NE 43rd Ter,0,1,,,,,,,,too few crashes
SW 2ND PL & SW 38TH ST,SW 2nd Pl & SW 38th St,0,1,,,,,,,,too few crashes
NW 16TH AVE & NW 21ST ST,NW 16th Ave & NW 21st St,1,1,,,,,,,,too few crashes
NW 16TH AVE & NW 24TH ST,NW 16th Ave & NW 24th St,3,1,,,,,,,,too few crashes
NW 12TH ST & NW 6TH AVE,NW 12th St & NW 6th Ave,1,1,,,,,,,,too few crashes
NW 12TH ST & NW 7TH AVE,NW 12th St & NW 7th Ave,3,1,,,,,,,,too few crashes
CLARKE BUTLER BLVD & SW 42ND ST,Clarke Butler Blvd & SW 42nd St,1,1,,,,,,,,too few crashes
CR 231 & SW 34TH BLVD,CR 231 & SW 34th Blvd,0,1,,,,,,,,too few crashes
CR- & SW 6ND BLVD,Cr- & SW 6nd Blvd,0,1,,,,,,,,too few crashes
NE 18TH ST & NE 3RD AVE,NE 18th St & NE 3rd Ave,1,1,,,,,,,,too few crashes
SE 10TH ST & SE 1ST AVE,SE 10th St & SE 1st Ave,1,1,,,,,,,,too few crashes
SE 10TH ST & SE 4TH AVE,SE 10th St & SE 4th Ave,0,1,,,,,,,,too few crashes
NW 35TH ST & NW 5TH AVE,NW 35th St & NW 5th Ave,0,1,,,,,,,,too few crashes
PLAZA BLVD & SW 30TH PL,Plaza Blvd & SW 30th Pl,0,1,,,,,,,,too few crashes
S MAIN ST & SE 13TH,S Main St & SE 13th,0,1,,,,,,,,too few crashes
NW 34TH ST & NW 54TH AVE,NW 34th St & NW 54th Ave,5,1,,,,,,,,too few crashes
NW 34TH ST & NW 77TH AVE,NW 34th St & NW 77th Ave,0,1,,,,,,,,too few crashes
NW 34TH AVE & NW 8TH AVE,NW 34th Ave & NW 8th Ave,0,1,,,,,,,,too few crashes
NW 36TH AVE & NW 36TH RD,NW 36th Ave & NW 36th Rd,0,1,,,,,,,,too few crashes
NW 36TH AVE & NW 6TH ST,NW 36th Ave & NW 6th St,6,1,,,,,,,,too few crashes
NW 36TH DR & NW 8TH AVE,NW 36th Dr & NW 8th Ave,4,1,,,,,,,,too few crashes
NW 36TH DR & W UNIVERSITY AVE,NW 36th Dr & W University Ave,1,1,,,,,,,,too few crashes
NW 36TH ST & NW 7TH AVE,NW 36th St & NW 7th Ave,1,1,,,,,,,,too few crashes
NE 25TH ST & NE 3RD PL,NE 25th St & NE 3rd Pl,0,1,,,,,,,,too few crashes
NE 25TH ST & NE 4TH AVE,NE 25th St & NE 4th Ave,1,1,,,,,,,,too few crashes
NW 34TH PL & NW 42ND TER,NW 34th Pl & NW 42nd Ter,0,1,,,,,,,,too few crashes
NW 34TH PL & NW 6TH ST,NW 34th Pl & NW 6th St,0,1,,,,,,,,too few crashes
SE 10TH AVE & SE 1ST ST,SE 10th Ave & SE 1st St,0,1,,,,,,,,too few crashes
OLD ARCHER RD & SW 35TH PL,Old Archer Rd & SW 35th Pl,0,1,,,,,,,,too few crashes
SW 34TH ST & VA ENTRANCE,SW 34th St & Va Entrance,0,1,,,,,,,,too few crashes
SW 30TH TER & SW 41ST LN,SW 30th Ter & SW 41st Ln,1,1,,,,,,,,too few crashes
NW 13 TH ST & NW 7TH AVE,NW 13 Th St & NW 7th Ave,0,1,,,,,,,,too few crashes
NW 13TH & NW 14TH AVE,NW 13th & NW 14th Ave,0,1,,,,,,,,too few crashes
NW 13TH AVE & NW 16TH AVE,NW 13th Ave & NW 16th Ave,1,1,,,,,,,,too few crashes
NW 15TH PL & NW 43RD ST,NW 15th Pl & NW 43rd St,1,1,,,,,,,,too few crashes
NW 14TH PL & NW 43ST ST,NW 14th Pl & NW 43st St,0,1,,,,,,,,too few crashes
SW 31ST DR & SW 41ST LN,SW 31st Dr & SW 41st Ln,3,1,,,,,,,,too few crashes
SW 35TH TER & SW 42ND AVE,SW 35th Ter & SW 42nd Ave,0,1,,,,,,,,too few crashes
NE 25TH TER & NE 8TH AVE,NE 25th Ter & NE 8th Ave,0,1,,,,,,,,too few crashes
NE 26TH TER & NE 2ND PL,NE 26th Ter & NE 2nd Pl,4,1,,,,,,,,too few crashes
NE 26TH TER & NE 8TH AVE,NE 26th Ter & NE 8th Ave,1,1,,,,,,,,too few crashes
NW 36TH TER & W UNIVERSITY AVE,NW 36th Ter & W University Ave,0,1,,,,,,,,too few crashes
NW 34TH ST & SR 231,NW 34th St & SR 231,1,1,,,,,,,,too few crashes
NW 35TH DR & NW 53RD AVE,NW 35th Dr & NW 53rd Ave,0,1,,,,,,,,too few crashes
NW 74TH PL & US 441,NW 74th Pl & US 441,0,1,,,,,,,,too few crashes
NW 7TH AVE & NW 8TH ST,NW 7th Ave & NW 8th St,0,1,,,,,,,,too few crashes
S MAIN ST & SE 13TH RD,S Main St & SE 13th Rd,2,1,,,,,,,,too few crashes
S MAIN ST & SE 4TH PL,S Main St & SE 4th Pl,2,1,,,,,,,,too few crashes
S MAIN ST & SW 10TH AVE,S Main St & SW 10th Ave,1,1,,,,,,,,too few crashes
S MAIN ST & SW 23RD PL,S Main St & SW 23rd Pl,1,1,,,,,,,,too few crashes
S MAIN ST & SW 26TH PL,S Main St & SW 26th Pl,0,1,,,,,,,,too few crashes
S MAIN ST & SW 33RD PL,S Main St & SW 33rd Pl,0,1,,,,,,,,too few crashes
NW 37TH DR & NW 67TH PL,NW 37th Dr & NW 67th Pl,0,1,,,,,,,,too few crashes
NW 37TH DR & NW 8TH AVE,NW 37th Dr & NW 8th Ave,0,1,,,,,,,,too few crashes
NW 37TH ST & NW 56TH LN,NW 37th St & NW 56th Ln,0,1,,,,,,,,too few crashes
NE 25TH ST & NE 5TH PL,NE 25th St & NE 5th Pl,0,1,,,,,,,,too few crashes
NE 25TH ST & NE 6TH AVE,NE 25th St & NE 6th Ave,0,1,,,,,,,,too few crashes
NE 19TH TER & NE 8TH AVE,NE 19th Ter & NE 8th Ave,2,1,,,,,,,,too few crashes
NE 17TH ST & NE 1ST AVE,NE 17th St & NE 1st Ave,1,1,,,,,,,,too few crashes
NE 17TH ST & NE 3RD AVE,NE 17th St & NE 3rd Ave,0,1,,,,,,,,too few crashes
NW 3RD ST & NW 7TH AVE,NW 3rd St & NW 7th Ave,0,1,,,,,,,,too few crashes
NW 43RD ST & W UNIVERSITY AVE,NW 43rd St & W University Ave,1,1,,,,,,,,too few crashes
NW 40TH DR & NW 67TH PL,NW 40th Dr & NW 67th Pl,0,1,,,,,,,,too few crashes
NW 37TH TER & NW 8TH AVE,NW 37th Ter & NW 8th Ave,1,1,,,,,,,,too few crashes
NW 64TH TER & NW 9TH BLVD,NW 64th Ter & NW 9th Blvd,0,1,,,,,,,,too few crashes
NW 93RD AVE & US 441,NW 93rd Ave & US 441,0,1,,,,,,,,too few crashes
NW 6TH ST & NW 7TH AVE,NW 6th St & NW 7th Ave,3,1,,,,,,,,too few crashes
NW 6TH ST & NW 8TH PL,NW 6th St & NW 8th Pl,0,1,,,,,,,,too few crashes
NW 38TH ST & NW 39TH AVE,NW 38th St & NW 39th Ave,7,1,,,,,,,,too few crashes
NW 39TH AVE & NW 45TH ST,NW 39th Ave & NW 45th St,0,1,,,,,,,,too few crashes
NW 39TH AVE & NW 48TH TER,NW 39th Ave & NW 48th Ter,2,1,,,,,,,,too few crashes
NW 39TH AVE & NW 51ST ST,NW 39th Ave & NW 51st St,6,1,,,,,,,,too few crashes
NW 39TH PL & NW 48TH TER,NW 39th Pl & NW 48th Ter,0,1,,,,,,,,too few crashes
NW 39TH RD & NW 40TH TER,NW 39th Rd & NW 40th Ter,0,1,,,,,,,,too few crashes
NW 37TH AVE & NW 6TH ST,NW 37th Ave & NW 6th St,0,1,,,,,,,,too few crashes
NW 37TH DR & NW 64TH PL,NW 37th Dr & NW 64th Pl,0,1,,,,,,,,too few crashes
NW 7TH TER & W UNIVERSITY AVE,NW 7th Ter & W University Ave,8,1,,,,,,,,too few crashes
NE 21ST LN & NE 2ND ST,NE 21st Ln & NE 2nd St,0,1,,,,,,,,too few crashes
NW 82ND BLVD & NW 82ND RD,NW 82nd Blvd & NW 82nd Rd,0,1,,,,,,,,too few crashes
NW 8TH AVE & NW 9TH ST,NW 8th Ave & NW 9th St,2,1,,,,,,,,too few crashes
NW 14TH TER & NW 6TH AVE,NW 14th Ter & NW 6th Ave,0,1,,,,,,,,too few crashes
NW 156TH AVE & TREE FARM RD,NW 156th Ave & Tree Farm Rd,0,1,,,,,,,,too few crashes
NW 15TH AVE & NW 39TH ST,NW 15th Ave & NW 39th St,0,1,,,,,,,,too few crashes
SW 39TH TER & W NEWBERRY RD,SW 39th Ter & W Newberry Rd,0,1,,,,,,,,too few crashes
SW 3RD AVE & SW 3RD ST,SW 3rd Ave & SW 3rd St,2,1,,,,,,,,too few crashes
SW 3RD AVE & SW 5TH ST,SW 3rd Ave & SW 5th St,3,1,,,,,,,,too few crashes
SW 34TH ST & SW 62ND BLVD,SW 34th St & SW 62nd Blvd,0,1,,,,,,,,too few crashes
NW 13TH ST & NW 6TH EXTENSION,NW 13th St & NW 6th Extension,0,1,,,,,,,,too few crashes
NW 13TH ST & NW 93RD ST,NW 13th St & NW 93rd St,0,1,,,,,,,,too few crashes
NW 5TH AVE & NW 8TH ST,NW 5th Ave & NW 8th St,0,1,,,,,,,,too few crashes
NW 3RD ST & NW 4TH PL,NW 3rd St & NW 4th Pl,0,1,,,,,,,,too few crashes
NW 3RD ST & NW 5TH AVE,NW 3rd St & NW 5th Ave,0,1,,,,,,,,too few crashes
SW 41ST PL & SW 69TH TER,SW 41st Pl & SW 69th Ter,0,1,,,,,,,,too few crashes
SW 41ST ST & W UNIVERSITY AVE,SW 41st St & W University Ave,0,1,,,,,,,,too few crashes
SW 42ND ST & SW 7TH AVE,SW 42nd St & SW 7th Ave,0,1,,,,,,,,too few crashes
SW 44TH ST & SW ARCHER RD,SW 44th St & SW Archer Rd,0,1,,,,,,,,too few crashes
SW 45TH ST & SW ARCHER RD,SW 45th St & SW Archer Rd,0,1,,,,,,,,too few crashes
SW 46TH DR & SW 62ND AVE,SW 46th Dr & SW 62nd Ave,0,1,,,,,,,,too few crashes
SW 35TH BLVD & UNNAMED ST,SW 35th Blvd & Unnamed St,13,1,,,,,,,,too few crashes
ACCESS RD & NW 53RD AVE,Access Rd & NW 53rd Ave,0,1,,,,,,,,too few crashes
SW 57TH TER & SW 9TH PL,SW 57th Ter & SW 9th Pl,0,1,,,,,,,,too few crashes
NW 69TH TER & NW 9TH BLVD,NW 69th Ter & NW 9th Blvd,0,1,,,,,,,,too few crashes
NW 53RD TER & NW 82ND BLVD,NW 53rd Ter & NW 82nd Blvd,0,1,,,,,,,,too few crashes
NW 55TH ST & NW 9TH LN,NW 55th St & NW 9th Ln,3,1,,,,,,,,too few crashes
NW 41ST DR & NW 62ND AVE,NW 41st Dr & NW 62nd Ave,0,1,,,,,,,,too few crashes
NE 23RD AVE & NE 6TH TER,NE 23rd Ave & NE 6th Ter,2,1,,,,,,,,too few crashes
NE 23RD AVE & NE 9TH TER,NE 23rd Ave & NE 9th Ter,1,1,,,,,,,,too few crashes
NW 39TH WAY & NW 43RD CT,NW 39th Way & NW 43rd Ct,0,1,,,,,,,,too few crashes
NW 48TH BLVD & W UNIVERSITY AVE,NW 48th Blvd & W University Ave,0,1,,,,,,,,too few crashes
NW 49TH ST & NW 73RD AVE,NW 49th St & NW 73rd Ave,0,1,,,,,,,,too few crashes
NW 4TH AVE & NW 4TH ST,NW 4th Ave & NW 4th St,1,1,,,,,,,,too few crashes
-A & SW 36TH TER,-a & SW 36th Ter,1,1,,,,,,,,too few crashes
NE 1ST DR & NE 38TH AVE,NE 1st Dr & NE 38th Ave,0,1,,,,,,,,too few crashes
NE 1ST TER & NE 39TH AVE,NE 1st Ter & NE 39th Ave,3,1,,,,,,,,too few crashes
NE 20TH ST & NE 4TH PL,NE 20th St & NE 4th Pl,1,1,,,,,,,,too few crashes
NW 13TH TER & NW 5TH AVE,NW 13th Ter & NW 5th Ave,0,1,,,,,,,,too few crashes
NW 13TH TER & NW 6TH AVE,NW 13th Ter & NW 6th Ave,0,1,,,,,,,,too few crashes
NW 51ST ST & NW 82ND BLVD,NW 51st St & NW 82nd Blvd,0,1,,,,,,,,too few crashes
NW 40TH TER & NW 8TH AVE,NW 40th Ter & NW 8th Ave,5,1,,,,,,,,too few crashes
NW 50TH ST & NW 76TH LN,NW 50th St & NW 76th Ln,0,1,,,,,,,,too few crashes
NW 51ST DR & NW 81ST AVE,NW 51st Dr & NW 81st Ave,0,1,,,,,,,,too few crashes
NW 66TH ST & W UNIVERSITY AVE,NW 66th St & W University Ave,1,1,,,,,,,,too few crashes
NW 67TH ST & W NEWBERRY RD,NW 67th St & W Newberry Rd,1,1,,,,,,,,too few crashes
SW 40TH BLVD & SW 47TH AVE,SW 40th Blvd & SW 47th Ave,0,1,,,,,,,,too few crashes
NW 21ST PL & NW 34TH ST,NW 21st Pl & NW 34th St,2,1,,,,,,,,too few crashes
SW 20TH AVE & SW 41ST ST,SW 20th Ave & SW 41st St,5,1,,,,,,,,too few crashes
NW 19TH ST & NW 23RD AVE,NW 19th St & NW 23rd Ave,0,1,,,,,,,,too few crashes
NE 10TH AVE & NE 16TH TER,NE 10th Ave & NE 16th Ter,0,1,,,,,,,,too few crashes
SW 40TH BLVD & UNNAMED ROADWAY,SW 40th Blvd & Unnamed Roadway,2,1,,,,,,,,too few crashes
NW 4TH PL & NW 8TH ST,NW 4th Pl & NW 8th St,0,1,,,,,,,,too few crashes
NW 12TH AVE & NW 12TH ST,NW 12th Ave & NW 12th St,2,1,,,,,,,,too few crashes
SW 28TH TER & SW 2ND AVE,SW 28th Ter & SW 2nd Ave,5,1,,,,,,,,too few crashes
SW 31ST TER & SW OLD ARCHER RD,SW 31st Ter & SW Old Archer Rd,3,1,,,,,,,,too few crashes
E PANHELLENIC DR & SW 9TH AVE,E Panhellenic Dr & SW 9th Ave,1,1,,,,,,,,too few crashes
NW 13TH ST & NW 41ST RD,NW 13th St & NW 41st Rd,2,1,,,,,,,,too few crashes
NW 51ST TER & NW 52ND TER,NW 51st Ter & NW 52nd Ter,0,1,,,,,,,,too few crashes
SW ARCHER RD & US 441,SW Archer Rd & US 441,0,1,,,,,,,,too few crashes
6TH ST & NW 13TH ST,6th St & NW 13th St,0,1,,,,,,,,too few crashes
SW 3RD ST & SW 6TH AVE,SW 3rd St & SW 6th Ave,0,1,,,,,,,,too few crashes
SW 3RD ST & SW DEPOT AVE,SW 3rd St & SW Depot Ave,2,1,,,,,,,,too few crashes
SW 9TH AVE & W PANHELLENIC DR,SW 9th Ave & W Panhellenic Dr,2,1,,,,,,,,too few crashes
NE 21ST PL & NE WALDO RD,NE 21st Pl & NE Waldo Rd,9,1,,,,,,,,too few crashes
NE 21ST TER & NE 3RD PL,NE 21st Ter & NE 3rd Pl,0,1,,,,,,,,too few crashes
NE 24TH ST & NE 8TH AVE,NE 24th St & NE 8th Ave,1,1,,,,,,,,too few crashes
NW 43RD ST & NW 53RD ST,NW 43rd St & NW 53rd St,1,1,,,,,,,,too few crashes
NW 10TH PL & NW 43RD ST,NW 10th Pl & NW 43rd St,2,1,,,,,,,,too few crashes
NE 1ST WAY & NE 39TH AVE,NE 1st Way & NE 39th Ave,2,1,,,,,,,,too few crashes
NE 1ST AVE & NE 24TH ST,NE 1st Ave & NE 24th St,1,1,,,,,,,,too few crashes
OAKS MALL NORTH ENTRANCE & W NEWBERRY RD,Oaks Mall North Entrance & W Newberry Rd,6,1,,,,,,,,too few crashes
PRIVATE ACCESS RD & W NEWBERRY RD,Private Access Rd & W Newberry Rd,7,1,,,,,,,,too few crashes
NE 2ND WAY & NW 39TH AVE,NE 2nd Way & NW 39th Ave,1,1,,,,,,,,too few crashes
NW 2ND AVE & NW 3RD ST,NW 2nd Ave & NW 3rd St,0,1,,,,,,,,too few crashes
SE 2ND PL & SE 2ND ST,SE 2nd Pl & SE 2nd St,0,1,,,,,,,,too few crashes
SR ALT 26 & SW 34TH ST,SR Alt 26 & SW 34th St,2,1,,,,,,,,too few crashes
NE 13TH ST & NE 37TH PL,NE 13th St & NE 37th Pl,1,1,,,,,,,,too few crashes
SW 11TH LN & SW 6TH DR,SW 11th Ln & SW 6th Dr,2,1,,,,,,,,too few crashes
CLARK BUTLER BLVD & SW 24TH AVE,Clark Butler Blvd & SW 24th Ave,1,0,,,,,,,,too few crashes
SW 5TH AVE & SW 5TH TER,SW 5th Ave & SW 5th Ter,1,0,,,,,,,,too few crashes
-SW 34TH ST & SW 20TH AVE,-sw 34th St & SW 20th Ave,1,0,,,,,,,,too few crashes
NW 14TH DR & NW 3RD AVE,NW 14th Dr & NW 3rd Ave,0,0,,,,,,,,too few crashes
NW 14TH AVE & NW 8TH ST,NW 14th Ave & NW 8th St,1,0,,,,,,,,too few crashes
NW 14TH AVE & NW 4TH ST,NW 14th Ave & NW 4th St,2,0,,,,,,,,too few crashes
NW 14TH AVE & NW 22ND ST,NW 14th Ave & NW 22nd St,1,0,,,,,,,,too few crashes
NW 14TH AVE & NW 18TH ST,NW 14th Ave & NW 18th St,0,0,,,,,,,,too few crashes
NW 13TH TER & NW 7TH AVE,NW 13th Ter & NW 7th Ave,0,0,,,,,,,,too few crashes
NW 13TH ST & NW 8TH AVE,NW 13th St & NW 8th Ave,1,0,,,,,,,,too few crashes
ARDEN DR & NW 24TH BLVD,Arden Dr & NW 24th Blvd,1,0,,,,,,,,too few crashes
ALT & SW 34TH ST,Alt & SW 34th St,3,0,,,,,,,,too few crashes
SW 4TH AVE & SW 8TH ST,SW 4th Ave & SW 8th St,3,0,,,,,,,,too few crashes
SW 4TH PL & SW 75TH ST,SW 4th Pl & SW 75th St,0,0,,,,,,,,too few crashes
27TH ST & W UNIVERSITY AVE,27th St & W University Ave,1,0,,,,,,,,too few crashes
24TH ST & W NEWBERRY RD,24th St & W Newberry Rd,1,0,,,,,,,,too few crashes
NW 14TH ST & NW 4TH PL,NW 14th St & NW 4th Pl,1,0,,,,,,,,too few crashes
SW 41ST PL & SW 63RD BLVD,SW 41st Pl & SW 63rd Blvd,0,0,,,,,,,,too few crashes
SW 41ST BLVD & SW WILLISTON RD,SW 41st Blvd & SW Williston Rd,2,0,,,,,,,,too few crashes
NE 23RD PL & NE 5TH TER,NE 23rd Pl & NE 5th Ter,1,0,,,,,,,,too few crashes
NE 23RD AVE & NE 8TH ST,NE 23rd Ave & NE 8th St,0,0,,,,,,,,too few crashes
NW 43RD ST & NW 43RD WAY,NW 43rd St & NW 43rd Way,5,0,,,,,,,,too few crashes
NW 41ST PL & NW 51ST ST,NW 41st Pl & NW 51st St,0,0,,,,,,,,too few crashes
NW 41ST AVE & NW 9TH ST,NW 41st Ave & NW 9th St,0,0,,,,,,,,too few crashes
NW 4TH PL & NW 53RD TER,NW 4th Pl & NW 53rd Ter,1,0,,,,,,,,too few crashes
NW 51ST ST & W NEWBERRY RD,NW 51st St & W Newberry Rd,10,0,,,,,,,,too few crashes
SW 5TH AVE & SW 5TH ST,SW 5th Ave & SW 5th St,1,0,,,,,,,,too few crashes
SW 58TH TER & SW 8TH PL,SW 58th Ter & SW 8th Pl,1,0,,,,,,,,too few crashes
15TH ST & SE HAWTHORNE RD,15th St & SE Hawthorne Rd,1,0,,,,,,,,too few crashes
-SW 34TH ST & SW 35TH PL,-sw 34th St & SW 35th Pl,0,0,,,,,,,,too few crashes
-SW 34TH ST & SW 24TH AVE,-sw 34th St & SW 24th Ave,2,0,,,,,,,,too few crashes
SW 4TH AVE & SW 7TH TER,SW 4th Ave & SW 7th Ter,3,0,,,,,,,,too few crashes
SW 3RD AVE & SW 6TH ST,SW 3rd Ave & SW 6th St,3,0,,,,,,,,too few crashes
SW 3RD AVE & SW 40TH ST,SW 3rd Ave & SW 40th St,1,0,,,,,,,,too few crashes
SW 38TH ST & SW 5TH PL,SW 38th St & SW 5th Pl,1,0,,,,,,,,too few crashes
NW 37TH TER & NW 64TH PL,NW 37th Ter & NW 64th Pl,1,0,,,,,,,,too few crashes
NW 40TH AVE & NW 9TH ST,NW 40th Ave & NW 9th St,1,0,,,,,,,,too few crashes
NW 40TH AVE & NW 7TH ST,NW 40th Ave & NW 7th St,2,0,,,,,,,,too few crashes
NW 40TH AVE & NW 6TH ST,NW 40th Ave & NW 6th St,2,0,,,,,,,,too few crashes
NW 3RD ST & NW 6TH AVE,NW 3rd St & NW 6th Ave,1,0,,,,,,,,too few crashes
NW 3RD AVE & US 441,NW 3rd Ave & US 441,1,0,,,,,,,,too few crashes
NE 24TH ST & NE 6TH AVE,NE 24th St & NE 6th Ave,1,0,,,,,,,,too few crashes
NE 24TH AVE & NE 51ST BLVD,NE 24th Ave & NE 51st Blvd,0,0,,,,,,,,too few crashes
NE 21ST WAY & NE 27TH AVE,NE 21st Way & NE 27th Ave,1,0,,,,,,,,too few crashes
NE 21ST ST & NE 8TH AVE,NE 21st St & NE 8th Ave,1,0,,,,,,,,too few crashes
NW 56TH TER & W NEWBERRY RD,NW 56th Ter & W Newberry Rd,2,0,,,,,,,,too few crashes
NE 20TH ST & NE 9TH PL,NE 20th St & NE 9th Pl,1,0,,,,,,,,too few crashes
NE 20TH AVE & NE 9TH ST,NE 20th Ave & NE 9th St,0,0,,,,,,,,too few crashes
NE 1ST TER & NE 39TH PL,NE 1st Ter & NE 39th Pl,1,0,,,,,,,,too few crashes
NE 1ST ST & NE 2ND AVE,NE 1st St & NE 2nd Ave,2,0,,,,,,,,too few crashes
NE 1ST DR & NE 40TH PL,NE 1st Dr & NE 40th Pl,1,0,,,,,,,,too few crashes
NW 37TH DR & NW 39TH AVE,NW 37th Dr & NW 39th Ave,4,0,,,,,,,,too few crashes
NW 39TH PL & NW 51ST ST,NW 39th Pl & NW 51st St,0,0,,,,,,,,too few crashes
NW 39TH DR & W NEWBERRY RD,NW 39th Dr & W Newberry Rd,0,0,,,,,,,,too few crashes
NW 39TH AVE & NW 9TH AVE,NW 39th Ave & NW 9th Ave,0,0,,,,,,,,too few crashes
NW 39TH AVE & NW 7TH ST,NW 39th Ave & NW 7th St,5,0,,,,,,,,too few crashes
NW 6TH ST & NW 9TH AVE,NW 6th St & NW 9th Ave,3,0,,,,,,,,too few crashes
NW 53RD AVE & NW 55TH AVE,NW 53rd Ave & NW 55th Ave,2,0,,,,,,,,too few crashes
NW 52ND TER & NW 53RD AVE,NW 52nd Ter & NW 53rd Ave,2,0,,,,,,,,too few crashes
NW 6TH AVE & NW 7TH ST,NW 6th Ave & NW 7th St,0,0,,,,,,,,too few crashes
NW 6TH AVE & NW 6TH ST,NW 6th Ave & NW 6th St,4,0,,,,,,,,too few crashes
NW 69TH TER & W UNIVERSITY AVE,NW 69th Ter & W University Ave,1,0,,,,,,,,too few crashes
NW 62ND ST & WNEWBERRY RD,NW 62nd St & Wnewberry Rd,1,0,,,,,,,,too few crashes
NW 5TH ST & NW 8TH AVE,NW 5th St & NW 8th Ave,1,0,,,,,,,,too few crashes
NW 5TH ST & NW 6TH AVE,NW 5th St & NW 6th Ave,0,0,,,,,,,,too few crashes
NW 38TH PL & NW 38TH ST,NW 38th Pl & NW 38th St,1,0,,,,,,,,too few crashes
NW 37TH WAY & NW 38TH ST,NW 37th Way & NW 38th St,1,0,,,,,,,,too few crashes
NW 40TH PL & NW 50TH ST,NW 40th Pl & NW 50th St,1,0,,,,,,,,too few crashes
NW 43RD ST & NW 62ND AVE,NW 43rd St & NW 62nd Ave,3,0,,,,,,,,too few crashes
NW 43RD ST & NW 56TH ST,NW 43rd St & NW 56th St,0,0,,,,,,,,too few crashes
NW 43RD ST & NW 46TH AVE,NW 43rd St & NW 46th Ave,7,0,,,,,,,,too few crashes
NE 25TH ST & NE 2ND AVE,NE 25th St & NE 2nd Ave,2,0,,,,,,,,too few crashes
NE 24TH TER & NE 8TH AVE,NE 24th Ter & NE 8th Ave,2,0,,,,,,,,too few crashes
NE 21ST PL & NE 21ST TER,NE 21st Pl & NE 21st Ter,1,0,,,,,,,,too few crashes
NE 20TH TER & NE 4TH AVE,NE 20th Ter & NE 4th Ave,1,0,,,,,,,,too few crashes
NW 4TH ST & NW 9TH AVE,NW 4th St & NW 9th Ave,0,0,,,,,,,,too few crashes
NW 5TH AVE & NW 7TH TER,NW 5th Ave & NW 7th Ter,2,0,,,,,,,,too few crashes
NW 5TH AVE & NW 7TH ST,NW 5th Ave & NW 7th St,1,0,,,,,,,,too few crashes
NW 8TH AVE & SR 26,NW 8th Ave & SR 26,7,0,,,,,,,,too few crashes
NW 7TH LN & NW 7TH PL,NW 7th Ln & NW 7th Pl,1,0,,,,,,,,too few crashes
NW 7TH AVE & NW 7TH ST,NW 7th Ave & NW 7th St,1,0,,,,,,,,too few crashes
NW 76TH ST & US 441,NW 76th St & US 441,1,0,,,,,,,,too few crashes
NW 37TH DR & NW 53RD AVE,NW 37th Dr & NW 53rd Ave,1,0,,,,,,,,too few crashes
NE 19TH ST & NE 8TH AVE,NE 19th St & NE 8th Ave,4,0,,,,,,,,too few crashes
NE 19TH DR & NE 4TH PL,NE 19th Dr & NE 4th Pl,1,0,,,,,,,,too few crashes
NE 25TH TER & NE 3RD PL,NE 25th Ter & NE 3rd Pl,1,0,,,,,,,,too few crashes
NE 25TH ST & NE 5TH AVE,NE 25th St & NE 5th Ave,1,0,,,,,,,,too few crashes
NW 37TH TER & NW 39TH PL,NW 37th Ter & NW 39th Pl,1,0,,,,,,,,too few crashes
NW 37TH ST & NW 8TH AVE,NW 37th St & NW 8th Ave,1,0,,,,,,,,too few crashes
NW 37TH ST & NW 59TH PL,NW 37th St & NW 59th Pl,2,0,,,,,,,,too few crashes
NW 37TH ST & NW 54TH LN,NW 37th St & NW 54th Ln,1,0,,,,,,,,too few crashes
NW 3RD AVE & NW 8TH ST,NW 3rd Ave & NW 8th St,1,0,,,,,,,,too few crashes
NW 51ST ST & NW 83RD PL,NW 51st St & NW 83rd Pl,0,0,,,,,,,,too few crashes
NE 22ND TER & NE 8TH AVE,NE 22nd Ter & NE 8th Ave,2,0,,,,,,,,too few crashes
NE 22ND ST & NE 7TH AVE,NE 22nd St & NE 7th Ave,1,0,,,,,,,,too few crashes
NE 22ND ST & NE 3RD AVE,NE 22nd St & NE 3rd Ave,1,0,,,,,,,,too few crashes
NE 22ND AVE & NE 9TH TER,NE 22nd Ave & NE 9th Ter,0,0,,,,,,,,too few crashes
NE 21ST WAY & NE 31ST AVE,NE 21st Way & NE 31st Ave,1,0,,,,,,,,too few crashes
NW 41ST AVE & NW 43RD ST,NW 41st Ave & NW 43rd St,0,0,,,,,,,,too few crashes
NE 18TH TER & NE 8TH AVE,NE 18th Ter & NE 8th Ave,3,0,,,,,,,,too few crashes
S MAIN ST & SW 21ST AVE,S Main St & SW 21st Ave,0,0,,,,,,,,too few crashes
PRIVATE ROADWAY & SW 34TH ST,Private Roadway & SW 34th St,0,0,,,,,,,,too few crashes
NW 34TH TER & NW 5TH AVE,NW 34th Ter & NW 5th Ave,2,0,,,,,,,,too few crashes
NW 36TH TER & NW 7TH AVE,NW 36th Ter & NW 7th Ave,1,0,,,,,,,,too few crashes
NW 36TH TER & NW 39TH AVE,NW 36th Ter & NW 39th Ave,5,0,,,,,,,,too few crashes
NW 36TH ST & NW 7TH PL,NW 36th St & NW 7th Pl,0,0,,,,,,,,too few crashes
NE 27TH AVE & NE 56TH TER,NE 27th Ave & NE 56th Ter,1,0,,,,,,,,too few crashes
NE 27TH AVE & NE 53RD TER,NE 27th Ave & NE 53rd Ter,1,0,,,,,,,,too few crashes
PANHELLENIC DR & SW 8TH AVE,Panhellenic Dr & SW 8th Ave,2,0,,,,,,,,too few crashes
NW 6TH AVE & NW 7TH TER,NW 6th Ave & NW 7th Ter,0,0,,,,,,,,too few crashes
OLD ARCHER RD & PUBLIC ACCESS RD,Old Archer Rd & Public Access Rd,0,0,,,,,,,,too few crashes
NE 1ST AVE & NE 4TH ST,NE 1st Ave & NE 4th St,1,0,,,,,,,,too few crashes
NE 1ST AVE & NE 25TH ST,NE 1st Ave & NE 25th St,1,0,,,,,,,,too few crashes
NE 1ST AVE & NE 1ST ST,NE 1st Ave & NE 1st St,1,0,,,,,,,,too few crashes
NE 19TH TER & NE 7TH AVE,NE 19th Ter & NE 7th Ave,0,0,,,,,,,,too few crashes
SE 10TH AVE & VEITCH ST,SE 10th Ave & Veitch St,1,0,,,,,,,,too few crashes
SE 10TH AVE & SE WILLISTON RD,SE 10th Ave & SE Williston Rd,1,0,,,,,,,,too few crashes
SE 10TH AVE & SE VEITCH ST,SE 10th Ave & SE Veitch St,2,0,,,,,,,,too few crashes
SE 10TH AVE & SE 4TH ST,SE 10th Ave & SE 4th St,3,0,,,,,,,,too few crashes
NW 34TH PL & NW 41ST TER,NW 34th Pl & NW 41st Ter,1,0,,,,,,,,too few crashes
NW 36TH ST & NW 52ND AVE,NW 36th St & NW 52nd Ave,1,0,,,,,,,,too few crashes
NW 36TH ST & NW 44TH PL,NW 36th St & NW 44th Pl,0,0,,,,,,,,too few crashes
NW 36TH CT & NW 53RD AVE,NW 36th Ct & NW 53rd Ave,2,0,,,,,,,,too few crashes
NW 35TH TER & NW 5TH AVE,NW 35th Ter & NW 5th Ave,2,0,,,,,,,,too few crashes
NW 35TH ST & NW 60TH LN,NW 35th St & NW 60th Ln,0,0,,,,,,,,too few crashes
NE 2ND AVE & NE BLVD,NE 2nd Ave & NE Blvd,1,0,,,,,,,,too few crashes
NW 37TH ST & NW 53RD RD,NW 37th St & NW 53rd Rd,1,0,,,,,,,,too few crashes
NW 37TH ST & NW 53RD LN,NW 37th St & NW 53rd Ln,1,0,,,,,,,,too few crashes
NW 37TH PL & NW 6TH ST,NW 37th Pl & NW 6th St,2,0,,,,,,,,too few crashes
NE 19TH DR & NE 31ST AVE,NE 19th Dr & NE 31st Ave,1,0,,,,,,,,too few crashes
NE 19TH DR & NE 27TH AVE,NE 19th Dr & NE 27th Ave,1,0,,,,,,,,too few crashes
NW 34TH RD & NW 62ND PL,NW 34th Rd & NW 62nd Pl,1,0,,,,,,,,too few crashes
SE 10TH AVE & SE 18TH TER,SE 10th Ave & SE 18th Ter,1,0,,,,,,,,too few crashes
SE 10TH AVE & SE 10TH ST,SE 10th Ave & SE 10th St,0,0,,,,,,,,too few crashes
SE 10TH TER & SE 22ND AVE,SE 10th Ter & SE 22nd Ave,0,0,,,,,,,,too few crashes
SE 10TH TER & SE 11TH AVE,SE 10th Ter & SE 11th Ave,0,0,,,,,,,,too few crashes
SE 10TH ST & SE 2ND AVE,SE 10th St & SE 2nd Ave,0,0,,,,,,,,too few crashes
NE 18TH ST & NE 4TH AVE,NE 18th St & NE 4th Ave,0,0,,,,,,,,too few crashes
NE 17TH TER & NE 21ST PL,NE 17th Ter & NE 21st Pl,1,0,,,,,,,,too few crashes
NE 17TH ST & NE 6TH PL,NE 17th St & NE 6th Pl,1,0,,,,,,,,too few crashes
SE 12TH ST & SE 2ND AVE,SE 12th St & SE 2nd Ave,1,0,,,,,,,,too few crashes
SE 12TH PL & SE 15TH ST,SE 12th Pl & SE 15th St,1,0,,,,,,,,too few crashes
SE 12TH AVE & SE 9TH ST,SE 12th Ave & SE 9th St,1,0,,,,,,,,too few crashes
OLD ARCHER RD & SW 31ST TER,Old Archer Rd & SW 31st Ter,2,0,,,,,,,,too few crashes
NE 17TH ST & NE 4TH AVE,NE 17th St & NE 4th Ave,1,0,,,,,,,,too few crashes
SE 10TH PL & SE 20TH ST,SE 10th Pl & SE 20th St,1,0,,,,,,,,too few crashes
SE 10TH PL & SE 1ST ST,SE 10th Pl & SE 1st St,1,0,,,,,,,,too few crashes
SE 12TH AVE & SE 12TH ST,SE 12th Ave & SE 12th St,1,0,,,,,,,,too few crashes
NW 32ND PL & NW 6TH ST,NW 32nd Pl & NW 6th St,0,0,,,,,,,,too few crashes
NW 31ST TER & NW 45TH AVE,NW 31st Ter & NW 45th Ave,1,0,,,,,,,,too few crashes
NW 34TH PL & NW 40TH TER,NW 34th Pl & NW 40th Ter,2,0,,,,,,,,too few crashes
NW 34TH PL & NW 38TH ST,NW 34th Pl & NW 38th St,0,0,,,,,,,,too few crashes
NW 34TH DR & NW 49TH AVE,NW 34th Dr & NW 49th Ave,1,0,,,,,,,,too few crashes
NW 34TH BLVD & NW 54TH PL,NW 34th Blvd & NW 54th Pl,1,0,,,,,,,,too few crashes
NE 2ND ST & NE 6TH AVE,NE 2nd St & NE 6th Ave,2,0,,,,,,,,too few crashes
NE 2ND ST & NE 5TH AVE,NE 2nd St & NE 5th Ave,1,0,,,,,,,,too few crashes
NE 2ND ST & NE 3RD AVE,NE 2nd St & NE 3rd Ave,2,0,,,,,,,,too few crashes
SE 11TH AVE & SE 14TH ST,SE 11th Ave & SE 14th St,3,0,,,,,,,,too few crashes
SE 11TH AVE & SE 13TH ST,SE 11th Ave & SE 13th St,1,0,,,,,,,,too few crashes
NE 2ND AVE & NE 2ND ST,NE 2nd Ave & NE 2nd St,0,0,,,,,,,,too few crashes
NW 34TH ST & NW 6TH AVE,NW 34th St & NW 6th Ave,1,0,,,,,,,,too few crashes
NW 34TH ST & NW 48TH PL,NW 34th St & NW 48th Pl,0,0,,,,,,,,too few crashes
NW 34TH ST & NW 42ND PL,NW 34th St & NW 42nd Pl,1,0,,,,,,,,too few crashes
SE 13TH PL & SE 3RD TER,SE 13th Pl & SE 3rd Ter,0,0,,,,,,,,too few crashes
SE 13TH PL & SE 20TH ST,SE 13th Pl & SE 20th St,1,0,,,,,,,,too few crashes
SE 13TH PL & SE 19TH TER,SE 13th Pl & SE 19th Ter,1,0,,,,,,,,too few crashes
SE 13TH PL & SE 19TH ST,SE 13th Pl & SE 19th St,1,0,,,,,,,,too few crashes
SE 13TH PL & SE 18TH TER,SE 13th Pl & SE 18th Ter,2,0,,,,,,,,too few crashes
SE 13TH LN & SE 4TH ST,SE 13th Ln & SE 4th St,0,0,,,,,,,,too few crashes
SE 13TH LN & SE 3RD TER,SE 13th Ln & SE 3rd Ter,1,0,,,,,,,,too few crashes
SE 13TH AVE & SE 2ND ST,SE 13th Ave & SE 2nd St,1,0,,,,,,,,too few crashes
SE 12TH ST & SE 6TH AVE,SE 12th St & SE 6th Ave,1,0,,,,,,,,too few crashes
SE 12TH ST & SE 4TH PL,SE 12th St & SE 4th Pl,0,0,,,,,,,,too few crashes
SE 14TH TER & SE 4TH AVE,SE 14th Ter & SE 4th Ave,1,0,,,,,,,,too few crashes
SE 14TH ST & UNIVERSITY AVE,SE 14th St & University Ave,1,0,,,,,,,,too few crashes
SE 14TH LN & SE 4TH ST,SE 14th Ln & SE 4th St,0,0,,,,,,,,too few crashes
SE 12TH AVE & SE 19TH TER,SE 12th Ave & SE 19th Ter,1,0,,,,,,,,too few crashes
SE 12TH AVE & SE 19TH ST,SE 12th Ave & SE 19th St,3,0,,,,,,,,too few crashes
SE 12TH AVE & SE 18TH TER,SE 12th Ave & SE 18th Ter,2,0,,,,,,,,too few crashes
NE 3RD AVE & NE 8TH ST,NE 3rd Ave & NE 8th St,1,0,,,,,,,,too few crashes
NE 3RD AVE & NE 3RD ST,NE 3rd Ave & NE 3rd St,2,0,,,,,,,,too few crashes
NE 3R AVE & NE 7TH ST,NE 3r Ave & NE 7th St,0,0,,,,,,,,too few crashes
NE 39TH BLVD & NE 57TH BLVD,NE 39th Blvd & NE 57th Blvd,3,0,,,,,,,,too few crashes
NW 33RD TER & NW 46TH AVE,NW 33rd Ter & NW 46th Ave,1,0,,,,,,,,too few crashes
NW 33RD ST & NW 68TH AVE,NW 33rd St & NW 68th Ave,1,0,,,,,,,,too few crashes
NW 33RD ST & NW 63RD PL,NW 33rd St & NW 63rd Pl,1,0,,,,,,,,too few crashes
NW 33RD ST & NW 62ND AVE,NW 33rd St & NW 62nd Ave,1,0,,,,,,,,too few crashes
NW 33RD LN & NW 34TH TER,NW 33rd Ln & NW 34th Ter,1,0,,,,,,,,too few crashes
NW 33RD AVE & NW 8TH ST,NW 33rd Ave & NW 8th St,0,0,,,,,,,,too few crashes
NW 32ND ST & NW 41ST AVE,NW 32nd St & NW 41st Ave,1,0,,,,,,,,too few crashes
SE 14TH AVE & SE 15TH ST,SE 14th Ave & SE 15th St,0,0,,,,,,,,too few crashes
SE 13TH TER & SE 4TH AVE,SE 13th Ter & SE 4th Ave,0,0,,,,,,,,too few crashes
SE 11TH AVE & SE 12TH ST,SE 11th Ave & SE 12th St,1,0,,,,,,,,too few crashes
SE 13TH ST & SE 22ND AVE,SE 13th St & SE 22nd Ave,1,0,,,,,,,,too few crashes
SE 13TH RD & SE 1ST ST,SE 13th Rd & SE 1st St,1,0,,,,,,,,too few crashes
SE 15TH DR & SE 7TH AVE,SE 15th Dr & SE 7th Ave,0,0,,,,,,,,too few crashes
SE 15TH AVE & SE 19TH TER,SE 15th Ave & SE 19th Ter,2,0,,,,,,,,too few crashes
SE 15TH AVE & SE 17TH ST,SE 15th Ave & SE 17th St,0,0,,,,,,,,too few crashes
NE 17TH DR & NE 21ST PL,NE 17th Dr & NE 21st Pl,0,0,,,,,,,,too few crashes
NE 16TH TER & NE 8TH AVE,NE 16th Ter & NE 8th Ave,0,0,,,,,,,,too few crashes
NW 2ND AVE & SW 5TH ST,NW 2nd Ave & SW 5th St,0,0,,,,,,,,too few crashes
NW 2ND AVE & NW 7TH TER,NW 2nd Ave & NW 7th Ter,1,0,,,,,,,,too few crashes
NW 2ND AVE & NW 6TH ST,NW 2nd Ave & NW 6th St,1,0,,,,,,,,too few crashes
NW 31ST PL & NW 8TH AVE,NW 31st Pl & NW 8th Ave,1,0,,,,,,,,too few crashes
NW 31ST DR & NW 9TH PL,NW 31st Dr & NW 9th Pl,0,0,,,,,,,,too few crashes
NW 31ST BLVD & NW 31ST TER,NW 31st Blvd & NW 31st Ter,0,0,,,,,,,,too few crashes
NW 31ST AVE & NW 6TH ST,NW 31st Ave & NW 6th St,4,0,,,,,,,,too few crashes
NE 43RD TER & NE 49TH AVE,NE 43rd Ter & NE 49th Ave,0,0,,,,,,,,too few crashes
SE 14TH LN & SE 3RD TER,SE 14th Ln & SE 3rd Ter,1,0,,,,,,,,too few crashes
SE 14TH AVE & SE 19TH TER,SE 14th Ave & SE 19th Ter,1,0,,,,,,,,too few crashes
SE 14TH AVE & SE 17TH DR,SE 14th Ave & SE 17th Dr,1,0,,,,,,,,too few crashes
NE 16TH TER & NE 6TH PL,NE 16th Ter & NE 6th Pl,1,0,,,,,,,,too few crashes
SE 19TH TER & SE 8TH AVE,SE 19th Ter & SE 8th Ave,3,0,,,,,,,,too few crashes
SE 18TH ST & SE 6TH AVE,SE 18th St & SE 6th Ave,1,0,,,,,,,,too few crashes
SE 18TH ST & SE 2ND AVE,SE 18th St & SE 2nd Ave,1,0,,,,,,,,too few crashes
SE 17TH TER & SE 6TH AVE,SE 17th Ter & SE 6th Ave,0,0,,,,,,,,too few crashes
SE 17TH TER & SE 4TH AVE,SE 17th Ter & SE 4th Ave,2,0,,,,,,,,too few crashes
SE 17TH ST & SE 3RD AVE,SE 17th St & SE 3rd Ave,2,0,,,,,,,,too few crashes
SE 17TH ST & SE 2ND AVE,SE 17th St & SE 2nd Ave,0,0,,,,,,,,too few crashes
NW 30TH TER & NW 39TH PL,NW 30th Ter & NW 39th Pl,2,0,,,,,,,,too few crashes
NW 30TH ST & W UNIVERSITY AVE,NW 30th St & W University Ave,9,0,,,,,,,,too few crashes
NW 30TH ST & NW 45TH AVE,NW 30th St & NW 45th Ave,1,0,,,,,,,,too few crashes
NW 30TH BLVD & NW 34TH ST,NW 30th Blvd & NW 34th St,1,0,,,,,,,,too few crashes
NW 30TH AVE & NW 6TH ST,NW 30th Ave & NW 6th St,2,0,,,,,,,,too few crashes
NW 30TH AVE & NW 34TH ST,NW 30th Ave & NW 34th St,7,0,,,,,,,,too few crashes
SE 13TH ST & SE 7TH AVE,SE 13th St & SE 7th Ave,2,0,,,,,,,,too few crashes
SE 15TH ST & SE 23RD AVE,SE 15th St & SE 23rd Ave,1,0,,,,,,,,too few crashes
SE 1ST AVE & SE WILLISTON RD,SE 1st Ave & SE Williston Rd,1,0,,,,,,,,too few crashes
SE 1ST AVE & SE 7TH ST,SE 1st Ave & SE 7th St,1,0,,,,,,,,too few crashes
NE 16TH AVE & NE 17TH WAY,NE 16th Ave & NE 17th Way,2,0,,,,,,,,too few crashes
NE 15TH TER & NE 8TH AVE,NE 15th Ter & NE 8th Ave,1,0,,,,,,,,too few crashes
NE 15TH ST & NE 7TH AVE,NE 15th St & NE 7th Ave,0,0,,,,,,,,too few crashes
NE 15TH ST & NE 6TH PL,NE 15th St & NE 6th Pl,1,0,,,,,,,,too few crashes
NE 4TH AVE & NE 6TH ST,NE 4th Ave & NE 6th St,1,0,,,,,,,,too few crashes
NW 2ND AVE & NW 2ND ST,NW 2nd Ave & NW 2nd St,1,0,,,,,,,,too few crashes
NW 29TH TER & NW 44TH PL,NW 29th Ter & NW 44th Pl,1,0,,,,,,,,too few crashes
NW 29TH TER & NW 43RD AVE,NW 29th Ter & NW 43rd Ave,0,0,,,,,,,,too few crashes
NW 29TH TER & NW 41ST PL,NW 29th Ter & NW 41st Pl,1,0,,,,,,,,too few crashes
NW 29TH ST & NW 41ST AVE,NW 29th St & NW 41st Ave,1,0,,,,,,,,too few crashes
NW 29TH ST & NW 31ST AVE,NW 29th St & NW 31st Ave,1,0,,,,,,,,too few crashes
NW 29TH AVE & NW 6TH ST,NW 29th Ave & NW 6th St,1,0,,,,,,,,too few crashes
NE 40TH TER & NE 49TH AVE,NE 40th Ter & NE 49th Ave,1,0,,,,,,,,too few crashes
NE 3RD ST & NE 9TH AVE,NE 3rd St & NE 9th Ave,0,0,,,,,,,,too few crashes
NE 15TH ST & NE 5TH AVE,NE 15th St & NE 5th Ave,1,0,,,,,,,,too few crashes
NE 15TH ST & NE 4TH AVE,NE 15th St & NE 4th Ave,1,0,,,,,,,,too few crashes
NE 15TH ST & NE 40TH PL,NE 15th St & NE 40th Pl,1,0,,,,,,,,too few crashes
SE 1ST AVE & SE 4TH PL,SE 1st Ave & SE 4th Pl,1,0,,,,,,,,too few crashes
SE 23RD ST & SE 9TH PL,SE 23rd St & SE 9th Pl,0,0,,,,,,,,too few crashes
SE 23RD ST & SE 8TH PL,SE 23rd St & SE 8th Pl,0,0,,,,,,,,too few crashes
SE 21ST ST & SE 3RD PL,SE 21st St & SE 3rd Pl,0,0,,,,,,,,too few crashes
SE 21ST ST & SE 2ND AVE,SE 21st St & SE 2nd Ave,2,0,,,,,,,,too few crashes
SE 1ST TER & SW WILLISTON RD,SE 1st Ter & SW Williston Rd,0,0,,,,,,,,too few crashes
NW 27TH ST & NW 57TH PL,NW 27th St & NW 57th Pl,2,0,,,,,,,,too few crashes
NW 27TH ST & NW 2ND AVE,NW 27th St & NW 2nd Ave,0,0,,,,,,,,too few crashes
NW 27TH ST & NW 27TH TER,NW 27th St & NW 27th Ter,0,0,,,,,,,,too few crashes
NW 27TH PL & NW 34TH ST,NW 27th Pl & NW 34th St,1,0,,,,,,,,too few crashes
NW 28TH ST & NW 48TH AVE,NW 28th St & NW 48th Ave,0,0,,,,,,,,too few crashes
NE 53RD AVE & NW 43RD ST,NE 53rd Ave & NW 43rd St,1,0,,,,,,,,too few crashes
SE 16TH DR & SE 8TH AVE,SE 16th Dr & SE 8th Ave,0,0,,,,,,,,too few crashes
NE 4TH TER & NE 8TH AVE,NE 4th Ter & NE 8th Ave,2,0,,,,,,,,too few crashes
NE 4TH AVE & NE 9TH ST,NE 4th Ave & NE 9th St,0,0,,,,,,,,too few crashes
SE 2ND ST & SE 6TH AVE,SE 2nd St & SE 6th Ave,1,0,,,,,,,,too few crashes
SE 2ND ST & SE 4TH AVE,SE 2nd St & SE 4th Ave,2,0,,,,,,,,too few crashes
SE 2ND PL & SE 4TH ST,SE 2nd Pl & SE 4th St,0,0,,,,,,,,too few crashes
SE 2ND AVE & SE 6TH ST,SE 2nd Ave & SE 6th St,1,0,,,,,,,,too few crashes
SE 2ND AVE & SE 4TH ST,SE 2nd Ave & SE 4th St,1,0,,,,,,,,too few crashes
NW 25TH TER & NW 31ST AVE,NW 25th Ter & NW 31st Ave,1,0,,,,,,,,too few crashes
NW 25TH TER & NW 29TH PL,NW 25th Ter & NW 29th Pl,0,0,,,,,,,,too few crashes
NW 25TH PL & NW 34TH ST,NW 25th Pl & NW 34th St,3,0,,,,,,,,too few crashes
NE 49TH AVE & NE 52ND DR,NE 49th Ave & NE 52nd Dr,0,0,,,,,,,,too few crashes
NW 28TH PL & NW 37TH TER,NW 28th Pl & NW 37th Ter,0,0,,,,,,,,too few crashes
NW 28TH PL & NW 34TH ST,NW 28th Pl & NW 34th St,1,0,,,,,,,,too few crashes
NW 28TH AVE & NW 6TH ST,NW 28th Ave & NW 6th St,2,0,,,,,,,,too few crashes
NW 27TH TER & W UNIVERSITY AVE,NW 27th Ter & W University Ave,1,0,,,,,,,,too few crashes
NW 29TH AVE & NW 34TH ST,NW 29th Ave & NW 34th St,2,0,,,,,,,,too few crashes
NW 27TH TER & NW 47TH AVE,NW 27th Ter & NW 47th Ave,0,0,,,,,,,,too few crashes
NW 27TH TER & NW 2ND AVE,NW 27th Ter & NW 2nd Ave,1,0,,,,,,,,too few crashes
NW 27TH ST & NW 62ND AVE,NW 27th St & NW 62nd Ave,2,0,,,,,,,,too few crashes
SE 26TH ST & SE 26TH TER,SE 26th St & SE 26th Ter,1,0,,,,,,,,too few crashes
SE 4TH ST & SE 9TH PL,SE 4th St & SE 9th Pl,3,0,,,,,,,,too few crashes
SE 4TH AVE & SE 8TH ST,SE 4th Ave & SE 8th St,0,0,,,,,,,,too few crashes
NE 15TH ST & NE 3RD AVE,NE 15th St & NE 3rd Ave,4,0,,,,,,,,too few crashes
NE 15TH ST & NE 28TH AVE,NE 15th St & NE 28th Ave,3,0,,,,,,,,too few crashes
NE 5TH PL & NE 7TH ST,NE 5th Pl & NE 7th St,1,0,,,,,,,,too few crashes
NE 5TH AVE & NE 8TH ST,NE 5th Ave & NE 8th St,0,0,,,,,,,,too few crashes
NW 27TH AVE & NW 48TH TER,NW 27th Ave & NW 48th Ter,0,0,,,,,,,,too few crashes
NW 26TH TER & NW 68TH AVE,NW 26th Ter & NW 68th Ave,1,0,,,,,,,,too few crashes
NW 26TH TER & NW 57TH PL,NW 26th Ter & NW 57th Pl,0,0,,,,,,,,too few crashes
NW 26TH TER & NW 33RD PL,NW 26th Ter & NW 33rd Pl,1,0,,,,,,,,too few crashes
NW 26TH ST & NW 3RD AVE,NW 26th St & NW 3rd Ave,0,0,,,,,,,,too few crashes
NW 25TH TER & NW 55TH BLVD,NW 25th Ter & NW 55th Blvd,1,0,,,,,,,,too few crashes
NW 24TH ST & NW 24TH WAY,NW 24th St & NW 24th Way,0,0,,,,,,,,too few crashes
NW 24TH BLVD & NW 52ND AVE,NW 24th Blvd & NW 52nd Ave,0,0,,,,,,,,too few crashes
NW 24TH BLVD & NW 49TH AVE,NW 24th Blvd & NW 49th Ave,1,0,,,,,,,,too few crashes
NE 15TH ST & NE 18TH AVE,NE 15th St & NE 18th Ave,0,0,,,,,,,,too few crashes
NE 15TH ST & NE 17TH AVE,NE 15th St & NE 17th Ave,1,0,,,,,,,,too few crashes
STATION 2 ACCESS RD & SW ARCHER RD,Station 2 Access Rd & SW Archer Rd,0,0,,,,,,,,too few crashes
SR-A & W UNIVERSTIY AVE,Sr-a & W Universtiy Ave,0,0,,,,,,,,too few crashes
SE 9TH PL & SE 9TH ST,SE 9th Pl & SE 9th St,0,0,,,,,,,,too few crashes
NW 23RD WAY & NW 71ST PL,NW 23rd Way & NW 71st Pl,0,0,,,,,,,,too few crashes
NW 23RD TER & NW 62ND PL,NW 23rd Ter & NW 62nd Pl,1,0,,,,,,,,too few crashes
NW 25TH AVE & NW 8TH ST,NW 25th Ave & NW 8th St,1,0,,,,,,,,too few crashes
NE 6TH AVE & NE BLVD,NE 6th Ave & NE Blvd,1,0,,,,,,,,too few crashes
NE 6TH AVE & NE 9TH ST,NE 6th Ave & NE 9th St,1,0,,,,,,,,too few crashes
NE 6TH AVE & NE 6TH ST,NE 6th Ave & NE 6th St,0,0,,,,,,,,too few crashes
NE 5TH TER & NE 9TH AVE,NE 5th Ter & NE 9th Ave,1,0,,,,,,,,too few crashes
NE 5TH ST & NE 9TH AVE,NE 5th St & NE 9th Ave,1,0,,,,,,,,too few crashes
NW 23RD ST & NW 34TH ST,NW 23rd St & NW 34th St,1,0,,,,,,,,too few crashes
NW 22ND ST & NW 5TH AVE,NW 22nd St & NW 5th Ave,0,0,,,,,,,,too few crashes
NW 22ND ST & NW 45TH AVE,NW 22nd St & NW 45th Ave,1,0,,,,,,,,too few crashes
NW 22ND ST & NW 31ST AVE,NW 22nd St & NW 31st Ave,1,0,,,,,,,,too few crashes
NE 5TH PL & NE 9TH ST,NE 5th Pl & NE 9th St,1,0,,,,,,,,too few crashes
SE 5TH AVE & SE 9TH ST,SE 5th Ave & SE 9th St,1,0,,,,,,,,too few crashes
SE 5TH AVE & SE 7TH ST,SE 5th Ave & SE 7th St,1,0,,,,,,,,too few crashes
NE 14TH ST & NE 8TH AVE,NE 14th St & NE 8th Ave,5,0,,,,,,,,too few crashes
NE 14TH ST & NE 16TH AVE,NE 14th St & NE 16th Ave,0,0,,,,,,,,too few crashes
NE 14TH AVE & NE 8TH ST,NE 14th Ave & NE 8th St,1,0,,,,,,,,too few crashes
NE 13TH ST & NE 8TH AVE,NE 13th St & NE 8th Ave,1,0,,,,,,,,too few crashes
NE 13TH ST & NE 31ST AVE,NE 13th St & NE 31st Ave,1,0,,,,,,,,too few crashes
NW 23RD AVE & NW 8TH ST,NW 23rd Ave & NW 8th St,5,0,,,,,,,,too few crashes
NW 23RD AVE & NW 8TH CT,NW 23rd Ave & NW 8th Ct,0,0,,,,,,,,too few crashes
NW 23RD AVE & NW 54TH TER,NW 23rd Ave & NW 54th Ter,1,0,,,,,,,,too few crashes
NE 5TH AVE & NE 5TH ST,NE 5th Ave & NE 5th St,1,0,,,,,,,,too few crashes
NE 12TH ST & NE 5TH AVE,NE 12th St & NE 5th Ave,1,0,,,,,,,,too few crashes
NW 21ST ST & NW 4TH PL,NW 21st St & NW 4th Pl,1,0,,,,,,,,too few crashes
NW 21ST ST & NW 42ND AVE,NW 21st St & NW 42nd Ave,1,0,,,,,,,,too few crashes
NW 21ST ST & NW 3RD PL,NW 21st St & NW 3rd Pl,1,0,,,,,,,,too few crashes
NE 7TH AVE & NE 8TH TER,NE 7th Ave & NE 8th Ter,1,0,,,,,,,,too few crashes
NW 24TH BLVD & NW 38TH AVE,NW 24th Blvd & NW 38th Ave,2,0,,,,,,,,too few crashes
NW 24TH AVE & NW 6TH ST,NW 24th Ave & NW 6th St,3,0,,,,,,,,too few crashes
NE 13TH ST & NE 28TH AVE,NE 13th St & NE 28th Ave,0,0,,,,,,,,too few crashes
NE 13TH ST & NE 1ST AVE,NE 13th St & NE 1st Ave,0,0,,,,,,,,too few crashes
SW 10TH PL & SW 19TH TER,SW 10th Pl & SW 19th Ter,0,0,,,,,,,,too few crashes
NE 12TH ST & NE 18TH AVE,NE 12th St & NE 18th Ave,0,0,,,,,,,,too few crashes
SW 12TH DR & SW 17TH LN,SW 12th Dr & SW 17th Ln,2,0,,,,,,,,too few crashes
SW 121 SW 34TH ST & SW 24TH AVE,SW 121 SW 34th St & SW 24th Ave,1,0,,,,,,,,too few crashes
NE 8TH AVE & NE 8TH ST,NE 8th Ave & NE 8th St,1,0,,,,,,,,too few crashes
NE 7TH PL & NE 9TH ST,NE 7th Pl & NE 9th St,0,0,,,,,,,,too few crashes
NW 23RD TER & NW 54TH BLVD,NW 23rd Ter & NW 54th Blvd,0,0,,,,,,,,too few crashes
NE 12TH AVE & NE 15TH ST,NE 12th Ave & NE 15th St,0,0,,,,,,,,too few crashes
NW 22ND ST & NW 2ND AVE,NW 22nd St & NW 2nd Ave,1,0,,,,,,,,too few crashes
NW 22ND AVE & NW 8TH ST,NW 22nd Ave & NW 8th St,0,0,,,,,,,,too few crashes
NW 21ST WAY & NW 76TH PL,NW 21st Way & NW 76th Pl,0,0,,,,,,,,too few crashes
NW 21ST TER & NW 45TH AVE,NW 21st Ter & NW 45th Ave,1,0,,,,,,,,too few crashes
NW 23RD AVE & NW 47TH TER,NW 23rd Ave & NW 47th Ter,2,0,,,,,,,,too few crashes
NW 23RD AVE & NW 46TH TER,NW 23rd Ave & NW 46th Ter,0,0,,,,,,,,too few crashes
NW 23RD AVE & NW 46TH ST,NW 23rd Ave & NW 46th St,2,0,,,,,,,,too few crashes
NE 9TH AVE & NE BLVD,NE 9th Ave & NE Blvd,0,0,,,,,,,,too few crashes
SW 10TH TER & SW 17TH LN,SW 10th Ter & SW 17th Ln,1,0,,,,,,,,too few crashes
SW 13TH ST & SW 36TH PL,SW 13th St & SW 36th Pl,0,0,,,,,,,,too few crashes
NE 13TH AVE & NE 5TH ST,NE 13th Ave & NE 5th St,0,0,,,,,,,,too few crashes
NE 13TH AVE & NE 25TH TER,NE 13th Ave & NE 25th Ter,1,0,,,,,,,,too few crashes
NE 12TH TER & NE 23RD AVE,NE 12th Ter & NE 23rd Ave,1,0,,,,,,,,too few crashes
NE 12TH TER & NE 16TH AVE,NE 12th Ter & NE 16th Ave,1,0,,,,,,,,too few crashes
NE 12TH ST & NE 6TH PL,NE 12th St & NE 6th Pl,1,0,,,,,,,,too few crashes
NW 21ST ST & NW 3RD AVE,NW 21st St & NW 3rd Ave,2,0,,,,,,,,too few crashes
NW 21ST ST & NW 23RD AVE,NW 21st St & NW 23rd Ave,1,0,,,,,,,,too few crashes
NW 10TH AVE & NW 9TH AVE,NW 10th Ave & NW 9th Ave,0,0,,,,,,,,too few crashes
NW 10TH AVE & NW 18TH TER,NW 10th Ave & NW 18th Ter,0,0,,,,,,,,too few crashes
NW 10TH AVE & NW 13TH TER,NW 10th Ave & NW 13th Ter,1,0,,,,,,,,too few crashes
NW 20TH AVE & NW 36TH TER,NW 20th Ave & NW 36th Ter,1,0,,,,,,,,too few crashes
NE 7TH AVE & NE 7TH ST,NE 7th Ave & NE 7th St,1,0,,,,,,,,too few crashes
NW 22ND ST & NW 9TH AVE,NW 22nd St & NW 9th Ave,1,0,,,,,,,,too few crashes
NW 22ND ST & NW 82ND AVE,NW 22nd St & NW 82nd Ave,1,0,,,,,,,,too few crashes
NW 22ND ST & NW 7TH LN,NW 22nd St & NW 7th Ln,2,0,,,,,,,,too few crashes
NE 12TH ST & NE 28TH AVE,NE 12th St & NE 28th Ave,1,0,,,,,,,,too few crashes
SW 14TH ST & SW 18TH PL,SW 14th St & SW 18th Pl,1,0,,,,,,,,too few crashes
NE 12TH AVE & NE 24TH TER,NE 12th Ave & NE 24th Ter,1,0,,,,,,,,too few crashes
NE 12TH AVE & NE 24TH ST,NE 12th Ave & NE 24th St,1,0,,,,,,,,too few crashes
NE 12TH AVE & NE 22ND ST,NE 12th Ave & NE 22nd St,1,0,,,,,,,,too few crashes
NE 12TH AVE & NE 21ST ST,NE 12th Ave & NE 21st St,0,0,,,,,,,,too few crashes
SW 1ST ST & SW 6TH AVE,SW 1st St & SW 6th Ave,0,0,,,,,,,,too few crashes
SW 1ST ST & SW 5TH AVE,SW 1st St & SW 5th Ave,0,0,,,,,,,,too few crashes
NW 10TH ST & NW 13TH AVE,NW 10th St & NW 13th Ave,1,0,,,,,,,,too few crashes
NW 10TH ST & NW 11TH AVE,NW 10th St & NW 11th Ave,0,0,,,,,,,,too few crashes
NW 20TH ST & NW 3RD AVE,NW 20th St & NW 3rd Ave,0,0,,,,,,,,too few crashes
NW 20TH ST & NW 32ND PL,NW 20th St & NW 32nd Pl,0,0,,,,,,,,too few crashes
NW 21ST ST & NW 7TH LN,NW 21st St & NW 7th Ln,0,0,,,,,,,,too few crashes
NW 21ST ST & NW 53RD AVE,NW 21st St & NW 53rd Ave,1,0,,,,,,,,too few crashes
NE 11TH TER & NE 35TH AVE,NE 11th Ter & NE 35th Ave,1,0,,,,,,,,too few crashes
SW 1ST AVE & SW 2ND ST,SW 1st Ave & SW 2nd St,6,0,,,,,,,,too few crashes
SW 1ST AVE & SW 28TH TER,SW 1st Ave & SW 28th Ter,0,0,,,,,,,,too few crashes
SW 17TH PL & SW 51ST TER,SW 17th Pl & SW 51st Ter,1,0,,,,,,,,too few crashes
SW 17TH PL & SW 42ND ST,SW 17th Pl & SW 42nd St,1,0,,,,,,,,too few crashes
SW 17TH PL & SW 36TH ST,SW 17th Pl & SW 36th St,1,0,,,,,,,,too few crashes
SW 17TH LN & SW 40TH TER,SW 17th Ln & SW 40th Ter,1,0,,,,,,,,too few crashes
NW 20TH ST & W UNIVERSITY AVE,NW 20th St & W University Ave,2,0,,,,,,,,too few crashes
NE 11TH ST & NE 7TH AVE,NE 11th St & NE 7th Ave,0,0,,,,,,,,too few crashes
NE 11TH ST & NE 5TH PL,NE 11th St & NE 5th Pl,1,0,,,,,,,,too few crashes
NW 1ST ST & NW 6TH AVE,NW 1st St & NW 6th Ave,0,0,,,,,,,,too few crashes
NW 1ST ST & NW 5TH AVE,NW 1st St & NW 5th Ave,0,0,,,,,,,,too few crashes
NW 1ST ST & NW 3RD AVE,NW 1st St & NW 3rd Ave,2,0,,,,,,,,too few crashes
NW 1ST PL & NW 9TH ST,NW 1st Pl & NW 9th St,0,0,,,,,,,,too few crashes
NW 21ST DR & NW 77TH AVE,NW 21st Dr & NW 77th Ave,2,0,,,,,,,,too few crashes
NW 21ST DR & NW 52ND PL,NW 21st Dr & NW 52nd Pl,1,0,,,,,,,,too few crashes
NW 21ST DR & NW 49TH AVE,NW 21st Dr & NW 49th Ave,1,0,,,,,,,,too few crashes
NW 21ST DR & NW 36TH AVE,NW 21st Dr & NW 36th Ave,1,0,,,,,,,,too few crashes
NW 21ST AVE & NW 22ND ST,NW 21st Ave & NW 22nd St,1,0,,,,,,,,too few crashes
NW 20TH TER & NW 50TH PL,NW 20th Ter & NW 50th Pl,0,0,,,,,,,,too few crashes
NW 20TH TER & NW 3RD AVE,NW 20th Ter & NW 3rd Ave,1,0,,,,,,,,too few crashes
NE 11TH PL & NE 25TH TER,NE 11th Pl & NE 25th Ter,1,0,,,,,,,,too few crashes
NE 11TH PL & NE 23RD ST,NE 11th Pl & NE 23rd St,1,0,,,,,,,,too few crashes
NE 10TH TER & NE 23RD AVE,NE 10th Ter & NE 23rd Ave,1,0,,,,,,,,too few crashes
SW 23RD DR & SW 2ND AVE,SW 23rd Dr & SW 2nd Ave,1,0,,,,,,,,too few crashes
SW 22ND RD & SW 38TH WAY,SW 22nd Rd & SW 38th Way,1,0,,,,,,,,too few crashes
SW 22ND RD & SW 37TH TER,SW 22nd Rd & SW 37th Ter,1,0,,,,,,,,too few crashes
NW 18TH WAY & NW 27TH TER,NW 18th Way & NW 27th Ter,1,0,,,,,,,,too few crashes
NW 10TH PL & NW 50TH TER,NW 10th Pl & NW 50th Ter,0,0,,,,,,,,too few crashes
NW 1ST PL & NW 8TH ST,NW 1st Pl & NW 8th St,1,0,,,,,,,,too few crashes
NW 1ST AVE & NW 3RD ST,NW 1st Ave & NW 3rd St,2,0,,,,,,,,too few crashes
NW 20TH LN & NW 38TH DR,NW 20th Ln & NW 38th Dr,1,0,,,,,,,,too few crashes
NW 20TH DR & NW 43RD PL,NW 20th Dr & NW 43rd Pl,0,0,,,,,,,,too few crashes
NW 20TH DR & NW 42ND AVE,NW 20th Dr & NW 42nd Ave,1,0,,,,,,,,too few crashes
NW 20TH DR & NW 20TH TER,NW 20th Dr & NW 20th Ter,0,0,,,,,,,,too few crashes
SW 1ST AVE & SW 3RD ST,SW 1st Ave & SW 3rd St,2,0,,,,,,,,too few crashes
SW 1ST AVE & SW 38TH ST,SW 1st Ave & SW 38th St,1,0,,,,,,,,too few crashes
SW 20TH LN & SW 39TH WAY,SW 20th Ln & SW 39th Way,1,0,,,,,,,,too few crashes
SW 20TH AVE & SW 51ST TER,SW 20th Ave & SW 51st Ter,1,0,,,,,,,,too few crashes
NE 11TH ST & NE 9TH AVE,NE 11th St & NE 9th Ave,1,0,,,,,,,,too few crashes
NE 10TH ST & NE 1ST AVE,NE 10th St & NE 1st Ave,1,0,,,,,,,,too few crashes
NE 10TH PL & NE 9TH ST,NE 10th Pl & NE 9th St,0,0,,,,,,,,too few crashes
NW 10TH ST & NW 6TH PL,NW 10th St & NW 6th Pl,0,0,,,,,,,,too few crashes
NW 19TH ST & NW 33RD AVE,NW 19th St & NW 33rd Ave,0,0,,,,,,,,too few crashes
NW 19TH ST & NW 31ST PL,NW 19th St & NW 31st Pl,1,0,,,,,,,,too few crashes
NW 19TH LN & NW 22ND ST,NW 19th Ln & NW 22nd St,1,0,,,,,,,,too few crashes
NW 19TH AVE & NW 7TH ST,NW 19th Ave & NW 7th St,0,0,,,,,,,,too few crashes
NW 10TH ST & NW 40TH AVE,NW 10th St & NW 40th Ave,0,0,,,,,,,,too few crashes
NW 10TH ST & NW 18TH AVE,NW 10th St & NW 18th Ave,1,0,,,,,,,,too few crashes
NW 10TH ST & NW 14TH AVE,NW 10th St & NW 14th Ave,0,0,,,,,,,,too few crashes
NE 11TH ST & NE 3RD AVE,NE 11th St & NE 3rd Ave,4,0,,,,,,,,too few crashes
NE 11TH ST & NE 23RD AVE,NE 11th St & NE 23rd Ave,1,0,,,,,,,,too few crashes
NE 11TH ST & NE 1ST AVE,NE 11th St & NE 1st Ave,4,0,,,,,,,,too few crashes
SW 23RD PL & SW 24TH AVE,SW 23rd Pl & SW 24th Ave,0,0,,,,,,,,too few crashes
SW 23RD LN & SW 37TH TER,SW 23rd Ln & SW 37th Ter,0,0,,,,,,,,too few crashes
SW 23RD DR & W UNIVERSITY AVE,SW 23rd Dr & W University Ave,1,0,,,,,,,,too few crashes
N MAIN TER & NE 35TH AVE,N Main Ter & NE 35th Ave,0,0,,,,,,,,too few crashes
N MAIN ST & NW 31ST AVE,N Main St & NW 31st Ave,1,0,,,,,,,,too few crashes
NW 17TH ST & NW 29TH RD,NW 17th St & NW 29th Rd,2,0,,,,,,,,too few crashes
NW 17TH PL & NW 47TH ST,NW 17th Pl & NW 47th St,1,0,,,,,,,,too few crashes
NW 18TH ST & NW 3RD PL,NW 18th St & NW 3rd Pl,3,0,,,,,,,,too few crashes
NW 18TH ST & NW 3RD AVE,NW 18th St & NW 3rd Ave,1,0,,,,,,,,too few crashes
NW 11TH RD & NW 18TH TER,NW 11th Rd & NW 18th Ter,1,0,,,,,,,,too few crashes
NW 11TH AVE & NW 8TH ST,NW 11th Ave & NW 8th St,0,0,,,,,,,,too few crashes
NW 19TH TER & NW 39TH AVE,NW 19th Ter & NW 39th Ave,1,0,,,,,,,,too few crashes
NW 19TH ST & NW 7TH PL,NW 19th St & NW 7th Pl,1,0,,,,,,,,too few crashes
NW 19TH ST & NW 7TH AVE,NW 19th St & NW 7th Ave,2,0,,,,,,,,too few crashes
SW 21ST PL & SW 43RD ST,SW 21st Pl & SW 43rd St,4,0,,,,,,,,too few crashes
SW 21ST DR & SW 37TH CT,SW 21st Dr & SW 37th Ct,1,0,,,,,,,,too few crashes
SW 23RD ST & SW 34TH PL,SW 23rd St & SW 34th Pl,1,0,,,,,,,,too few crashes
SW 23RD ST & SW 31ST PL,SW 23rd St & SW 31st Pl,3,0,,,,,,,,too few crashes
NE 10TH ST & NE 28TH AVE,NE 10th St & NE 28th Ave,1,0,,,,,,,,too few crashes
NW 49TH TER & NW 53RD AVE,NW 49th Ter & NW 53rd Ave,2,0,,,,,,,,too few crashes
NW 48TH TER & NW 76TH RD,NW 48th Ter & NW 76th Rd,1,0,,,,,,,,too few crashes
NW 48TH BLVD & NW 6TH PL,NW 48th Blvd & NW 6th Pl,1,0,,,,,,,,too few crashes
NW 47TH WAY & NW 79TH RD,NW 47th Way & NW 79th Rd,1,0,,,,,,,,too few crashes
NW 46TH ST & NW 8TH AVE,NW 46th St & NW 8th Ave,0,0,,,,,,,,too few crashes
SW 40TH TER & W UNIVERSITY AVE,SW 40th Ter & W University Ave,1,0,,,,,,,,too few crashes
NW 13TH ST & NW 49TH AVE,NW 13th St & NW 49th Ave,1,0,,,,,,,,too few crashes
NW 17TH ST & NW 31ST PL,NW 17th St & NW 31st Pl,2,0,,,,,,,,too few crashes
SW 25TH BLVD & SW 25TH TER,SW 25th Blvd & SW 25th Ter,1,0,,,,,,,,too few crashes
SW 2ND AVE & SW 30TH ST,SW 2nd Ave & SW 30th St,3,0,,,,,,,,too few crashes
NW 19TH AVE & NW 4TH ST,NW 19th Ave & NW 4th St,1,0,,,,,,,,too few crashes
NW 19TH AVE & NW 4TH AVE,NW 19th Ave & NW 4th Ave,0,0,,,,,,,,too few crashes
NE 10TH AVE & NE 26TH TER,NE 10th Ave & NE 26th Ter,1,0,,,,,,,,too few crashes
NE 10TH AVE & NE 14TH ST,NE 10th Ave & NE 14th St,1,0,,,,,,,,too few crashes
NE 10TH AVE & NE 11TH ST,NE 10th Ave & NE 11th St,1,0,,,,,,,,too few crashes
N W 23RD AVE & NW 43RD ST,N W 23rd Ave & NW 43rd St,1,0,,,,,,,,too few crashes
SW 26TH TER & SW 40TH PL,SW 26th Ter & SW 40th Pl,2,0,,,,,,,,too few crashes
N MAIN ST & NE 42ND PL,N Main St & NE 42nd Pl,1,0,,,,,,,,too few crashes
SW 25TH WAY & SW 31ST PL,SW 25th Way & SW 31st Pl,2,0,,,,,,,,too few crashes
SW 25TH TER & SW 40TH PL,SW 25th Ter & SW 40th Pl,2,0,,,,,,,,too few crashes
SW 25TH TER & SW 35TH PL,SW 25th Ter & SW 35th Pl,2,0,,,,,,,,too few crashes
NW 18TH PL & NW 39TH TER,NW 18th Pl & NW 39th Ter,0,0,,,,,,,,too few crashes
NW 18TH AVE & NW 34TH ST,NW 18th Ave & NW 34th St,2,0,,,,,,,,too few crashes
NW 17TH TER & NW 41ST AVE,NW 17th Ter & NW 41st Ave,0,0,,,,,,,,too few crashes
NW 17TH ST & NW 7TH PL,NW 17th St & NW 7th Pl,1,0,,,,,,,,too few crashes
NW 4TH ST & NW 7TH AVE,NW 4th St & NW 7th Ave,0,0,,,,,,,,too few crashes
NW 4TH ST & NW 5TH AVE,NW 4th St & NW 5th Ave,2,0,,,,,,,,too few crashes
NW 4TH PL & NW 60TH ST,NW 4th Pl & NW 60th St,1,0,,,,,,,,too few crashes
NE 24TH AVE & NE 50TH DR,NE 24th Ave & NE 50th Dr,0,0,,,,,,,,too few crashes
NE 23RD ST & NE 3RD PL,NE 23rd St & NE 3rd Pl,1,0,,,,,,,,too few crashes
NE 23RD ST & NE 3RD AVE,NE 23rd St & NE 3rd Ave,0,0,,,,,,,,too few crashes
NW 4TH AVE & NW 8TH ST,NW 4th Ave & NW 8th St,1,0,,,,,,,,too few crashes
SW 29TH AVE & SW 40TH BLVD,SW 29th Ave & SW 40th Blvd,0,0,,,,,,,,too few crashes
SW 28TH TER & SW 39TH AVE,SW 28th Ter & SW 39th Ave,2,0,,,,,,,,too few crashes
SW 28TH TER & SW 38TH PL,SW 28th Ter & SW 38th Pl,0,0,,,,,,,,too few crashes
SW 27TH ST & SW WILLISTON RD,SW 27th St & SW Williston Rd,1,0,,,,,,,,too few crashes
SW 27TH ST & SW 5TH AVE,SW 27th St & SW 5th Ave,1,0,,,,,,,,too few crashes
SW 27TH ST & SW 4TH PL,SW 27th St & SW 4th Pl,1,0,,,,,,,,too few crashes
NW 16TH AVE & NW 55TH ST,NW 16th Ave & NW 55th St,0,0,,,,,,,,too few crashes
NW 17TH AVE & NW 40TH TER,NW 17th Ave & NW 40th Ter,1,0,,,,,,,,too few crashes
NW 12TH AVE & NW 40TH TER,NW 12th Ave & NW 40th Ter,0,0,,,,,,,,too few crashes
NW 12TH AVE & NW 36TH ST,NW 12th Ave & NW 36th St,1,0,,,,,,,,too few crashes
SW 26TH WAY & SW 33RD PL,SW 26th Way & SW 33rd Pl,0,0,,,,,,,,too few crashes
SW 26TH WAY & SW 31ST PL,SW 26th Way & SW 31st Pl,1,0,,,,,,,,too few crashes
NW 11TH AVE & NW 64TH TER,NW 11th Ave & NW 64th Ter,0,0,,,,,,,,too few crashes
NW 10TH TER & NW 5TH AVE,NW 10th Ter & NW 5th Ave,1,0,,,,,,,,too few crashes
NW 10TH TER & NW 16TH AVE,NW 10th Ter & NW 16th Ave,4,0,,,,,,,,too few crashes
SW 23RD TR & SW ARCHER RD,SW 23rd Tr & SW Archer Rd,1,0,,,,,,,,too few crashes
N MAIN & NW 2ND AVE,N Main & NW 2nd Ave,1,0,,,,,,,,too few crashes
MUSEUM RD & NEWELL DR,Museum Rd & Newell Dr,1,0,,,,,,,,too few crashes
MORGAN RD & NE 53RD AVE,Morgan Rd & NE 53rd Ave,0,0,,,,,,,,too few crashes
MAIN ST & NW 4TH AVE,Main St & NW 4th Ave,1,0,,,,,,,,too few crashes
NW 12TH DR & NW 4TH AVE,NW 12th Dr & NW 4th Ave,2,0,,,,,,,,too few crashes
NW 12TH DR & NW 39TH AVE,NW 12th Dr & NW 39th Ave,2,0,,,,,,,,too few crashes
NW 11TH ST & NW 1ST PL,NW 11th St & NW 1st Pl,1,0,,,,,,,,too few crashes
NW 11TH ST & NW 1ST AVE,NW 11th St & NW 1st Ave,0,0,,,,,,,,too few crashes
NW 11TH ST & NW 12TH RD,NW 11th St & NW 12th Rd,0,0,,,,,,,,too few crashes
NW 11TH RD & NW 20TH ST,NW 11th Rd & NW 20th St,1,0,,,,,,,,too few crashes
NW 16TH BLVD & NW 39TH TER,NW 16th Blvd & NW 39th Ter,2,0,,,,,,,,too few crashes
NW 15TH TER & NW 2ND AVE,NW 15th Ter & NW 2nd Ave,1,0,,,,,,,,too few crashes
NW 16TH AVE & NW 41ST ST,NW 16th Ave & NW 41st St,1,0,,,,,,,,too few crashes
NW 16TH AVE & NW 31ST TER,NW 16th Ave & NW 31st Ter,2,0,,,,,,,,too few crashes
SW 2ND AVE & SW 2ND TER,SW 2nd Ave & SW 2nd Ter,1,0,,,,,,,,too few crashes
SW 29TH TER & SW 37TH PL,SW 29th Ter & SW 37th Pl,0,0,,,,,,,,too few crashes
NW 12TH ST & NW 30TH AVE,NW 12th St & NW 30th Ave,1,0,,,,,,,,too few crashes
NW 12TH ST & NW 15TH AVE,NW 12th St & NW 15th Ave,1,0,,,,,,,,too few crashes
NW 12TH RD & NW 18TH TER,NW 12th Rd & NW 18th Ter,1,0,,,,,,,,too few crashes
EUA & WALDO RD,Eua & Waldo Rd,0,0,,,,,,,,too few crashes
E UNIVERSTITY AVE & ELLEN WEST BLVD,E Universtity Ave & Ellen West Blvd,1,0,,,,,,,,too few crashes
SW 2ND AVE & SW 32ND ST,SW 2nd Ave & SW 32nd St,6,0,,,,,,,,too few crashes
SW 2ND ST & SW 5TH AVE,SW 2nd St & SW 5th Ave,0,0,,,,,,,,too few crashes
SW 2ND PL & SW 3RD ST,SW 2nd Pl & SW 3rd St,1,0,,,,,,,,too few crashes
E UNIVERSITY AVE & SE 39TH ST,E University Ave & SE 39th St,2,0,,,,,,,,too few crashes
NW 12TH TER & NW 30TH AVE,NW 12th Ter & NW 30th Ave,0,0,,,,,,,,too few crashes
NW 12TH TER & NW 18TH AVE,NW 12th Ter & NW 18th Ave,2,0,,,,,,,,too few crashes
NW 12TH AVE & NW 8TH ST,NW 12th Ave & NW 8th St,3,0,,,,,,,,too few crashes
NW 16TH AVE & NW 26TH WAY,NW 16th Ave & NW 26th Way,2,0,,,,,,,,too few crashes
NW 16TH AVE & NW 23RD ST,NW 16th Ave & NW 23rd St,1,0,,,,,,,,too few crashes
SW 2ND AVE & SW 62ND BLVD,SW 2nd Ave & SW 62nd Blvd,1,0,,,,,,,,too few crashes
SW 2ND AVE & SW 35TH TER,SW 2nd Ave & SW 35th Ter,1,0,,,,,,,,too few crashes
E UNIVERSITY AVE & SE 21ST ST,E University Ave & SE 21st St,1,0,,,,,,,,too few crashes
SW 2ND AVE & WOODLAWN DR,SW 2nd Ave & Woodlawn Dr,1,0,,,,,,,,too few crashes
SW 2ND AVE & W NEWBERRY RD,SW 2nd Ave & W Newberry Rd,3,0,,,,,,,,too few crashes
E UNIVERSITY AVE & NE 5TH ST,E University Ave & NE 5th St,2,0,,,,,,,,too few crashes
E UNIVERSITY AVE & NE 25TH TER,E University Ave & NE 25th Ter,1,0,,,,,,,,too few crashes
E UNIVERSITY AVE & NE 23RD ST,E University Ave & NE 23rd St,2,0,,,,,,,,too few crashes
E UNIVERSITY AVE & NE 19TH ST,E University Ave & NE 19th St,1,0,,,,,,,,too few crashes
SW 31ST DR & SW 42ND PL,SW 31st Dr & SW 42nd Pl,1,0,,,,,,,,too few crashes
NW 14TH ST & NW 32ND AVE,NW 14th St & NW 32nd Ave,1,0,,,,,,,,too few crashes
NW 14TH PL & NW 43RD ST,NW 14th Pl & NW 43rd St,1,0,,,,,,,,too few crashes
NW 15TH ST & NW 3RD PL,NW 15th St & NW 3rd Pl,2,0,,,,,,,,too few crashes
NW 15TH ST & NW 3RD AVE,NW 15th St & NW 3rd Ave,7,0,,,,,,,,too few crashes
NW 15TH PL & NW 54TH DR,NW 15th Pl & NW 54th Dr,1,0,,,,,,,,too few crashes
NW 13ST & NW 23RD AVE,NW 13st & NW 23rd Ave,0,0,,,,,,,,too few crashes
NW 12TH ST & NW 41ST AVE,NW 12th St & NW 41st Ave,1,0,,,,,,,,too few crashes
NW 12TH ST & NW 33RD AVE,NW 12th St & NW 33rd Ave,2,0,,,,,,,,too few crashes
NW 13 TH ST & NW 21ST AVE,NW 13 Th St & NW 21st Ave,1,0,,,,,,,,too few crashes
NW 12TH TER & NW 39TH AVE,NW 12th Ter & NW 39th Ave,2,0,,,,,,,,too few crashes
SW 30TH TER & SW 39TH AVE,SW 30th Ter & SW 39th Ave,1,0,,,,,,,,too few crashes
SW 2ND TER & SW 6TH AVE,SW 2nd Ter & SW 6th Ave,1,0,,,,,,,,too few crashes
SW 34TH TER & SW 47TH BLVD,SW 34th Ter & SW 47th Blvd,0,0,,,,,,,,too few crashes
SW 34TH TER & SW 47TH AVE,SW 34th Ter & SW 47th Ave,1,0,,,,,,,,too few crashes
E UNIVERSITY AVE & NE 12TH AVE,E University Ave & NE 12th Ave,1,0,,,,,,,,too few crashes
E PANHELLENIC DR & SW 11TH ST,E Panhellenic Dr & SW 11th St,1,0,,,,,,,,too few crashes
E 22ND ST & E UNIVERSITY AVE,E 22nd St & E University Ave,1,0,,,,,,,,too few crashes
CR 231 & NW 116TH PL,CR 231 & NW 116th Pl,0,0,,,,,,,,too few crashes
CR 2053 & NW 62ND AVE,CR 2053 & NW 62nd Ave,0,0,,,,,,,,too few crashes
SW 34TH LN & SW SCHOOL HOUSE RD,SW 34th Ln & SW School House Rd,4,0,,,,,,,,too few crashes
SW 3RD ST & SW 5TH AVE,SW 3rd St & SW 5th Ave,1,0,,,,,,,,too few crashes
SW 3RD ST & SW 4TH AVE,SW 3rd St & SW 4th Ave,3,0,,,,,,,,too few crashes
SW 3RD AVE & SW 9TH ST,SW 3rd Ave & SW 9th St,3,0,,,,,,,,too few crashes
NW 15TH TER & NW 4TH AVE,NW 15th Ter & NW 4th Ave,1,0,,,,,,,,too few crashes
SW ARCHER LN & SW ARCHER RD,SW Archer Ln & SW Archer Rd,5,0,,,,,,,,too few crashes
CENTER DR & MUSEUM RD,Center Dr & Museum Rd,1,0,,,,,,,,too few crashes
BUTLER PLAZA ACCESS RD & CLARK BUTLER BLVD,Butler Plaza Access Rd & Clark Butler Blvd,5,0,,,,,,,,too few crashes
BAY DR & TURKEY SCRATCH RD,Bay Dr & Turkey Scratch Rd,1,0,,,,,,,,too few crashes
AT NW 60TH ST & W NEWBERRY RD,At NW 60th St & W Newberry Rd,1,0,,,,,,,,too few crashes
SW 56TH TER & SW 9TH PL,SW 56th Ter & SW 9th Pl,1,0,,,,,,,,too few crashes
SW 55TH TER & SW 9TH PL,SW 55th Ter & SW 9th Pl,1,0,,,,,,,,too few crashes
SW 8TH AVE & US 441,SW 8th Ave & US 441,0,0,,,,,,,,too few crashes
SW 6TH AVE & SW 9TH ST,SW 6th Ave & SW 9th St,4,0,,,,,,,,too few crashes
SW 5TH ST & SW DEPOT AVE,SW 5th St & SW Depot Ave,0,0,,,,,,,,too few crashes
NW 15TH AVE & NW 55TH ST,NW 15th Ave & NW 55th St,1,0,,,,,,,,too few crashes
NW 15TH AVE & NW 38TH ST,NW 15th Ave & NW 38th St,1,0,,,,,,,,too few crashes
NW 14TH TER & NW 6TH PL,NW 14th Ter & NW 6th Pl,0,0,,,,,,,,too few crashes
92ND AVE & NW 43RD ST,92nd Ave & NW 43rd St,1,0,,,,,,,,too few crashes
NW 13TH ST & NW 43RD AVE,NW 13th St & NW 43rd Ave,4,0,,,,,,,,too few crashes
SW 8TH ST & SW 9TH AVE,SW 8th St & SW 9th Ave,2,0,,,,,,,,too few crashes
SW 37TH TER & SW 47TH AVE,SW 37th Ter & SW 47th Ave,0,0,,,,,,,,too few crashes
NW 13TH ST & NW 55TH BLVD,NW 13th St & NW 55th Blvd,0,0,,,,,,,,too few crashes
NW 13TH ST & NW 1ST AVE,NW 13th St & NW 1st Ave,1,0,,,,,,,,too few crashes
NW 13TH ST & NW 16TH ST,NW 13th St & NW 16th St,0,0,,,,,,,,too few crashes
NW 13TH PL & NW 52ND TER,NW 13th Pl & NW 52nd Ter,1,0,,,,,,,,too few crashes
NW 12TH ST & NW 42ND AVE,NW 12th St & NW 42nd Ave,1,0,,,,,,,,too few crashes
SW 5TH ST & SW 7TH PL,SW 5th St & SW 7th Pl,1,0,,,,,,,,too few crashes
SW 5TH AVE & SW 8TH ST,SW 5th Ave & SW 8th St,0,0,,,,,,,,too few crashes
NW 44TH ST & W UNIVERSITY AVE,NW 44th St & W University Ave,1,0,,,,,,,,too few crashes
NW 43RDST & NW 51ST PL,NW 43rdst & NW 51st Pl,1,0,,,,,,,,too few crashes
NW 13TH ST & NW 23RD TER,NW 13th St & NW 23rd Ter,4,0,,,,,,,,too few crashes
NW 13TH ST & NW 53RD,NW 13th St & NW 53rd,1,0,,,,,,,,too few crashes
NW 13TH ST & NW 4TH ST,NW 13th St & NW 4th St,1,0,,,,,,,,too few crashes
NW 13TH ST & NW 4TH LN,NW 13th St & NW 4th Ln,2,0,,,,,,,,too few crashes
SW 3RD ST & SW 7TH AVE,SW 3rd St & SW 7th Ave,0,0,,,,,,,,too few crashes
SW ARCHER RD & UNION RD,SW Archer Rd & Union Rd,1,0,,,,,,,,too few crashes
