intersection_id,id,crashes_window,crashes_all_years,fdot_crashes,osm_matched,has_gemini,traffic_signal,signal_source,legs_seen,crosswalk_legs,crosswalk,left_turn_lane_legs,left_turn_lane,median_legs,median,imagery_from,imagery_to,crosswalk_confidence,osm_divided,osm_left_turn_lane,osm_lanes_max,osm_speed_max,major_road_class,minor_road_class,fdot_lanes_max,fdot_speed_max,daily_traffic_max,speed_limit
SW 34TH ST & SW ARCHER RD,sw-34th-st-sw-archer-rd,275,797,305,True,True,yes,osm,4.0,4.0,yes,4.0,yes,4.0,yes,2025-04,2026-02,high,yes,yes,5.0,45.0,2.0,2.0,6.0,45.0,47500.0,45.0
SW 40TH BLVD & SW ARCHER RD,sw-40th-blvd-sw-archer-rd,190,517,160,True,True,yes,osm,4.0,4.0,yes,4.0,yes,2.0,yes,2023-08,2026-02,high,yes,yes,6.0,45.0,2.0,4.0,6.0,45.0,34500.0,45.0
SW 37TH BLVD & SW ARCHER RD,sw-37th-blvd-sw-archer-rd,184,502,193,True,True,yes,osm,4.0,4.0,yes,4.0,yes,4.0,yes,2025-04,2026-02,high,yes,yes,5.0,45.0,2.0,4.0,6.0,45.0,53500.0,45.0
SW 20TH AVE & SW 62ND BLVD,sw-20th-ave-sw-62nd-blvd,176,439,76,True,True,yes,osm,4.0,4.0,yes,4.0,yes,1.0,yes,2026-01,2026-02,high,yes,yes,6.0,45.0,3.0,3.0,,,,45.0
NW 13TH ST & W UNIVERSITY AVE,nw-13th-st-w-university-ave,169,586,238,True,True,yes,osm,4.0,4.0,yes,4.0,yes,3.0,yes,2025-04,2026-02,high,yes,yes,5.0,30.0,2.0,2.0,4.0,30.0,32000.0,30.0
SW 34TH ST & WINDMEADOWS BLVD,sw-34th-st-windmeadows-blvd,145,380,124,True,True,yes,osm,3.0,1.0,yes,2.0,yes,3.0,yes,2026-02,2026-02,high,yes,yes,5.0,45.0,2.0,4.0,6.0,45.0,42000.0,45.0
NW 13TH ST & NW 39TH AVE,nw-13th-st-nw-39th-ave,143,406,138,True,True,yes,osm,4.0,4.0,yes,4.0,yes,3.0,yes,2024-10,2026-03,high,yes,yes,6.0,45.0,2.0,2.0,4.0,45.0,26000.0,45.0
SW 35TH BLVD & SW ARCHER RD,sw-35th-blvd-sw-archer-rd,139,381,126,True,True,yes,osm,3.0,3.0,yes,3.0,yes,3.0,yes,2024-06,2026-02,high,yes,yes,4.0,45.0,2.0,4.0,6.0,45.0,48500.0,45.0
NW 13TH ST & NW 23RD AVE,nw-13th-st-nw-23rd-ave,132,354,128,True,True,yes,osm,4.0,4.0,yes,4.0,yes,0.0,no,2026-03,2026-03,high,yes,yes,5.0,35.0,2.0,3.0,4.0,35.0,31000.0,35.0
SW 13TH ST & SW 16TH AVE,sw-13th-st-sw-16th-ave,131,312,95,True,True,yes,osm,4.0,4.0,yes,4.0,yes,2.0,yes,2023-09,2026-02,high,yes,yes,6.0,35.0,2.0,3.0,4.0,35.0,21750.0,35.0
NW 39TH AVE & NW 43RD ST,nw-39th-ave-nw-43rd-st,130,362,126,True,True,yes,osm,4.0,4.0,yes,4.0,yes,2.0,yes,2026-02,2026-03,high,yes,yes,6.0,45.0,2.0,3.0,4.0,45.0,35000.0,45.0
E UNIVERSITY AVE & NE WALDO RD,e-university-ave-ne-waldo-rd,129,387,105,True,True,yes,osm,4.0,4.0,yes,4.0,yes,4.0,yes,2026-03,2026-03,high,yes,yes,5.0,45.0,1.0,1.0,6.0,45.0,27000.0,45.0
NW 16TH BLVD & NW 43RD ST,nw-16th-blvd-nw-43rd-st,127,332,106,True,True,yes,osm,4.0,4.0,yes,3.0,yes,2.0,yes,2026-02,2026-03,high,yes,yes,4.0,45.0,3.0,3.0,,,,45.0
NW 62ND ST & W NEWBERRY RD,nw-62nd-st-w-newberry-rd,126,389,148,True,True,yes,osm,3.0,2.0,yes,1.0,yes,2.0,yes,2026-02,2026-02,high,yes,yes,4.0,35.0,2.0,3.0,6.0,35.0,51000.0,35.0
NW 8TH AVE & W NEWBERRY RD,nw-8th-ave-w-newberry-rd,126,325,113,True,True,yes,osm,4.0,4.0,yes,3.0,yes,0.0,no,2024-06,2026-03,high,yes,yes,5.0,45.0,2.0,4.0,5.0,45.0,53000.0,45.0
SW 34TH ST & SW WILLISTON RD,sw-34th-st-sw-williston-rd,125,358,117,True,True,yes,osm,4.0,4.0,yes,4.0,yes,4.0,yes,2025-04,2026-02,high,yes,yes,5.0,45.0,1.0,2.0,4.0,45.0,29500.0,45.0
NW 13TH ST & NW 16TH AVE,nw-13th-st-nw-16th-ave,125,442,174,True,True,yes,osm,4.0,4.0,yes,4.0,yes,1.0,yes,2026-03,2026-03,high,no,yes,5.0,40.0,2.0,3.0,4.0,35.0,29750.0,35.0
SW 2ND AVE & SW 34TH ST,sw-2nd-ave-sw-34th-st,122,431,190,True,True,yes,osm,4.0,4.0,yes,3.0,yes,4.0,yes,2026-02,2026-02,high,yes,yes,4.0,35.0,2.0,3.0,6.0,35.0,44500.0,35.0
SW 23RD TER & SW ARCHER RD,sw-23rd-ter-sw-archer-rd,114,303,112,True,True,yes,osm,3.0,3.0,yes,3.0,yes,3.0,yes,2026-02,2026-02,high,yes,yes,5.0,45.0,2.0,4.0,6.0,45.0,48500.0,45.0
SW 34TH ST & W UNIVERSITY AVE,sw-34th-st-w-university-ave,111,365,137,True,True,yes,osm,4.0,4.0,yes,4.0,yes,4.0,yes,2026-02,2026-03,high,yes,yes,4.0,35.0,2.0,2.0,5.0,35.0,27000.0,35.0
NW 34TH ST & NW 39TH AVE,nw-34th-st-nw-39th-ave,111,379,157,True,True,yes,osm,4.0,4.0,yes,4.0,yes,3.0,yes,2026-02,2026-03,high,yes,yes,4.0,45.0,2.0,3.0,4.0,45.0,34500.0,45.0
SW 13TH ST & SW 8TH AVE,sw-13th-st-sw-8th-ave,110,287,109,True,True,yes,osm,4.0,4.0,yes,4.0,yes,0.0,no,2024-06,2026-02,high,no,yes,5.0,30.0,2.0,5.0,4.0,30.0,34000.0,30.0
SW 20TH AVE & SW 34TH ST,sw-20th-ave-sw-34th-st,109,383,164,True,True,yes,osm,3.0,1.0,yes,3.0,yes,2.0,yes,2026-02,2026-02,high,yes,yes,4.0,45.0,2.0,3.0,6.0,45.0,42000.0,45.0
HULL RD & SW 34TH ST,hull-rd-sw-34th-st,108,255,80,True,True,yes,osm,4.0,3.0,yes,4.0,yes,4.0,yes,2024-06,2026-02,high,yes,yes,4.0,45.0,2.0,5.0,6.0,45.0,44500.0,45.0
NW 66TH ST & W NEWBERRY RD,nw-66th-st-w-newberry-rd,102,283,115,True,True,yes,osm,3.0,3.0,yes,3.0,yes,3.0,yes,2024-06,2026-01,high,yes,yes,5.0,35.0,2.0,5.0,6.0,35.0,49500.0,35.0
CLARK BUTLER BLVD & PLAZA BLVD,clark-butler-blvd-plaza-blvd,101,253,11,True,True,yes,osm,4.0,4.0,yes,4.0,yes,2.0,yes,2024-06,2026-02,high,yes,yes,2.0,30.0,3.0,4.0,,,,30.0
NW 16TH AVE & NW 34TH ST,nw-16th-ave-nw-34th-st,97,225,72,True,True,yes,osm,4.0,4.0,yes,4.0,yes,2.0,yes,2025-04,2026-03,high,yes,yes,3.0,40.0,3.0,3.0,2.0,35.0,18000.0,35.0
SW 20TH AVE & SW 43RD ST,sw-20th-ave-sw-43rd-st,96,306,38,True,True,yes,osm,3.0,3.0,yes,2.0,yes,1.0,yes,2026-02,2026-02,high,yes,yes,4.0,40.0,3.0,4.0,,,,40.0
NW 13TH ST & NW 53RD AVE,nw-13th-st-nw-53rd-ave,96,260,98,True,True,yes,osm,3.0,0.0,no,3.0,yes,2.0,yes,2026-02,2026-03,high,no,yes,3.0,,4.0,,4.0,45.0,28500.0,45.0
NW 60TH ST & W NEWBERRY RD,nw-60th-st-w-newberry-rd,94,287,117,True,True,yes,osm,4.0,3.0,yes,2.0,yes,2.0,yes,2024-06,2026-02,high,yes,yes,4.0,45.0,2.0,4.0,6.0,35.0,53000.0,35.0
NW 13TH ST & NW 6TH ST,nw-13th-st-nw-6th-st,92,200,43,True,True,no,gemini,4.0,0.0,no,0.0,no,4.0,yes,2026-02,2026-03,high,yes,,2.0,45.0,2.0,3.0,4.0,45.0,22000.0,45.0
SW 23RD DR & SW ARCHER RD,sw-23rd-dr-sw-archer-rd,89,204,63,True,True,yes,osm,4.0,4.0,yes,4.0,yes,3.0,yes,2025-04,2026-02,high,yes,yes,4.0,45.0,2.0,5.0,6.0,45.0,56000.0,45.0
NW 55TH ST & W NEWBERRY RD,nw-55th-st-w-newberry-rd,89,209,70,True,True,yes,osm,3.0,3.0,yes,2.0,yes,2.0,yes,2023-10,2026-02,high,yes,yes,4.0,45.0,2.0,4.0,6.0,45.0,53000.0,45.0
NE 39TH AVE & NE WALDO RD,ne-39th-ave-ne-waldo-rd,85,269,108,True,True,yes,osm,4.0,4.0,yes,4.0,yes,4.0,yes,2026-03,2026-03,high,yes,yes,4.0,45.0,1.0,2.0,4.0,45.0,22500.0,45.0
SW 24TH AVE & SW 34TH ST,sw-24th-ave-sw-34th-st,82,205,55,True,True,no,gemini,3.0,0.0,no,2.0,yes,2.0,yes,2026-02,2026-02,high,yes,,3.0,45.0,2.0,4.0,6.0,45.0,42000.0,45.0
CLARK BUTLER BLVD & WINDMEADOWS BLVD,clark-butler-blvd-windmeadows-blvd,79,178,53,True,True,yes,osm,4.0,4.0,yes,4.0,yes,3.0,yes,2026-01,2026-02,high,yes,yes,4.0,30.0,3.0,4.0,,,,30.0
NW 43RD ST & NW 53RD AVE,nw-43rd-st-nw-53rd-ave,77,192,68,True,True,yes,osm,4.0,3.0,yes,4.0,yes,2.0,yes,2026-03,2026-03,high,yes,yes,4.0,45.0,3.0,4.0,,,,45.0
SW 13TH ST & SW ARCHER RD,sw-13th-st-sw-archer-rd,77,212,73,True,True,yes,osm,4.0,4.0,yes,3.0,yes,3.0,yes,2026-02,2026-02,high,yes,yes,3.0,35.0,2.0,2.0,4.0,35.0,20500.0,35.0
N MAIN ST & W UNIVERSITY AVE,n-main-st-w-university-ave,75,233,93,True,True,yes,osm,4.0,4.0,yes,2.0,yes,0.0,no,2025-04,2026-03,high,no,yes,4.0,30.0,2.0,3.0,4.0,30.0,19400.0,30.0
N MAIN ST & NE 16TH AVE,n-main-st-ne-16th-ave,74,212,76,True,True,yes,osm,4.0,4.0,yes,4.0,yes,0.0,no,2026-03,2026-03,high,no,yes,5.0,,3.0,4.0,4.0,35.0,16300.0,35.0
SW 34TH ST & SW 35TH PL,sw-34th-st-sw-35th-pl,72,207,78,True,True,yes,osm,4.0,2.0,yes,4.0,yes,2.0,yes,2026-01,2026-01,high,yes,yes,4.0,45.0,2.0,4.0,6.0,45.0,31205.0,45.0
NE 8TH AVE & NE WALDO RD,ne-8th-ave-ne-waldo-rd,67,218,83,True,True,yes,osm,4.0,4.0,yes,4.0,yes,2.0,yes,2026-03,2026-03,high,yes,yes,5.0,45.0,1.0,4.0,4.0,45.0,28000.0,45.0
NE 16TH AVE & NE WALDO RD,ne-16th-ave-ne-waldo-rd,67,220,80,True,True,yes,osm,3.0,3.0,yes,2.0,yes,2.0,yes,2026-03,2026-03,high,yes,yes,4.0,45.0,1.0,4.0,4.0,45.0,27223.0,45.0
NW 43RD ST & NW 8TH AVE,nw-43rd-st-nw-8th-ave,66,163,53,True,True,yes,osm,4.0,4.0,yes,4.0,yes,0.0,no,2026-02,2026-03,high,no,yes,6.0,45.0,3.0,4.0,4.0,50.0,21000.0,50.0
NW 69TH TER & W NEWBERRY RD,nw-69th-ter-w-newberry-rd,64,302,155,True,True,yes,osm,3.0,3.0,yes,3.0,yes,0.0,no,2026-01,2026-01,high,yes,yes,4.0,35.0,2.0,6.0,6.0,35.0,49500.0,35.0
SW 20TH AVE & SW 38TH TER,sw-20th-ave-sw-38th-ter,63,179,48,True,True,yes,osm,4.0,3.0,yes,4.0,yes,0.0,no,2020-07,2026-02,high,no,yes,3.0,40.0,3.0,4.0,,,,40.0
NE 12TH AVE & NE WALDO RD,ne-12th-ave-ne-waldo-rd,61,198,82,True,True,yes,gemini,4.0,2.0,yes,2.0,yes,2.0,yes,2024-10,2026-03,high,yes,no,3.0,45.0,1.0,6.0,4.0,45.0,29000.0,45.0
NW 34TH BLVD & NW 53RD AVE,nw-34th-blvd-nw-53rd-ave,61,163,58,True,True,yes,osm,2.0,2.0,yes,2.0,yes,0.0,no,2026-03,2026-03,high,no,yes,4.0,40.0,3.0,3.0,2.0,40.0,16700.0,40.0
SW 16TH AVE & SW ARCHER RD,sw-16th-ave-sw-archer-rd,59,196,67,True,True,yes,osm,4.0,2.0,yes,1.0,yes,3.0,yes,2025-04,2026-02,high,yes,no,3.0,35.0,2.0,3.0,5.0,35.0,56000.0,35.0
NW 34TH ST & NW 8TH AVE,nw-34th-st-nw-8th-ave,59,204,74,True,True,yes,osm,4.0,4.0,yes,4.0,yes,0.0,no,2026-03,2026-03,high,no,yes,5.0,35.0,3.0,4.0,4.0,45.0,21000.0,45.0
NW 23RD AVE & NW 6TH ST,nw-23rd-ave-nw-6th-st,58,147,50,True,True,yes,osm,4.0,4.0,yes,4.0,yes,0.0,no,2026-03,2026-03,high,no,yes,5.0,40.0,3.0,3.0,4.0,35.0,15500.0,35.0
NW 13TH ST & NW 22ND ST,nw-13th-st-nw-22nd-st,57,157,53,True,True,yes,osm,2.0,0.0,no,2.0,yes,0.0,no,2026-03,2026-03,high,no,yes,4.0,40.0,3.0,,4.0,45.0,24000.0,45.0
N MAIN ST & NE 39TH AVE,n-main-st-ne-39th-ave,56,166,57,True,True,yes,osm,4.0,4.0,yes,4.0,yes,2.0,yes,2024-10,2026-03,high,yes,yes,4.0,45.0,2.0,3.0,4.0,45.0,23500.0,45.0
NW 16TH AVE & NW 6TH ST,nw-16th-ave-nw-6th-st,53,151,52,True,True,yes,osm,4.0,4.0,yes,4.0,yes,0.0,no,2026-03,2026-03,high,no,yes,5.0,35.0,3.0,4.0,4.0,35.0,16300.0,35.0
NW 6TH ST & W UNIVERSITY AVE,nw-6th-st-w-university-ave,53,166,63,True,True,yes,osm,4.0,1.0,yes,0.0,no,0.0,no,2024-06,2026-03,high,no,yes,5.0,30.0,2.0,4.0,4.0,30.0,21500.0,30.0
NW 39TH AVE & NW 6TH ST,nw-39th-ave-nw-6th-st,52,166,73,True,True,yes,osm,4.0,3.0,yes,4.0,yes,1.0,yes,2026-03,2026-03,high,yes,yes,6.0,45.0,2.0,3.0,4.0,45.0,23500.0,45.0
NW 13TH ST & NW 3RD AVE,nw-13th-st-nw-3rd-ave,48,130,42,True,True,yes,osm,4.0,4.0,yes,2.0,yes,2.0,yes,2024-06,2026-02,high,yes,yes,3.0,30.0,2.0,6.0,4.0,30.0,28500.0,30.0
S MAIN ST & SW 16TH AVE,s-main-st-sw-16th-ave,48,130,36,True,True,yes,osm,4.0,2.0,yes,4.0,yes,0.0,no,2018-06,2026-03,high,yes,yes,5.0,45.0,3.0,3.0,4.0,35.0,19200.0,35.0
SW 13TH ST & SW 2ND AVE,sw-13th-st-sw-2nd-ave,46,137,64,True,True,yes,osm,4.0,4.0,yes,3.0,yes,1.0,yes,2024-06,2026-02,high,yes,yes,5.0,30.0,2.0,4.0,4.0,30.0,33750.0,30.0
SW 6TH ST & SW DEPOT AVE,sw-6th-st-sw-depot-ave,46,83,9,True,True,no,gemini,4.0,4.0,yes,0.0,no,4.0,yes,2024-06,2026-02,high,yes,,4.0,25.0,4.0,4.0,,,,25.0
NW 6TH ST & NW 8TH AVE,nw-6th-st-nw-8th-ave,46,145,49,True,True,yes,osm,4.0,1.0,yes,4.0,yes,0.0,no,2026-03,2026-03,high,no,yes,5.0,30.0,3.0,3.0,3.0,30.0,16300.0,30.0
NW 17TH ST & W UNIVERSITY AVE,nw-17th-st-w-university-ave,45,166,68,True,True,yes,osm,4.0,4.0,yes,3.0,yes,0.0,no,2024-06,2026-02,high,yes,yes,3.0,25.0,2.0,5.0,4.0,30.0,28500.0,30.0
N MAIN ST & NW 8TH AVE,n-main-st-nw-8th-ave,45,113,44,True,True,yes,osm,4.0,4.0,yes,4.0,yes,0.0,no,2026-03,2026-03,high,yes,yes,5.0,30.0,3.0,3.0,3.5,37.5,16650.0,37.5
NW 43RD ST & W NEWBERRY RD,nw-43rd-st-w-newberry-rd,44,136,55,True,True,yes,osm,4.0,4.0,yes,4.0,yes,2.0,yes,2024-06,2026-02,high,yes,yes,5.0,45.0,2.0,3.0,4.0,45.0,36500.0,45.0
SW 25TH TER & SW WILLISTON RD,sw-25th-ter-sw-williston-rd,43,90,29,True,True,yes,osm,4.0,4.0,yes,2.0,yes,2.0,yes,2026-01,2026-02,high,yes,yes,3.0,45.0,1.0,4.0,4.0,45.0,26500.0,45.0
SW 23RD ST & SW ARCHER RD,sw-23rd-st-sw-archer-rd,43,99,27,True,True,no,gemini,4.0,0.0,no,1.0,yes,2.0,yes,2025-04,2026-02,high,yes,yes,3.0,35.0,2.0,6.0,6.0,35.0,56000.0,35.0
SW 16TH ST & SW ARCHER RD,sw-16th-st-sw-archer-rd,43,125,48,True,True,yes,osm,3.0,3.0,yes,3.0,yes,2.0,yes,2024-06,2026-02,high,yes,yes,3.0,35.0,2.0,4.0,4.0,35.0,29500.0,35.0
NW 13TH ST & NW 29TH RD,nw-13th-st-nw-29th-rd,43,128,49,True,True,yes,osm,3.0,3.0,yes,2.0,yes,2.0,yes,2026-03,2026-03,high,yes,yes,3.0,35.0,2.0,6.0,4.0,35.0,30750.0,35.0
SW 13TH ST & SW 5TH AVE,sw-13th-st-sw-5th-ave,42,145,58,True,True,yes,osm,4.0,4.0,yes,3.0,yes,0.0,no,2018-10,2026-02,high,yes,yes,3.0,30.0,2.0,5.0,4.0,30.0,34500.0,30.0
SW 23RD ST & SW WILLISTON RD,sw-23rd-st-sw-williston-rd,42,111,42,True,True,yes,osm,4.0,4.0,yes,3.0,yes,2.0,yes,2025-04,2026-02,high,yes,yes,3.0,45.0,1.0,4.0,4.0,45.0,28500.0,45.0
SW 16TH AVE & SW 6TH ST,sw-16th-ave-sw-6th-st,42,82,20,True,True,yes,osm,3.0,3.0,yes,2.0,yes,1.0,yes,2018-06,2026-02,high,yes,yes,4.0,35.0,3.0,4.0,4.0,35.0,19800.0,35.0
NE 23RD AVE & NE WALDO RD,ne-23rd-ave-ne-waldo-rd,40,128,46,True,True,yes,osm,3.0,2.0,yes,3.0,yes,2.0,yes,2026-03,2026-03,high,yes,yes,4.0,45.0,1.0,3.0,4.0,45.0,27223.0,45.0
NE 8TH AVE & NE 9TH ST,ne-8th-ave-ne-9th-st,39,109,24,False,False,,,,,,,,,,,,,,,,,,,4.0,35.0,18700.0,35.0
SW 20TH AVE & SW 61ST ST,sw-20th-ave-sw-61st-st,38,84,27,False,False,,,,,,,,,,,,,,,,,,,,,,
SE 16TH AVE & SE WILLISTON RD,se-16th-ave-se-williston-rd,38,101,32,True,True,yes,osm,4.0,2.0,yes,3.0,yes,2.0,yes,2025-04,2026-02,high,yes,yes,3.0,45.0,1.0,3.0,4.0,45.0,23500.0,45.0
NW 13TH ST & NW 5TH AVE,nw-13th-st-nw-5th-ave,38,95,36,True,True,yes,osm,4.0,4.0,yes,2.0,yes,1.0,yes,2026-02,2026-03,high,yes,yes,5.0,30.0,2.0,6.0,4.0,30.0,28500.0,30.0
SW 16TH AVE & SW 16TH ST,sw-16th-ave-sw-16th-st,37,81,17,True,True,yes,osm,4.0,4.0,yes,3.0,yes,2.0,yes,2023-09,2026-02,high,yes,yes,4.0,35.0,3.0,4.0,4.0,35.0,21500.0,35.0
SW 30TH PL & SW 42ND ST,sw-30th-pl-sw-42nd-st,36,59,7,True,True,no,gemini,4.0,4.0,yes,2.0,yes,0.0,no,2024-06,2026-02,high,yes,yes,3.0,25.0,4.0,5.0,,,,25.0
E UNIVERSITY AVE & NE 9TH ST,e-university-ave-ne-9th-st,34,87,32,True,True,yes,osm,4.0,4.0,yes,1.0,yes,0.0,no,2026-03,2026-03,high,no,yes,5.0,35.0,2.0,4.0,4.0,37.5,21000.0,37.5
RADIO RD & SW 34TH ST,radio-rd-sw-34th-st,34,85,31,True,True,yes,osm,3.0,2.0,yes,2.0,yes,2.0,yes,2026-02,2026-02,high,yes,yes,4.0,45.0,2.0,5.0,6.0,45.0,45000.0,45.0
SW 13TH ST & SW 9TH AVE,sw-13th-st-sw-9th-ave,34,107,45,True,True,yes,osm,4.0,3.0,yes,2.0,yes,1.0,yes,2024-06,2026-02,high,yes,yes,5.0,35.0,2.0,6.0,4.0,35.0,33500.0,35.0
N BOUND & SW WILLISTON RD,n-bound-sw-williston-rd,33,59,19,False,False,,,,,,,,,,,,,,,,,,,4.0,45.0,29500.0,45.0
1-75 N & SW ARCHER RD,1-75-n-sw-archer-rd,33,80,32,False,False,,,,,,,,,,,,,,,,,,,5.0,45.0,30500.0,45.0
NW 57TH ST & W NEWBERRY RD,nw-57th-st-w-newberry-rd,33,120,52,True,True,yes,osm,4.0,3.0,yes,3.0,yes,3.0,yes,2026-01,2026-02,high,yes,yes,4.0,45.0,2.0,5.0,6.0,45.0,53000.0,45.0
GALE LEMERAND DR & SW ARCHER RD,gale-lemerand-dr-sw-archer-rd,32,109,49,True,True,yes,osm,4.0,4.0,yes,4.0,yes,2.0,yes,2023-09,2026-02,high,yes,yes,4.0,35.0,2.0,5.0,4.0,35.0,36500.0,35.0
N MAIN ST & NE 23RD AVE,n-main-st-ne-23rd-ave,32,109,40,True,True,yes,osm,4.0,4.0,yes,4.0,yes,0.0,no,2026-03,2026-03,high,no,yes,5.0,40.0,3.0,3.0,4.0,40.0,13500.0,40.0
NEWELL DR & SW ARCHER RD,newell-dr-sw-archer-rd,32,82,29,True,True,yes,osm,3.0,3.0,yes,3.0,yes,1.0,yes,2023-09,2026-02,high,yes,yes,4.0,35.0,2.0,5.0,4.0,35.0,25250.0,35.0
SE 24TH ST & SE HAWTHORNE RD,se-24th-st-se-hawthorne-rd,31,61,17,True,True,yes,osm,4.0,4.0,yes,4.0,yes,2.0,yes,2026-03,2026-03,high,yes,,2.0,45.0,1.0,4.0,4.0,45.0,16600.0,45.0
NW 48TH BLVD & W NEWBERRY RD,nw-48th-blvd-w-newberry-rd,31,91,41,True,True,yes,osm,3.0,2.0,yes,2.0,yes,2.0,yes,2015-03,2025-04,high,yes,yes,3.0,45.0,2.0,6.0,4.0,45.0,28500.0,45.0
SW 43RD ST & SW ARCHER RD,sw-43rd-st-sw-archer-rd,31,36,51,True,True,yes,osm,4.0,3.0,yes,4.0,yes,2.0,yes,2018-06,2026-02,high,yes,yes,4.0,45.0,2.0,4.0,4.5,45.0,32000.0,45.0
NW 22ND ST & NW 8TH AVE,nw-22nd-st-nw-8th-ave,31,88,37,True,True,yes,osm,4.0,4.0,yes,4.0,yes,0.0,no,2026-02,2026-03,high,no,,2.0,,4.0,4.0,4.0,50.0,24000.0,50.0
NW 25TH PL & NW 43RD ST,nw-25th-pl-nw-43rd-st,30,82,16,True,True,no,gemini,3.0,0.0,no,1.0,yes,2.0,yes,2026-02,2026-03,high,no,,4.0,45.0,3.0,5.0,,,,45.0
SE 11TH ST & SE 4TH AVE,se-11th-st-se-4th-ave,30,109,38,True,True,yes,osm,4.0,4.0,yes,2.0,yes,2.0,yes,2025-04,2026-03,high,yes,yes,3.0,35.0,1.0,4.0,4.0,35.0,23500.0,35.0
SW 40TH BLVD & SW 42ND ST,sw-40th-blvd-sw-42nd-st,30,76,25,True,True,yes,osm,4.0,3.0,yes,2.0,yes,0.0,no,2026-01,2026-01,high,no,,2.0,25.0,4.0,4.0,,,,25.0
SW 34TH ST & SW 39TH BLVD,sw-34th-st-sw-39th-blvd,30,103,48,True,True,yes,osm,3.0,1.0,yes,3.0,yes,2.0,yes,2026-01,2026-02,high,yes,yes,4.0,45.0,2.0,4.0,6.0,45.0,31205.0,45.0
SE 4TH ST & SE WILLISTON RD,se-4th-st-se-williston-rd,30,88,32,True,True,yes,osm,4.0,0.0,no,2.0,yes,2.0,yes,2025-04,2026-04,high,yes,,2.0,45.0,1.0,4.0,4.0,45.0,24500.0,45.0
NW 12TH ST & W UNIVERSITY AVE,nw-12th-st-w-university-ave,30,121,53,True,True,yes,osm,4.0,4.0,yes,2.0,yes,0.0,no,2024-06,2026-02,high,no,yes,5.0,30.0,2.0,6.0,4.0,30.0,24500.0,30.0
NE 15TH ST & NE 16TH AVE,ne-15th-st-ne-16th-ave,29,74,24,True,True,no,gemini,4.0,3.0,yes,0.0,no,0.0,no,2026-03,2026-03,high,no,,2.0,,4.0,4.0,,,,
SW 30TH AVE & SW 42ND ST,sw-30th-ave-sw-42nd-st,29,54,6,True,True,no,gemini,4.0,4.0,yes,0.0,no,4.0,yes,2026-01,2026-02,high,yes,,2.0,25.0,4.0,4.0,,,,25.0
GALE LEMERAND DR & W UNIVERSITY AVE,gale-lemerand-dr-w-university-ave,29,115,52,True,True,yes,osm,4.0,4.0,yes,2.0,yes,0.0,no,2024-06,2026-03,high,yes,yes,5.0,25.0,2.0,5.0,4.0,30.0,28500.0,30.0
SW 35TH BLVD & WINDMEADOWS BLVD,sw-35th-blvd-windmeadows-blvd,29,49,6,True,True,no,gemini,3.0,2.0,yes,1.0,yes,2.0,yes,2024-06,2024-06,high,yes,yes,3.0,25.0,4.0,4.0,,,,25.0
SW 11TH ST & SW DEPOT AVE,sw-11th-st-sw-depot-ave,27,41,8,True,True,no,gemini,4.0,4.0,yes,0.0,no,4.0,yes,2024-06,2026-02,high,yes,,2.0,25.0,4.0,4.0,,,,25.0
E UNIVERSITY AVE & NE 13TH ST,e-university-ave-ne-13th-st,27,84,28,True,True,no,gemini,4.0,0.0,no,2.0,yes,2.0,yes,2026-03,2026-03,high,yes,yes,4.0,35.0,1.0,6.0,6.0,35.0,25000.0,35.0
SW 27TH ST & SW 35TH PL,sw-27th-st-sw-35th-pl,27,82,32,True,True,no,gemini,4.0,0.0,no,0.0,no,0.0,no,2022-05,2026-02,high,no,,2.0,30.0,4.0,4.0,,,,30.0
NW 13TH ST & NW 23RD ST,nw-13th-st-nw-23rd-st,27,74,24,True,True,yes,osm,3.0,0.0,no,3.0,yes,2.0,yes,2021-03,2026-02,high,yes,,2.0,,4.0,,4.0,45.0,22000.0,45.0
CLARK BUTLER BLVD & SW 30TH PL,clark-butler-blvd-sw-30th-pl,27,55,2,True,True,no,gemini,4.0,1.0,yes,2.0,yes,2.0,yes,2026-01,2026-02,high,yes,,2.0,30.0,3.0,5.0,,,,30.0
NW 16TH BLVD & NW 41ST ST,nw-16th-blvd-nw-41st-st,27,73,25,True,True,yes,osm,3.0,2.0,yes,3.0,yes,3.0,yes,2026-02,2026-02,high,yes,yes,3.0,,3.0,5.0,,,,
NW 10TH ST & W UNIVERSITY AVE,nw-10th-st-w-university-ave,26,104,39,True,True,yes,osm,4.0,4.0,yes,2.0,yes,0.0,no,2026-02,2026-02,high,no,yes,5.0,30.0,2.0,6.0,4.0,30.0,24500.0,30.0
S MAIN ST & SW WILLISTON RD,s-main-st-sw-williston-rd,26,78,30,True,True,no,gemini,3.0,1.0,yes,2.0,yes,3.0,yes,2015-02,2026-02,high,yes,,2.0,45.0,1.0,3.0,4.0,45.0,24500.0,45.0
NW 4TH PL & NW 62ND ST,nw-4th-pl-nw-62nd-st,26,92,37,True,True,no,gemini,3.0,0.0,no,0.0,no,0.0,no,2024-06,2026-02,high,no,,4.0,,3.0,4.0,,,,
CENTER DR & SW ARCHER RD,center-dr-sw-archer-rd,26,73,33,True,True,yes,osm,3.0,3.0,yes,2.0,yes,1.0,yes,2024-06,2026-02,high,yes,yes,4.0,25.0,2.0,5.0,4.0,35.0,31500.0,35.0
NW 16TH AVE & NW 22ND ST,nw-16th-ave-nw-22nd-st,26,54,15,True,True,yes,osm,4.0,4.0,yes,3.0,yes,3.0,yes,2023-08,2026-03,high,yes,,2.0,40.0,3.0,4.0,,,,40.0
NE 53RD AVE & NE WALDO RD,ne-53rd-ave-ne-waldo-rd,26,78,37,True,True,yes,osm,3.0,0.0,no,3.0,yes,3.0,yes,2026-03,2026-03,high,yes,no,3.0,45.0,1.0,4.0,4.0,45.0,17100.0,45.0
NE 16TH AVE & NE 9TH ST,ne-16th-ave-ne-9th-st,26,65,20,True,True,yes,osm,4.0,4.0,yes,4.0,yes,0.0,no,2026-03,2026-03,high,no,yes,3.0,,4.0,4.0,,,,
E UNIVERSITY AVE & NE 14TH ST,e-university-ave-ne-14th-st,25,86,28,True,True,yes,osm,4.0,4.0,yes,1.0,yes,2.0,yes,2025-03,2026-03,high,yes,no,4.0,35.0,1.0,1.0,6.0,35.0,24000.0,35.0
SW 38TH ST & W NEWBERRY RD,sw-38th-st-w-newberry-rd,25,103,53,True,True,yes,osm,4.0,4.0,yes,2.0,yes,2.0,yes,2026-02,2026-03,high,yes,yes,3.0,35.0,2.0,2.0,4.0,35.0,35000.0,35.0
E UNIVERSITY AVE & NE 10TH ST,e-university-ave-ne-10th-st,25,41,5,True,True,no,gemini,4.0,1.0,yes,1.0,yes,0.0,no,2026-03,2026-03,high,yes,yes,5.0,35.0,2.0,6.0,4.0,35.0,20400.0,35.0
NW 16TH AVE & NW 2ND ST,nw-16th-ave-nw-2nd-st,25,65,24,True,True,yes,osm,4.0,4.0,yes,2.0,yes,0.0,no,2019-07,2026-03,high,no,yes,3.0,,4.0,6.0,,,,
NW 23RD ST & NW 34TH BLVD,nw-23rd-st-nw-34th-blvd,25,42,7,True,True,yes,osm,3.0,3.0,yes,3.0,yes,1.0,yes,2026-02,2026-03,high,yes,yes,4.0,40.0,3.0,4.0,2.0,40.0,10250.0,40.0
NE 15TH ST & NE 39TH AVE,ne-15th-st-ne-39th-ave,24,91,29,True,True,yes,osm,4.0,4.0,yes,4.0,yes,2.0,yes,2026-03,2026-03,high,yes,yes,3.0,45.0,2.0,4.0,4.0,45.0,18400.0,45.0
NW 23RD AVE & NW 51ST ST,nw-23rd-ave-nw-51st-st,24,63,20,True,True,yes,osm,3.0,1.0,yes,2.0,yes,0.0,no,2025-04,2026-01,high,no,yes,5.0,45.0,3.0,4.0,,,,45.0
NE 3RD AVE & NE WALDO RD,ne-3rd-ave-ne-waldo-rd,24,70,18,True,True,no,gemini,4.0,0.0,no,1.0,yes,0.0,no,2024-06,2026-03,high,yes,yes,5.0,45.0,1.0,6.0,4.0,45.0,27500.0,45.0
NW 39TH RD & W NEWBERRY RD,nw-39th-rd-w-newberry-rd,24,76,32,True,True,yes,osm,3.0,2.0,yes,2.0,yes,2.0,yes,2026-02,2026-03,high,yes,yes,3.0,35.0,2.0,6.0,4.0,35.0,36500.0,35.0
E UNIVERSITY AVE & NE 15TH ST,e-university-ave-ne-15th-st,24,74,29,True,True,yes,osm,4.0,4.0,yes,4.0,yes,2.0,yes,2024-10,2026-03,high,yes,,3.0,35.0,2.0,4.0,5.0,45.0,17800.0,45.0
NW 13TH ST & NW 22ND AVE,nw-13th-st-nw-22nd-ave,23,49,15,True,True,no,gemini,3.0,0.0,no,2.0,yes,0.0,no,2026-03,2026-03,high,no,yes,5.0,35.0,2.0,6.0,4.0,35.0,31000.0,35.0
NW 70TH ST & W NEWBERRY RD,nw-70th-st-w-newberry-rd,23,68,28,False,False,,,,,,,,,,,,,,,,,,,6.0,35.0,49500.0,35.0
SW 23RD ST & W UNIVERSITY AVE,sw-23rd-st-w-university-ave,23,97,47,True,True,no,gemini,4.0,1.0,yes,0.0,no,0.0,no,2026-02,2026-03,high,no,,3.0,35.0,2.0,6.0,3.0,35.0,24500.0,35.0
NW 29TH TER & NW 39TH AVE,nw-29th-ter-nw-39th-ave,23,66,29,True,True,yes,osm,3.0,3.0,yes,2.0,yes,1.0,yes,2026-02,2026-03,high,yes,yes,5.0,45.0,2.0,6.0,4.0,45.0,28000.0,45.0
NW 19TH ST & NW 39TH AVE,nw-19th-st-nw-39th-ave,23,61,24,True,True,yes,osm,4.0,4.0,yes,2.0,yes,0.0,no,2026-03,2026-03,high,no,yes,5.0,45.0,2.0,6.0,4.0,45.0,27500.0,45.0
N MAIN ST & NE 53RD AVE,n-main-st-ne-53rd-ave,22,50,10,True,True,yes,osm,3.0,0.0,no,2.0,yes,0.0,no,2023-08,2026-03,high,no,,2.0,,4.0,4.0,4.0,45.0,28500.0,45.0
SW 20TH AVE & SW 42ND ST,sw-20th-ave-sw-42nd-st,22,52,15,True,True,no,gemini,3.0,1.0,yes,1.0,yes,0.0,no,2026-02,2026-02,high,no,,2.0,40.0,3.0,6.0,,,,40.0
SW 2ND AVE & W UNIVERSITY AVE,sw-2nd-ave-w-university-ave,22,95,52,True,True,yes,osm,4.0,4.0,yes,2.0,yes,3.0,yes,2026-02,2026-03,high,yes,yes,3.0,35.0,2.0,3.0,3.0,35.0,23000.0,35.0
SW 17TH RD & SW 24TH AVE,sw-17th-rd-sw-24th-ave,22,32,4,True,True,yes,gemini,4.0,3.0,yes,3.0,yes,2.0,yes,2026-01,2026-01,high,yes,yes,4.0,45.0,3.0,6.0,,,,45.0
E UNIVERSITY AVE & NE 1ST ST,e-university-ave-ne-1st-st,22,63,26,True,True,yes,osm,4.0,4.0,yes,1.0,yes,0.0,no,2026-02,2026-03,high,yes,yes,5.0,30.0,2.0,6.0,4.0,30.0,19100.0,30.0
SW 2ND AVE & SW 6TH ST,sw-2nd-ave-sw-6th-st,22,73,31,True,True,no,gemini,4.0,4.0,yes,0.0,no,3.0,yes,2024-06,2026-03,high,yes,,2.0,,4.0,4.0,,,,
NW 16TH AVE & NW 16TH TER,nw-16th-ave-nw-16th-ter,22,51,12,True,True,yes,osm,4.0,4.0,yes,3.0,yes,2.0,yes,2024-06,2026-03,high,yes,yes,3.0,40.0,3.0,4.0,,,,40.0
SW 19TH AVE & SW 34TH ST,sw-19th-ave-sw-34th-st,22,53,18,True,True,no,gemini,3.0,0.0,no,1.0,yes,2.0,yes,2026-02,2026-02,high,yes,yes,4.0,45.0,2.0,6.0,6.0,45.0,43500.0,45.0
NW 13TH ST & NW 19TH LN,nw-13th-st-nw-19th-ln,21,74,29,True,True,yes,osm,4.0,2.0,yes,3.0,yes,0.0,no,2023-08,2026-03,high,no,yes,5.0,35.0,2.0,6.0,4.0,35.0,32000.0,35.0
NW 13TH ST & NW 7TH AVE,nw-13th-st-nw-7th-ave,21,90,41,True,True,yes,osm,4.0,4.0,yes,2.0,yes,0.0,no,2025-04,2026-03,high,yes,yes,5.0,30.0,2.0,6.0,4.0,30.0,29500.0,30.0
NW 43RD ST & NW 51ST AVE,nw-43rd-st-nw-51st-ave,21,31,4,False,False,,,,,,,,,,,,,,,,,,,,,,
SW 13TH ST & SW 4TH AVE,sw-13th-st-sw-4th-ave,20,80,41,True,True,yes,osm,3.0,3.0,yes,1.0,yes,1.0,yes,2026-02,2026-02,high,yes,yes,5.0,30.0,2.0,4.0,4.0,30.0,34000.0,30.0
NW 22ND ST & W UNIVERSITY AVE,nw-22nd-st-w-university-ave,20,105,51,True,True,yes,osm,3.0,2.0,yes,0.0,no,1.0,yes,2026-02,2026-03,high,yes,yes,3.0,35.0,2.0,4.0,3.0,35.0,23500.0,35.0
NW 16TH ST & W UNIVERSITY AVE,nw-16th-st-w-university-ave,19,70,34,True,True,no,gemini,3.0,1.0,yes,1.0,yes,1.0,yes,2026-02,2026-02,low,yes,yes,3.0,25.0,2.0,6.0,4.0,30.0,28500.0,30.0
SW 23RD ST & SW 35TH PL,sw-23rd-st-sw-35th-pl,19,69,31,False,False,,,,,,,,,,,,,,,,,,,,,,
SW 24TH AVE & SW 38TH TER,sw-24th-ave-sw-38th-ter,19,42,12,False,False,,,,,,,,,,,,,,,,,,,,,,
NW 24TH BLVD & NW 39TH AVE,nw-24th-blvd-nw-39th-ave,19,55,25,True,True,yes,osm,3.0,3.0,yes,3.0,yes,1.0,yes,2018-10,2026-03,low,yes,yes,5.0,45.0,2.0,4.0,4.0,45.0,27000.0,45.0
SE 11TH ST & SE 2ND AVE,se-11th-st-se-2nd-ave,19,42,15,True,True,yes,osm,4.0,4.0,yes,3.0,yes,3.0,yes,2025-04,2026-03,low,yes,yes,3.0,35.0,1.0,4.0,4.0,35.0,34000.0,35.0
S MAIN ST & SW DEPOT AVE,s-main-st-sw-depot-ave,19,47,13,False,False,,,,,,,,,,,,,,,,,,,,,,
NW 3RD AVE & NW 6TH ST,nw-3rd-ave-nw-6th-st,18,58,22,True,True,no,gemini,4.0,2.0,yes,0.0,no,0.0,no,2026-02,2026-03,low,no,,2.0,,4.0,6.0,2.0,30.0,15200.0,30.0
NE 7TH ST & NE 8TH AVE,ne-7th-st-ne-8th-ave,18,48,22,True,True,yes,gemini,4.0,4.0,yes,2.0,yes,0.0,no,2024-06,2026-03,low,no,yes,3.0,,4.0,6.0,,,,
NW 1ST PL & NW 62ND ST,nw-1st-pl-nw-62nd-st,18,65,30,True,True,yes,osm,3.0,3.0,yes,3.0,yes,0.0,no,2026-01,2026-02,low,no,yes,4.0,,3.0,5.0,,,,
NE 2ND ST & NE 39TH AVE,ne-2nd-st-ne-39th-ave,18,49,19,True,True,yes,osm,4.0,4.0,yes,3.0,yes,2.0,yes,2023-03,2026-03,low,yes,yes,3.0,45.0,2.0,6.0,4.0,45.0,25500.0,45.0
SW 4TH PL & SW 62ND BLVD,sw-4th-pl-sw-62nd-blvd,17,38,5,False,False,,,,,,,,,,,,,,,,,,,,,,
NW 15TH ST & W UNIVERSITY AVE,nw-15th-st-w-university-ave,17,85,42,True,True,yes,osm,3.0,3.0,yes,1.0,yes,2.0,yes,2026-02,2026-03,low,yes,yes,3.0,25.0,2.0,6.0,4.0,30.0,28500.0,30.0
NW 21ST TER & NW 8TH AVE,nw-21st-ter-nw-8th-ave,17,33,6,True,True,no,gemini,3.0,1.0,yes,1.0,yes,0.0,no,2026-02,2026-03,low,no,yes,3.0,,4.0,6.0,,,,
SHEALY DR & SW 16TH AVE,shealy-dr-sw-16th-ave,17,57,30,True,True,yes,osm,4.0,4.0,yes,4.0,yes,2.0,yes,2023-09,2026-02,low,yes,yes,3.0,35.0,3.0,5.0,5.0,35.0,21500.0,35.0
NW 34TH ST & NW 5TH AVE,nw-34th-st-nw-5th-ave,17,37,10,True,True,no,gemini,4.0,0.0,no,0.0,no,0.0,no,2011-03,2026-03,low,no,,3.0,35.0,3.0,6.0,2.0,35.0,20100.0,35.0
N MAIN ST & NW 10TH AVE,n-main-st-nw-10th-ave,17,69,22,True,True,yes,osm,4.0,2.0,yes,3.0,yes,0.0,no,2026-03,2026-03,low,no,yes,3.0,,3.0,6.0,4.0,30.0,17300.0,30.0
SE 11TH AVE & SE 11TH ST,se-11th-ave-se-11th-st,16,54,24,True,True,no,gemini,4.0,4.0,yes,2.0,yes,2.0,yes,2025-04,2026-03,low,yes,,2.0,35.0,1.0,6.0,4.0,35.0,24500.0,35.0
SE 11TH ST & SE 7TH AVE,se-11th-st-se-7th-ave,16,43,13,True,True,yes,osm,4.0,4.0,yes,2.0,yes,2.0,yes,2024-06,2026-03,low,yes,,2.0,35.0,1.0,4.0,4.0,35.0,24250.0,35.0
NW 15TH AVE & NW 34TH ST,nw-15th-ave-nw-34th-st,16,41,14,True,True,no,gemini,3.0,2.0,yes,1.0,yes,0.0,no,2026-02,2026-02,low,no,yes,3.0,35.0,3.0,6.0,2.0,35.0,18000.0,35.0
NW 4TH ST & NW 8TH AVE,nw-4th-st-nw-8th-ave,16,33,8,True,True,no,gemini,4.0,1.0,yes,2.0,yes,1.0,yes,2026-02,2026-03,low,yes,,5.0,30.0,3.0,6.0,4.0,45.0,16150.0,45.0
SW 34TH ST & SW 42ND AVE,sw-34th-st-sw-42nd-ave,16,35,12,True,True,yes,osm,4.0,4.0,yes,4.0,yes,2.0,yes,2024-06,2026-02,low,yes,,3.0,45.0,2.0,5.0,6.0,45.0,30400.0,45.0
NE 15TH ST & NE 53RD AVE,ne-15th-st-ne-53rd-ave,15,39,9,True,True,no,gemini,3.0,0.0,no,1.0,yes,0.0,no,2026-03,2026-03,low,no,,2.0,,4.0,4.0,,,,
S MAIN ST & SW 4TH AVE,s-main-st-sw-4th-ave,15,57,36,True,True,yes,osm,4.0,3.0,yes,2.0,yes,0.0,no,2026-02,2026-04,low,no,yes,3.0,35.0,3.0,4.0,4.0,45.0,13300.0,45.0
NW 29TH ST & NW 34TH BLVD,nw-29th-st-nw-34th-blvd,15,36,12,False,False,,,,,,,,,,,,,,,,,,,2.0,40.0,16800.0,40.0
SE 15TH ST & SE 8TH AVE,se-15th-st-se-8th-ave,15,30,8,True,True,no,gemini,3.0,0.0,no,0.0,no,0.0,no,2024-06,2026-03,low,no,,2.0,,4.0,4.0,,,,
NW 37TH PL & NW 43RD ST,nw-37th-pl-nw-43rd-st,15,44,10,True,True,no,gemini,3.0,0.0,no,1.0,yes,0.0,no,2026-02,2026-03,low,no,yes,6.0,45.0,3.0,5.0,,,,45.0
NW 36TH ST & NW 8TH AVE,nw-36th-st-nw-8th-ave,15,31,0,True,True,no,gemini,3.0,0.0,no,0.0,no,0.0,no,2026-02,2026-03,low,no,,4.0,,4.0,6.0,,,,
SW 13TH ST & SW 21ST AVE,sw-13th-st-sw-21st-ave,15,44,14,True,True,no,gemini,4.0,0.0,no,2.0,yes,2.0,yes,2024-06,2026-02,low,yes,yes,3.0,45.0,2.0,6.0,4.0,45.0,22000.0,45.0
NW 12TH ST & NW 23RD AVE,nw-12th-st-nw-23rd-ave,15,37,12,True,True,no,gemini,4.0,2.0,yes,0.0,no,0.0,no,2026-03,2026-03,low,no,,4.0,35.0,3.0,6.0,4.0,35.0,15000.0,35.0
NW 64TH TER & W NEWBERRY RD,nw-64th-ter-w-newberry-rd,14,41,7,False,False,,,,,,,,,,,,,,,,,,,6.0,35.0,50500.0,35.0
NW 13TH ST & NW 21ST AVE,nw-13th-st-nw-21st-ave,14,48,16,True,True,no,gemini,4.0,0.0,no,0.0,no,0.0,no,2026-03,2026-03,low,no,,5.0,35.0,2.0,6.0,4.0,35.0,31500.0,35.0
NW 22ND DR & NW 39TH AVE,nw-22nd-dr-nw-39th-ave,14,38,14,True,True,no,gemini,4.0,0.0,no,3.0,yes,1.0,yes,2023-08,2026-03,low,yes,yes,5.0,45.0,2.0,5.0,4.0,45.0,27000.0,45.0
SW 29TH DR & SW WILLISTON RD,sw-29th-dr-sw-williston-rd,14,42,16,True,True,no,gemini,4.0,1.0,yes,3.0,yes,2.0,yes,2015-04,2026-01,low,yes,yes,3.0,45.0,1.0,6.0,4.0,45.0,29500.0,45.0
SW 11TH AVE & SW 13TH ST,sw-11th-ave-sw-13th-st,14,47,18,True,True,no,gemini,3.0,1.0,yes,2.0,yes,1.0,yes,2024-06,2026-02,low,yes,yes,4.0,35.0,2.0,6.0,4.0,35.0,20500.0,35.0
NW 10TH AVE & NW 13TH ST,nw-10th-ave-nw-13th-st,14,42,17,True,True,yes,osm,4.0,4.0,yes,4.0,yes,0.0,no,2026-03,2026-03,low,no,yes,5.0,35.0,2.0,6.0,4.0,35.0,29750.0,35.0
NW 31ST BLVD & NW 34TH ST,nw-31st-blvd-nw-34th-st,14,62,25,True,True,yes,osm,4.0,4.0,yes,3.0,yes,0.0,no,2026-02,2026-03,low,no,yes,3.0,40.0,3.0,4.0,2.0,40.0,14500.0,40.0
CLARK BUTLER BLVD & SW 42ND ST,clark-butler-blvd-sw-42nd-st,14,32,3,True,True,no,gemini,4.0,1.0,yes,2.0,yes,4.0,yes,2024-06,2026-02,low,yes,no,3.0,25.0,3.0,4.0,,,,25.0
NW 34TH BLVD & NW 55TH BLVD,nw-34th-blvd-nw-55th-blvd,14,45,14,True,True,no,gemini,3.0,0.0,no,0.0,no,0.0,no,2026-02,2026-03,low,no,,2.0,40.0,3.0,5.0,2.0,40.0,10500.0,40.0
SW 34TH ST & SW 47TH AVE,sw-34th-st-sw-47th-ave,14,44,12,True,True,yes,osm,4.0,2.0,yes,3.0,yes,2.0,yes,2023-09,2026-02,low,yes,yes,4.0,45.0,2.0,6.0,6.0,45.0,20250.0,45.0
NW 13TH ST & NW 45TH AVE,nw-13th-st-nw-45th-ave,14,39,14,True,True,no,gemini,4.0,0.0,no,3.0,yes,2.0,yes,2023-08,2026-03,low,yes,yes,3.0,45.0,2.0,4.0,4.0,45.0,18000.0,45.0
NW 10TH AVE & NW 6TH ST,nw-10th-ave-nw-6th-st,14,45,17,True,True,yes,osm,4.0,4.0,yes,4.0,yes,0.0,no,2026-03,2026-03,low,no,yes,5.0,30.0,3.0,6.0,4.0,30.0,16900.0,30.0
NE 15TH ST & NE 23RD AVE,ne-15th-st-ne-23rd-ave,14,53,17,True,True,yes,osm,4.0,4.0,yes,4.0,yes,0.0,no,2026-03,2026-03,low,no,yes,5.0,40.0,3.0,4.0,4.0,40.0,11400.0,40.0
NW 72ND ST & W NEWBERRY RD,nw-72nd-st-w-newberry-rd,13,43,41,False,False,,,,,,,,,,,,,,,,,,,6.0,35.0,49500.0,35.0
NW 22ND ST & NW 67TH PL,nw-22nd-st-nw-67th-pl,13,27,6,False,False,,,,,,,,,,,,,,,,,,,2.0,45.0,15300.0,45.0
SW 32ND TER & SW 35TH PL,sw-32nd-ter-sw-35th-pl,13,47,21,True,True,no,gemini,3.0,0.0,no,0.0,no,0.0,no,2026-01,2026-02,low,no,,2.0,30.0,4.0,5.0,,,,30.0
NW 10TH ST & NW 8TH AVE,nw-10th-st-nw-8th-ave,13,27,4,True,True,yes,osm,4.0,4.0,yes,2.0,yes,0.0,no,2026-02,2026-03,low,no,yes,3.0,,4.0,6.0,,,,
SW 20TH AVE & SW 40TH TER,sw-20th-ave-sw-40th-ter,13,90,49,False,False,,,,,,,,,,,,,,,,,,,,,,
SW 13TH ST & SW 14TH DR,sw-13th-st-sw-14th-dr,13,45,14,True,True,yes,osm,3.0,3.0,yes,3.0,yes,2.0,yes,2026-02,2026-02,low,yes,,2.0,45.0,2.0,6.0,4.0,45.0,17300.0,45.0
E UNIVERSITY AVE & NE 25TH ST,e-university-ave-ne-25th-st,13,40,15,True,True,yes,osm,3.0,1.0,yes,1.0,yes,2.0,yes,2007-12,2026-03,low,yes,,2.0,45.0,2.0,4.0,4.0,45.0,10950.0,45.0
ACCESS RD & SR 26,access-rd-sr-26,13,65,9,True,True,no,gemini,2.0,0.0,no,1.0,yes,2.0,yes,2026-01,2026-02,low,yes,no,4.0,35.0,2.0,,6.0,35.0,50500.0,35.0
NW 8TH ST & W UNIVERSITY AVE,nw-8th-st-w-university-ave,13,47,16,True,True,yes,osm,4.0,3.0,yes,3.0,yes,0.0,no,2018-10,2026-03,low,no,yes,5.0,30.0,2.0,6.0,4.0,30.0,22000.0,30.0
SW 34TH ST & SW 41ST PL,sw-34th-st-sw-41st-pl,13,44,17,True,True,no,gemini,3.0,1.0,yes,1.0,yes,2.0,yes,2026-01,2026-01,low,yes,yes,4.0,45.0,2.0,6.0,6.0,45.0,31205.0,45.0
NW 14TH ST & W UNIVERSITY AVE,nw-14th-st-w-university-ave,13,47,20,True,True,no,gemini,3.0,2.0,yes,0.0,no,2.0,yes,2026-02,2026-03,low,yes,yes,4.0,25.0,2.0,6.0,4.0,30.0,28500.0,30.0
SW 20TH AVE & SW 39TH WAY,sw-20th-ave-sw-39th-way,13,46,21,False,False,,,,,,,,,,,,,,,,,,,,,,
SE 1ST ST & SE 2ND AVE,se-1st-st-se-2nd-ave,13,21,5,True,True,no,gemini,4.0,0.0,no,0.0,no,0.0,no,2024-06,2026-02,low,yes,,1.0,,4.0,6.0,4.0,45.0,12000.0,45.0
NW 16TH AVE & NW 43RD ST,nw-16th-ave-nw-43rd-st,13,33,14,True,True,no,gemini,3.0,0.0,no,1.0,yes,0.0,no,2026-02,2026-03,low,no,,5.0,45.0,3.0,6.0,,,,45.0
S MAIN ST & SE 1ST AVE,s-main-st-se-1st-ave,12,52,24,True,True,yes,osm,4.0,4.0,yes,1.0,yes,0.0,no,2016-07,2025-04,low,no,yes,3.0,30.0,3.0,6.0,4.0,45.0,23500.0,45.0
E UNIVERSITY AVE & NE 18TH ST,e-university-ave-ne-18th-st,12,36,12,True,True,no,gemini,4.0,2.0,yes,2.0,yes,0.0,no,2019-06,2025-01,low,yes,,2.0,35.0,2.0,6.0,4.0,35.0,11500.0,35.0
NE 39TH AVE & NE 4TH ST,ne-39th-ave-ne-4th-st,12,38,16,True,True,no,gemini,3.0,0.0,no,2.0,yes,2.0,yes,2023-08,2026-03,low,yes,yes,3.0,45.0,2.0,5.0,4.0,45.0,25000.0,45.0
SW 3RD ST & W UNIVERSITY AVE,sw-3rd-st-w-university-ave,12,39,13,True,True,yes,osm,4.0,4.0,yes,2.0,yes,0.0,no,2026-02,2026-03,low,no,,4.0,30.0,2.0,6.0,4.0,30.0,19600.0,30.0
NE 49TH AVE & NE WALDO RD,ne-49th-ave-ne-waldo-rd,12,27,7,True,True,yes,osm,3.0,0.0,no,3.0,yes,3.0,yes,2026-03,2026-03,low,yes,,2.0,45.0,1.0,5.0,4.0,45.0,17500.0,45.0
SW 13TH ST & SW 3RD AVE,sw-13th-st-sw-3rd-ave,12,54,21,True,True,no,gemini,3.0,1.0,yes,1.0,yes,0.0,no,2025-04,2026-02,low,no,yes,5.0,30.0,2.0,6.0,4.0,30.0,34000.0,30.0
SW 10TH TER & SW 16TH AVE,sw-10th-ter-sw-16th-ave,12,34,12,True,True,no,gemini,4.0,2.0,yes,1.0,yes,2.0,yes,2011-03,2026-02,low,yes,yes,5.0,35.0,3.0,6.0,4.0,35.0,19900.0,35.0
NW 18TH ST & W UNIVERSITY AVE,nw-18th-st-w-university-ave,12,73,48,True,True,yes,osm,4.0,4.0,yes,0.0,no,0.0,no,2024-06,2026-03,low,yes,yes,3.0,30.0,2.0,5.0,4.0,30.0,28500.0,30.0
S MAIN ST & SW 2ND AVE,s-main-st-sw-2nd-ave,12,53,21,True,True,yes,osm,4.0,4.0,yes,3.0,yes,0.0,no,2025-04,2026-02,low,yes,yes,3.0,30.0,3.0,4.0,4.0,45.0,12000.0,45.0
NW 13TH ST & NW 50TH AVE,nw-13th-st-nw-50th-ave,12,29,9,False,False,,,,,,,,,,,,,,,,,,,4.0,45.0,29500.0,45.0
NW 14TH ST & NW 1ST AVE,nw-14th-st-nw-1st-ave,12,34,8,True,True,no,gemini,3.0,1.0,yes,0.0,no,0.0,no,2026-02,2026-03,low,no,,,25.0,6.0,6.0,2.0,35.0,9600.0,35.0
NW 19TH ST & W UNIVERSITY AVE,nw-19th-st-w-university-ave,12,62,35,True,True,yes,gemini,3.0,1.0,yes,1.0,yes,1.0,yes,2026-03,2026-03,low,yes,yes,5.0,30.0,2.0,6.0,4.0,30.0,28500.0,30.0
NW 33RD CT & W UNIVERSITY AVE,nw-33rd-ct-w-university-ave,12,28,12,True,True,no,gemini,3.0,0.0,no,2.0,yes,3.0,yes,2024-06,2026-02,low,yes,yes,3.0,35.0,2.0,5.0,3.0,35.0,24500.0,35.0
SW 13TH PL & SW 62ND BLVD,sw-13th-pl-sw-62nd-blvd,12,30,11,False,False,,,,,,,,,,,,,,,,,,,,,,
N MAIN ST & NW 2ND AVE,n-main-st-nw-2nd-ave,12,45,17,True,True,yes,osm,4.0,4.0,yes,2.0,yes,0.0,no,2025-04,2026-03,low,no,,3.0,30.0,3.0,6.0,2.0,30.0,15100.0,30.0
NW 13TH ST & NW 2ND AVE,nw-13th-st-nw-2nd-ave,12,23,8,False,False,,,,,,,,,,,,,,,,,,,4.0,30.0,27500.0,30.0
NW 1ST ST & W UNIVERSITY AVE,nw-1st-st-w-university-ave,12,41,18,True,True,yes,osm,4.0,4.0,yes,1.0,yes,0.0,no,2024-06,2026-03,low,no,,4.0,30.0,2.0,6.0,4.0,30.0,19500.0,30.0
NW 32ND ST & W UNIVERSITY AVE,nw-32nd-st-w-university-ave,11,38,16,True,True,no,gemini,4.0,0.0,no,0.0,no,0.0,no,2026-02,2026-02,low,yes,,3.0,35.0,2.0,6.0,3.0,35.0,23500.0,35.0
SE 27TH ST & SE HAWTHORNE RD,se-27th-st-se-hawthorne-rd,11,34,18,True,True,yes,osm,3.0,2.0,yes,2.0,yes,2.0,yes,2026-03,2026-03,low,yes,,2.0,45.0,1.0,4.0,4.0,45.0,16600.0,45.0
SW 10TH ST & SW 2ND AVE,sw-10th-st-sw-2nd-ave,11,50,24,True,True,no,gemini,4.0,2.0,yes,0.0,no,0.0,no,2026-02,2026-02,low,yes,,2.0,25.0,4.0,6.0,,,,25.0
NW 13TH ST & NW 6TH AVE,nw-13th-st-nw-6th-ave,11,29,13,True,True,no,gemini,4.0,0.0,no,0.0,no,0.0,no,2024-06,2026-02,low,no,,5.0,30.0,2.0,6.0,4.0,30.0,28500.0,30.0
NW 42ND AVE & NW 6TH ST,nw-42nd-ave-nw-6th-st,11,33,13,True,True,no,gemini,3.0,0.0,no,0.0,no,0.0,no,2026-03,2026-03,low,no,,4.0,35.0,3.0,6.0,4.0,35.0,10400.0,35.0
NW 25TH ST & W UNIVERSITY AVE,nw-25th-st-w-university-ave,11,33,10,True,True,no,gemini,3.0,0.0,no,0.0,no,0.0,no,2026-02,2026-02,low,no,,3.0,35.0,2.0,6.0,3.0,35.0,23500.0,35.0
NW 18TH TER & NW 8TH AVE,nw-18th-ter-nw-8th-ave,11,41,17,True,True,yes,osm,4.0,1.0,yes,2.0,yes,0.0,no,2026-02,2026-03,low,no,yes,3.0,,4.0,6.0,,,,
NW 13TH AVE & NW 34TH ST,nw-13th-ave-nw-34th-st,11,25,8,True,True,no,gemini,3.0,0.0,no,1.0,yes,0.0,no,2026-02,2026-02,low,no,,3.0,35.0,3.0,6.0,2.0,35.0,18000.0,35.0
NW 11TH ST & W UNIVERSITY AVE,nw-11th-st-w-university-ave,11,46,18,True,True,no,gemini,3.0,1.0,yes,1.0,yes,1.0,yes,2026-02,2026-02,low,yes,yes,5.0,30.0,2.0,6.0,4.0,30.0,24500.0,30.0
UNNAMED ST & W NEWBERRY RD,unnamed-st-w-newberry-rd,11,14,1,False,False,,,,,,,,,,,,,,,,,,,6.0,35.0,50000.0,35.0
NW 12TH ST & NW 8TH AVE,nw-12th-st-nw-8th-ave,11,27,3,True,True,no,gemini,4.0,2.0,yes,1.0,yes,0.0,no,2026-02,2026-03,low,no,yes,3.0,,4.0,6.0,4.0,35.0,34000.0,35.0
SW 24TH AVE & SW 43RD ST,sw-24th-ave-sw-43rd-st,11,27,5,True,True,yes,osm,3.0,3.0,yes,3.0,yes,2.0,yes,2026-02,2026-02,low,yes,,2.0,,4.0,4.0,,,,
N MAIN ST & NW 14TH AVE,n-main-st-nw-14th-ave,11,44,15,True,True,no,gemini,3.0,0.0,no,2.0,yes,1.0,yes,2026-03,2026-03,low,no,yes,3.0,,3.0,6.0,4.0,35.0,16300.0,35.0
NW 1ST CT & NW 34TH ST,nw-1st-ct-nw-34th-st,11,22,7,True,True,no,gemini,3.0,0.0,no,1.0,yes,1.0,yes,2024-11,2026-03,low,yes,yes,5.0,35.0,3.0,6.0,5.0,35.0,20200.0,35.0
SE 15TH ST & SE HAWTHORNE RD,se-15th-st-se-hawthorne-rd,10,52,33,True,True,yes,osm,4.0,4.0,yes,4.0,yes,2.0,yes,2024-10,2026-03,low,yes,yes,3.0,35.0,1.0,4.0,4.0,35.0,14100.0,35.0
NW 31ST DR & NW 8TH AVE,nw-31st-dr-nw-8th-ave,10,28,12,True,True,no,gemini,3.0,2.0,yes,1.0,yes,1.0,yes,2026-02,2026-03,low,no,yes,5.0,,4.0,6.0,4.0,45.0,21000.0,45.0
NE 2ND ST & NE 8TH AVE,ne-2nd-st-ne-8th-ave,10,34,10,True,True,no,gemini,4.0,0.0,no,0.0,no,0.0,no,2026-02,2026-03,low,no,,2.0,,4.0,6.0,,,,
SW 23RD ST & SW 2ND AVE,sw-23rd-st-sw-2nd-ave,10,37,13,True,True,no,gemini,3.0,0.0,no,0.0,no,0.0,no,2026-02,2026-03,low,no,,2.0,35.0,3.0,6.0,2.0,35.0,11400.0,35.0
NB ONRAMP & W NEWBERRY RD,nb-onramp-w-newberry-rd,10,41,19,False,False,,,,,,,,,,,,,,,,,,,6.0,35.0,49500.0,35.0
SW 28TH TER & SW 35TH PL,sw-28th-ter-sw-35th-pl,10,29,10,True,True,no,gemini,3.0,1.0,yes,0.0,no,0.0,no,2026-02,2026-02,low,no,,2.0,30.0,4.0,6.0,,,,30.0
NE 25TH ST & NE 8TH AVE,ne-25th-st-ne-8th-ave,10,19,6,True,True,no,gemini,4.0,2.0,yes,0.0,no,0.0,no,2023-03,2026-03,low,no,,2.0,,4.0,4.0,,,,
SW 13TH ST & SW 14TH AVE,sw-13th-st-sw-14th-ave,10,31,14,True,True,no,gemini,3.0,1.0,yes,0.0,no,0.0,no,2024-06,2026-02,low,no,,4.0,35.0,2.0,6.0,4.0,35.0,20500.0,35.0
SW 2ND ST & W UNIVERSITY AVE,sw-2nd-st-w-university-ave,10,50,23,True,True,yes,osm,4.0,4.0,yes,0.0,no,0.0,no,2023-08,2026-03,low,no,,4.0,30.0,2.0,6.0,4.0,30.0,19400.0,30.0
SW 19TH CT & SW 24TH AVE,sw-19th-ct-sw-24th-ave,10,20,12,True,True,no,gemini,3.0,0.0,no,1.0,yes,0.0,no,2023-10,2026-01,low,no,no,3.0,45.0,3.0,6.0,,,,45.0
NE 23RD AVE & NE 2ND ST,ne-23rd-ave-ne-2nd-st,10,29,10,True,True,no,gemini,4.0,0.0,no,1.0,yes,0.0,no,2023-08,2026-03,low,no,,4.0,40.0,3.0,6.0,4.0,40.0,14700.0,40.0
NW 13TH ST & NW 55TH AVE,nw-13th-st-nw-55th-ave,10,33,13,False,False,,,,,,,,,,,,,,,,,,,4.0,45.0,26000.0,45.0
NW 34TH ST & NW 7TH AVE,nw-34th-st-nw-7th-ave,10,39,18,True,True,no,gemini,3.0,0.0,no,1.0,yes,0.0,no,2026-02,2026-03,low,no,,3.0,35.0,3.0,6.0,2.0,35.0,20500.0,35.0
E UNIVERSITY AVE & SE 12TH ST,e-university-ave-se-12th-st,10,28,11,True,True,no,gemini,3.0,0.0,no,2.0,yes,2.0,yes,2026-03,2026-03,low,yes,no,3.0,35.0,1.0,6.0,6.0,35.0,25000.0,35.0
N MAIN ST & NW 1ST AVE,n-main-st-nw-1st-ave,10,30,14,True,True,yes,osm,4.0,3.0,yes,0.0,no,0.0,no,2024-06,2025-04,low,yes,,2.0,30.0,3.0,6.0,2.0,30.0,14500.0,30.0
NW 43RD ST & WALGREENS ACCESS RD,nw-43rd-st-walgreens-access-rd,9,16,0,False,False,,,,,,,,,,,,,,,,,,,,,,
NW 13TH ST & NW 31ST AVE,nw-13th-st-nw-31st-ave,9,26,12,True,True,no,gemini,4.0,0.0,no,0.0,no,1.0,yes,2024-06,2026-03,low,yes,,5.0,45.0,2.0,6.0,4.0,45.0,28000.0,45.0
NW 17TH ST & NW 1ST AVE,nw-17th-st-nw-1st-ave,9,27,7,True,True,no,gemini,4.0,0.0,no,0.0,no,0.0,no,2026-02,2026-02,low,no,,2.0,25.0,6.0,6.0,4.0,30.0,32000.0,30.0
NW 12TH ST & NW 3RD AVE,nw-12th-st-nw-3rd-ave,9,23,7,True,True,no,gemini,4.0,2.0,yes,0.0,no,0.0,no,2026-02,2026-02,low,no,,,,6.0,6.0,,,,
OLD ARCHER RD & SW 34TH ST,old-archer-rd-sw-34th-st,9,28,7,True,True,no,gemini,3.0,0.0,no,1.0,yes,2.0,yes,2026-01,2026-02,low,yes,yes,5.0,45.0,2.0,4.0,6.0,45.0,30802.5,45.0
NW 23RD TER & NW 34TH BLVD,nw-23rd-ter-nw-34th-blvd,9,22,7,True,True,no,gemini,4.0,0.0,no,2.0,yes,1.0,yes,2023-08,2026-03,low,no,,2.0,40.0,3.0,6.0,2.0,40.0,10000.0,40.0
NE 1ST BLVD & NE 23RD AVE,ne-1st-blvd-ne-23rd-ave,9,17,6,True,True,no,gemini,4.0,2.0,yes,1.0,yes,0.0,no,2026-03,2026-03,low,no,,4.0,40.0,3.0,6.0,4.0,40.0,13400.0,40.0
SW 2ND AVE & SW 37TH ST,sw-2nd-ave-sw-37th-st,9,22,8,True,True,no,gemini,4.0,2.0,yes,1.0,yes,3.0,yes,2026-02,2026-03,low,yes,yes,3.0,35.0,2.0,3.0,4.0,35.0,34500.0,35.0
NW 23RD ST & NW 8TH AVE,nw-23rd-st-nw-8th-ave,9,25,4,True,True,no,gemini,3.0,1.0,yes,1.0,yes,1.0,yes,2026-02,2026-02,low,no,yes,3.0,,4.0,6.0,4.0,45.0,22000.0,45.0
NW 30TH PL & NW 34TH ST,nw-30th-pl-nw-34th-st,9,20,9,True,True,no,gemini,4.0,0.0,no,0.0,no,1.0,yes,2015-02,2026-03,low,no,,2.0,40.0,3.0,6.0,2.0,40.0,14500.0,40.0
NW 23RD AVE & NW 55TH ST,nw-23rd-ave-nw-55th-st,9,32,43,True,True,yes,osm,4.0,2.0,yes,3.0,yes,1.0,yes,2026-01,2026-02,low,yes,yes,5.0,45.0,3.0,4.0,,,,45.0
SE 4TH AVE & SE 7TH ST,se-4th-ave-se-7th-st,9,32,12,False,False,,,,,,,,,,,,,,,,,,,,,,
SW 12TH AVE & SW 13TH ST,sw-12th-ave-sw-13th-st,9,13,1,False,False,,,,,,,,,,,,,,,,,,,4.0,35.0,21000.0,35.0
NE 1ST AVE & NE WALDO RD,ne-1st-ave-ne-waldo-rd,9,18,7,True,True,no,gemini,3.0,0.0,no,2.0,yes,2.0,yes,2026-03,2026-03,low,yes,yes,4.0,45.0,1.0,6.0,4.0,45.0,26750.0,45.0
NE 16TH AVE & NE 2ND ST,ne-16th-ave-ne-2nd-st,9,37,14,True,True,no,gemini,3.0,0.0,no,0.0,no,0.0,no,2026-03,2026-03,low,no,,2.0,,4.0,6.0,4.0,35.0,29000.0,35.0
SW 13TH ST & SW 1ST AVE,sw-13th-st-sw-1st-ave,9,29,10,True,True,yes,gemini,3.0,1.0,yes,1.0,yes,1.0,yes,2026-02,2026-02,low,yes,yes,5.0,30.0,2.0,6.0,4.0,30.0,35500.0,30.0
NW 38TH ST & NW 8TH AVE,nw-38th-st-nw-8th-ave,9,26,7,True,True,no,gemini,4.0,2.0,yes,1.0,yes,0.0,no,2026-02,2026-02,low,no,,4.0,,4.0,4.0,,,,
NW 20TH ST & NW 8TH AVE,nw-20th-st-nw-8th-ave,9,24,7,True,True,no,gemini,4.0,2.0,yes,2.0,yes,0.0,no,2026-02,2026-03,low,no,yes,3.0,,4.0,6.0,,,,
SE 11TH AVE & SE 15TH ST,se-11th-ave-se-15th-st,9,28,6,True,True,no,gemini,3.0,1.0,yes,0.0,no,0.0,no,2026-03,2026-03,low,no,,2.0,,4.0,6.0,,,,
SW 5TH AVE & SW 6TH ST,sw-5th-ave-sw-6th-st,9,14,3,True,True,no,gemini,4.0,3.0,yes,1.0,yes,0.0,no,2026-02,2026-03,low,no,yes,4.0,,4.0,6.0,,,,
SW 13TH ST & SW 25TH PL,sw-13th-st-sw-25th-pl,9,26,9,True,True,no,gemini,4.0,0.0,no,3.0,yes,3.0,yes,2022-05,2026-02,low,yes,yes,3.0,45.0,2.0,6.0,4.0,45.0,21000.0,45.0
NW 16TH TER & NW 23RD AVE,nw-16th-ter-nw-23rd-ave,9,31,13,True,True,yes,osm,3.0,0.0,no,2.0,yes,1.0,yes,2026-03,2026-03,low,yes,yes,3.0,35.0,4.0,4.0,4.0,40.0,8700.0,40.0
NW 23RD ST & NW 62ND AVE,nw-23rd-st-nw-62nd-ave,9,18,6,True,True,no,gemini,3.0,3.0,yes,3.0,yes,2.0,yes,2021-03,2026-03,low,yes,yes,3.0,,4.0,4.0,,,,
NE 3RD AVE & NE 9TH ST,ne-3rd-ave-ne-9th-st,8,16,5,True,True,no,gemini,4.0,1.0,yes,1.0,yes,1.0,yes,2019-07,2026-03,low,yes,yes,4.0,,4.0,6.0,,,,
N MAIN ST & NE 31ST AVE,n-main-st-ne-31st-ave,8,15,4,True,True,no,gemini,3.0,0.0,no,0.0,no,0.0,no,2024-10,2026-03,low,no,,4.0,,3.0,4.0,4.0,35.0,12600.0,35.0
NW 19TH PL & NW 43RD ST,nw-19th-pl-nw-43rd-st,8,22,8,True,True,no,gemini,4.0,0.0,no,2.0,yes,0.0,no,2024-06,2026-03,low,yes,yes,5.0,45.0,3.0,6.0,,,,45.0
NW 16TH AVE & NW 27TH TER,nw-16th-ave-nw-27th-ter,8,18,3,True,True,no,gemini,3.0,2.0,yes,1.0,yes,3.0,yes,2026-03,2026-03,low,yes,,2.0,40.0,3.0,6.0,,,,40.0
NW 26TH ST & W UNIVERSITY AVE,nw-26th-st-w-university-ave,8,33,14,True,True,no,gemini,4.0,1.0,yes,0.0,no,0.0,no,2026-02,2026-02,low,no,,3.0,35.0,2.0,6.0,3.0,35.0,24500.0,35.0
S MAIN ST & SE 10TH AVE,s-main-st-se-10th-ave,8,21,2,False,False,,,,,,,,,,,,,,,,,,,2.0,40.0,4800.0,40.0
SE 5TH ST & SE WILLISTON RD,se-5th-st-se-williston-rd,8,18,2,True,True,no,gemini,3.0,0.0,no,1.0,yes,2.0,yes,2023-08,2026-02,low,yes,yes,3.0,45.0,1.0,6.0,4.0,45.0,24500.0,45.0
NW 34TH BLVD & NW 54TH AVE,nw-34th-blvd-nw-54th-ave,8,25,10,True,True,no,gemini,3.0,1.0,yes,1.0,yes,0.0,no,2026-02,2026-02,low,no,yes,3.0,40.0,3.0,6.0,2.0,40.0,10500.0,40.0
NW 28TH LN & NW 43RD ST,nw-28th-ln-nw-43rd-st,8,38,17,True,True,yes,osm,3.0,0.0,no,1.0,yes,0.0,no,2026-02,2026-03,low,no,yes,5.0,45.0,3.0,5.0,,,,45.0
N MAIN ST & NE 28TH AVE,n-main-st-ne-28th-ave,8,20,5,True,True,no,gemini,3.0,0.0,no,0.0,no,0.0,no,2023-08,2026-03,low,no,,4.0,,3.0,6.0,4.0,35.0,12400.0,35.0
NW 10TH PL & NW 64TH TER,nw-10th-pl-nw-64th-ter,8,12,2,True,True,no,gemini,3.0,0.0,no,0.0,no,0.0,no,2019-06,2024-06,low,no,,,,5.0,5.0,,,,
SE 7TH AVE & SE 9TH ST,se-7th-ave-se-9th-st,8,14,0,True,True,no,gemini,4.0,0.0,no,0.0,no,0.0,no,2023-09,2026-03,low,no,,2.0,,4.0,6.0,,,,
SW 33RD PL & SW 42ND ST,sw-33rd-pl-sw-42nd-st,8,19,5,True,True,no,gemini,3.0,1.0,yes,3.0,yes,0.0,no,2026-01,2026-01,low,no,,2.0,25.0,4.0,4.0,,,,25.0
NW 19TH ST & NW 3RD AVE,nw-19th-st-nw-3rd-ave,8,15,2,True,True,no,gemini,4.0,2.0,yes,0.0,no,0.0,no,2026-02,2026-03,low,no,,,,6.0,6.0,,,,
NW 13TH ST & NW 42ND AVE,nw-13th-st-nw-42nd-ave,8,30,15,True,True,no,gemini,3.0,0.0,no,1.0,yes,2.0,yes,2023-08,2026-03,low,yes,yes,3.0,45.0,2.0,6.0,4.0,45.0,18000.0,45.0
NW 15TH ST & NW 8TH AVE,nw-15th-st-nw-8th-ave,8,16,1,True,True,no,gemini,3.0,0.0,no,1.0,yes,0.0,no,2026-02,2026-03,low,no,yes,3.0,,4.0,6.0,,,,
NE 1ST ST & NE 4TH AVE,ne-1st-st-ne-4th-ave,8,20,8,True,True,no,gemini,4.0,1.0,yes,0.0,no,2.0,yes,2026-02,2026-03,low,yes,,,,6.0,6.0,4.0,45.0,11400.0,45.0
NW 45TH AVE & NW 6TH ST,nw-45th-ave-nw-6th-st,8,16,1,True,True,no,gemini,3.0,0.0,no,0.0,no,0.0,no,2023-08,2026-03,low,no,,4.0,35.0,3.0,6.0,4.0,35.0,10100.0,35.0
NW 13TH ST & NW 36TH PL,nw-13th-st-nw-36th-pl,8,29,12,True,True,no,gemini,3.0,1.0,yes,1.0,yes,2.0,yes,2026-03,2026-03,low,yes,yes,3.0,45.0,2.0,6.0,4.0,45.0,27250.0,45.0
NW 16TH AVE & NW 31ST DR,nw-16th-ave-nw-31st-dr,8,13,4,True,True,no,gemini,3.0,1.0,yes,1.0,yes,2.0,yes,2024-06,2026-03,low,yes,,2.0,40.0,3.0,6.0,,,,40.0
NW 13TH ST & NW 84TH PL,nw-13th-st-nw-84th-pl,8,11,2,False,False,,,,,,,,,,,,,,,,,,,4.0,60.0,22000.0,60.0
SW 13TH ST & SW 18TH PL,sw-13th-st-sw-18th-pl,8,23,6,True,True,no,gemini,3.0,0.0,no,2.0,yes,2.0,yes,2026-02,2026-02,low,yes,yes,3.0,45.0,2.0,6.0,4.0,45.0,22000.0,45.0
SR 93 & SW WILLISTON RD,sr-93-sw-williston-rd,7,17,6,False,False,,,,,,,,,,,,,,,,,,,4.0,45.0,12000.0,45.0
NW 14TH ST & NW 5TH AVE,nw-14th-st-nw-5th-ave,7,8,1,True,True,no,gemini,3.0,0.0,no,0.0,no,0.0,no,2026-02,2026-03,low,no,,,25.0,6.0,6.0,,,,25.0
SW 32ND WAY & SW WILLISTON RD,sw-32nd-way-sw-williston-rd,7,14,2,True,True,no,gemini,3.0,0.0,no,2.0,yes,2.0,yes,2025-04,2026-02,low,yes,,2.0,45.0,1.0,6.0,4.0,45.0,18000.0,45.0
SW 2ND AVE & SW 2ND ST,sw-2nd-ave-sw-2nd-st,7,25,12,True,True,no,gemini,4.0,2.0,yes,2.0,yes,1.0,yes,2026-02,2026-03,low,yes,yes,2.0,,4.0,6.0,,,,
NW 13TH ST & NW 4TH AVE,nw-13th-st-nw-4th-ave,7,20,7,True,True,no,gemini,4.0,0.0,no,0.0,no,1.0,yes,2024-06,2026-03,low,yes,yes,3.0,30.0,2.0,6.0,4.0,30.0,30500.0,30.0
SW 12TH ST & SW 1ST AVE,sw-12th-st-sw-1st-ave,7,20,2,True,True,no,gemini,4.0,2.0,yes,0.0,no,0.0,no,2026-02,2026-02,low,no,,,,6.0,6.0,,,,
NE 12TH ST & NE 16TH AVE,ne-12th-st-ne-16th-ave,7,16,7,True,True,no,gemini,4.0,3.0,yes,0.0,no,0.0,no,2026-03,2026-03,low,no,,2.0,,4.0,6.0,,,,
NW 25TH TER & NW 34TH BLVD,nw-25th-ter-nw-34th-blvd,7,32,12,True,True,no,gemini,3.0,0.0,no,1.0,yes,1.0,yes,2023-08,2026-02,low,no,yes,3.0,40.0,3.0,6.0,2.0,40.0,9750.0,40.0
NW 23RD AVE & NW 2ND ST,nw-23rd-ave-nw-2nd-st,7,28,10,True,True,yes,osm,3.0,2.0,yes,0.0,no,0.0,no,2026-03,2026-03,low,no,,4.0,40.0,3.0,6.0,4.0,40.0,13400.0,40.0
NE 23RD AVE & NE 9TH ST,ne-23rd-ave-ne-9th-st,7,28,11,True,True,yes,osm,4.0,4.0,yes,3.0,yes,0.0,no,2026-03,2026-03,low,no,,4.0,40.0,3.0,4.0,4.0,40.0,14900.0,40.0
NW 51ST TER & NW 8TH AVE,nw-51st-ter-nw-8th-ave,7,26,2,True,True,no,gemini,3.0,1.0,yes,0.0,no,0.0,no,2026-01,2026-02,low,no,,4.0,,4.0,6.0,,,,
NW 43RD ST & NW 93RD AVE,nw-43rd-st-nw-93rd-ave,7,11,4,True,True,no,gemini,4.0,0.0,no,0.0,no,0.0,no,2026-02,2026-03,low,no,,2.0,,3.0,6.0,,,,
SW 2ND AVE & SW 36TH ST,sw-2nd-ave-sw-36th-st,7,23,8,False,False,,,,,,,,,,,,,,,,,,,2.0,35.0,14900.0,35.0
SW 2ND AVE & SW 5TH ST,sw-2nd-ave-sw-5th-st,7,16,5,True,True,no,gemini,3.0,1.0,yes,1.0,yes,2.0,yes,2026-03,2026-03,low,yes,,2.0,,4.0,6.0,,,,
HULL RD & SW 38TH TER,hull-rd-sw-38th-ter,7,12,3,True,True,no,gemini,3.0,1.0,yes,1.0,yes,3.0,yes,2023-09,2026-02,low,yes,,,35.0,6.0,6.0,,,,35.0
E UNIVERSITY AVE & NE 7TH ST,e-university-ave-ne-7th-st,7,30,12,True,True,yes,osm,4.0,4.0,yes,1.0,yes,0.0,no,2026-03,2026-03,low,yes,yes,5.0,35.0,2.0,6.0,4.0,35.0,17500.0,35.0
NW 19TH AVE & NW 6TH ST,nw-19th-ave-nw-6th-st,7,22,8,True,True,no,gemini,4.0,0.0,no,0.0,no,0.0,no,2026-03,2026-03,low,no,,4.0,35.0,3.0,6.0,4.0,35.0,15500.0,35.0
NW 13TH ST & NW 74TH PL,nw-13th-st-nw-74th-pl,7,21,9,False,False,,,,,,,,,,,,,,,,,,,4.0,60.0,21000.0,60.0
NE 35TH AVE & NE 4TH ST,ne-35th-ave-ne-4th-st,7,11,3,True,True,no,gemini,4.0,0.0,no,0.0,no,0.0,no,2019-07,2026-03,low,no,,,,5.0,6.0,,,,
NW 55TH TER & W NEWBERRY RD,nw-55th-ter-w-newberry-rd,7,17,7,True,True,no,gemini,3.0,0.0,no,1.0,yes,2.0,yes,2019-06,2026-02,low,yes,yes,4.0,45.0,2.0,6.0,6.0,45.0,53000.0,45.0
NW 16TH AVE & NW 7TH ST,nw-16th-ave-nw-7th-st,7,18,5,True,True,no,gemini,3.0,0.0,no,2.0,yes,0.0,no,2026-03,2026-03,low,no,,2.0,,4.0,6.0,,,,
NW 9TH TER & W UNIVERSITY AVE,nw-9th-ter-w-university-ave,7,21,8,True,True,no,gemini,3.0,0.0,no,2.0,yes,0.0,no,2026-02,2026-03,low,no,yes,5.0,30.0,2.0,6.0,4.0,30.0,21750.0,30.0
NW 27TH LN & NW 43RD ST,nw-27th-ln-nw-43rd-st,7,33,20,True,True,no,gemini,3.0,0.0,no,1.0,yes,1.0,yes,2024-06,2026-03,low,no,yes,5.0,45.0,3.0,5.0,,,,45.0
NW 27TH ST & W UNIVERSITY AVE,nw-27th-st-w-university-ave,7,20,8,True,True,no,gemini,3.0,0.0,no,0.0,no,0.0,no,2026-02,2026-02,low,no,,3.0,35.0,2.0,6.0,3.0,35.0,22500.0,35.0
NW 10TH ST & NW 3RD AVE,nw-10th-st-nw-3rd-ave,7,15,6,True,True,no,gemini,4.0,1.0,yes,0.0,no,0.0,no,2024-06,2026-02,low,no,,,,6.0,6.0,,,,
SW 12TH ST & SW 2ND AVE,sw-12th-st-sw-2nd-ave,7,35,12,False,False,,,,,,,,,,,,,,,,,,,,,,
NW 5TH AVE & NW 6TH ST,nw-5th-ave-nw-6th-st,7,27,11,True,True,yes,osm,4.0,4.0,yes,2.0,yes,0.0,no,2026-03,2026-03,low,no,yes,3.0,,4.0,6.0,,,,
NW 23RD TER & NW 62ND AVE,nw-23rd-ter-nw-62nd-ave,7,10,2,True,True,no,gemini,4.0,0.0,no,0.0,no,0.0,no,2026-03,2026-03,low,no,,,25.0,6.0,6.0,,,,25.0
SE 4TH ST & SE DEPOT AVE,se-4th-st-se-depot-ave,7,11,4,False,False,,,,,,,,,,,,,,,,,,,,,,
SE 4TH AVE & SE 9TH ST,se-4th-ave-se-9th-st,7,11,0,True,True,no,gemini,4.0,0.0,no,0.0,no,0.0,no,2026-03,2026-03,low,no,,2.0,,4.0,4.0,,,,
SE 18TH ST & SE HAWTHORNE RD,se-18th-st-se-hawthorne-rd,7,20,6,True,True,yes,osm,4.0,4.0,yes,3.0,yes,0.0,no,2026-03,2026-03,low,yes,,2.0,35.0,1.0,4.0,4.0,35.0,17100.0,35.0
NW 31ST AVE & NW 43RD ST,nw-31st-ave-nw-43rd-st,7,31,9,True,True,no,gemini,4.0,0.0,no,3.0,yes,0.0,no,2007-11,2026-03,low,no,yes,5.0,45.0,3.0,6.0,,,,45.0
NW 2ND ST & NW 8TH AVE,nw-2nd-st-nw-8th-ave,7,15,4,True,True,no,gemini,4.0,1.0,yes,2.0,yes,1.0,yes,2022-04,2026-03,low,no,yes,5.0,30.0,3.0,6.0,4.0,45.0,16000.0,45.0
NW 16TH ST & NW 1ST AVE,nw-16th-st-nw-1st-ave,7,12,4,True,True,no,gemini,3.0,3.0,yes,0.0,no,0.0,no,2026-02,2026-02,low,no,,2.0,25.0,6.0,6.0,2.0,45.0,9400.0,45.0
NE 15TH ST & NE 31ST AVE,ne-15th-st-ne-31st-ave,7,24,11,True,True,no,gemini,4.0,1.0,yes,0.0,no,0.0,no,2014-12,2026-03,low,no,,2.0,,4.0,4.0,,,,
SW 35TH TER & W UNIVERSITY AVE,sw-35th-ter-w-university-ave,7,31,17,True,True,no,gemini,4.0,0.0,no,2.0,yes,0.0,no,2026-02,2026-03,low,yes,yes,3.0,35.0,2.0,6.0,4.0,35.0,22750.0,35.0
SW 37TH BLVD & SW 38TH ST,sw-37th-blvd-sw-38th-st,7,19,7,False,False,,,,,,,,,,,,,,,,,,,,,,
NW 13TH ST & NW 26TH AVE,nw-13th-st-nw-26th-ave,7,13,1,False,True,no,gemini,3.0,0.0,no,1.0,yes,2.0,yes,2026-02,2026-02,low,,,,,,,4.0,35.0,12000.0,35.0
71ST ST & W NEWBERRY RD,71st-st-w-newberry-rd,7,12,15,True,True,yes,gemini,2.0,0.0,no,1.0,yes,2.0,yes,2025-04,2026-01,low,yes,yes,5.0,35.0,1.0,,6.0,35.0,49500.0,35.0
NW 50TH TER & NW 8TH AVE,nw-50th-ter-nw-8th-ave,7,28,2,True,True,no,gemini,3.0,1.0,yes,0.0,no,1.0,yes,2026-01,2026-02,low,yes,,4.0,,4.0,6.0,4.0,45.0,25500.0,45.0
NW 17TH ST & NW 5TH AVE,nw-17th-st-nw-5th-ave,7,10,2,True,True,yes,gemini,4.0,4.0,yes,0.0,no,0.0,no,2026-02,2026-03,low,no,,2.0,,6.0,6.0,,,,
NW 21ST ST & NW 8TH AVE,nw-21st-st-nw-8th-ave,6,21,9,True,True,no,gemini,4.0,2.0,yes,1.0,yes,0.0,no,2024-06,2026-03,low,no,yes,3.0,,4.0,6.0,,,,
NW 13TH ST & NW 93RD AVE,nw-13th-st-nw-93rd-ave,6,6,0,True,True,no,gemini,3.0,0.0,no,2.0,yes,2.0,yes,2026-02,2026-03,low,no,,,,6.0,,,,,
NW 21ST ST & W UNIVERSITY AVE,nw-21st-st-w-university-ave,6,17,7,True,True,yes,osm,3.0,2.0,yes,1.0,yes,0.0,no,2026-02,2026-03,low,yes,yes,3.0,35.0,2.0,6.0,3.0,30.0,24500.0,30.0
NE 54TH AVE & NE WALDO RD,ne-54th-ave-ne-waldo-rd,6,10,2,True,True,no,gemini,3.0,0.0,no,2.0,yes,3.0,yes,2026-03,2026-03,low,yes,yes,4.0,45.0,1.0,5.0,4.0,55.0,17600.0,55.0
E UNIVERSITY AVE & SE 24TH ST,e-university-ave-se-24th-st,6,26,16,True,True,no,gemini,4.0,0.0,no,2.0,yes,2.0,yes,2011-05,2026-03,low,yes,,2.0,45.0,2.0,4.0,4.0,45.0,10700.0,45.0
NW 34TH BLVD & NW 49TH AVE,nw-34th-blvd-nw-49th-ave,6,25,9,False,False,,,,,,,,,,,,,,,,,,,2.0,40.0,16900.0,40.0
N MAIN ST & NE 1ST BLVD,n-main-st-ne-1st-blvd,6,13,4,True,True,no,gemini,3.0,0.0,no,2.0,yes,0.0,no,2024-06,2026-03,low,no,,4.0,,3.0,6.0,,,,
NW 32ND ST & NW 39TH AVE,nw-32nd-st-nw-39th-ave,6,22,11,True,True,no,gemini,3.0,0.0,no,1.0,yes,0.0,no,2026-02,2026-02,low,no,yes,5.0,45.0,2.0,6.0,4.0,45.0,28000.0,45.0
N MAIN ST & NW 9TH AVE,n-main-st-nw-9th-ave,6,15,7,True,True,no,gemini,4.0,1.0,yes,2.0,yes,0.0,no,2026-03,2026-03,low,no,yes,3.0,,3.0,6.0,4.0,30.0,17100.0,30.0
NW 36TH AVE & NW 43RD ST,nw-36th-ave-nw-43rd-st,6,20,9,True,True,no,gemini,3.0,0.0,no,1.0,yes,1.0,yes,2026-02,2026-03,low,no,yes,5.0,45.0,3.0,6.0,,,,45.0
NW 43RD ST & NW 58TH AVE,nw-43rd-st-nw-58th-ave,6,9,2,True,True,no,gemini,3.0,2.0,yes,2.0,yes,2.0,yes,2026-03,2026-03,low,no,yes,4.0,45.0,3.0,6.0,,,,45.0
NE 27TH AVE & NE WALDO RD,ne-27th-ave-ne-waldo-rd,6,17,5,True,True,no,gemini,3.0,0.0,no,1.0,yes,2.0,yes,2025-03,2026-03,low,yes,yes,3.0,45.0,1.0,6.0,4.0,45.0,22500.0,45.0
NW 36TH ST & NW 39TH AVE,nw-36th-st-nw-39th-ave,6,15,6,True,True,no,gemini,3.0,0.0,no,2.0,yes,0.0,no,2015-04,2026-03,low,yes,yes,3.0,45.0,2.0,2.0,4.0,45.0,35500.0,45.0
NW 37TH ST & NW 39TH AVE,nw-37th-st-nw-39th-ave,6,9,2,True,True,no,gemini,3.0,0.0,no,2.0,yes,2.0,yes,2018-10,2026-02,low,yes,yes,3.0,45.0,2.0,6.0,4.0,45.0,35000.0,45.0
SW 9TH ST & SW DEPOT AVE,sw-9th-st-sw-depot-ave,6,14,3,True,True,no,gemini,4.0,3.0,yes,1.0,yes,2.0,yes,2026-02,2026-02,low,no,,2.0,25.0,4.0,6.0,,,,25.0
NW 30TH TER & NW 34TH BLVD,nw-30th-ter-nw-34th-blvd,6,21,11,True,True,no,gemini,4.0,2.0,yes,2.0,yes,0.0,no,2026-02,2026-02,low,no,,2.0,40.0,3.0,6.0,2.0,40.0,16700.0,40.0
NW 28TH TER & W UNIVERSITY AVE,nw-28th-ter-w-university-ave,6,20,6,True,True,no,gemini,4.0,0.0,no,0.0,no,0.0,no,2026-02,2026-02,low,no,,3.0,35.0,2.0,6.0,3.0,35.0,23500.0,35.0
SW 28TH PL & SW ARCHER RD,sw-28th-pl-sw-archer-rd,6,39,13,True,True,no,gemini,4.0,1.0,yes,0.0,no,0.0,no,2024-06,2026-02,low,yes,yes,4.0,45.0,2.0,4.0,6.0,45.0,48000.0,45.0
NW 13TH ST & NW 30TH AVE,nw-13th-st-nw-30th-ave,6,31,14,True,True,no,gemini,3.0,0.0,no,2.0,yes,2.0,yes,2026-03,2026-03,low,yes,yes,3.0,45.0,2.0,6.0,4.0,45.0,27000.0,45.0
NW 12TH TER & W UNIVERSITY AVE,nw-12th-ter-w-university-ave,6,24,12,True,True,yes,gemini,3.0,1.0,yes,1.0,yes,1.0,yes,2026-02,2026-02,low,yes,,4.0,30.0,2.0,6.0,4.0,30.0,25000.0,30.0
NW 15TH ST & NW 7TH AVE,nw-15th-st-nw-7th-ave,6,20,10,True,True,no,gemini,4.0,0.0,no,0.0,no,0.0,no,2026-02,2026-03,low,no,,,,6.0,6.0,,,,
SW 7TH ST & W UNIVERSITY AVE,sw-7th-st-w-university-ave,6,24,12,True,True,no,gemini,4.0,1.0,yes,1.0,yes,0.0,no,2026-02,2026-03,low,no,yes,5.0,30.0,2.0,6.0,4.0,30.0,21000.0,30.0
NW 13TH ST & NW 18TH AVE,nw-13th-st-nw-18th-ave,6,36,21,True,True,no,gemini,3.0,1.0,yes,1.0,yes,2.0,yes,2026-03,2026-03,low,yes,,2.0,35.0,2.0,6.0,4.0,35.0,32000.0,35.0
SE 13TH AVE & SE WILLISTON RD,se-13th-ave-se-williston-rd,6,18,6,True,True,no,gemini,3.0,0.0,no,1.0,yes,2.0,yes,2025-04,2026-03,low,yes,,2.0,45.0,1.0,6.0,4.0,45.0,26250.0,45.0
NW 13TH ST & NW 33RD AVE,nw-13th-st-nw-33rd-ave,6,13,3,True,True,no,gemini,4.0,0.0,no,2.0,yes,2.0,yes,2026-03,2026-03,low,yes,yes,3.0,45.0,2.0,6.0,4.0,45.0,27500.0,45.0
NW 16TH BLVD & NW 40TH TER,nw-16th-blvd-nw-40th-ter,6,13,3,True,True,no,gemini,4.0,0.0,no,2.0,yes,2.0,yes,2026-02,2026-03,low,yes,yes,3.0,,3.0,6.0,,,,
NW 43RD ST & NW 48TH PL,nw-43rd-st-nw-48th-pl,6,19,9,True,True,no,gemini,3.0,0.0,no,2.0,yes,1.0,yes,2026-02,2026-03,low,yes,yes,5.0,45.0,3.0,6.0,,,,45.0
SW 11TH ST & SW 8TH AVE,sw-11th-st-sw-8th-ave,6,17,11,True,True,no,gemini,3.0,1.0,yes,0.0,no,0.0,no,2026-02,2026-02,low,no,,2.0,,6.0,6.0,,,,
SE 11TH ST & SE 1ST AVE,se-11th-st-se-1st-ave,6,24,9,True,True,no,gemini,4.0,0.0,no,2.0,yes,2.0,yes,2025-04,2026-03,low,yes,yes,3.0,35.0,1.0,6.0,4.0,35.0,23000.0,35.0
NW 4TH BLVD & NW 75TH ST,nw-4th-blvd-nw-75th-st,5,26,36,True,True,yes,osm,4.0,4.0,yes,2.0,yes,1.0,yes,2026-01,2026-01,low,yes,yes,6.0,,3.0,4.0,,,,
NW 31ST TER & NW 39TH AVE,nw-31st-ter-nw-39th-ave,5,16,6,True,True,no,gemini,3.0,0.0,no,0.0,no,0.0,no,2026-02,2026-02,low,no,yes,5.0,45.0,2.0,6.0,4.0,45.0,28000.0,45.0
NW 61ST TER & W NEWBERRY RD,nw-61st-ter-w-newberry-rd,5,17,8,True,True,no,gemini,3.0,2.0,yes,2.0,yes,0.0,no,2026-01,2026-02,low,yes,yes,4.0,35.0,2.0,6.0,6.0,35.0,53000.0,35.0
SW 12TH DR & SW 16TH AVE,sw-12th-dr-sw-16th-ave,5,10,3,False,False,,,,,,,,,,,,,,,,,,,4.0,35.0,19700.0,35.0
SW 28TH TER & SW 37TH PL,sw-28th-ter-sw-37th-pl,5,8,1,True,True,no,gemini,3.0,0.0,no,0.0,no,0.0,no,2026-01,2026-02,low,no,,,,6.0,6.0,,,,
SW 2ND AVE & SW 3RD ST,sw-2nd-ave-sw-3rd-st,5,19,5,True,True,no,gemini,4.0,3.0,yes,1.0,yes,0.0,no,2026-02,2026-03,low,yes,yes,2.0,,4.0,6.0,,,,
NE 31ST AVE & NE WALDO RD,ne-31st-ave-ne-waldo-rd,5,17,5,True,True,no,gemini,3.0,0.0,no,1.0,yes,2.0,yes,2024-10,2026-03,low,yes,yes,3.0,45.0,1.0,4.0,4.0,45.0,22500.0,45.0
NW 14TH ST & NW 3RD AVE,nw-14th-st-nw-3rd-ave,5,9,3,True,True,no,gemini,4.0,0.0,no,0.0,no,0.0,no,2024-06,2026-03,low,no,,,25.0,6.0,6.0,,,,25.0
NW 13TH ST & NW 14TH AVE,nw-13th-st-nw-14th-ave,5,16,6,True,True,no,gemini,4.0,0.0,no,2.0,yes,0.0,no,2024-06,2026-03,low,no,,5.0,35.0,2.0,6.0,4.0,35.0,29500.0,35.0
SE 15TH ST & SE 22ND AVE,se-15th-st-se-22nd-ave,5,13,4,False,True,no,gemini,3.0,0.0,no,0.0,no,0.0,no,2026-03,2026-03,low,,,,,,,,,,
NW 1ST TER & NW 39TH AVE,nw-1st-ter-nw-39th-ave,5,15,7,False,False,,,,,,,,,,,,,,,,,,,4.0,45.0,25500.0,45.0
NW 39TH AVE & NW 46TH TER,nw-39th-ave-nw-46th-ter,5,9,15,False,False,,,,,,,,,,,,,,,,,,,4.0,45.0,37250.0,45.0
SW 62ND BLVD & SW 9TH PL,sw-62nd-blvd-sw-9th-pl,5,23,16,True,True,no,gemini,3.0,1.0,yes,1.0,yes,0.0,no,2022-06,2023-10,low,no,yes,3.0,,3.0,6.0,,,,
NE 10TH AVE & NE 9TH ST,ne-10th-ave-ne-9th-st,5,10,1,True,True,no,gemini,4.0,1.0,yes,0.0,no,0.0,no,2025-04,2026-03,low,no,,2.0,,4.0,6.0,,,,
SE 1ST AVE & SE 1ST ST,se-1st-ave-se-1st-st,5,20,10,True,True,no,gemini,4.0,3.0,yes,0.0,no,0.0,no,2024-06,2026-02,low,no,,,,6.0,6.0,4.0,45.0,24750.0,45.0
NE 12TH ST & NE 23RD AVE,ne-12th-st-ne-23rd-ave,5,14,6,True,True,no,gemini,4.0,2.0,yes,0.0,no,0.0,no,2026-03,2026-03,low,no,,4.0,40.0,3.0,6.0,4.0,40.0,11800.0,40.0
NW 13TH ST & NW 41ST AVE,nw-13th-st-nw-41st-ave,5,9,1,True,True,no,gemini,3.0,0.0,no,1.0,yes,2.0,yes,2023-08,2026-03,low,yes,yes,3.0,45.0,2.0,6.0,,,,45.0
SW 10TH ST & SW 6TH AVE,sw-10th-st-sw-6th-ave,5,18,11,True,True,no,gemini,4.0,4.0,yes,0.0,no,0.0,no,2019-06,2026-02,low,no,,1.0,25.0,6.0,6.0,,,,25.0
NW 25TH AVE & NW 6TH ST,nw-25th-ave-nw-6th-st,5,12,2,True,True,no,gemini,3.0,0.0,no,0.0,no,0.0,no,2023-03,2026-03,low,no,,4.0,35.0,3.0,6.0,4.0,35.0,12500.0,35.0
NE 19TH PL & NE 9TH ST,ne-19th-pl-ne-9th-st,5,6,1,True,True,no,gemini,3.0,0.0,no,0.0,no,0.0,no,2026-03,2026-03,low,no,,2.0,,4.0,6.0,,,,
NW 10TH AVE & NW 34TH ST,nw-10th-ave-nw-34th-st,5,19,11,True,True,no,gemini,3.0,0.0,no,1.0,yes,0.0,no,2026-02,2026-03,low,no,,3.0,35.0,3.0,6.0,2.0,35.0,18000.0,35.0
NW 16TH AVE & NW 17TH TER,nw-16th-ave-nw-17th-ter,5,9,3,True,True,no,gemini,3.0,0.0,no,2.0,yes,2.0,yes,2026-03,2026-03,low,yes,yes,3.0,40.0,3.0,6.0,,,,40.0
NW 19TH TER & NW 8TH AVE,nw-19th-ter-nw-8th-ave,5,12,5,True,True,no,gemini,3.0,0.0,no,0.0,no,0.0,no,2026-02,2026-03,low,no,yes,3.0,,4.0,6.0,,,,
NW 8TH AVE & NW 8TH ST,nw-8th-ave-nw-8th-st,5,13,2,True,True,no,gemini,4.0,2.0,yes,2.0,yes,0.0,no,2022-05,2025-04,low,no,yes,3.0,,4.0,6.0,5.0,45.0,53000.0,45.0
E UNIVERSITY AVE & SE 3RD ST,e-university-ave-se-3rd-st,5,33,20,True,True,yes,osm,4.0,4.0,yes,2.0,yes,1.0,yes,2026-02,2026-03,low,yes,yes,5.0,30.0,2.0,4.0,4.0,30.0,18700.0,30.0
SW 2ND AVE & SW 8TH ST,sw-2nd-ave-sw-8th-st,5,6,0,True,True,no,gemini,3.0,1.0,yes,0.0,no,0.0,no,2026-02,2026-03,low,yes,,2.0,,4.0,6.0,,,,
NE 15TH ST & NE 8TH AVE,ne-15th-st-ne-8th-ave,5,17,3,True,True,no,gemini,3.0,3.0,yes,0.0,no,0.0,no,2026-03,2026-03,low,no,,2.0,,4.0,4.0,,,,
SW 23RD TER & SW 35TH PL,sw-23rd-ter-sw-35th-pl,5,10,2,False,False,,,,,,,,,,,,,,,,,,,,,,
NW 54TH TER & W NEWBERRY RD,nw-54th-ter-w-newberry-rd,5,13,5,True,True,no,gemini,3.0,0.0,no,1.0,yes,2.0,yes,2026-01,2026-02,low,yes,yes,4.0,45.0,2.0,6.0,5.0,45.0,53000.0,45.0
SW 51ST TER & SW 62ND BVD,sw-51st-ter-sw-62nd-bvd,5,7,1,False,False,,,,,,,,,,,,,,,,,,,,,,
NW 34TH ST & NW 7TH PL,nw-34th-st-nw-7th-pl,5,21,9,True,True,no,gemini,3.0,0.0,no,1.0,yes,0.0,no,2011-03,2026-03,low,no,,3.0,35.0,3.0,6.0,2.0,35.0,20350.0,35.0
NW 34TH BLVD & NW 34TH ST,nw-34th-blvd-nw-34th-st,5,25,12,True,True,no,gemini,3.0,0.0,no,1.0,yes,0.0,no,2025-01,2026-03,low,no,yes,3.0,40.0,3.0,6.0,2.0,40.0,16800.0,40.0
ACCESS RD TO LOWES & NW 13TH ST,access-rd-to-lowes-nw-13th-st,5,9,2,False,False,,,,,,,,,,,,,,,,,,,4.0,35.0,30000.0,35.0
NW 41ST PL & NW 43RD ST,nw-41st-pl-nw-43rd-st,5,11,3,True,False,,,,,,,,,,,,,no,yes,5.0,45.0,3.0,,,,,45.0
NE 28TH DR & NE 39TH AVE,ne-28th-dr-ne-39th-ave,5,18,7,True,True,no,gemini,3.0,1.0,yes,2.0,yes,2.0,yes,2025-01,2026-03,low,yes,yes,3.0,45.0,2.0,5.0,4.0,45.0,27000.0,45.0
NW 13TH ST & NW 35TH AVE,nw-13th-st-nw-35th-ave,5,6,1,True,True,no,gemini,3.0,0.0,no,0.0,no,2.0,yes,2023-08,2026-03,low,yes,,2.0,45.0,2.0,6.0,4.0,45.0,27000.0,45.0
NW 75TH ST & W NEWBERRY RD,nw-75th-st-w-newberry-rd,5,10,86,True,True,yes,osm,3.0,1.0,yes,3.0,yes,2.0,yes,2026-01,2026-02,low,yes,yes,5.0,35.0,1.0,3.0,5.0,35.0,28500.0,35.0
E UNIVERSITY AVE & NE 11TH ST,e-university-ave-ne-11th-st,5,10,0,True,True,yes,osm,4.0,4.0,yes,4.0,yes,4.0,yes,2025-04,2026-03,low,yes,yes,4.0,35.0,1.0,1.0,,,,35.0
NW 52ND TER & W NEWBERRY RD,nw-52nd-ter-w-newberry-rd,5,14,4,True,True,no,gemini,4.0,0.0,no,2.0,yes,2.0,yes,2023-10,2026-02,low,yes,yes,3.0,45.0,2.0,6.0,5.0,45.0,29000.0,45.0
SW 1ST ST & SW 2ND AVE,sw-1st-st-sw-2nd-ave,5,10,1,True,True,no,gemini,3.0,2.0,yes,0.0,no,0.0,no,2024-06,2026-02,low,yes,,2.0,,4.0,6.0,,,,
SW 31ST ST & SW ARCHER RD,sw-31st-st-sw-archer-rd,5,7,1,False,False,,,,,,,,,,,,,,,,,,,4.0,45.0,22500.0,45.0
ACSO & NE 39TH AVE,acso-ne-39th-ave,5,5,0,False,False,,,,,,,,,,,,,,,,,,,,,,
SE 2ND AVE & SE 2ND ST,se-2nd-ave-se-2nd-st,5,9,2,True,True,no,gemini,3.0,3.0,yes,0.0,no,0.0,no,2018-10,2026-02,low,yes,,1.0,,4.0,6.0,,,,
NW 1ST PL & SW 62ND ST,nw-1st-pl-sw-62nd-st,5,6,1,False,False,,,,,,,,,,,,,,,,,,,,,,
SW 12TH ST & SW 5TH AVE,sw-12th-st-sw-5th-ave,5,16,9,True,True,no,gemini,4.0,0.0,no,0.0,no,0.0,no,2023-09,2026-02,low,no,,1.0,25.0,6.0,6.0,,,,25.0
SW 4TH AVE & SW 6TH ST,sw-4th-ave-sw-6th-st,5,14,5,False,False,,,,,,,,,,,,,,,,,,,,,,
NW 43RD ST & NW 82ND BLVD,nw-43rd-st-nw-82nd-blvd,5,7,2,True,True,no,gemini,3.0,0.0,no,2.0,yes,1.0,yes,2026-02,2026-03,low,yes,yes,3.0,,3.0,6.0,,,,
N MAIN ST & NE 12TH AVE,n-main-st-ne-12th-ave,5,17,7,True,True,no,gemini,3.0,0.0,no,0.0,no,0.0,no,2026-03,2026-03,low,no,,2.0,,3.0,6.0,4.0,65.0,12900.0,65.0
SE 3RD ST & SE 4TH AVE,se-3rd-st-se-4th-ave,5,17,4,True,True,yes,osm,4.0,4.0,yes,1.0,yes,0.0,no,2026-02,2026-04,low,yes,yes,3.0,30.0,4.0,4.0,,,,30.0
SW 31ST DR & SW 41ST PL,sw-31st-dr-sw-41st-pl,5,5,0,True,True,no,gemini,3.0,1.0,yes,0.0,no,0.0,no,2026-01,2026-02,low,no,,,,6.0,6.0,,,,
NW 17TH ST & NW 8TH AVE,nw-17th-st-nw-8th-ave,5,17,8,True,True,no,gemini,3.0,1.0,yes,2.0,yes,0.0,no,2026-02,2026-03,low,no,yes,3.0,,4.0,6.0,4.0,35.0,13400.0,35.0
NW 24TH BLVD & NW 53RD AVE,nw-24th-blvd-nw-53rd-ave,5,17,5,True,True,no,gemini,3.0,0.0,no,1.0,yes,0.0,no,2026-02,2026-03,low,no,,2.0,30.0,4.0,4.0,,,,30.0
OAKS MALL ENTRANCE & W NEWBERRY RD,oaks-mall-entrance-w-newberry-rd,4,17,4,False,False,,,,,,,,,,,,,,,,,,,6.0,35.0,49500.0,35.0
NW 14TH AVE & NW 6TH ST,nw-14th-ave-nw-6th-st,4,25,11,True,True,no,gemini,4.0,0.0,no,0.0,no,0.0,no,2026-03,2026-03,low,no,,4.0,35.0,3.0,6.0,4.0,35.0,16300.0,35.0
NE 1ST ST & NE 6TH AVE,ne-1st-st-ne-6th-ave,4,13,9,True,True,no,gemini,4.0,0.0,no,0.0,no,1.0,yes,2026-02,2026-03,low,yes,,,,6.0,6.0,4.0,45.0,13300.0,45.0
NW 37TH ST & NW 53RD AVE,nw-37th-st-nw-53rd-ave,4,23,4,True,True,yes,osm,3.0,0.0,no,2.0,yes,0.0,no,2026-03,2026-03,low,no,,2.0,,4.0,4.0,,,,
NW 34TH ST & NW 49TH AVE,nw-34th-st-nw-49th-ave,4,8,3,True,True,no,gemini,3.0,0.0,no,0.0,no,0.0,no,2026-02,2026-02,low,no,,,,6.0,6.0,2.0,40.0,16900.0,40.0
NW 16TH AVE & NW 8TH ST,nw-16th-ave-nw-8th-st,4,8,2,True,True,no,gemini,3.0,0.0,no,2.0,yes,0.0,no,2026-03,2026-03,low,no,yes,3.0,,4.0,6.0,,,,
SW 27TH ST & SW 2ND AVE,sw-27th-st-sw-2nd-ave,4,11,5,True,True,no,gemini,3.0,0.0,no,0.0,no,0.0,no,2026-02,2026-03,low,yes,,2.0,35.0,3.0,6.0,2.0,35.0,14000.0,35.0
N MAIN ST & NE 33RD AVE,n-main-st-ne-33rd-ave,4,13,3,True,True,no,gemini,3.0,0.0,no,1.0,yes,1.0,yes,2026-03,2026-03,low,yes,,4.0,,3.0,6.0,,,,
SE 1ST AVE & SE 3RD ST,se-1st-ave-se-3rd-st,4,10,3,True,True,yes,gemini,4.0,4.0,yes,2.0,yes,0.0,no,2025-05,2026-02,low,yes,,2.0,,4.0,6.0,,,,
NE 1ST ST & NE 8TH AVE,ne-1st-st-ne-8th-ave,4,9,4,True,True,no,gemini,3.0,0.0,no,1.0,yes,1.0,yes,2026-02,2026-03,low,yes,,2.0,,4.0,6.0,,,,
SE 20TH ST & SE 8TH AVE,se-20th-st-se-8th-ave,4,8,2,True,True,no,gemini,3.0,0.0,no,0.0,no,0.0,no,2026-03,2026-03,low,no,,2.0,,4.0,6.0,,,,
SE 15TH ST & SE 7TH AVE,se-15th-st-se-7th-ave,4,7,1,True,True,no,gemini,4.0,4.0,yes,0.0,no,0.0,no,2023-09,2026-03,low,no,,2.0,,4.0,4.0,,,,
N MAIN ST & NW 4TH AVE,n-main-st-nw-4th-ave,4,19,8,True,True,no,gemini,4.0,1.0,yes,2.0,yes,0.0,no,2026-03,2026-03,low,no,yes,3.0,30.0,3.0,6.0,2.0,30.0,16750.0,30.0
NW 11TH AVE & NW 13TH ST,nw-11th-ave-nw-13th-st,4,14,7,True,True,no,gemini,3.0,0.0,no,0.0,no,0.0,no,2026-03,2026-03,low,no,,5.0,35.0,2.0,6.0,4.0,35.0,29500.0,35.0
SW 25TH ST & SW 2ND AVE,sw-25th-st-sw-2nd-ave,4,26,12,True,True,yes,osm,4.0,4.0,yes,0.0,no,0.0,no,2019-06,2026-03,low,no,,2.0,35.0,3.0,5.0,2.0,35.0,14000.0,35.0
NE 5TH AVE & NE WALDO RD,ne-5th-ave-ne-waldo-rd,4,17,8,True,True,no,gemini,3.0,0.0,no,1.0,yes,1.0,yes,2026-03,2026-03,low,yes,yes,5.0,45.0,1.0,6.0,4.0,45.0,28000.0,45.0
NW 3RD ST & NW 8TH AVE,nw-3rd-st-nw-8th-ave,4,8,1,True,True,no,gemini,3.0,0.0,no,2.0,yes,0.0,no,2026-03,2026-03,low,no,,5.0,30.0,3.0,6.0,4.0,30.0,16300.0,30.0
NW 39TH AVE & NW 40TH TER,nw-39th-ave-nw-40th-ter,4,25,15,True,True,no,gemini,3.0,0.0,no,1.0,yes,2.0,yes,2026-02,2026-02,low,yes,yes,3.0,45.0,2.0,5.0,4.0,45.0,35500.0,45.0
SW 2ND AVE & SW 9TH ST,sw-2nd-ave-sw-9th-st,4,6,2,False,False,,,,,,,,,,,,,,,,,,,,,,
SW 23RD TER & SW 31ST PL,sw-23rd-ter-sw-31st-pl,4,20,10,True,True,no,gemini,3.0,0.0,no,1.0,yes,0.0,no,2026-02,2026-02,low,no,,3.0,40.0,4.0,6.0,,,,40.0
NE 39TH BLVD & NE 55TH BLVD,ne-39th-blvd-ne-55th-blvd,4,8,8,False,False,,,,,,,,,,,,,,,,,,,2.0,50.0,7100.0,50.0
NW 34TH BLVD & NW 51ST PL,nw-34th-blvd-nw-51st-pl,4,16,7,False,False,,,,,,,,,,,,,,,,,,,2.0,40.0,16850.0,40.0
NE 19TH DR & NE 23RD AVE,ne-19th-dr-ne-23rd-ave,4,19,6,True,True,no,gemini,3.0,1.0,yes,0.0,no,0.0,no,2026-03,2026-03,low,no,,4.0,40.0,3.0,6.0,4.0,40.0,8700.0,40.0
CELEBRATION POINTE AVE & SW 42ND WAY,celebration-pointe-ave-sw-42nd-way,4,7,0,False,False,,,,,,,,,,,,,,,,,,,,,,
SW 13TH AVE & SW 13TH ST,sw-13th-ave-sw-13th-st,4,9,0,False,False,,,,,,,,,,,,,,,,,,,,,,
NW 16TH AVE & NW 4TH ST,nw-16th-ave-nw-4th-st,4,10,4,True,True,no,gemini,4.0,2.0,yes,2.0,yes,0.0,no,2025-04,2026-03,low,yes,yes,3.0,,4.0,6.0,,,,
NW 31ST AVE & NW 34TH ST,nw-31st-ave-nw-34th-st,4,14,7,True,True,no,gemini,3.0,0.0,no,0.0,no,0.0,no,2015-02,2024-10,low,no,,2.0,40.0,3.0,6.0,2.0,40.0,14500.0,40.0
S MAIN ST & SE 13TH AVE,s-main-st-se-13th-ave,4,8,3,True,True,no,gemini,3.0,3.0,yes,1.0,yes,0.0,no,2022-05,2026-03,low,no,,4.0,45.0,3.0,6.0,,,,45.0
SW 20TH AVE & SW 58TH ST,sw-20th-ave-sw-58th-st,4,7,4,False,False,,,,,,,,,,,,,,,,,,,,,,
S MAIN ST & SW 11TH PL,s-main-st-sw-11th-pl,4,13,2,False,False,,,,,,,,,,,,,,,,,,,,,,
NW 11TH ST & NW 3RD AVE,nw-11th-st-nw-3rd-ave,4,9,1,True,True,no,gemini,4.0,0.0,no,0.0,no,0.0,no,2026-02,2026-02,low,no,,,,6.0,6.0,,,,
SW 16TH AVE & SW 16TH CT,sw-16th-ave-sw-16th-ct,4,10,6,True,True,no,gemini,2.0,0.0,no,2.0,yes,2.0,yes,2023-09,2026-02,low,yes,yes,4.0,35.0,3.0,6.0,4.0,35.0,22000.0,35.0
NW 25TH TER & NW 39TH AVE,nw-25th-ter-nw-39th-ave,4,11,4,True,True,no,gemini,3.0,0.0,no,0.0,no,0.0,no,2026-03,2026-03,low,no,yes,5.0,45.0,2.0,6.0,4.0,45.0,28500.0,45.0
NE 17TH ST & NE 8TH AVE,ne-17th-st-ne-8th-ave,4,19,6,True,True,no,gemini,4.0,2.0,yes,0.0,no,0.0,no,2026-03,2026-03,low,no,,2.0,,4.0,6.0,,,,
NW 22ND ST & NW 77TH AVE,nw-22nd-st-nw-77th-ave,4,11,3,True,True,no,gemini,3.0,0.0,no,0.0,no,0.0,no,2026-03,2026-03,low,no,,,,6.0,,2.0,52.5,7156.0,52.5
NW 46TH ST & W NEWBERRY RD,nw-46th-st-w-newberry-rd,4,6,1,True,True,no,gemini,3.0,0.0,no,1.0,yes,2.0,yes,2026-01,2026-02,low,yes,,2.0,45.0,2.0,6.0,4.0,45.0,29000.0,45.0
NE 7TH ST & NE 9TH AVE,ne-7th-st-ne-9th-ave,4,5,0,True,True,no,gemini,4.0,0.0,no,0.0,no,0.0,no,2023-08,2026-03,low,no,,,,6.0,6.0,,,,
SW 11TH ST & SW 9TH AVE,sw-11th-st-sw-9th-ave,4,8,2,True,True,no,gemini,3.0,0.0,no,0.0,no,0.0,no,2024-06,2026-02,low,yes,,1.0,,6.0,6.0,,,,
SE 8TH AVE & SE HAWTHORNE RD,se-8th-ave-se-hawthorne-rd,4,13,4,False,False,,,,,,,,,,,,,,,,,,,2.0,30.0,16500.0,30.0
NW 19TH PL & NW 34TH ST,nw-19th-pl-nw-34th-st,4,16,10,True,True,no,gemini,3.0,0.0,no,1.0,yes,0.0,no,2026-03,2026-03,low,no,yes,3.0,40.0,3.0,6.0,2.0,40.0,15250.0,40.0
NW 13TH AVE & NW 6TH ST,nw-13th-ave-nw-6th-st,4,6,2,True,True,no,gemini,3.0,0.0,no,0.0,no,0.0,no,2026-03,2026-03,low,no,,4.0,35.0,3.0,6.0,4.0,35.0,17000.0,35.0
SW 8TH AVE & SW 9TH ST,sw-8th-ave-sw-9th-st,4,10,3,True,True,no,gemini,4.0,0.0,no,0.0,no,0.0,no,2026-02,2026-02,low,no,,2.0,,6.0,6.0,,,,
NW 22ND ST & NW 71ST PL,nw-22nd-st-nw-71st-pl,4,9,4,True,True,no,gemini,3.0,0.0,no,0.0,no,0.0,no,2026-02,2026-03,low,no,,,,6.0,,2.0,45.0,14000.0,45.0
SW 34TH ST & SW 48TH LN,sw-34th-st-sw-48th-ln,4,12,4,True,True,no,gemini,3.0,0.0,no,2.0,yes,3.0,yes,2023-09,2026-01,low,yes,yes,3.0,45.0,2.0,5.0,6.0,45.0,20000.0,45.0
NE 16TH TER & NE 23RD AVE,ne-16th-ter-ne-23rd-ave,4,10,4,True,True,no,gemini,4.0,0.0,no,0.0,no,0.0,no,2026-03,2026-03,low,no,,4.0,40.0,3.0,6.0,4.0,40.0,8700.0,40.0
NW 25TH TER & NW 34TH ST,nw-25th-ter-nw-34th-st,4,10,3,True,True,no,gemini,3.0,0.0,no,0.0,no,0.0,no,2015-02,2026-02,low,no,,2.0,40.0,3.0,6.0,2.0,40.0,14750.0,40.0
NE 39TH AVE & NE 57TH BLVD,ne-39th-ave-ne-57th-blvd,4,11,5,True,True,no,gemini,2.0,0.0,no,0.0,no,0.0,no,2026-03,2026-03,low,no,,2.0,55.0,2.0,6.0,2.0,55.0,7500.0,55.0
NE 39TH AVE & NE 52ND ST,ne-39th-ave-ne-52nd-st,4,11,1,True,True,no,gemini,2.0,0.0,no,2.0,yes,0.0,no,2024-10,2026-03,low,no,,2.0,55.0,2.0,6.0,2.0,55.0,7100.0,55.0
SW 16TH PL & SW 52ND ST,sw-16th-pl-sw-52nd-st,4,5,0,False,False,,,,,,,,,,,,,,,,,,,,,,
NW 16TH AVE & NW 5TH ST,nw-16th-ave-nw-5th-st,4,5,1,True,True,no,gemini,3.0,0.0,no,2.0,yes,0.0,no,2026-03,2026-03,low,no,,2.0,,4.0,6.0,,,,
E UNIVERSITY AVE & SE 25TH TER,e-university-ave-se-25th-ter,4,14,4,True,True,yes,osm,3.0,0.0,no,1.0,yes,2.0,yes,2026-03,2026-03,low,yes,,2.0,45.0,2.0,4.0,4.0,45.0,10850.0,45.0
NW 39TH AVE & NW 40TH ST,nw-39th-ave-nw-40th-st,4,17,7,True,True,no,gemini,3.0,0.0,no,1.0,yes,3.0,yes,2025-02,2026-02,low,yes,yes,3.0,45.0,2.0,6.0,4.0,45.0,35000.0,45.0
SW ARCHER RD & UNNAMED ST,sw-archer-rd-unnamed-st,4,5,0,False,False,,,,,,,,,,,,,,,,,,,,,,
NE 12TH ST & NE 39TH AVE,ne-12th-st-ne-39th-ave,4,13,5,True,True,no,gemini,3.0,0.0,no,1.0,yes,1.0,yes,2026-03,2026-03,low,yes,yes,3.0,45.0,2.0,6.0,4.0,45.0,18800.0,45.0
SW 17TH PL & SW 38TH TER,sw-17th-pl-sw-38th-ter,4,4,0,True,True,no,gemini,3.0,0.0,no,1.0,yes,0.0,no,2026-02,2026-02,low,yes,,,,6.0,6.0,,,,
NW 36TH ST & NW 5TH AVE,nw-36th-st-nw-5th-ave,4,5,0,True,True,no,gemini,4.0,0.0,no,0.0,no,0.0,no,2026-02,2026-02,low,no,,,,6.0,6.0,,,,
SE 3RD ST & SE DEPOT AVE,se-3rd-st-se-depot-ave,4,11,5,True,True,no,gemini,3.0,1.0,yes,1.0,yes,2.0,yes,2026-03,2026-04,low,yes,yes,3.0,30.0,4.0,4.0,,,,30.0
NW 12TH ST & NW 5TH AVE,nw-12th-st-nw-5th-ave,4,8,4,True,True,no,gemini,4.0,0.0,no,0.0,no,0.0,no,2026-02,2026-02,low,no,,,,6.0,6.0,,,,
SE 12TH ST & SE 7TH AVE,se-12th-st-se-7th-ave,4,8,2,True,True,no,gemini,3.0,0.0,no,0.0,no,0.0,no,2026-03,2026-03,low,no,,2.0,,4.0,6.0,,,,
NE 18TH TER & NE 23RD AVE,ne-18th-ter-ne-23rd-ave,4,14,6,True,True,no,gemini,3.0,1.0,yes,0.0,no,0.0,no,2026-03,2026-03,low,no,,4.0,40.0,3.0,6.0,4.0,40.0,8700.0,40.0
NE 17TH PL & NE 17TH WAY,ne-17th-pl-ne-17th-way,4,7,1,True,True,no,gemini,4.0,0.0,no,0.0,no,0.0,no,2026-03,2026-03,low,no,,,,6.0,6.0,,,,
SW 23RD TER & SW 29TH PL,sw-23rd-ter-sw-29th-pl,4,8,3,True,True,no,gemini,2.0,0.0,no,2.0,yes,0.0,no,2026-02,2026-02,low,no,,3.0,40.0,4.0,6.0,,,,40.0
SW 35TH DR & SW 47TH ST,sw-35th-dr-sw-47th-st,4,4,0,True,True,no,gemini,3.0,1.0,yes,2.0,yes,0.0,no,2023-08,2026-01,low,no,yes,3.0,,6.0,6.0,,,,
CLARK BUTLER BLVD & SW 43RD ST,clark-butler-blvd-sw-43rd-st,4,4,0,True,True,yes,gemini,2.0,0.0,no,2.0,yes,2.0,yes,2026-01,2026-02,low,yes,yes,2.0,,3.0,4.0,,,,
NW 13TH ST & NW 26TH ST,nw-13th-st-nw-26th-st,3,7,2,False,False,,,,,,,,,,,,,,,,,,,4.0,35.0,30000.0,35.0
SW 32ND CT & SW 35TH BLVD,sw-32nd-ct-sw-35th-blvd,3,8,0,False,False,,,,,,,,,,,,,,,,,,,,,,
SW 16TH AVE & SW 17TH ST,sw-16th-ave-sw-17th-st,3,7,1,False,False,,,,,,,,,,,,,,,,,,,4.0,35.0,23000.0,35.0
NW 20TH WAY & NW 55TH AVE,nw-20th-way-nw-55th-ave,3,4,0,True,True,no,gemini,4.0,0.0,no,0.0,no,0.0,no,2023-08,2026-03,low,no,,,,5.0,5.0,,,,
NW 19TH AVE & NW 2ND ST,nw-19th-ave-nw-2nd-st,3,4,1,True,True,no,gemini,3.0,1.0,yes,0.0,no,0.0,no,2026-03,2026-03,low,no,,,,6.0,6.0,,,,
NW 19TH ST & NW 4TH AVE,nw-19th-st-nw-4th-ave,3,4,1,True,True,no,gemini,3.0,0.0,no,0.0,no,0.0,no,2026-02,2026-03,low,no,,,,6.0,6.0,,,,
N MAIN ST & NW 3RD AVE,n-main-st-nw-3rd-ave,3,17,11,True,True,no,gemini,4.0,4.0,yes,0.0,no,0.0,no,2026-02,2026-03,low,no,yes,3.0,30.0,3.0,6.0,2.0,30.0,17000.0,30.0
NW 12TH ST & NW 39TH AVE,nw-12th-st-nw-39th-ave,3,9,3,True,True,no,gemini,3.0,0.0,no,0.0,no,0.0,no,2023-08,2026-03,low,no,,5.0,45.0,2.0,6.0,4.0,45.0,22000.0,45.0
SE 2ND AVE & SE 9TH ST,se-2nd-ave-se-9th-st,3,7,2,True,True,no,gemini,4.0,2.0,yes,4.0,yes,2.0,yes,2026-03,2026-03,low,yes,yes,3.0,30.0,4.0,4.0,,,,30.0
OLD ARCHER RD & UN NAMED RD,old-archer-rd-un-named-rd,3,6,0,False,False,,,,,,,,,,,,,,,,,,,,,,
SR 24 & SW 37TH BLVD,sr-24-sw-37th-blvd,3,7,0,True,True,no,gemini,2.0,1.0,yes,2.0,yes,2.0,yes,2025-04,2026-02,low,,,,,,,,,,
NW 13TH ST & NW 44TH AVE,nw-13th-st-nw-44th-ave,3,9,5,True,True,no,gemini,3.0,0.0,no,1.0,yes,2.0,yes,2023-08,2026-03,low,yes,yes,3.0,45.0,2.0,6.0,4.0,45.0,15400.0,45.0
NW 13TH ST & NW 86TH BLVD,nw-13th-st-nw-86th-blvd,3,12,5,False,False,,,,,,,,,,,,,,,,,,,4.0,60.0,19100.0,60.0
NW 20TH TER & NW 8TH AVE,nw-20th-ter-nw-8th-ave,3,10,6,True,True,no,gemini,3.0,0.0,no,1.0,yes,0.0,no,2026-02,2026-03,low,no,yes,3.0,,4.0,6.0,,,,
NW 21ST AVE & NW 6TH ST,nw-21st-ave-nw-6th-st,3,8,3,True,True,no,gemini,3.0,0.0,no,0.0,no,0.0,no,2026-03,2026-03,low,yes,,4.0,35.0,3.0,6.0,4.0,35.0,14400.0,35.0
NW 43RD ST & NW 73RD AVE,nw-43rd-st-nw-73rd-ave,3,10,3,True,True,no,gemini,3.0,0.0,no,1.0,yes,0.0,no,2026-03,2026-03,low,no,yes,3.0,,3.0,6.0,,,,
NE 1ST ST & NE 3RD AVE,ne-1st-st-ne-3rd-ave,3,6,1,True,True,no,gemini,4.0,0.0,no,0.0,no,2.0,yes,2026-02,2026-03,low,yes,,,,6.0,6.0,4.0,45.0,14900.0,45.0
NW 55TH ST & W UNIVERSITY AVE,nw-55th-st-w-university-ave,3,4,0,False,False,,,,,,,,,,,,,,,,,,,,,,
NW 9TH ST & W UNIVERSITY AVE,nw-9th-st-w-university-ave,3,28,12,True,True,no,gemini,3.0,0.0,no,0.0,no,0.0,no,2026-02,2026-03,low,no,yes,5.0,30.0,2.0,6.0,4.0,30.0,21500.0,30.0
NW 16TH AVE & NW 9TH ST,nw-16th-ave-nw-9th-st,3,10,7,True,True,no,gemini,3.0,0.0,no,1.0,yes,0.0,no,2026-03,2026-03,low,no,,2.0,,4.0,6.0,,,,
NW 16TH BLVD & NW 38TH DR,nw-16th-blvd-nw-38th-dr,3,6,2,True,True,no,gemini,4.0,1.0,yes,2.0,yes,2.0,yes,2026-02,2026-03,low,yes,yes,3.0,,3.0,6.0,,,,
NW 16TH ST & NW 2ND AVE,nw-16th-st-nw-2nd-ave,3,3,0,True,True,no,gemini,3.0,3.0,yes,0.0,no,0.0,no,2026-02,2026-02,low,no,,,,6.0,6.0,,,,
NW 12TH AVE & NW 13TH ST,nw-12th-ave-nw-13th-st,3,8,5,True,True,no,gemini,3.0,0.0,no,0.0,no,0.0,no,2024-06,2026-03,low,no,,5.0,35.0,2.0,6.0,4.0,35.0,29000.0,35.0
S MAIN ST & SE 2ND PL,s-main-st-se-2nd-pl,3,11,5,True,True,no,gemini,3.0,0.0,no,1.0,yes,0.0,no,2026-02,2026-02,low,no,yes,3.0,30.0,3.0,6.0,,,,30.0
S MAIN ST & SE 6TH AVE,s-main-st-se-6th-ave,3,9,4,True,True,no,gemini,4.0,1.0,yes,2.0,yes,0.0,no,2026-02,2026-04,low,no,yes,3.0,35.0,3.0,6.0,,,,35.0
SE 10TH AVE & SE 11TH ST,se-10th-ave-se-11th-st,3,8,3,True,True,no,gemini,3.0,0.0,no,2.0,yes,2.0,yes,2026-03,2026-03,low,yes,yes,3.0,35.0,1.0,6.0,4.0,35.0,24500.0,35.0
NW 24TH ST & W UNIVERSITY AVE,nw-24th-st-w-university-ave,3,13,5,True,True,no,gemini,4.0,0.0,no,0.0,no,0.0,no,2026-02,2026-02,low,no,,3.0,35.0,2.0,6.0,3.0,35.0,23500.0,35.0
NW 24TH TER & NW 34TH ST,nw-24th-ter-nw-34th-st,3,8,2,True,True,no,gemini,3.0,0.0,no,0.0,no,0.0,no,2024-06,2026-02,low,no,,2.0,40.0,3.0,6.0,2.0,40.0,15500.0,40.0
SE 11TH ST & SE 3RD AVE,se-11th-st-se-3rd-ave,3,7,1,True,True,no,gemini,4.0,0.0,no,2.0,yes,2.0,yes,2022-05,2025-05,low,yes,,2.0,35.0,1.0,6.0,4.0,35.0,21500.0,35.0
SE 12TH AVE & SE 15TH ST,se-12th-ave-se-15th-st,3,13,1,True,True,no,gemini,3.0,0.0,no,0.0,no,0.0,no,2026-03,2026-03,low,no,,2.0,,4.0,6.0,,,,
SE 13TH ST & SE 2ND AVE,se-13th-st-se-2nd-ave,3,5,1,True,True,no,gemini,4.0,0.0,no,0.0,no,0.0,no,2026-03,2026-03,low,no,,,,6.0,6.0,,,,
NE 16TH AVE & NE 7TH ST,ne-16th-ave-ne-7th-st,3,5,1,True,True,no,gemini,4.0,0.0,no,0.0,no,0.0,no,2007-12,2026-03,low,no,,2.0,,4.0,6.0,,,,
NE 16TH AVE & NE 16TH TER,ne-16th-ave-ne-16th-ter,3,8,3,True,True,no,gemini,3.0,1.0,yes,0.0,no,0.0,no,2026-03,2026-03,low,no,,2.0,,4.0,6.0,,,,
SE 1ST ST & SE 2ND PL,se-1st-st-se-2nd-pl,3,11,4,True,True,no,gemini,3.0,0.0,no,0.0,no,0.0,no,2026-02,2026-02,low,no,,,,6.0,6.0,,,,
SE 20TH PL & SE 4TH ST,se-20th-pl-se-4th-st,3,6,1,True,True,no,gemini,2.0,0.0,no,0.0,no,0.0,no,2026-04,2026-04,low,yes,,2.0,,4.0,6.0,,,,
SE 20TH ST & SE HAWTHORNE RD,se-20th-st-se-hawthorne-rd,3,5,2,True,True,no,gemini,3.0,0.0,no,1.0,yes,2.0,yes,2026-03,2026-03,low,yes,,2.0,45.0,1.0,6.0,4.0,45.0,17900.0,45.0
NW 16TH AVE & NW 19TH ST,nw-16th-ave-nw-19th-st,3,5,1,True,True,no,gemini,3.0,0.0,no,1.0,yes,2.0,yes,2026-03,2026-03,low,yes,yes,3.0,40.0,3.0,6.0,,,,40.0
NW 16TH AVE & NW 25TH TER,nw-16th-ave-nw-25th-ter,3,7,3,True,True,no,gemini,3.0,0.0,no,1.0,yes,2.0,yes,2026-02,2026-03,low,yes,yes,3.0,40.0,3.0,6.0,,,,40.0
NW 16TH AVE & NW 30TH TER,nw-16th-ave-nw-30th-ter,3,8,4,False,False,,,,,,,,,,,,,,,,,,,,,,
NW 25TH CIR & NW 41ST ST,nw-25th-cir-nw-41st-st,3,5,2,True,True,no,gemini,3.0,0.0,no,0.0,no,0.0,no,2026-02,2026-02,low,no,,,,5.0,5.0,,,,
NW 26TH AVE & NW 6TH ST,nw-26th-ave-nw-6th-st,3,17,5,True,True,no,gemini,4.0,0.0,no,0.0,no,0.0,no,2023-08,2026-03,low,no,,4.0,35.0,3.0,6.0,4.0,35.0,12550.0,35.0
NW 26TH TER & NW 39TH AVE,nw-26th-ter-nw-39th-ave,3,6,0,True,True,no,gemini,4.0,0.0,no,3.0,yes,1.0,yes,2026-03,2026-03,low,yes,,5.0,45.0,2.0,6.0,,,,45.0
NW 26TH TER & NW 62ND AVE,nw-26th-ter-nw-62nd-ave,3,6,0,True,True,no,gemini,4.0,0.0,no,0.0,no,0.0,no,2015-03,2026-03,low,no,,,,6.0,6.0,,,,
NE 55TH PL & NE WALDO RD,ne-55th-pl-ne-waldo-rd,3,9,0,True,True,no,gemini,3.0,0.0,no,1.0,yes,2.0,yes,2026-03,2026-03,low,yes,yes,4.0,55.0,1.0,6.0,,,,55.0
NW 29TH ST & W UNIVERSITY AVE,nw-29th-st-w-university-ave,3,9,4,True,True,no,gemini,3.0,0.0,no,0.0,no,0.0,no,2024-06,2026-02,low,no,,3.0,35.0,2.0,6.0,3.0,35.0,23250.0,35.0
NW 34TH AVE & NW 6TH ST,nw-34th-ave-nw-6th-st,3,5,1,True,True,no,gemini,3.0,0.0,no,0.0,no,0.0,no,2023-08,2026-03,low,no,,4.0,35.0,3.0,6.0,4.0,35.0,12800.0,35.0
NW 17TH ST & NW 2ND AVE,nw-17th-st-nw-2nd-ave,3,5,2,True,True,no,gemini,4.0,2.0,yes,0.0,no,0.0,no,2026-02,2026-02,low,no,,1.0,,6.0,6.0,,,,
NW 17TH ST & NW 3RD AVE,nw-17th-st-nw-3rd-ave,3,7,2,True,True,no,gemini,4.0,4.0,yes,0.0,no,0.0,no,2024-10,2026-02,low,no,,2.0,,6.0,6.0,,,,
NW 17TH ST & NW 3RD PL,nw-17th-st-nw-3rd-pl,3,5,1,True,True,no,gemini,4.0,0.0,no,0.0,no,0.0,no,2024-06,2026-02,low,no,,2.0,,6.0,6.0,,,,
NW 10TH ST & NW 5TH AVE,nw-10th-st-nw-5th-ave,3,7,2,True,True,no,gemini,4.0,0.0,no,0.0,no,0.0,no,2026-02,2026-02,low,no,,,,6.0,6.0,,,,
NW 18TH ST & NW 8TH AVE,nw-18th-st-nw-8th-ave,3,8,3,True,True,no,gemini,3.0,0.0,no,1.0,yes,0.0,no,2015-02,2026-03,low,no,yes,3.0,,4.0,6.0,4.0,35.0,17100.0,35.0
NW 19TH LN & NW 6TH ST,nw-19th-ln-nw-6th-st,3,8,3,True,True,no,gemini,4.0,0.0,no,0.0,no,0.0,no,2026-03,2026-03,low,no,,4.0,35.0,3.0,6.0,4.0,35.0,15500.0,35.0
NW 35TH ST & NW 39TH AVE,nw-35th-st-nw-39th-ave,3,10,3,True,True,no,gemini,3.0,0.0,no,2.0,yes,2.0,yes,2026-02,2026-03,low,yes,yes,3.0,45.0,2.0,6.0,4.0,45.0,35500.0,45.0
NE 28TH AVE & NE 9TH ST,ne-28th-ave-ne-9th-st,3,6,3,True,True,no,gemini,4.0,1.0,yes,0.0,no,0.0,no,2023-08,2026-03,low,no,,2.0,,4.0,6.0,,,,
SE 7TH AVE & SE 7TH ST,se-7th-ave-se-7th-st,3,7,2,False,False,,,,,,,,,,,,,,,,,,,,,,
NW 13TH ST & NW 9TH AVE,nw-13th-st-nw-9th-ave,3,13,8,True,True,no,gemini,4.0,0.0,no,2.0,yes,0.0,no,2024-11,2026-03,low,no,,5.0,35.0,2.0,6.0,4.0,35.0,30750.0,35.0
NW 14TH ST & NW 39TH AVE,nw-14th-st-nw-39th-ave,3,16,9,True,True,no,gemini,3.0,0.0,no,1.0,yes,0.0,no,2023-08,2024-10,low,no,yes,5.0,45.0,2.0,6.0,4.0,45.0,27000.0,45.0
NW 15TH ST & NW 1ST AVE,nw-15th-st-nw-1st-ave,3,6,3,True,True,no,gemini,4.0,0.0,no,0.0,no,0.0,no,2026-02,2026-03,low,no,,,,6.0,6.0,2.0,45.0,9300.0,45.0
NW 15TH ST & NW 39TH AVE,nw-15th-st-nw-39th-ave,3,12,8,True,True,no,gemini,3.0,0.0,no,2.0,yes,0.0,no,2022-06,2026-03,low,no,yes,5.0,45.0,2.0,6.0,4.0,45.0,27500.0,45.0
SHEALY DR & SW ARCHER RD,shealy-dr-sw-archer-rd,3,10,6,True,True,no,gemini,3.0,1.0,yes,1.0,yes,2.0,yes,2024-06,2026-02,low,yes,yes,4.0,35.0,2.0,5.0,4.0,35.0,37000.0,35.0
SR 222 & US 441,sr-222-us-441,3,4,0,False,False,,,,,,,,,,,,,,,,,,,,,,
SURGE AREA DR & SW ARCHER RD,surge-area-dr-sw-archer-rd,3,27,14,True,True,no,gemini,3.0,0.0,no,2.0,yes,2.0,yes,2024-06,2026-02,low,yes,yes,4.0,45.0,2.0,5.0,6.0,45.0,48500.0,45.0
SW 10TH ST & SW 1ST AVE,sw-10th-st-sw-1st-ave,3,12,2,True,True,no,gemini,4.0,4.0,yes,0.0,no,0.0,no,2026-02,2026-02,low,no,,,,6.0,6.0,,,,
NE 14TH ST & NE 23RD AVE,ne-14th-st-ne-23rd-ave,3,4,0,True,True,no,gemini,3.0,0.0,no,1.0,yes,0.0,no,2026-03,2026-03,low,no,,4.0,40.0,3.0,6.0,,,,40.0
NE 14TH ST & NE 39TH AVE,ne-14th-st-ne-39th-ave,3,8,3,True,True,no,gemini,3.0,0.0,no,2.0,yes,2.0,yes,2026-03,2026-03,low,yes,yes,3.0,45.0,2.0,6.0,4.0,45.0,18300.0,45.0
NE 14TH ST & NE 3RD AVE,ne-14th-st-ne-3rd-ave,3,5,0,True,True,no,gemini,4.0,0.0,no,0.0,no,0.0,no,2026-03,2026-03,low,no,,,,6.0,6.0,,,,
SW 10TH ST & SW 3RD AVE,sw-10th-st-sw-3rd-ave,3,10,5,True,True,no,gemini,4.0,0.0,no,0.0,no,0.0,no,2026-02,2026-02,low,no,,1.0,25.0,6.0,6.0,,,,25.0
NE 17TH TER & NE 23RD AVE,ne-17th-ter-ne-23rd-ave,3,10,2,True,True,no,gemini,4.0,0.0,no,0.0,no,0.0,no,2026-03,2026-03,low,no,,4.0,40.0,3.0,6.0,4.0,40.0,8600.0,40.0
SE 11TH ST & SE 12TH AVE,se-11th-st-se-12th-ave,3,3,0,False,False,,,,,,,,,,,,,,,,,,,,,,
NE 12TH ST & NE 8TH AVE,ne-12th-st-ne-8th-ave,3,7,1,True,True,no,gemini,4.0,1.0,yes,0.0,no,0.0,no,2026-03,2026-03,low,no,,2.0,,4.0,6.0,,,,
SW 13TH ST & SW WILLISTON RD,sw-13th-st-sw-williston-rd,3,8,39,True,True,yes,osm,4.0,4.0,yes,4.0,yes,2.0,yes,2023-08,2026-02,low,yes,yes,4.0,45.0,1.0,2.0,4.0,45.0,25500.0,45.0
SW 16TH AVE & VA HOSPITAL,sw-16th-ave-va-hospital,3,5,1,False,False,,,,,,,,,,,,,,,,,,,4.0,35.0,20500.0,35.0
SW 17TH PL & SW 37TH ST,sw-17th-pl-sw-37th-st,3,3,0,True,True,no,gemini,2.0,0.0,no,0.0,no,0.0,no,2018-10,2024-06,low,no,,,,6.0,6.0,,,,
SW 17TH RD & SW 74TH DR,sw-17th-rd-sw-74th-dr,3,5,1,True,True,yes,gemini,4.0,0.0,no,0.0,no,1.0,yes,2026-01,2026-02,low,yes,,,,6.0,6.0,,,,
SW 17TH RD & SW 75TH ST,sw-17th-rd-sw-75th-st,3,3,7,False,False,,,,,,,,,,,,,,,,,,,,,,
NE 11TH TER & NE 23RD AVE,ne-11th-ter-ne-23rd-ave,3,7,3,True,True,no,gemini,3.0,2.0,yes,0.0,no,0.0,no,2023-08,2026-03,low,no,,4.0,40.0,3.0,6.0,4.0,40.0,14100.0,40.0
SW 20TH AVE & SW 42ND WAY,sw-20th-ave-sw-42nd-way,3,4,0,True,True,no,gemini,3.0,0.0,no,2.0,yes,0.0,no,2026-02,2026-02,low,no,yes,4.0,40.0,3.0,6.0,,,,40.0
SW 20TH LN & SW 43RD ST,sw-20th-ln-sw-43rd-st,3,9,1,True,True,no,gemini,4.0,0.0,no,0.0,no,1.0,yes,2007-11,2026-02,low,no,,2.0,,4.0,6.0,,,,
SW 22ND RD & SW 38TH TER,sw-22nd-rd-sw-38th-ter,3,8,1,False,False,,,,,,,,,,,,,,,,,,,,,,
NW 13TH ST & NW 68TH AVE,nw-13th-st-nw-68th-ave,3,6,2,False,False,,,,,,,,,,,,,,,,,,,4.0,60.0,21000.0,60.0
NW 13TH ST & NW 6TH PL,nw-13th-st-nw-6th-pl,3,10,4,True,True,no,gemini,3.0,0.0,no,0.0,no,0.0,no,2024-06,2026-02,low,no,yes,5.0,30.0,2.0,6.0,4.0,30.0,28000.0,30.0
SE 3RD ST & SE 5TH AVE,se-3rd-st-se-5th-ave,3,6,3,True,True,no,gemini,4.0,0.0,no,2.0,yes,0.0,no,2026-02,2026-03,low,no,yes,3.0,30.0,4.0,6.0,,,,30.0
N MAIN ST & NE 28TH PL,n-main-st-ne-28th-pl,3,6,2,True,True,no,gemini,3.0,0.0,no,2.0,yes,0.0,no,2026-03,2026-03,low,no,,4.0,,3.0,6.0,,,,
N MAIN ST & NE 34TH PL,n-main-st-ne-34th-pl,3,3,0,True,True,no,gemini,3.0,0.0,no,1.0,yes,0.0,no,2026-03,2026-03,low,no,,4.0,,3.0,5.0,,,,
N MAIN ST & NE 7TH AVE,n-main-st-ne-7th-ave,3,13,8,True,True,no,gemini,4.0,0.0,no,2.0,yes,0.0,no,2026-02,2026-03,low,no,yes,3.0,30.0,3.0,6.0,2.0,30.0,16500.0,30.0
SW 26TH ST & SW 2ND AVE,sw-26th-st-sw-2nd-ave,3,13,5,True,True,no,gemini,3.0,0.0,no,0.0,no,0.0,no,2026-02,2026-03,low,no,,2.0,35.0,3.0,6.0,2.0,35.0,14150.0,35.0
SW 27TH ST & SW 38TH PL,sw-27th-st-sw-38th-pl,3,7,1,True,True,no,gemini,3.0,1.0,yes,0.0,no,0.0,no,2024-06,2026-01,low,no,,2.0,30.0,4.0,6.0,,,,30.0
SW 2ND AVE & SW 7TH ST,sw-2nd-ave-sw-7th-st,3,6,3,True,True,no,gemini,3.0,1.0,yes,0.0,no,2.0,yes,2026-02,2026-03,low,yes,,1.0,,4.0,6.0,,,,
E UNIVERSITY AVE & NE BLVD,e-university-ave-ne-blvd,3,11,6,True,True,no,gemini,3.0,1.0,yes,0.0,no,1.0,yes,2026-02,2026-03,low,yes,yes,3.0,35.0,2.0,6.0,4.0,35.0,18300.0,35.0
SW 30TH WAY & SW 35TH PL,sw-30th-way-sw-35th-pl,3,6,2,True,True,no,gemini,2.0,0.0,no,1.0,yes,0.0,no,2026-02,2026-02,low,no,yes,3.0,30.0,4.0,6.0,,,,30.0
E UNIVERSITY AVE & NE 17TH ST,e-university-ave-ne-17th-st,3,6,2,True,True,no,gemini,4.0,2.0,yes,1.0,yes,1.0,yes,2024-06,2026-03,low,yes,,2.0,35.0,2.0,6.0,4.0,35.0,11500.0,35.0
E UNIVERSITY AVE & NE 4TH ST,e-university-ave-ne-4th-st,3,11,3,True,True,no,gemini,3.0,1.0,yes,0.0,no,0.0,no,2026-02,2026-03,low,yes,yes,5.0,30.0,2.0,6.0,4.0,30.0,35500.0,30.0
CR 231 & NW 34TH ST,cr-231-nw-34th-st,3,3,0,False,False,,,,,,,,,,,,,,,,,,,,,,
CR 231 & SR 121,cr-231-sr-121,3,10,3,True,True,no,gemini,3.0,0.0,no,1.0,yes,0.0,no,2026-03,2026-03,low,,,,,,,2.0,60.0,2800.0,60.0
NW 13TH ST & NW 36TH RD,nw-13th-st-nw-36th-rd,3,9,1,True,True,no,gemini,3.0,0.0,no,1.0,yes,2.0,yes,2023-08,2026-03,low,yes,yes,3.0,45.0,2.0,6.0,4.0,45.0,28000.0,45.0
NW 13TH ST & NW 43RD ST,nw-13th-st-nw-43rd-st,3,6,16,False,False,,,,,,,,,,,,,,,,,,,4.0,50.0,21000.0,50.0
NW 21ST DR & NW 39TH AVE,nw-21st-dr-nw-39th-ave,3,13,8,True,True,no,gemini,4.0,0.0,no,2.0,yes,0.0,no,2023-08,2025-02,low,no,yes,5.0,45.0,2.0,6.0,4.0,45.0,28500.0,45.0
NW 21ST DR & NW 53RD AVE,nw-21st-dr-nw-53rd-ave,3,6,1,True,True,no,gemini,3.0,0.0,no,2.0,yes,1.0,yes,2026-02,2026-03,low,yes,,2.0,,4.0,6.0,,,,
NW 10TH AVE & NW 12TH ST,nw-10th-ave-nw-12th-st,3,5,1,True,True,no,gemini,4.0,2.0,yes,0.0,no,1.0,yes,2026-03,2026-03,low,no,,2.0,,6.0,6.0,,,,
NW 10TH AVE & NW 2ND ST,nw-10th-ave-nw-2nd-st,3,10,5,True,True,yes,gemini,4.0,0.0,no,2.0,yes,0.0,no,2022-04,2026-03,low,no,,,,6.0,6.0,,,,
NW 21ST ST & NW 39TH AVE,nw-21st-st-nw-39th-ave,3,14,6,True,True,no,gemini,3.0,0.0,no,0.0,no,0.0,no,2025-02,2026-02,low,no,yes,5.0,45.0,2.0,6.0,4.0,45.0,26750.0,45.0
NW 22ND ST & NW 66TH CT,nw-22nd-st-nw-66th-ct,3,4,0,False,False,,,,,,,,,,,,,,,,,,,,,,
NW 22ND ST & NW 7TH PL,nw-22nd-st-nw-7th-pl,3,5,1,True,True,no,gemini,3.0,0.0,no,1.0,yes,0.0,no,2026-02,2026-02,low,no,,2.0,,4.0,6.0,,,,
NE 8TH AVE & NE BLVD,ne-8th-ave-ne-blvd,3,10,5,True,True,no,gemini,4.0,4.0,yes,0.0,no,0.0,no,2026-02,2026-03,low,yes,,2.0,,4.0,6.0,,,,
NW 19TH ST & NW 1ST AVE,nw-19th-st-nw-1st-ave,3,8,5,True,True,no,gemini,4.0,4.0,yes,0.0,no,0.0,no,2026-02,2026-03,low,no,,2.0,25.0,6.0,6.0,,,,25.0
NW 10TH ST & NW 16TH AVE,nw-10th-st-nw-16th-ave,3,6,1,True,True,no,gemini,4.0,1.0,yes,2.0,yes,0.0,no,2026-03,2026-03,low,no,,2.0,,4.0,6.0,,,,
NW 10TH ST & NW 39TH AVE,nw-10th-st-nw-39th-ave,3,11,3,True,True,no,gemini,3.0,0.0,no,2.0,yes,0.0,no,2023-08,2026-03,low,no,yes,5.0,45.0,2.0,6.0,4.0,45.0,21000.0,45.0
NW 1ST ST & NW 4TH AVE,nw-1st-st-nw-4th-ave,3,6,2,True,True,no,gemini,4.0,0.0,no,0.0,no,0.0,no,2026-02,2026-03,low,no,,,,6.0,6.0,,,,
NW 23RD BLVD & NW 31ST AVE,nw-23rd-blvd-nw-31st-ave,3,12,2,True,True,no,gemini,4.0,0.0,no,0.0,no,0.0,no,2024-06,2026-03,low,no,,2.0,35.0,4.0,4.0,,,,35.0
NW 13TH ST & NW 32ND AVE,nw-13th-st-nw-32nd-ave,3,7,4,True,True,no,gemini,4.0,0.0,no,2.0,yes,2.0,yes,2026-03,2026-03,low,yes,yes,3.0,45.0,2.0,6.0,4.0,45.0,27750.0,45.0
SW 41ST PL & SW 71ST TER,sw-41st-pl-sw-71st-ter,3,3,0,True,True,no,gemini,3.0,0.0,no,0.0,no,0.0,no,2023-09,2026-01,low,no,,2.0,30.0,6.0,6.0,,,,30.0
NW 19TH ST & NW 5TH AVE,nw-19th-st-nw-5th-ave,3,6,2,True,True,no,gemini,4.0,1.0,yes,0.0,no,0.0,no,2026-02,2026-03,low,no,,,,6.0,6.0,,,,
SW 10TH ST & SW 5TH AVE,sw-10th-st-sw-5th-ave,3,26,14,True,True,no,gemini,4.0,4.0,yes,0.0,no,0.0,no,2023-08,2026-03,low,no,,1.0,25.0,6.0,6.0,,,,25.0
SW 10TH ST & SW 8TH AVE,sw-10th-st-sw-8th-ave,3,10,5,True,True,no,gemini,4.0,0.0,no,0.0,no,0.0,no,2016-07,2026-02,low,no,,2.0,25.0,6.0,6.0,,,,25.0
NW 16TH ST & NW 3RD AVE,nw-16th-st-nw-3rd-ave,3,4,1,True,True,no,gemini,4.0,3.0,yes,0.0,no,0.0,no,2024-06,2026-02,low,no,,,,6.0,6.0,,,,
NW 4TH BLVD & UNNAMED ST,nw-4th-blvd-unnamed-st,3,7,0,False,False,,,,,,,,,,,,,,,,,,,,,,
SW 38TH ST & SW 39TH BLVD,sw-38th-st-sw-39th-blvd,3,7,1,False,False,,,,,,,,,,,,,,,,,,,,,,
THE OAKS MALL WEST ENTRANCE & W NEWBERRY RD,the-oaks-mall-west-entrance-w-newberry-rd,2,4,1,False,False,,,,,,,,,,,,,,,,,,,6.0,35.0,50000.0,35.0
NW 43RD ST & NW 44TH AVE,nw-43rd-st-nw-44th-ave,2,9,2,True,True,no,gemini,3.0,0.0,no,1.0,yes,0.0,no,2026-02,2026-03,low,yes,,4.0,45.0,3.0,6.0,,,,45.0
NW 42ND TER & NW 8TH AVE,nw-42nd-ter-nw-8th-ave,2,5,0,True,True,no,gemini,3.0,0.0,no,0.0,no,0.0,no,2015-02,2026-02,low,no,,4.0,,4.0,6.0,,,,
NW 41ST PL & NW 6TH ST,nw-41st-pl-nw-6th-st,2,2,0,False,False,,,,,,,,,,,,,,,,,,,,,,
NW 43RD ST & NW 9TH PL,nw-43rd-st-nw-9th-pl,2,8,3,True,True,no,gemini,4.0,0.0,no,2.0,yes,0.0,no,2026-02,2026-03,low,no,yes,5.0,45.0,3.0,6.0,,,,45.0
NW 43RD ST & NW 65TH AVE,nw-43rd-st-nw-65th-ave,2,12,8,True,True,no,gemini,3.0,1.0,yes,1.0,yes,0.0,no,2026-02,2026-03,low,no,yes,3.0,,3.0,6.0,,,,
NE 20TH ST & NE 8TH AVE,ne-20th-st-ne-8th-ave,2,6,3,True,True,no,gemini,4.0,2.0,yes,0.0,no,0.0,no,2026-03,2026-03,low,no,,2.0,,4.0,6.0,,,,
NW 41ST AVE & NW 6TH ST,nw-41st-ave-nw-6th-st,2,7,3,True,True,no,gemini,3.0,0.0,no,0.0,no,0.0,no,2023-03,2026-03,low,no,,4.0,35.0,3.0,6.0,4.0,35.0,10100.0,35.0
SE 13TH ST & SE 3RD AVE,se-13th-st-se-3rd-ave,2,6,2,True,True,no,gemini,4.0,3.0,yes,0.0,no,0.0,no,2026-03,2026-03,low,no,,2.0,,4.0,6.0,,,,
NW 32ND AVE & NW 43RD ST,nw-32nd-ave-nw-43rd-st,2,10,6,True,True,no,gemini,3.0,0.0,no,1.0,yes,0.0,no,2026-02,2026-03,low,no,yes,5.0,45.0,3.0,6.0,,,,45.0
SE 11TH ST & SE 6TH AVE,se-11th-st-se-6th-ave,2,10,6,True,True,no,gemini,4.0,0.0,no,2.0,yes,2.0,yes,2025-04,2026-03,low,yes,yes,3.0,35.0,1.0,6.0,4.0,35.0,24000.0,35.0
SE 15TH ST & SE 3RD AVE,se-15th-st-se-3rd-ave,2,13,5,True,True,yes,osm,4.0,4.0,yes,0.0,no,0.0,no,2022-05,2024-06,low,no,,2.0,,4.0,4.0,,,,
NW 33RD AVE & NW 6TH ST,nw-33rd-ave-nw-6th-st,2,6,0,True,True,no,gemini,4.0,0.0,no,0.0,no,0.0,no,2023-08,2026-03,low,no,,4.0,35.0,3.0,6.0,,,,35.0
NW 33RD CT & NW 43RD ST,nw-33rd-ct-nw-43rd-st,2,6,3,True,True,no,gemini,3.0,0.0,no,1.0,yes,1.0,yes,2026-02,2026-03,low,no,yes,5.0,45.0,3.0,6.0,,,,45.0
SE 18TH TER & SE 8TH AVE,se-18th-ter-se-8th-ave,2,6,3,True,True,no,gemini,3.0,0.0,no,0.0,no,0.0,no,2026-03,2026-03,low,no,,2.0,,4.0,6.0,,,,
SE 19TH PL & SE 1ST TER,se-19th-pl-se-1st-ter,2,2,0,True,False,,,,,,,,,,,,,no,,,,6.0,6.0,,,,
SW 2ND ST & SW 3RD AVE,sw-2nd-st-sw-3rd-ave,2,3,1,True,True,no,gemini,4.0,0.0,no,0.0,no,0.0,no,2015-02,2026-03,low,no,,,,6.0,6.0,,,,
NW 16TH AVE & NW 31ST ST,nw-16th-ave-nw-31st-st,2,3,1,True,True,no,gemini,3.0,1.0,yes,1.0,yes,2.0,yes,2023-03,2024-06,low,yes,yes,3.0,40.0,3.0,6.0,,,,40.0
NW 37TH ST & NW 62ND PL,nw-37th-st-nw-62nd-pl,2,3,1,True,True,no,gemini,3.0,0.0,no,0.0,no,0.0,no,2026-02,2026-02,low,yes,,,,4.0,6.0,,,,
NW 37TH TER & NW 39TH AVE,nw-37th-ter-nw-39th-ave,2,7,3,True,True,no,gemini,3.0,0.0,no,1.0,yes,2.0,yes,2007-11,2026-03,low,yes,yes,3.0,45.0,2.0,6.0,4.0,45.0,34500.0,45.0
NE 17TH PL & NE WALDO RD,ne-17th-pl-ne-waldo-rd,2,4,2,True,True,no,gemini,3.0,0.0,no,1.0,yes,2.0,yes,2026-03,2026-03,low,yes,yes,3.0,45.0,1.0,6.0,4.0,45.0,27223.0,45.0
SW 2ND TER & SW DEPOT AVE,sw-2nd-ter-sw-depot-ave,2,5,1,True,True,no,gemini,3.0,1.0,yes,1.0,yes,2.0,yes,2021-03,2026-02,low,yes,,1.0,25.0,4.0,6.0,,,,25.0
NW 15TH ST & NW 2ND PL,nw-15th-st-nw-2nd-pl,2,13,6,True,True,no,gemini,4.0,0.0,no,0.0,no,0.0,no,2026-02,2026-03,low,no,,,,6.0,6.0,,,,
NW 15TH ST & NW 4TH AVE,nw-15th-st-nw-4th-ave,2,8,3,True,True,no,gemini,3.0,0.0,no,0.0,no,0.0,no,2026-02,2026-03,low,no,,,,6.0,6.0,,,,
NW 31ST AVE & NW 31ST TER,nw-31st-ave-nw-31st-ter,2,5,2,True,True,no,gemini,4.0,1.0,yes,0.0,no,1.0,yes,2024-06,2026-03,low,yes,,2.0,35.0,4.0,6.0,,,,35.0
SE 23RD ST & SE 8TH AVE,se-23rd-st-se-8th-ave,2,2,0,True,True,no,gemini,3.0,0.0,no,1.0,yes,0.0,no,2026-03,2026-03,low,no,,2.0,,4.0,4.0,,,,
NW 29TH ST & NW 34TH ST,nw-29th-st-nw-34th-st,2,3,1,False,False,,,,,,,,,,,,,,,,,,,2.0,40.0,16600.0,40.0
NE 16TH AVE & NE 16TH WAY,ne-16th-ave-ne-16th-way,2,8,4,True,True,no,gemini,3.0,1.0,yes,0.0,no,0.0,no,2026-03,2026-03,low,no,,2.0,,4.0,6.0,,,,
SE 2ND ST & SE DEPOT AVE,se-2nd-st-se-depot-ave,2,7,5,True,True,no,gemini,3.0,2.0,yes,2.0,yes,1.0,yes,2018-06,2026-02,low,yes,yes,2.0,,4.0,6.0,,,,
SE 1ST ST & SE 4TH AVE,se-1st-st-se-4th-ave,2,3,0,True,True,no,gemini,4.0,0.0,no,0.0,no,0.0,no,2024-06,2026-04,low,no,yes,3.0,,4.0,6.0,,,,
NW 16TH BLVD & NW 43RD AVE,nw-16th-blvd-nw-43rd-ave,2,3,0,False,False,,,,,,,,,,,,,,,,,,,,,,
NW 12TH DR & NW 5TH AVE,nw-12th-dr-nw-5th-ave,2,3,0,True,True,no,gemini,3.0,0.0,no,0.0,no,0.0,no,2026-02,2026-02,low,no,,,,6.0,6.0,,,,
HULL RD & SW 37TH ST,hull-rd-sw-37th-st,2,3,1,False,False,,,,,,,,,,,,,,,,,,,,,,
SE 1ST ST & SE WILLISTON RD,se-1st-st-se-williston-rd,2,2,0,True,True,no,gemini,3.0,0.0,no,1.0,yes,2.0,yes,2025-04,2026-02,low,yes,,2.0,45.0,1.0,6.0,,,,45.0
NW 16TH AVE & NW 17TH ST,nw-16th-ave-nw-17th-st,2,11,7,True,True,no,gemini,3.0,0.0,no,0.0,no,2.0,yes,2026-03,2026-03,low,yes,yes,3.0,40.0,3.0,6.0,,,,40.0
NW 16TH AVE & NW 18TH ST,nw-16th-ave-nw-18th-st,2,8,4,True,True,no,gemini,3.0,1.0,yes,1.0,yes,1.0,yes,2024-06,2026-03,low,yes,,2.0,40.0,3.0,6.0,,,,40.0
NW 16TH AVE & NW 20TH WAY,nw-16th-ave-nw-20th-way,2,4,2,True,True,no,gemini,3.0,1.0,yes,1.0,yes,2.0,yes,2026-03,2026-03,low,yes,,2.0,40.0,3.0,6.0,,,,40.0
NW 16TH AVE & NW 23RD TER,nw-16th-ave-nw-23rd-ter,2,8,5,True,True,no,gemini,3.0,1.0,yes,1.0,yes,3.0,yes,2026-03,2026-03,low,yes,,2.0,40.0,3.0,6.0,,,,40.0
SE 10TH ST & SE 12TH AVE,se-10th-st-se-12th-ave,2,2,0,True,True,no,gemini,4.0,0.0,no,0.0,no,0.0,no,2022-05,2026-02,low,no,,,,6.0,6.0,,,,
S MAIN ST & SW 5TH AVE,s-main-st-sw-5th-ave,2,12,7,True,True,yes,osm,4.0,0.0,no,2.0,yes,0.0,no,2024-06,2026-02,low,no,yes,3.0,35.0,3.0,6.0,4.0,45.0,10850.0,45.0
NE 47TH AVE & NE WALDO RD,ne-47th-ave-ne-waldo-rd,2,6,1,False,False,,,,,,,,,,,,,,,,,,,4.0,45.0,17500.0,45.0
NE 5TH AVE & NE 9TH ST,ne-5th-ave-ne-9th-st,2,4,1,True,True,no,gemini,4.0,0.0,no,0.0,no,0.0,no,2024-06,2026-03,low,no,,2.0,,4.0,6.0,,,,
SW 10TH ST & SW 1ST PL,sw-10th-st-sw-1st-pl,2,3,0,False,False,,,,,,,,,,,,,,,,,,,,,,
SE 4TH ST & SW WILLISTON RD,se-4th-st-sw-williston-rd,2,3,0,False,False,,,,,,,,,,,,,,,,,,,,,,
NW 24TH TER & NW 34TH BLVD,nw-24th-ter-nw-34th-blvd,2,10,2,True,True,no,gemini,3.0,0.0,no,1.0,yes,0.0,no,2023-08,2026-02,low,no,yes,3.0,40.0,3.0,6.0,2.0,40.0,9500.0,40.0
NW 23RD TER & NW 58TH AVE,nw-23rd-ter-nw-58th-ave,2,2,0,True,True,no,gemini,2.0,0.0,no,0.0,no,0.0,no,2026-03,2026-03,low,no,,,,6.0,6.0,,,,
SE 7TH AVE & SE 8TH AVE,se-7th-ave-se-8th-ave,2,4,1,True,True,no,gemini,4.0,0.0,no,0.0,no,0.0,no,2024-06,2026-03,low,no,,2.0,,4.0,6.0,,,,
SW 12TH ST & SW 4TH AVE,sw-12th-st-sw-4th-ave,2,9,4,True,True,no,gemini,4.0,2.0,yes,0.0,no,0.0,no,2026-02,2026-02,low,no,,2.0,25.0,4.0,6.0,,,,25.0
NW 12TH AVE & NW 6TH ST,nw-12th-ave-nw-6th-st,2,9,6,True,True,no,gemini,3.0,0.0,no,0.0,no,0.0,no,2026-03,2026-03,low,yes,,4.0,35.0,3.0,6.0,4.0,35.0,16500.0,35.0
NW 16TH TER & NW 23RD BLVD,nw-16th-ter-nw-23rd-blvd,2,2,0,False,False,,,,,,,,,,,,,,,,,,,,,,
NW 15TH ST & NW 5TH AVE,nw-15th-st-nw-5th-ave,2,8,2,True,True,no,gemini,4.0,3.0,yes,0.0,no,0.0,no,2026-03,2026-03,low,no,,,,6.0,6.0,,,,
E UNIVERSITY AVE & NE 20TH ST,e-university-ave-ne-20th-st,2,5,1,True,True,no,gemini,3.0,1.0,yes,1.0,yes,2.0,yes,2024-10,2026-03,low,yes,,2.0,45.0,2.0,6.0,4.0,45.0,10200.0,45.0
E UNIVERSITY AVE & NE 22ND ST,e-university-ave-ne-22nd-st,2,5,1,True,True,no,gemini,4.0,0.0,no,2.0,yes,2.0,yes,2026-03,2026-03,low,yes,,2.0,45.0,2.0,6.0,4.0,45.0,10700.0,45.0
NE 3RD ST & NE 6TH AVE,ne-3rd-st-ne-6th-ave,2,3,0,False,False,,,,,,,,,,,,,,,,,,,,,,
NW 2ND ST & NW 3RD AVE,nw-2nd-st-nw-3rd-ave,2,5,2,True,True,no,gemini,4.0,0.0,no,0.0,no,0.0,no,2026-02,2026-03,low,no,,,,6.0,6.0,,,,
NE 16TH AVE & NE 21ST PL,ne-16th-ave-ne-21st-pl,2,2,0,False,False,,,,,,,,,,,,,,,,,,,,,,
NW 23RD AVE & UNNAMED ST,nw-23rd-ave-unnamed-st,2,2,0,False,False,,,,,,,,,,,,,,,,,,,,,,
NW 23RD DR & W UNIVERSITY AVE,nw-23rd-dr-w-university-ave,2,5,3,True,True,no,gemini,4.0,1.0,yes,0.0,no,0.0,no,2026-02,2026-02,low,no,,3.0,35.0,2.0,6.0,3.0,35.0,24000.0,35.0
NW 23RD TER & NW 31ST AVE,nw-23rd-ter-nw-31st-ave,2,11,5,False,False,,,,,,,,,,,,,,,,,,,,,,
NW 23RD TER & NW 39TH AVE,nw-23rd-ter-nw-39th-ave,2,4,0,True,True,no,gemini,2.0,0.0,no,0.0,no,0.0,no,2026-03,2026-03,low,no,,5.0,45.0,2.0,6.0,,,,45.0
NE 7TH TER & NE 8TH AVE,ne-7th-ter-ne-8th-ave,2,3,0,True,True,no,gemini,4.0,1.0,yes,0.0,no,1.0,yes,2023-08,2025-04,low,no,,2.0,,4.0,6.0,,,,
NW 17TH ST & NW 6TH AVE,nw-17th-st-nw-6th-ave,2,3,0,True,True,no,gemini,4.0,0.0,no,0.0,no,0.0,no,2026-02,2026-02,low,no,,,,6.0,6.0,,,,
NW 17TH ST & NW 7TH AVE,nw-17th-st-nw-7th-ave,2,5,2,True,True,no,gemini,4.0,4.0,yes,0.0,no,0.0,no,2026-02,2026-02,low,no,,,,6.0,6.0,,,,
NW 11TH ST & NW 42ND AVE,nw-11th-st-nw-42nd-ave,2,2,0,True,True,no,gemini,3.0,0.0,no,0.0,no,0.0,no,2023-08,2023-08,low,no,,,,6.0,6.0,,,,
SW 2ND AVE & US 441,sw-2nd-ave-us-441,2,11,8,True,True,no,gemini,2.0,0.0,no,2.0,yes,2.0,yes,2026-04,2026-04,low,,,,,,,4.0,30.0,35500.0,30.0
SW 10TH ST & SW 7TH AVE,sw-10th-st-sw-7th-ave,2,10,4,True,True,no,gemini,4.0,3.0,yes,0.0,no,0.0,no,2024-06,2026-02,low,no,,1.0,25.0,6.0,6.0,,,,25.0
NW 28TH ST & W UNIVERSITY AVE,nw-28th-st-w-university-ave,2,16,11,True,True,no,gemini,3.0,0.0,no,0.0,no,0.0,no,2026-02,2026-02,low,no,,3.0,35.0,2.0,6.0,3.0,35.0,22000.0,35.0
NW 28TH TER & NW 55TH BLVD,nw-28th-ter-nw-55th-blvd,2,2,0,True,True,no,gemini,3.0,0.0,no,0.0,no,0.0,no,2023-08,2026-02,low,no,,,,6.0,6.0,,,,
NE 15TH ST & NE 30TH AVE,ne-15th-st-ne-30th-ave,2,5,1,True,True,no,gemini,3.0,0.0,no,0.0,no,0.0,no,2023-08,2026-03,low,no,,2.0,,4.0,6.0,,,,
SE 4TH ST & SE 8TH PL,se-4th-st-se-8th-pl,2,3,0,True,True,no,gemini,3.0,2.0,yes,0.0,no,0.0,no,2026-02,2026-04,low,no,,2.0,,4.0,6.0,,,,
SE 25TH ST & SE HAWTHORNE RD,se-25th-st-se-hawthorne-rd,2,4,2,True,True,no,gemini,3.0,0.0,no,1.0,yes,2.0,yes,2026-03,2026-03,low,yes,yes,3.0,45.0,1.0,6.0,4.0,45.0,16700.0,45.0
NW 27TH TER & NW 46TH PL,nw-27th-ter-nw-46th-pl,2,2,0,True,True,no,gemini,3.0,0.0,no,0.0,no,0.0,no,2026-02,2026-02,low,no,,,30.0,6.0,6.0,,,,30.0
NW 22ND ST & NW 73RD PL,nw-22nd-st-nw-73rd-pl,2,2,0,True,True,no,gemini,3.0,0.0,no,1.0,yes,0.0,no,2026-02,2026-03,low,no,,,,6.0,,,,,
NW 22ND ST & US 441,nw-22nd-st-us-441,2,3,0,False,False,,,,,,,,,,,,,,,,,,,,,,
NO NAMED ST & OLD ARCHER RD,no-named-st-old-archer-rd,2,2,0,False,False,,,,,,,,,,,,,,,,,,,,,,
NW 1ST ST & NW 8TH AVE,nw-1st-st-nw-8th-ave,2,10,2,True,True,no,gemini,3.0,0.0,no,1.0,yes,0.0,no,2026-03,2026-03,low,no,yes,5.0,30.0,3.0,6.0,2.5,30.0,13200.0,30.0
NW 10TH AVE & NW 10TH ST,nw-10th-ave-nw-10th-st,2,8,4,True,True,no,gemini,4.0,3.0,yes,0.0,no,0.0,no,2026-03,2026-03,low,no,,,,6.0,6.0,,,,
NW 10TH AVE & NW 4TH ST,nw-10th-ave-nw-4th-st,2,5,0,True,True,no,gemini,4.0,1.0,yes,0.0,no,1.0,yes,2022-04,2026-03,low,yes,,,,6.0,6.0,,,,
NW 10TH AVE & NW 8TH ST,nw-10th-ave-nw-8th-st,2,4,2,True,True,no,gemini,4.0,2.0,yes,0.0,no,0.0,no,2018-10,2026-03,low,no,,,,6.0,6.0,,,,
NW 21ST PL & SR 121,nw-21st-pl-sr-121,2,2,0,True,True,no,gemini,3.0,1.0,yes,0.0,no,0.0,no,2015-02,2026-03,low,no,,,,6.0,,,,,
SW 17TH RD & SW 68TH TER,sw-17th-rd-sw-68th-ter,2,3,0,False,False,,,,,,,,,,,,,,,,,,,,,,
NW 11TH AVE & NW 22ND ST,nw-11th-ave-nw-22nd-st,2,3,1,True,True,no,gemini,4.0,0.0,no,0.0,no,0.0,no,2026-02,2026-03,low,no,,2.0,,4.0,6.0,,,,
NW 16TH BLVD & NW 35TH TER,nw-16th-blvd-nw-35th-ter,2,11,4,True,True,no,gemini,3.0,0.0,no,0.0,no,2.0,yes,2026-02,2026-03,low,yes,yes,3.0,,3.0,6.0,,,,
NW 16TH BLVD & NW 35TH WAY,nw-16th-blvd-nw-35th-way,2,11,4,True,True,no,gemini,3.0,0.0,no,1.0,yes,1.0,yes,2026-02,2026-02,low,yes,yes,3.0,,3.0,6.0,,,,
SW 28TH ST & SW 2ND AVE,sw-28th-st-sw-2nd-ave,2,5,1,False,False,,,,,,,,,,,,,,,,,,,2.0,35.0,13800.0,35.0
SW 12TH ST & SW 6TH AVE,sw-12th-st-sw-6th-ave,2,4,2,True,True,no,gemini,3.0,1.0,yes,0.0,no,0.0,no,2019-06,2026-02,low,no,,1.0,25.0,6.0,6.0,,,,25.0
NE 13TH ST & NE 23RD AVE,ne-13th-st-ne-23rd-ave,2,3,1,False,False,,,,,,,,,,,,,,,,,,,4.0,40.0,11800.0,40.0
NW 23RD AVE & NW 51ST TER,nw-23rd-ave-nw-51st-ter,2,5,1,True,True,yes,osm,4.0,0.0,no,0.0,no,0.0,no,2015-02,2025-04,low,no,yes,5.0,45.0,3.0,6.0,,,,45.0
SW 15TH PL & SW 42ND ST,sw-15th-pl-sw-42nd-st,2,4,1,True,True,no,gemini,3.0,0.0,no,0.0,no,0.0,no,2026-02,2026-02,low,no,,,,6.0,6.0,,,,
SW 16TH AVE & SW WILLISTON RD,sw-16th-ave-sw-williston-rd,2,3,1,False,False,,,,,,,,,,,,,,,,,,,2.0,35.0,18000.0,35.0
NW 21ST AVE & NW 4TH ST,nw-21st-ave-nw-4th-st,2,2,0,True,True,no,gemini,3.0,0.0,no,0.0,no,0.0,no,2026-03,2026-03,low,no,,,,6.0,6.0,,,,
NW 19TH ST & NW 53RD AVE,nw-19th-st-nw-53rd-ave,2,19,3,True,True,yes,osm,3.0,2.0,yes,1.0,yes,0.0,no,2026-02,2026-03,low,no,,2.0,,4.0,6.0,,,,
NE 11TH ST & NE 8TH AVE,ne-11th-st-ne-8th-ave,2,7,1,True,True,no,gemini,4.0,1.0,yes,1.0,yes,2.0,yes,2026-03,2026-03,low,no,,2.0,,4.0,6.0,,,,
NE 10TH AVE & NE 2ND ST,ne-10th-ave-ne-2nd-st,2,7,2,True,True,no,gemini,4.0,1.0,yes,0.0,no,0.0,no,2026-03,2026-03,low,no,,,,6.0,6.0,4.0,35.0,27500.0,35.0
NW 19TH ST & NW 42ND AVE,nw-19th-st-nw-42nd-ave,2,2,0,False,False,,,,,,,,,,,,,,,,,,,,,,
N MAIN ST & NE 6TH AVE,n-main-st-ne-6th-ave,2,8,6,True,True,no,gemini,4.0,0.0,no,2.0,yes,0.0,no,2024-06,2026-03,low,no,yes,3.0,30.0,3.0,6.0,2.0,30.0,16450.0,30.0
NW 20TH DR & W UNIVERSITY AVE,nw-20th-dr-w-university-ave,2,11,5,True,True,no,gemini,3.0,1.0,yes,1.0,yes,0.0,no,2026-02,2026-03,low,yes,no,5.0,30.0,2.0,6.0,4.0,30.0,30000.0,30.0
NW 10TH PL & NW 66TH ST,nw-10th-pl-nw-66th-st,2,4,1,True,True,no,gemini,3.0,1.0,yes,0.0,no,0.0,no,2024-06,2024-06,low,no,,,10.0,5.0,5.0,,,,10.0
SW 11TH AVE & SW 11TH ST,sw-11th-ave-sw-11th-st,2,3,1,False,False,,,,,,,,,,,,,,,,,,,,,,
NE 8TH AVE & SR 24,ne-8th-ave-sr-24,2,5,3,False,False,,,,,,,,,,,,,,,,,,,4.0,45.0,27000.0,45.0
NW 23RD AVE & NW 3RD TER,nw-23rd-ave-nw-3rd-ter,2,5,3,True,True,no,gemini,3.0,0.0,no,0.0,no,0.0,no,2026-03,2026-03,low,no,,4.0,40.0,3.0,6.0,4.0,40.0,13300.0,40.0
NE 11TH TER & NE 8TH AVE,ne-11th-ter-ne-8th-ave,2,8,1,True,True,no,gemini,3.0,1.0,yes,0.0,no,2.0,yes,2026-03,2026-03,low,no,,2.0,,4.0,6.0,,,,
NE 12TH AVE & NE 9TH ST,ne-12th-ave-ne-9th-st,2,2,0,True,True,no,gemini,4.0,1.0,yes,0.0,no,0.0,no,2026-03,2026-03,low,no,,2.0,,4.0,6.0,,,,
NE 12TH ST & NE 37TH PL,ne-12th-st-ne-37th-pl,2,3,1,True,True,no,gemini,3.0,0.0,no,0.0,no,0.0,no,2023-08,2023-08,low,no,,,,6.0,6.0,,,,
NW 14TH TER & NW 5TH AVE,nw-14th-ter-nw-5th-ave,2,2,0,True,True,no,gemini,3.0,1.0,yes,0.0,no,0.0,no,2026-02,2026-03,low,no,,,,6.0,6.0,,,,
NW 15TH AVE & NW 6TH ST,nw-15th-ave-nw-6th-st,2,12,5,True,True,no,gemini,4.0,0.0,no,1.0,yes,0.0,no,2026-03,2026-03,low,no,yes,5.0,35.0,3.0,6.0,4.0,35.0,16300.0,35.0
NW 12TH ST & NW 4TH AVE,nw-12th-st-nw-4th-ave,2,5,1,True,True,no,gemini,4.0,2.0,yes,0.0,no,0.0,no,2026-02,2026-02,low,no,,,,6.0,6.0,,,,
SW 37TH ST & SW 38TH ST,sw-37th-st-sw-38th-st,2,5,2,True,True,no,gemini,2.0,0.0,no,0.0,no,0.0,no,2026-01,2026-01,low,no,,,,6.0,6.0,,,,
ALLIGATOR ALLEY & SW 10TH ST,alligator-alley-sw-10th-st,2,5,0,False,False,,,,,,,,,,,,,,,,,,,,,,
ALLIGATOR ALLEY & SW 13TH ST,alligator-alley-sw-13th-st,2,7,1,False,False,,,,,,,,,,,,,,,,,,,,,,
NW 5TH AVE & US 441,nw-5th-ave-us-441,2,9,5,True,True,no,gemini,2.0,0.0,no,2.0,yes,2.0,yes,2026-04,2026-04,low,,,,,,,4.0,30.0,32000.0,30.0
NW 3RD AVE & NW 9TH TER,nw-3rd-ave-nw-9th-ter,2,7,2,True,True,no,gemini,4.0,0.0,no,0.0,no,0.0,no,2024-06,2026-03,low,no,,,,6.0,6.0,,,,
NW 40TH DR & NW 8TH AVE,nw-40th-dr-nw-8th-ave,2,4,2,True,True,no,gemini,3.0,1.0,yes,0.0,no,0.0,no,2026-02,2026-02,low,no,,4.0,,4.0,6.0,,,,
NW 60TH ST & W UNIVERSITY AVE,nw-60th-st-w-university-ave,2,4,2,False,False,,,,,,,,,,,,,,,,,,,6.0,35.0,50500.0,35.0
NW 18TH ST & NW 1ST AVE,nw-18th-st-nw-1st-ave,2,7,4,True,True,no,gemini,4.0,4.0,yes,0.0,no,0.0,no,2024-06,2026-02,low,no,,2.0,25.0,6.0,6.0,,,,25.0
NW 18TH ST & NW 2ND AVE,nw-18th-st-nw-2nd-ave,2,7,4,True,True,no,gemini,4.0,1.0,yes,0.0,no,0.0,no,2024-06,2026-02,low,no,,1.0,,6.0,6.0,,,,
NW 17TH AVE & NW 43RD ST,nw-17th-ave-nw-43rd-st,2,6,2,True,True,no,gemini,3.0,0.0,no,1.0,yes,0.0,no,2026-02,2026-03,low,no,,5.0,45.0,3.0,6.0,,,,45.0
SW 24TH ST & SW 35TH PL,sw-24th-st-sw-35th-pl,2,8,4,True,True,no,gemini,3.0,0.0,no,0.0,no,0.0,no,2026-02,2026-02,low,no,,2.0,30.0,4.0,6.0,,,,30.0
NW 17TH ST & NW 39TH AVE,nw-17th-st-nw-39th-ave,2,2,0,True,True,no,gemini,3.0,0.0,no,0.0,no,0.0,no,2011-05,2024-06,low,no,,5.0,45.0,2.0,6.0,,,,45.0
NE 10TH ST & NE 8TH AVE,ne-10th-st-ne-8th-ave,2,4,1,True,True,no,gemini,4.0,0.0,no,1.0,yes,0.0,no,2024-11,2026-03,low,no,,2.0,,4.0,6.0,,,,
NW 10TH ST & NW 23RD AVE,nw-10th-st-nw-23rd-ave,2,15,6,True,True,no,gemini,4.0,2.0,yes,0.0,no,0.0,no,2026-03,2026-03,low,no,,4.0,35.0,3.0,6.0,4.0,35.0,14700.0,35.0
SW 23RD WAY & SW 2ND AVE,sw-23rd-way-sw-2nd-ave,2,8,4,True,True,no,gemini,3.0,2.0,yes,0.0,no,0.0,no,2026-02,2026-03,low,no,,2.0,35.0,3.0,6.0,2.0,35.0,11300.0,35.0
SW 6TH ST & SW 7TH AVE,sw-6th-st-sw-7th-ave,2,3,0,False,False,,,,,,,,,,,,,,,,,,,,,,
NW 3RD AVE & NW 3RD ST,nw-3rd-ave-nw-3rd-st,2,3,0,True,True,no,gemini,4.0,0.0,no,0.0,no,0.0,no,2026-03,2026-03,low,no,,,,6.0,6.0,,,,
NW 3RD AVE & NW 5TH ST,nw-3rd-ave-nw-5th-st,2,2,0,False,False,,,,,,,,,,,,,,,,,,,,,,
NW 7TH ST & NW 8TH AVE,nw-7th-st-nw-8th-ave,2,4,0,False,False,,,,,,,,,,,,,,,,,,,,,,
NE 23RD AVE & NE 7TH ST,ne-23rd-ave-ne-7th-st,2,5,1,True,True,no,gemini,3.0,0.0,no,0.0,no,0.0,no,2019-05,2026-03,low,no,,4.0,40.0,3.0,6.0,4.0,40.0,13700.0,40.0
SE 10TH AVE & SE 20TH ST,se-10th-ave-se-20th-st,2,2,0,False,False,,,,,,,,,,,,,,,,,,,,,,
SE 16TH AVE & SR 226,se-16th-ave-sr-226,2,3,0,True,True,no,gemini,2.0,1.0,yes,0.0,no,0.0,no,2026-02,2026-02,low,no,,2.0,35.0,3.0,,,,,35.0
SE 24TH ST & SE 2ND AVE,se-24th-st-se-2nd-ave,2,3,1,True,True,no,gemini,3.0,0.0,no,0.0,no,0.0,no,2026-03,2026-03,low,no,,2.0,,4.0,6.0,,,,
SW 12TH ST & SW 16TH AVE,sw-12th-st-sw-16th-ave,2,3,0,False,False,,,,,,,,,,,,,,,,,,,,,,
NW 23RD TER & NW 25TH TER,nw-23rd-ter-nw-25th-ter,2,3,1,True,True,no,gemini,2.0,1.0,yes,0.0,no,0.0,no,2026-03,2026-03,low,no,,,,6.0,6.0,,,,
NW 20TH AVE & NW 6TH ST,nw-20th-ave-nw-6th-st,2,8,3,True,True,no,gemini,3.0,1.0,yes,0.0,no,0.0,no,2026-03,2026-03,low,no,,4.0,35.0,3.0,6.0,4.0,35.0,14400.0,35.0
NW 10TH AVE & NW 18TH ST,nw-10th-ave-nw-18th-st,2,3,1,True,True,no,gemini,3.0,0.0,no,0.0,no,0.0,no,2026-03,2026-03,low,no,,,,6.0,6.0,,,,
SW 20TH AVE & SW 64ST ST,sw-20th-ave-sw-64st-st,2,7,0,False,False,,,,,,,,,,,,,,,,,,,,,,
NW 11TH RD & NW 13TH ST,nw-11th-rd-nw-13th-st,2,4,1,True,True,no,gemini,3.0,0.0,no,0.0,no,0.0,no,2026-03,2026-03,low,no,,5.0,35.0,2.0,6.0,4.0,35.0,29500.0,35.0
SW 25TH DR & SW 31ST PL,sw-25th-dr-sw-31st-pl,2,4,0,False,False,,,,,,,,,,,,,,,,,,,,,,
SW 16TH ST & SW 17TH CT,sw-16th-st-sw-17th-ct,2,3,1,False,False,,,,,,,,,,,,,,,,,,,,,,
SW 24TH AVE & SW 36TH TER,sw-24th-ave-sw-36th-ter,2,3,0,False,False,,,,,,,,,,,,,,,,,,,,,,
NW 39TH DR & NW 8TH AVE,nw-39th-dr-nw-8th-ave,2,6,4,True,True,no,gemini,3.0,1.0,yes,0.0,no,0.0,no,2026-02,2026-02,low,no,,4.0,,4.0,6.0,,,,
SW 47TH ST & SW 62ND BLVD,sw-47th-st-sw-62nd-blvd,2,2,0,False,False,,,,,,,,,,,,,,,,,,,,,,
51ST & NW 43RD ST,51st-nw-43rd-st,2,4,0,False,False,,,,,,,,,,,,,,,,,,,,,,
NW 4TH BLVD & W UNIVERSITY AVE,nw-4th-blvd-w-university-ave,2,3,4,True,True,no,gemini,2.0,0.0,no,0.0,no,0.0,no,2024-06,2026-01,low,no,,2.0,,4.0,4.0,,,,
9TH ST & E UNIVERSITY AVE,9th-st-e-university-ave,2,3,1,False,False,,,,,,,,,,,,,,,,,,,2.0,40.0,15000.0,40.0
NE 10TH AVE & NE 23RD ST,ne-10th-ave-ne-23rd-st,2,3,1,True,True,no,gemini,4.0,0.0,no,0.0,no,0.0,no,2026-03,2026-03,low,no,,,,6.0,6.0,,,,
SW 43RD ST & SW 62ND BLVD,sw-43rd-st-sw-62nd-blvd,2,2,0,False,False,,,,,,,,,,,,,,,,,,,,,,
S MAIN ST & SW 29TH PL,s-main-st-sw-29th-pl,2,5,1,True,True,no,gemini,3.0,0.0,no,1.0,yes,2.0,yes,2022-05,2026-02,low,yes,,2.0,45.0,3.0,6.0,,,,45.0
NE 18TH ST & NE 8TH AVE,ne-18th-st-ne-8th-ave,2,9,3,True,True,no,gemini,4.0,0.0,no,0.0,no,0.0,no,2016-07,2026-03,low,no,,2.0,,4.0,6.0,,,,
NW 39TH RD & W UNIVERSITY AVE,nw-39th-rd-w-university-ave,2,7,5,False,False,,,,,,,,,,,,,,,,,,,4.0,35.0,35000.0,35.0
NW 39TH AVE & NW 39TH WAY,nw-39th-ave-nw-39th-way,2,11,7,True,True,no,gemini,3.0,0.0,no,1.0,yes,2.0,yes,2024-10,2026-03,low,yes,yes,3.0,45.0,2.0,6.0,4.0,45.0,35000.0,45.0
NE 17TH DR & NE 8TH AVE,ne-17th-dr-ne-8th-ave,2,6,2,True,True,no,gemini,3.0,0.0,no,0.0,no,0.0,no,2026-03,2026-03,low,no,,2.0,,4.0,6.0,,,,
NW 14TH ST & NW 2ND AVE,nw-14th-st-nw-2nd-ave,2,8,0,True,True,no,gemini,3.0,0.0,no,0.0,no,0.0,no,2026-02,2026-03,low,no,,,25.0,6.0,6.0,,,,25.0
SW 35TH DR & SW 37TH BLVD,sw-35th-dr-sw-37th-blvd,2,2,0,False,False,,,,,,,,,,,,,,,,,,,,,,
NW 14TH ST & NW 3RD PL,nw-14th-st-nw-3rd-pl,2,4,1,True,True,no,gemini,4.0,0.0,no,0.0,no,0.0,no,2026-02,2026-03,low,no,,,25.0,6.0,6.0,,,,25.0
NE 27TH AVE & NE 55TH BLVD,ne-27th-ave-ne-55th-blvd,2,5,4,True,True,no,gemini,2.0,0.0,no,0.0,no,0.0,no,2026-03,2026-03,low,no,,2.0,60.0,2.0,6.0,2.0,60.0,5100.0,60.0
NW 36TH ST & W UNIVERSITY AVE,nw-36th-st-w-university-ave,2,33,21,True,True,yes,osm,3.0,3.0,yes,3.0,yes,2.0,yes,2026-02,2026-03,low,yes,yes,3.0,35.0,2.0,6.0,4.0,35.0,21600.0,35.0
NW 36TH TER & NW 8TH AVE,nw-36th-ter-nw-8th-ave,2,5,1,True,True,no,gemini,3.0,1.0,yes,0.0,no,0.0,no,2024-06,2026-02,low,no,,4.0,,4.0,6.0,,,,
NE 2ND AVE & NE 3RD ST,ne-2nd-ave-ne-3rd-st,2,3,1,True,True,no,gemini,4.0,2.0,yes,0.0,no,0.0,no,2026-02,2026-02,low,yes,,,,6.0,6.0,,,,
NW 34TH PL & NW 43RD ST,nw-34th-pl-nw-43rd-st,2,20,10,True,True,no,gemini,3.0,0.0,no,1.0,yes,1.0,yes,2026-02,2026-03,low,no,,4.0,45.0,3.0,6.0,,,,45.0
NW 15TH TER & NW 3RD AVE,nw-15th-ter-nw-3rd-ave,2,3,1,True,True,no,gemini,4.0,0.0,no,0.0,no,0.0,no,2026-02,2026-02,low,no,,,,6.0,6.0,,,,
NW 15TH TER & W UNIVERSITY AVE,nw-15th-ter-w-university-ave,2,12,4,True,True,no,gemini,3.0,2.0,yes,2.0,yes,2.0,yes,2024-06,2026-02,low,yes,yes,3.0,25.0,2.0,6.0,4.0,37.5,29250.0,37.5
NW 4TH AVE & NW 6TH ST,nw-4th-ave-nw-6th-st,2,11,4,True,True,no,gemini,4.0,0.0,no,0.0,no,0.0,no,2024-06,2026-03,low,no,,2.0,,4.0,6.0,,,,
NE 23RD ST & NE 8TH AVE,ne-23rd-st-ne-8th-ave,2,4,1,True,True,no,gemini,4.0,1.0,yes,0.0,no,0.0,no,2023-08,2026-03,low,no,,2.0,,4.0,6.0,,,,
NW 50TH BLVD & W NEWBERRY RD,nw-50th-blvd-w-newberry-rd,2,15,10,True,True,no,gemini,3.0,0.0,no,2.0,yes,1.0,yes,2024-11,2026-02,low,yes,yes,3.0,45.0,2.0,6.0,4.0,45.0,28500.0,45.0
NE 20TH TER & NE 3RD AVE,ne-20th-ter-ne-3rd-ave,2,4,2,True,True,no,gemini,4.0,2.0,yes,0.0,no,0.0,no,2025-03,2026-03,low,no,,,,6.0,6.0,,,,
NE 20TH WAY & NE 27TH AVE,ne-20th-way-ne-27th-ave,2,2,0,True,True,no,gemini,3.0,0.0,no,0.0,no,0.0,no,2026-03,2026-03,low,no,,,,6.0,6.0,,,,
NE 1ST ST & NE 7TH AVE,ne-1st-st-ne-7th-ave,2,15,8,True,True,no,gemini,4.0,0.0,no,0.0,no,1.0,yes,2026-03,2026-03,low,yes,,,,6.0,6.0,,,,
SW 3TTH BLVD & SW ARCHER RD,sw-3tth-blvd-sw-archer-rd,1,1,0,False,False,,,,,,,,,,,,,,,,,,,,,,
NW 13TH ST & NW 24TH AVE,nw-13th-st-nw-24th-ave,1,1,0,False,False,,,,,,,,,,,,,,,,,,,,,,
NW 13TH ST & NW 33RD PL,nw-13th-st-nw-33rd-pl,1,3,2,True,True,no,gemini,3.0,0.0,no,1.0,yes,2.0,yes,2023-08,2026-03,low,yes,yes,3.0,45.0,2.0,6.0,4.0,45.0,27000.0,45.0
NW 13TH ST & NW 34TH PL,nw-13th-st-nw-34th-pl,1,6,3,True,True,no,gemini,3.0,0.0,no,1.0,yes,2.0,yes,2023-08,2026-03,low,yes,yes,3.0,45.0,2.0,6.0,4.0,45.0,27000.0,45.0
NW 13TH AVE & NW 43RD ST,nw-13th-ave-nw-43rd-st,1,2,0,True,True,no,gemini,3.0,0.0,no,1.0,yes,1.0,yes,2026-02,2026-03,low,yes,,,45.0,3.0,6.0,,,,45.0
NW 13TH AVE & NW 53RD AVE,nw-13th-ave-nw-53rd-ave,1,1,0,False,False,,,,,,,,,,,,,,,,,,,,,,
NW 13TH AVE & NW 55TH ST,nw-13th-ave-nw-55th-st,1,4,2,True,True,no,gemini,3.0,0.0,no,0.0,no,0.0,no,2023-08,2026-01,low,no,,2.0,,4.0,6.0,,,,
NW 13TH PL & NW 43RD ST,nw-13th-pl-nw-43rd-st,1,3,2,True,True,no,gemini,3.0,0.0,no,1.0,yes,0.0,no,2026-02,2026-03,low,yes,,,45.0,3.0,6.0,,,,45.0
20TH AVE & SW 42ND ST,20th-ave-sw-42nd-st,1,1,0,False,False,,,,,,,,,,,,,,,,,,,,,,
NE 20TH WAY & NE 31ST AVE,ne-20th-way-ne-31st-ave,1,2,1,True,True,no,gemini,3.0,0.0,no,0.0,no,0.0,no,2026-03,2026-03,low,no,,2.0,,4.0,6.0,,,,
NW 44TH AVE & NW 6TH ST,nw-44th-ave-nw-6th-st,1,7,3,True,True,no,gemini,3.0,0.0,no,0.0,no,0.0,no,2023-08,2026-03,low,no,,4.0,35.0,3.0,6.0,4.0,35.0,10400.0,35.0
ACCESS RD BEHIND CHEVRON & ACCESS RD NEXT TO BAKERY,access-rd-behind-chevron-access-rd-next-to-bakery,1,1,0,False,False,,,,,,,,,,,,,,,,,,,,,,
SW 62ND BLVD & SW 7TH AVE,sw-62nd-blvd-sw-7th-ave,1,1,0,False,False,,,,,,,,,,,,,,,,,,,,,,
NW 4TH PL & NW 52ND TER,nw-4th-pl-nw-52nd-ter,1,1,0,True,True,no,gemini,3.0,0.0,no,0.0,no,0.0,no,2026-01,2026-01,low,no,,,,6.0,6.0,,,,
NW 45TH ST & W NEWBERRY RD,nw-45th-st-w-newberry-rd,1,9,7,True,True,no,gemini,3.0,0.0,no,1.0,yes,0.0,no,2026-01,2026-02,low,yes,,2.0,45.0,2.0,6.0,4.0,45.0,29000.0,45.0
NW 46TH TER & NW 53RD AVE,nw-46th-ter-nw-53rd-ave,1,5,1,True,True,no,gemini,3.0,0.0,no,1.0,yes,1.0,yes,2026-03,2026-03,low,no,,2.0,40.0,4.0,6.0,,,,40.0
SW 47TH AVE & SW ARCHER RD,sw-47th-ave-sw-archer-rd,1,2,14,True,True,no,gemini,3.0,0.0,no,2.0,yes,2.0,yes,2026-01,2026-02,low,yes,yes,3.0,45.0,2.0,6.0,4.0,45.0,34500.0,45.0
SW 4TH AVE & SW 5TH ST,sw-4th-ave-sw-5th-st,1,3,1,True,True,no,gemini,4.0,0.0,no,0.0,no,0.0,no,2026-02,2026-03,low,no,,2.0,,4.0,6.0,,,,
NW 51ST DR & NW 82ND BLVD,nw-51st-dr-nw-82nd-blvd,1,1,0,True,True,no,gemini,3.0,3.0,yes,0.0,no,0.0,no,2011-05,2011-05,low,no,,,,6.0,6.0,,,,
NW 10TH ST & NW 1ST PL,nw-10th-st-nw-1st-pl,1,2,0,False,False,,,,,,,,,,,,,,,,,,,,,,
NW 1ST PL & SW 13TH ST,nw-1st-pl-sw-13th-st,1,1,16,False,False,,,,,,,,,,,,,,,,,,,4.0,45.0,9000.0,45.0
NW 1ST PL & SW 62ND BLVD,nw-1st-pl-sw-62nd-blvd,1,2,0,False,False,,,,,,,,,,,,,,,,,,,,,,
NW 19TH ST & NW 43RD PL,nw-19th-st-nw-43rd-pl,1,1,0,True,True,no,gemini,3.0,0.0,no,0.0,no,0.0,no,2026-02,2026-02,low,no,,2.0,,6.0,6.0,,,,
NW 19TH ST & NW 45TH AVE,nw-19th-st-nw-45th-ave,1,2,1,False,False,,,,,,,,,,,,,,,,,,,,,,
NE 10TH AVE & NE 7TH ST,ne-10th-ave-ne-7th-st,1,1,0,True,True,no,gemini,4.0,0.0,no,0.0,no,0.0,no,2026-03,2026-03,low,no,,,,6.0,6.0,,,,
NE 10TH AVE & NE 7TH TER,ne-10th-ave-ne-7th-ter,1,1,0,True,True,no,gemini,4.0,0.0,no,0.0,no,0.0,no,2026-03,2026-03,low,no,,,,6.0,6.0,,,,
NE 10TH ST & NE 6TH AVE,ne-10th-st-ne-6th-ave,1,1,0,True,True,no,gemini,3.0,0.0,no,0.0,no,0.0,no,2014-12,2026-03,low,no,,,,6.0,6.0,,,,
NE 10TH ST & NE 7TH AVE,ne-10th-st-ne-7th-ave,1,1,0,True,True,no,gemini,4.0,0.0,no,0.0,no,0.0,no,2014-12,2023-08,low,no,,,,6.0,6.0,,,,
SW 23RD ST & SW 32ND PL,sw-23rd-st-sw-32nd-pl,1,6,3,False,False,,,,,,,,,,,,,,,,,,,,,,
SW 21ST LN & SW 38TH DR,sw-21st-ln-sw-38th-dr,1,1,0,False,False,,,,,,,,,,,,,,,,,,,,,,
SW 21ST LN & SW 43RD ST,sw-21st-ln-sw-43rd-st,1,4,1,True,True,no,gemini,3.0,0.0,no,1.0,yes,1.0,yes,2026-02,2026-02,low,no,yes,3.0,,4.0,6.0,,,,
NW 1ST AVE & NW 20TH ST,nw-1st-ave-nw-20th-st,1,2,0,True,True,no,gemini,2.0,0.0,no,0.0,no,0.0,no,2026-02,2026-02,low,no,,2.0,25.0,6.0,6.0,,,,25.0
SW 26TH TER & SW 33RD PL,sw-26th-ter-sw-33rd-pl,1,2,0,True,False,,,,,,,,,,,,,no,,,,6.0,6.0,,,,
NW 1ST AVE & NW 22ND ST,nw-1st-ave-nw-22nd-st,1,1,0,True,True,no,gemini,3.0,0.0,no,0.0,no,0.0,no,2025-01,2026-02,low,no,,2.0,,4.0,6.0,,,,
NW 1ST AVE & NW 2ND ST,nw-1st-ave-nw-2nd-st,1,2,1,True,True,no,gemini,4.0,0.0,no,0.0,no,0.0,no,2023-08,2026-03,low,no,,,,6.0,6.0,2.0,35.0,9200.0,35.0
NW 1ST AVE & NW 8TH ST,nw-1st-ave-nw-8th-st,1,1,0,False,False,,,,,,,,,,,,,,,,,,,,,,
SW 1ST AVE & SW 8TH ST,sw-1st-ave-sw-8th-st,1,2,0,True,True,no,gemini,3.0,0.0,no,0.0,no,0.0,no,2026-02,2026-02,low,no,,,,6.0,6.0,,,,
SW 1ST AVE & SW 9TH ST,sw-1st-ave-sw-9th-st,1,1,0,False,False,,,,,,,,,,,,,,,,,,,,,,
NW 20TH CT & NW 55TH AVE,nw-20th-ct-nw-55th-ave,1,1,0,True,True,no,gemini,3.0,0.0,no,0.0,no,0.0,no,2026-02,2026-03,low,no,,,,5.0,6.0,,,,
NW 20TH DR & NW 45TH AVE,nw-20th-dr-nw-45th-ave,1,1,0,True,True,no,gemini,4.0,0.0,no,0.0,no,0.0,no,2023-08,2026-02,low,no,,2.0,,4.0,6.0,,,,
NW 20TH ST & NW 2ND AVE,nw-20th-st-nw-2nd-ave,1,3,1,True,True,no,gemini,3.0,0.0,no,0.0,no,0.0,no,2026-02,2026-02,low,no,,2.0,25.0,6.0,6.0,,,,25.0
NW 20TH ST & NW 31ST PL,nw-20th-st-nw-31st-pl,1,1,0,True,True,no,gemini,4.0,0.0,no,0.0,no,0.0,no,2023-08,2026-03,low,no,,,,6.0,6.0,,,,
NW 20TH ST & NW 35TH AVE,nw-20th-st-nw-35th-ave,1,1,0,True,True,no,gemini,4.0,0.0,no,0.0,no,0.0,no,2023-03,2026-02,low,no,,,,6.0,6.0,,,,
NW 18TH TER & NW 7TH PL,nw-18th-ter-nw-7th-pl,1,1,0,True,True,no,gemini,4.0,0.0,no,0.0,no,0.0,no,2026-02,2026-02,low,no,,,,6.0,6.0,,,,
SW 21ST RD & SW 39TH WAY,sw-21st-rd-sw-39th-way,1,1,0,False,False,,,,,,,,,,,,,,,,,,,,,,
SW 22ND LN & SW 43RD ST,sw-22nd-ln-sw-43rd-st,1,4,2,False,False,,,,,,,,,,,,,,,,,,,,,,
SW 23RD DR & SW 35TH PL,sw-23rd-dr-sw-35th-pl,1,7,5,True,True,no,gemini,2.0,0.0,no,0.0,no,0.0,no,2026-02,2026-02,low,yes,,2.0,30.0,4.0,6.0,,,,30.0
NE 10TH AVE & NE 19TH TER,ne-10th-ave-ne-19th-ter,1,1,0,True,True,no,gemini,3.0,1.0,yes,0.0,no,0.0,no,2026-03,2026-03,low,yes,,2.0,,4.0,6.0,,,,
SW 24TH AVE & SW 37TH ST,sw-24th-ave-sw-37th-st,1,3,0,True,True,no,gemini,3.0,1.0,yes,1.0,yes,2.0,yes,2023-10,2026-02,low,yes,,1.0,,4.0,6.0,,,,
SW 62ND BLVD & SWS 20TH AVE,sw-62nd-blvd-sws-20th-ave,1,1,0,False,False,,,,,,,,,,,,,,,,,,,,,,
SW 62ND ST & W 1ST PL,sw-62nd-st-w-1st-pl,1,1,0,False,False,,,,,,,,,,,,,,,,,,,,,,
SW 7TH AVE & SW 9TH ST,sw-7th-ave-sw-9th-st,1,4,2,True,True,no,gemini,4.0,0.0,no,0.0,no,0.0,no,2026-02,2026-02,low,no,,,,6.0,6.0,,,,
SW 51ST TER & SW 62ND AVE,sw-51st-ter-sw-62nd-ave,1,1,1,True,True,no,gemini,2.0,0.0,no,0.0,no,0.0,no,2015-07,2026-01,low,no,,2.0,,4.0,6.0,,,,
BUTLER PLAZA WEST & SW 37TH BLVD,butler-plaza-west-sw-37th-blvd,1,1,0,False,False,,,,,,,,,,,,,,,,,,,,,,
NW 14TH AVE & NW 2ND ST,nw-14th-ave-nw-2nd-st,1,7,2,True,True,no,gemini,4.0,1.0,yes,0.0,no,1.0,yes,2026-03,2026-03,low,yes,,,,6.0,6.0,,,,
NW 19TH AVE & NW 9TH ST,nw-19th-ave-nw-9th-st,1,1,0,True,True,no,gemini,4.0,0.0,no,0.0,no,0.0,no,2026-03,2026-03,low,no,,,,6.0,6.0,,,,
NW 19TH ST & NW 2ND AVE,nw-19th-st-nw-2nd-ave,1,5,4,True,True,no,gemini,4.0,4.0,yes,0.0,no,0.0,no,2024-06,2026-03,low,no,,,,6.0,6.0,,,,
NW 19TH ST & NW 31ST AVE,nw-19th-st-nw-31st-ave,1,1,0,True,True,no,gemini,2.0,0.0,no,0.0,no,0.0,no,2026-02,2026-02,low,no,,,,6.0,6.0,,,,
NW 10TH ST & NW 44TH AVE,nw-10th-st-nw-44th-ave,1,1,0,True,True,no,gemini,3.0,0.0,no,0.0,no,0.0,no,2023-08,2023-08,low,no,,,,6.0,6.0,,,,
NW 10TH ST & NW 6TH AVE,nw-10th-st-nw-6th-ave,1,3,2,True,True,no,gemini,4.0,0.0,no,0.0,no,0.0,no,2026-02,2026-02,low,no,,,,6.0,6.0,,,,
NW 10TH ST & NW 7TH AVE,nw-10th-st-nw-7th-ave,1,2,0,True,True,no,gemini,4.0,2.0,yes,0.0,no,0.0,no,2026-02,2026-03,low,no,,,,6.0,6.0,,,,
NE 10TH AVE & NE 6TH ST,ne-10th-ave-ne-6th-st,1,1,0,True,True,no,gemini,4.0,1.0,yes,0.0,no,0.0,no,2026-03,2026-03,low,no,,,,6.0,6.0,,,,
SW 26TH DR & SW 40TH PL,sw-26th-dr-sw-40th-pl,1,2,1,True,True,no,gemini,3.0,0.0,no,0.0,no,0.0,no,2019-06,2019-06,low,no,,2.0,,4.0,6.0,,,,
SW 26TH TER & SW 31ST PL,sw-26th-ter-sw-31st-pl,1,4,2,True,False,,,,,,,,,,,,,no,,,,6.0,6.0,,,,
NW 11TH AVE & NW 6TH ST,nw-11th-ave-nw-6th-st,1,5,2,True,True,no,gemini,3.0,0.0,no,0.0,no,0.0,no,2026-03,2026-03,low,no,,4.0,35.0,3.0,6.0,4.0,35.0,16600.0,35.0
NW 17TH PL & NW 43RD ST,nw-17th-pl-nw-43rd-st,1,1,0,True,True,no,gemini,3.0,0.0,no,1.0,yes,0.0,no,2026-02,2026-03,low,no,,5.0,45.0,3.0,6.0,,,,45.0
N MAIN ST & UNNAMED ST,n-main-st-unnamed-st,1,2,0,False,False,,,,,,,,,,,,,,,,,,,,,,
SW 24TH ST & SW 2ND AVE,sw-24th-st-sw-2nd-ave,1,5,2,True,True,no,gemini,3.0,0.0,no,0.0,no,0.0,no,2026-02,2026-03,low,no,,2.0,35.0,3.0,6.0,2.0,35.0,13800.0,35.0
SW 20TH AVE & SW 24TH AVE,sw-20th-ave-sw-24th-ave,1,1,0,False,False,,,,,,,,,,,,,,,,,,,,,,
NE 10TH TER & NE 28TH AVE,ne-10th-ter-ne-28th-ave,1,1,0,True,True,no,gemini,3.0,0.0,no,0.0,no,0.0,no,2026-03,2026-03,low,no,,,,6.0,6.0,,,,
NE 11TH PL & NE 25TH ST,ne-11th-pl-ne-25th-st,1,2,1,True,True,no,gemini,3.0,0.0,no,0.0,no,0.0,no,2026-03,2026-03,low,no,,,,6.0,6.0,,,,
NE 10TH AVE & NE 24TH ST,ne-10th-ave-ne-24th-st,1,2,0,True,True,no,gemini,4.0,0.0,no,0.0,no,0.0,no,2023-03,2026-03,low,no,,,,6.0,6.0,,,,
NE 11TH ST & NE 28TH AVE,ne-11th-st-ne-28th-ave,1,1,0,True,True,no,gemini,3.0,0.0,no,0.0,no,0.0,no,2026-03,2026-03,low,no,,,,6.0,6.0,,,,
NW 10TH ST & NW 15TH AVE,nw-10th-st-nw-15th-ave,1,1,0,True,True,no,gemini,4.0,0.0,no,0.0,no,0.0,no,2026-03,2026-03,low,no,,,,6.0,6.0,,,,
SW 20TH AVE & SW 37TH WAY,sw-20th-ave-sw-37th-way,1,6,0,False,False,,,,,,,,,,,,,,,,,,,,,,
NE 10TH AVE & NE 4TH ST,ne-10th-ave-ne-4th-st,1,1,0,True,True,no,gemini,3.0,0.0,no,0.0,no,0.0,no,2026-03,2026-03,low,no,,,,6.0,6.0,,,,
NE 10TH AVE & NE 5TH ST,ne-10th-ave-ne-5th-st,1,1,0,True,True,no,gemini,3.0,1.0,yes,0.0,no,0.0,no,2026-03,2026-03,low,no,,,,6.0,6.0,,,,
NW 18TH TER & NW 5TH AVE,nw-18th-ter-nw-5th-ave,1,1,0,True,True,no,gemini,3.0,0.0,no,0.0,no,0.0,no,2026-02,2026-03,low,no,,,,6.0,6.0,,,,
NW 18TH TER & NW 7TH AVE,nw-18th-ter-nw-7th-ave,1,6,2,True,True,no,gemini,4.0,0.0,no,0.0,no,0.0,no,2026-02,2026-02,low,no,,,,6.0,6.0,,,,
NE 10TH AVE & NE 12TH ST,ne-10th-ave-ne-12th-st,1,1,0,True,True,no,gemini,4.0,0.0,no,0.0,no,0.0,no,2026-03,2026-03,low,no,,,,6.0,6.0,,,,
NE WALDO RD & UNNAMED ST,ne-waldo-rd-unnamed-st,1,1,0,False,False,,,,,,,,,,,,,,,,,,,,,,
NW 21ST LN & NW 6TH ST,nw-21st-ln-nw-6th-st,1,2,1,True,True,no,gemini,3.0,0.0,no,0.0,no,0.0,no,2026-03,2026-03,low,no,,4.0,35.0,3.0,6.0,4.0,35.0,15200.0,35.0
NW 1ST ST & NW 7TH AVE,nw-1st-st-nw-7th-ave,1,3,1,True,True,no,gemini,4.0,0.0,no,0.0,no,0.0,no,2026-02,2026-03,low,no,,,,6.0,6.0,,,,
NW 21ST ST & NW 31ST AVE,nw-21st-st-nw-31st-ave,1,5,2,True,True,no,gemini,4.0,1.0,yes,0.0,no,0.0,no,2024-06,2026-03,low,no,,2.0,25.0,4.0,6.0,,,,25.0
NW 21ST ST & NW 33RD AVE,nw-21st-st-nw-33rd-ave,1,1,0,True,True,no,gemini,3.0,0.0,no,0.0,no,0.0,no,2023-08,2026-03,low,no,,,25.0,6.0,6.0,,,,25.0
NW 20TH ST & NW 4TH AVE,nw-20th-st-nw-4th-ave,1,1,0,True,True,no,gemini,3.0,0.0,no,0.0,no,0.0,no,2026-02,2026-02,low,no,,2.0,25.0,6.0,6.0,,,,25.0
NW 20TH ST & NW 5TH AVE,nw-20th-st-nw-5th-ave,1,2,1,True,True,no,gemini,3.0,2.0,yes,0.0,no,0.0,no,2026-02,2026-02,low,no,,2.0,25.0,6.0,6.0,,,,25.0
NW 20TH ST & NW 7TH AVE,nw-20th-st-nw-7th-ave,1,1,0,True,True,no,gemini,2.0,0.0,no,0.0,no,0.0,no,2026-02,2026-02,low,no,,,,6.0,6.0,,,,
SW 16TH ST & SW 6TH ST,sw-16th-st-sw-6th-st,1,1,0,False,False,,,,,,,,,,,,,,,,,,,,,,
NW 10TH PL & NWS 66TH ST,nw-10th-pl-nws-66th-st,1,1,0,False,False,,,,,,,,,,,,,,,,,,,,,,
SW 1ST ST & SW 3RD AVE,sw-1st-st-sw-3rd-ave,1,1,0,True,True,no,gemini,3.0,1.0,yes,0.0,no,0.0,no,2015-02,2015-02,low,no,,,,6.0,6.0,,,,
SW 20TH AVE & SW 42ND DR,sw-20th-ave-sw-42nd-dr,1,7,1,True,True,no,gemini,3.0,0.0,no,0.0,no,0.0,no,2026-02,2026-02,low,no,,2.0,40.0,3.0,6.0,,,,40.0
SW 20TH AVE & SW 66TH DR,sw-20th-ave-sw-66th-dr,1,1,0,False,False,,,,,,,,,,,,,,,,,,,,,,
SW 23RD TER & SW 2ND AVE,sw-23rd-ter-sw-2nd-ave,1,5,2,True,True,no,gemini,3.0,1.0,yes,0.0,no,0.0,no,2026-02,2026-03,low,no,,2.0,35.0,3.0,6.0,2.0,35.0,11450.0,35.0
SW 23RD TER & UNNAMED ST,sw-23rd-ter-unnamed-st,1,3,0,False,False,,,,,,,,,,,,,,,,,,,,,,
SW 23RD TER & W UNIVERSITY AVE,sw-23rd-ter-w-university-ave,1,18,11,True,True,no,gemini,3.0,0.0,no,0.0,no,0.0,no,2026-02,2026-02,low,no,,3.0,35.0,2.0,6.0,3.0,35.0,23500.0,35.0
NW 22ND TER & NW 8TH AVE,nw-22nd-ter-nw-8th-ave,1,5,2,False,False,,,,,,,,,,,,,,,,,,,4.0,45.0,21000.0,45.0
NW 22ST & NW 66TH CT,nw-22st-nw-66th-ct,1,1,0,False,False,,,,,,,,,,,,,,,,,,,,,,
SW 17TH RD & SW 73RD ST,sw-17th-rd-sw-73rd-st,1,1,0,False,False,,,,,,,,,,,,,,,,,,,,,,
SW 18TH PL & SW 51ST TER,sw-18th-pl-sw-51st-ter,1,1,0,False,False,,,,,,,,,,,,,,,,,,,,,,
SW 19TH PL & SW 52ND ST,sw-19th-pl-sw-52nd-st,1,2,0,False,False,,,,,,,,,,,,,,,,,,,,,,
SW 1ST AVE & SW 1ST ST,sw-1st-ave-sw-1st-st,1,5,2,True,True,no,gemini,4.0,2.0,yes,0.0,no,0.0,no,2016-07,2024-06,low,no,,,,6.0,6.0,,,,
NE 11TH TER & NE 28TH AVE,ne-11th-ter-ne-28th-ave,1,2,0,True,True,no,gemini,4.0,0.0,no,0.0,no,0.0,no,2014-12,2026-03,low,no,,,,6.0,6.0,,,,
NE 11TH TER & NE 31ST AVE,ne-11th-ter-ne-31st-ave,1,1,0,True,True,no,gemini,4.0,1.0,yes,0.0,no,0.0,no,2026-03,2026-03,low,no,,2.0,,4.0,6.0,,,,
NE 11TH TER & NE 39TH AVE,ne-11th-ter-ne-39th-ave,1,2,1,True,True,no,gemini,3.0,0.0,no,2.0,yes,1.0,yes,2026-03,2026-03,low,yes,yes,3.0,45.0,2.0,6.0,4.0,45.0,18900.0,45.0
NW 21ST ST & NW 5TH AVE,nw-21st-st-nw-5th-ave,1,2,0,True,True,no,gemini,3.0,0.0,no,0.0,no,0.0,no,2026-02,2026-02,low,no,,,,6.0,6.0,,,,
NW 21ST ST & NW 7TH PL,nw-21st-st-nw-7th-pl,1,1,0,True,True,no,gemini,4.0,0.0,no,0.0,no,0.0,no,2015-02,2026-02,low,no,,,,6.0,6.0,,,,
NW 21ST TER & NW 39TH AVE,nw-21st-ter-nw-39th-ave,1,3,1,True,True,no,gemini,3.0,0.0,no,2.0,yes,0.0,no,2021-03,2025-02,low,no,yes,5.0,45.0,2.0,6.0,4.0,45.0,27000.0,45.0
NW 22ND AVE & NW 3RD TER,nw-22nd-ave-nw-3rd-ter,1,1,0,True,True,no,gemini,3.0,0.0,no,0.0,no,0.0,no,2026-03,2026-03,low,no,,,,6.0,6.0,,,,
NW 20TH TER & NW 39TH AVE,nw-20th-ter-nw-39th-ave,1,5,4,True,True,no,gemini,3.0,0.0,no,1.0,yes,0.0,no,2023-08,2026-03,low,no,,5.0,45.0,2.0,6.0,4.0,45.0,27250.0,45.0
NW 21ST AVE & NW 2ND ST,nw-21st-ave-nw-2nd-st,1,2,0,True,True,no,gemini,3.0,0.0,no,0.0,no,0.0,no,2026-03,2026-03,low,no,,,,6.0,6.0,,,,
NE 11TH ST & NE 5TH AVE,ne-11th-st-ne-5th-ave,1,6,5,True,True,no,gemini,4.0,0.0,no,0.0,no,0.0,no,2024-06,2026-03,low,no,,,,6.0,6.0,,,,
SW 13TH RD & SW 74TH DR,sw-13th-rd-sw-74th-dr,1,1,0,False,False,,,,,,,,,,,,,,,,,,,,,,
SW 11TH AVE & SW 11TH TER,sw-11th-ave-sw-11th-ter,1,3,0,False,False,,,,,,,,,,,,,,,,,,,,,,
NE 8TH ST & NE 9TH ST,ne-8th-st-ne-9th-st,1,1,0,False,False,,,,,,,,,,,,,,,,,,,,,,
NE 9TH AVE & NE 9TH ST,ne-9th-ave-ne-9th-st,1,3,0,True,True,no,gemini,4.0,0.0,no,0.0,no,0.0,no,2023-08,2026-03,low,yes,,2.0,,4.0,6.0,,,,
NE 9TH AVE & NE WALDO RD,ne-9th-ave-ne-waldo-rd,1,3,0,True,True,yes,osm,3.0,3.0,yes,2.0,yes,3.0,yes,2024-10,2026-03,low,yes,yes,3.0,45.0,1.0,4.0,,,,45.0
NW 23RD AVE & NW 45TH ST,nw-23rd-ave-nw-45th-st,1,2,1,True,True,no,gemini,3.0,0.0,no,2.0,yes,0.0,no,2011-03,2026-02,low,no,,5.0,,3.0,6.0,,,,
NW 23RD AVE & NW 48TH TER,nw-23rd-ave-nw-48th-ter,1,5,4,True,True,no,gemini,2.0,0.0,no,0.0,no,0.0,no,2025-04,2025-04,low,no,yes,5.0,,3.0,6.0,,,,
NE 11TH TER & NE 9TH AVE,ne-11th-ter-ne-9th-ave,1,1,0,True,True,no,gemini,4.0,1.0,yes,0.0,no,0.0,no,2026-03,2026-03,low,no,,,,6.0,6.0,,,,
NE 12TH AVE & NE 19TH TER,ne-12th-ave-ne-19th-ter,1,3,1,False,False,,,,,,,,,,,,,,,,,,,,,,
NE 12TH CT & NE 5TH AVE,ne-12th-ct-ne-5th-ave,1,1,0,True,True,no,gemini,3.0,0.0,no,0.0,no,0.0,no,2026-03,2026-03,low,no,,,,6.0,6.0,,,,
SW 14TH ST & SW 16TH AVE,sw-14th-st-sw-16th-ave,1,9,5,True,True,no,gemini,4.0,1.0,yes,0.0,no,2.0,yes,2020-06,2026-02,low,yes,yes,5.0,35.0,3.0,6.0,4.0,35.0,21500.0,35.0
NE 12TH ST & NE 31ST AVE,ne-12th-st-ne-31st-ave,1,2,1,True,True,no,gemini,4.0,0.0,no,0.0,no,0.0,no,2026-03,2026-03,low,no,,2.0,,4.0,6.0,,,,
NE 12TH ST & NE 35TH AVE,ne-12th-st-ne-35th-ave,1,2,0,True,True,no,gemini,3.0,0.0,no,0.0,no,0.0,no,2026-03,2026-03,low,no,,,,6.0,6.0,,,,
SW 1ST ST & SW 4TH AVE,sw-1st-st-sw-4th-ave,1,5,2,True,True,no,gemini,4.0,1.0,yes,1.0,yes,0.0,no,2015-02,2026-04,low,no,yes,3.0,,4.0,6.0,,,,
SW 20 TH AVE & SW 43RD ST,sw-20-th-ave-sw-43rd-st,1,2,0,False,False,,,,,,,,,,,,,,,,,,,,,,
SW 26TH TER & SW 38TH PL,sw-26th-ter-sw-38th-pl,1,1,0,True,True,no,gemini,2.0,0.0,no,0.0,no,0.0,no,2026-01,2026-02,low,no,,,,6.0,6.0,,,,
NE 13TH AVE & NE 7TH ST,ne-13th-ave-ne-7th-st,1,1,0,True,True,no,gemini,4.0,0.0,no,0.0,no,0.0,no,2026-03,2026-03,low,no,,,,6.0,6.0,,,,
NE 13TH ST & NE 16TH AVE,ne-13th-st-ne-16th-ave,1,4,3,True,True,no,gemini,3.0,1.0,yes,0.0,no,0.0,no,2026-03,2026-03,low,no,,2.0,,4.0,6.0,4.0,35.0,31000.0,35.0
SW 12TH ST & SW 8TH AVE,sw-12th-st-sw-8th-ave,1,20,14,True,True,no,gemini,3.0,2.0,yes,0.0,no,0.0,no,2026-02,2026-02,low,no,,2.0,,6.0,6.0,,,,
NW 17TH ST & NW 4TH AVE,nw-17th-st-nw-4th-ave,1,1,0,True,True,no,gemini,3.0,0.0,no,0.0,no,0.0,no,2026-02,2026-02,low,no,,2.0,,6.0,6.0,,,,
NW 17TH TER & NW 39TH AVE,nw-17th-ter-nw-39th-ave,1,2,1,True,True,no,gemini,3.0,0.0,no,0.0,no,0.0,no,2011-05,2015-02,low,no,,5.0,45.0,2.0,6.0,4.0,45.0,27000.0,45.0
NW 18TH AVE & NW 9TH ST,nw-18th-ave-nw-9th-st,1,1,0,True,True,no,gemini,4.0,0.0,no,0.0,no,0.0,no,2026-03,2026-03,low,no,,,,6.0,6.0,,,,
NW 18TH DR & NW 67TH PL,nw-18th-dr-nw-67th-pl,1,2,1,True,True,no,gemini,3.0,0.0,no,0.0,no,0.0,no,2026-02,2026-03,low,no,,,30.0,5.0,5.0,,,,30.0
NW 11TH ST & NW 32ND AVE,nw-11th-st-nw-32nd-ave,1,1,0,True,True,no,gemini,4.0,0.0,no,0.0,no,0.0,no,2022-05,2024-06,low,no,,,,6.0,6.0,,,,
NW 11TH ST & NW 4TH AVE,nw-11th-st-nw-4th-ave,1,1,0,True,True,no,gemini,3.0,0.0,no,0.0,no,0.0,no,2026-02,2026-02,low,no,,,,6.0,6.0,,,,
NW 128TH RD & SR 121,nw-128th-rd-sr-121,1,1,0,True,True,no,gemini,3.0,0.0,no,1.0,yes,0.0,no,2026-02,2026-02,low,no,,,,6.0,,,,,
SW 26TH DR & SW 31ST PL,sw-26th-dr-sw-31st-pl,1,2,1,True,False,,,,,,,,,,,,,no,,,,6.0,6.0,,,,
N MAIN ST & NE 35TH AVE,n-main-st-ne-35th-ave,1,3,2,True,True,no,gemini,3.0,0.0,no,1.0,yes,0.0,no,2019-07,2026-03,low,no,,4.0,,3.0,6.0,,,,
SW 27TH AVE & SW 28TH PL,sw-27th-ave-sw-28th-pl,1,1,0,False,False,,,,,,,,,,,,,,,,,,,,,,
NW 22ND AVE & NW 6TH ST,nw-22nd-ave-nw-6th-st,1,11,7,True,True,no,gemini,4.0,0.0,no,1.0,yes,0.0,no,2022-05,2026-03,low,no,yes,5.0,35.0,3.0,6.0,4.0,35.0,15350.0,35.0
NW 22ND DR & NW 55TH BLVD,nw-22nd-dr-nw-55th-blvd,1,2,1,True,True,no,gemini,2.0,0.0,no,0.0,no,0.0,no,2026-03,2026-03,low,no,,2.0,,6.0,6.0,,,,
NE BLVD & NW 8TH AVE,ne-blvd-nw-8th-ave,1,2,0,False,False,,,,,,,,,,,,,,,,,,,,,,
NW 24TH BLVD & NW ALPINE DR,nw-24th-blvd-nw-alpine-dr,1,2,1,True,True,no,gemini,4.0,0.0,no,0.0,no,1.0,yes,2015-02,2026-03,low,yes,,2.0,30.0,4.0,6.0,,,,30.0
NE 5TH AVE & NE 6TH ST,ne-5th-ave-ne-6th-st,1,2,1,True,True,no,gemini,4.0,0.0,no,0.0,no,0.0,no,2026-02,2026-02,low,no,,,,6.0,6.0,,,,
NE 13TH ST & NW 21ST AVE,ne-13th-st-nw-21st-ave,1,1,0,False,False,,,,,,,,,,,,,,,,,,,,,,
NE 14TH AVE & NE 2ND ST,ne-14th-ave-ne-2nd-st,1,1,0,False,False,,,,,,,,,,,,,,,,,,,,,,
NW 23RD AVE & NW 49TH TER,nw-23rd-ave-nw-49th-ter,1,1,0,True,True,no,gemini,2.0,0.0,no,0.0,no,0.0,no,2025-04,2025-04,low,no,yes,5.0,,3.0,6.0,,,,
NW 22ND ST & NW 3RD PL,nw-22nd-st-nw-3rd-pl,1,1,0,True,True,no,gemini,4.0,1.0,yes,0.0,no,0.0,no,2015-02,2025-01,low,no,,2.0,,4.0,6.0,,,,
NW 23RD BLVD & NW 28TH CIR,nw-23rd-blvd-nw-28th-cir,1,3,1,True,True,no,gemini,2.0,0.0,no,0.0,no,0.0,no,2024-06,2024-06,low,yes,,2.0,35.0,4.0,6.0,,,,35.0
NW 23RD BLVD & UNNAMED ST,nw-23rd-blvd-unnamed-st,1,2,0,False,False,,,,,,,,,,,,,,,,,,,,,,
NW 23RD TER & NW 34TH ST,nw-23rd-ter-nw-34th-st,1,3,2,False,False,,,,,,,,,,,,,,,,,,,2.0,40.0,10000.0,40.0
NW 23RD TER & NW 40TH PL,nw-23rd-ter-nw-40th-pl,1,1,0,True,True,no,gemini,3.0,0.0,no,0.0,no,0.0,no,2023-08,2026-03,low,no,,,,6.0,6.0,,,,
NW 23RD TER & NW 57TH PL,nw-23rd-ter-nw-57th-pl,1,4,2,True,True,no,gemini,2.0,0.0,no,0.0,no,0.0,no,2026-03,2026-03,low,no,,,,6.0,6.0,,,,
NE 7TH AVE & NE 9TH ST,ne-7th-ave-ne-9th-st,1,2,1,True,True,no,gemini,4.0,0.0,no,0.0,no,0.0,no,2011-03,2026-03,low,no,,2.0,,4.0,6.0,,,,
SW 11TH ST & SW 11TH TER,sw-11th-st-sw-11th-ter,1,2,1,True,True,no,gemini,3.0,0.0,no,1.0,yes,0.0,no,2019-06,2024-06,low,yes,,1.0,,6.0,6.0,,,,
NW 22ND ST & NW 5TH PL,nw-22nd-st-nw-5th-pl,1,1,0,True,True,no,gemini,3.0,1.0,yes,0.0,no,0.0,no,2026-02,2026-02,low,no,,2.0,,4.0,6.0,,,,
NW 22ND ST & NW 6TH PL,nw-22nd-st-nw-6th-pl,1,3,1,True,True,no,gemini,3.0,0.0,no,0.0,no,0.0,no,2015-02,2026-02,low,no,,2.0,,4.0,6.0,2.0,60.0,2800.0,60.0
NW 22ND ST & NW 72ND PL,nw-22nd-st-nw-72nd-pl,1,2,1,False,False,,,,,,,,,,,,,,,,,,,2.0,45.0,15300.0,45.0
NW 16TH TER & NW 19TH LN,nw-16th-ter-nw-19th-ln,1,11,7,True,True,no,gemini,4.0,0.0,no,1.0,yes,0.0,no,2022-05,2026-03,low,yes,,2.0,30.0,4.0,6.0,,,,30.0
NW 16TH TER & NW 21ST AVE,nw-16th-ter-nw-21st-ave,1,2,0,True,True,no,gemini,2.0,0.0,no,0.0,no,0.0,no,2026-03,2026-03,low,no,,2.0,30.0,4.0,6.0,,,,30.0
NW 16TH TER & NW 22ND CIR,nw-16th-ter-nw-22nd-cir,1,1,0,True,True,no,gemini,2.0,0.0,no,0.0,no,0.0,no,2026-03,2026-03,low,yes,,2.0,30.0,4.0,6.0,,,,30.0
NW 16TH TER & NW 42ND PL,nw-16th-ter-nw-42nd-pl,1,2,1,True,True,no,gemini,2.0,0.0,no,0.0,no,0.0,no,2026-03,2026-03,low,no,,,,6.0,6.0,,,,
NW 16TH BLVD & NW 36TH DR,nw-16th-blvd-nw-36th-dr,1,3,2,True,True,no,gemini,3.0,0.0,no,1.0,yes,2.0,yes,2026-03,2026-03,low,yes,yes,3.0,,3.0,6.0,,,,
SW 27TH ST & SW 40TH PL,sw-27th-st-sw-40th-pl,1,2,1,True,True,no,gemini,2.0,1.0,yes,0.0,no,0.0,no,2019-06,2024-06,low,no,,2.0,30.0,4.0,4.0,,,,30.0
NW 15TH ST & NW 6TH AVE,nw-15th-st-nw-6th-ave,1,2,1,True,True,no,gemini,4.0,0.0,no,0.0,no,0.0,no,2026-02,2026-03,low,no,,,,6.0,6.0,2.0,45.0,8400.0,45.0
NW 15TH ST & NW 7TH PL,nw-15th-st-nw-7th-pl,1,3,1,True,True,no,gemini,3.0,0.0,no,0.0,no,0.0,no,2026-02,2026-02,low,no,,,,6.0,6.0,,,,
NW 16TH BLVD & NW 36TH WAY,nw-16th-blvd-nw-36th-way,1,2,0,True,True,no,gemini,3.0,0.0,no,0.0,no,0.0,no,2026-02,2026-03,low,yes,,2.0,,3.0,6.0,,,,
NW 16TH BLVD & NW 38TH ST,nw-16th-blvd-nw-38th-st,1,6,3,True,True,no,gemini,3.0,0.0,no,1.0,yes,2.0,yes,2015-02,2026-03,low,yes,yes,3.0,,3.0,4.0,,,,
SW 12TH ST & SW 7TH AVE,sw-12th-st-sw-7th-ave,1,6,4,True,True,no,gemini,3.0,1.0,yes,0.0,no,0.0,no,2026-02,2026-02,low,no,,1.0,25.0,6.0,6.0,,,,25.0
NW 23TH AVE & NW 51TH ST,nw-23th-ave-nw-51th-st,1,3,2,False,False,,,,,,,,,,,,,,,,,,,,,,
NW 24TH BLVD & NW 44TH PL,nw-24th-blvd-nw-44th-pl,1,1,0,True,True,no,gemini,3.0,0.0,no,0.0,no,0.0,no,2023-08,2026-03,low,no,,2.0,30.0,4.0,6.0,,,,30.0
NW 24TH BLVD & NW 45TH AVE,nw-24th-blvd-nw-45th-ave,1,6,3,True,True,no,gemini,4.0,1.0,yes,0.0,no,0.0,no,2026-03,2026-03,low,no,,2.0,30.0,4.0,4.0,,,,30.0
SW 27TH LN & SW 34TH TER,sw-27th-ln-sw-34th-ter,1,1,0,False,False,,,,,,,,,,,,,,,,,,,,,,
NW 12TH AVE & NW 34TH ST,nw-12th-ave-nw-34th-st,1,2,0,False,False,,,,,,,,,,,,,,,,,,,,,,
NE 15TH ST & NE 19TH PL,ne-15th-st-ne-19th-pl,1,1,0,True,True,no,gemini,3.0,0.0,no,0.0,no,0.0,no,2026-03,2026-03,low,no,,2.0,,4.0,6.0,,,,
NE 15TH ST & NE 1ST AVE,ne-15th-st-ne-1st-ave,1,4,2,True,True,no,gemini,4.0,0.0,no,0.0,no,0.0,no,2025-03,2026-03,low,no,,2.0,,4.0,6.0,,,,
NE 14TH ST & NE 26TH AVE,ne-14th-st-ne-26th-ave,1,1,0,True,True,no,gemini,2.0,0.0,no,0.0,no,0.0,no,2011-03,2023-08,low,no,,,,6.0,6.0,,,,
NE 14TH TER & NE 16TH AVE,ne-14th-ter-ne-16th-ave,1,2,1,True,True,no,gemini,3.0,0.0,no,0.0,no,0.0,no,2026-03,2026-03,low,no,,2.0,,4.0,6.0,,,,
SW 10TH ST & SW 4TH AVE,sw-10th-st-sw-4th-ave,1,16,6,True,True,no,gemini,4.0,2.0,yes,0.0,no,0.0,no,2026-02,2026-02,low,yes,yes,2.0,25.0,4.0,6.0,,,,25.0
SE 4TH TER & SE WILLISTON RD,se-4th-ter-se-williston-rd,1,3,1,False,False,,,,,,,,,,,,,,,,,,,4.0,45.0,24500.0,45.0
NE 5TH ST & NE 8TH AVE,ne-5th-st-ne-8th-ave,1,3,1,True,True,no,gemini,4.0,2.0,yes,0.0,no,0.0,no,2026-02,2026-03,low,no,,2.0,,4.0,6.0,,,,
NE 5TH TER & NE 8TH AVE,ne-5th-ter-ne-8th-ave,1,4,3,True,True,no,gemini,4.0,2.0,yes,0.0,no,1.0,yes,2026-02,2026-03,low,no,,2.0,,4.0,6.0,,,,
NE 6TH ST & NE 8TH AVE,ne-6th-st-ne-8th-ave,1,7,2,True,True,no,gemini,4.0,1.0,yes,0.0,no,0.0,no,2026-02,2026-03,low,no,,2.0,,4.0,6.0,3.0,30.0,16300.0,30.0
NW 25TH DR & NW 31ST AVE,nw-25th-dr-nw-31st-ave,1,1,0,False,False,,,,,,,,,,,,,,,,,,,,,,
NW 23RD WAY & NW 66TH CT,nw-23rd-way-nw-66th-ct,1,1,0,True,True,no,gemini,3.0,0.0,no,0.0,no,0.0,no,2026-02,2026-02,low,no,,,,6.0,6.0,,,,
SE 5TH ST & SE 9TH PL,se-5th-st-se-9th-pl,1,3,2,True,True,no,gemini,4.0,0.0,no,0.0,no,0.0,no,2026-02,2026-04,low,no,,,,6.0,6.0,,,,
SORORITY ROW ALLEY WAY & SW 8TH AVE,sorority-row-alley-way-sw-8th-ave,1,1,0,False,False,,,,,,,,,,,,,,,,,,,,,,
SW 12TH LN & SW 67TH WAY,sw-12th-ln-sw-67th-way,1,1,0,False,False,,,,,,,,,,,,,,,,,,,,,,
SW 11TH ST & SW 7TH AVE,sw-11th-st-sw-7th-ave,1,1,0,False,False,,,,,,,,,,,,,,,,,,,,,,
NW 21ST ST & NW 45TH AVE,nw-21st-st-nw-45th-ave,1,2,1,True,True,no,gemini,4.0,3.0,yes,0.0,no,0.0,no,2023-08,2026-02,low,no,,2.0,,4.0,6.0,,,,
NW 25TH PL & NW 43RD AVE,nw-25th-pl-nw-43rd-ave,1,2,0,False,False,,,,,,,,,,,,,,,,,,,,,,
SE 2ND AVE & SE 7TH ST,se-2nd-ave-se-7th-st,1,3,2,True,True,no,gemini,4.0,4.0,yes,4.0,yes,2.0,yes,2026-02,2026-03,low,yes,,3.0,30.0,4.0,6.0,,,,30.0
SE 2ND PL & SE 3RD ST,se-2nd-pl-se-3rd-st,1,2,0,True,True,no,gemini,4.0,0.0,no,1.0,yes,1.0,yes,2024-06,2026-02,low,yes,yes,3.0,30.0,4.0,6.0,,,,30.0
SR 226 & SR 24,sr-226-sr-24,1,2,1,True,True,yes,osm,2.0,0.0,no,1.0,yes,2.0,yes,2026-02,2026-02,low,,,,,,,6.0,35.0,54500.0,35.0
SR 93 & SW ARCHER RD,sr-93-sw-archer-rd,1,9,14,False,False,,,,,,,,,,,,,,,,,,,5.0,45.0,32000.0,45.0
SW 10TH LN & SW 6TH ST,sw-10th-ln-sw-6th-st,1,3,0,True,True,no,gemini,3.0,0.0,no,0.0,no,0.0,no,2026-02,2026-02,low,no,,2.0,,4.0,6.0,,,,
SE 4TH AVE & SE 6TH ST,se-4th-ave-se-6th-st,1,2,1,True,True,no,gemini,3.0,0.0,no,0.0,no,0.0,no,2026-02,2026-02,low,no,,2.0,,4.0,6.0,,,,
NE 15TH AVE & NE 2ND ST,ne-15th-ave-ne-2nd-st,1,1,0,False,False,,,,,,,,,,,,,,,,,,,,,,
NW 26TH AVE & NW 34TH ST,nw-26th-ave-nw-34th-st,1,5,4,False,False,,,,,,,,,,,,,,,,,,,2.0,40.0,14500.0,40.0
NW 26TH ST & NW 55TH BLVD,nw-26th-st-nw-55th-blvd,1,1,0,True,True,no,gemini,3.0,0.0,no,0.0,no,0.0,no,2026-02,2026-02,low,no,,,,6.0,6.0,,,,
NW 26TH ST & NW 62ND AVE,nw-26th-st-nw-62nd-ave,1,1,0,True,True,no,gemini,2.0,0.0,no,0.0,no,0.0,no,2026-03,2026-03,low,no,,,,6.0,6.0,,,,
NW 26TH TER & NW 49TH PL,nw-26th-ter-nw-49th-pl,1,1,0,False,False,,,,,,,,,,,,,,,,,,,,,,
NW 27TH AVE & NW 34TH ST,nw-27th-ave-nw-34th-st,1,8,7,True,True,no,gemini,3.0,0.0,no,0.0,no,0.0,no,2026-02,2026-03,low,no,,2.0,40.0,3.0,6.0,2.0,40.0,14500.0,40.0
NW 27TH LN & NW 43RD AVE,nw-27th-ln-nw-43rd-ave,1,1,0,False,False,,,,,,,,,,,,,,,,,,,,,,
NE 5TH AVE & NE 7TH ST,ne-5th-ave-ne-7th-st,1,1,0,True,True,no,gemini,4.0,0.0,no,0.0,no,0.0,no,2026-02,2026-03,low,no,,,,6.0,6.0,,,,
NW 24TH BLVD & NW 49TH PL,nw-24th-blvd-nw-49th-pl,1,3,2,True,True,no,gemini,3.0,0.0,no,0.0,no,0.0,no,2023-08,2026-03,low,no,,2.0,30.0,4.0,6.0,,,,30.0
SE 1ST ST & SE 6TH AVE,se-1st-st-se-6th-ave,1,1,0,True,True,no,gemini,3.0,0.0,no,0.0,no,0.0,no,2026-02,2026-04,low,no,,,,6.0,6.0,,,,
SE 1ST TER & SE WILLISTON RD,se-1st-ter-se-williston-rd,1,5,4,True,True,no,gemini,3.0,0.0,no,2.0,yes,2.0,yes,2025-04,2026-02,low,yes,yes,3.0,45.0,1.0,6.0,5.0,45.0,24500.0,45.0
NE 4TH AVE & SE 11TH ST,ne-4th-ave-se-11th-st,1,1,0,False,False,,,,,,,,,,,,,,,,,,,,,,
NE 4TH PL & NE 9TH ST,ne-4th-pl-ne-9th-st,1,1,0,True,True,no,gemini,3.0,0.0,no,0.0,no,0.0,no,2026-03,2026-03,low,no,,2.0,,4.0,6.0,,,,
NW 28TH ST & NW 31ST AVE,nw-28th-st-nw-31st-ave,1,4,0,False,False,,,,,,,,,,,,,,,,,,,,,,
NW 28TH TER & NW 39TH AVE,nw-28th-ter-nw-39th-ave,1,8,4,True,True,no,gemini,2.0,0.0,no,1.0,yes,0.0,no,2026-03,2026-03,low,no,yes,5.0,45.0,2.0,6.0,4.0,45.0,28500.0,45.0
NW 28TH TER & NW 41ST PL,nw-28th-ter-nw-41st-pl,1,1,0,True,True,no,gemini,2.0,0.0,no,0.0,no,0.0,no,2011-03,2026-02,low,no,,,30.0,6.0,6.0,,,,30.0
NW 28TH TER & NW 45TH AVE,nw-28th-ter-nw-45th-ave,1,1,0,True,True,no,gemini,2.0,0.0,no,0.0,no,0.0,no,2023-08,2023-08,low,no,,,30.0,6.0,6.0,,,,30.0
SE 20TH LN & SE 20TH PL,se-20th-ln-se-20th-pl,1,5,3,True,False,,,,,,,,,,,,,no,,,,6.0,6.0,,,,
NE 15TH ST & NE 21ST AVE,ne-15th-st-ne-21st-ave,1,2,1,True,True,no,gemini,3.0,0.0,no,0.0,no,0.0,no,2026-03,2026-03,low,no,,2.0,,4.0,6.0,,,,
NE 15TH ST & NE 22ND AVE,ne-15th-st-ne-22nd-ave,1,1,0,True,True,no,gemini,3.0,0.0,no,0.0,no,0.0,no,2026-03,2026-03,low,no,,2.0,,4.0,6.0,,,,
NE 15TH ST & NE 26TH ST,ne-15th-st-ne-26th-st,1,2,1,True,True,no,gemini,3.0,0.0,no,0.0,no,0.0,no,2026-03,2026-03,low,no,,2.0,,4.0,6.0,,,,
SE 24TH ST & SE 5TH LN,se-24th-st-se-5th-ln,1,1,0,False,False,,,,,,,,,,,,,,,,,,,,,,
SE 2ND AVE & SE 3RD ST,se-2nd-ave-se-3rd-st,1,8,5,True,True,no,gemini,4.0,4.0,yes,0.0,no,4.0,yes,2026-02,2026-02,low,yes,,2.0,30.0,4.0,4.0,,,,30.0
NW 28TH AVE & NW 34TH ST,nw-28th-ave-nw-34th-st,1,5,3,True,True,no,gemini,3.0,0.0,no,0.0,no,0.0,no,2026-02,2026-03,low,no,,2.0,40.0,3.0,6.0,2.0,40.0,14500.0,40.0
SW 12TH ST & SW 3RD AVE,sw-12th-st-sw-3rd-ave,1,5,2,True,True,no,gemini,4.0,3.0,yes,0.0,no,0.0,no,2026-02,2026-02,low,no,,,,6.0,6.0,,,,
NE 15TH TER & NE 19TH PL,ne-15th-ter-ne-19th-pl,1,1,0,True,True,no,gemini,2.0,0.0,no,0.0,no,0.0,no,2026-03,2026-03,low,no,,,,6.0,6.0,,,,
SE 2ND PL & SE 7TH ST,se-2nd-pl-se-7th-st,1,1,0,True,True,no,gemini,4.0,0.0,no,0.0,no,0.0,no,2026-02,2026-03,low,no,,,,6.0,6.0,,,,
SE 4TH AVE & SE 4TH ST,se-4th-ave-se-4th-st,1,3,2,True,True,no,gemini,3.0,0.0,no,0.0,no,0.0,no,2026-02,2026-02,low,no,yes,3.0,,4.0,6.0,,,,
NW 16TH BLVD & NW 38TH TER,nw-16th-blvd-nw-38th-ter,1,3,2,True,True,no,gemini,3.0,1.0,yes,1.0,yes,2.0,yes,2026-02,2026-03,low,yes,yes,3.0,,3.0,6.0,,,,
NW 16TH BLVD & NW 39TH DR,nw-16th-blvd-nw-39th-dr,1,4,1,True,True,no,gemini,3.0,0.0,no,1.0,yes,2.0,yes,2026-02,2026-03,low,yes,yes,3.0,,3.0,6.0,,,,
NW 16TH PL & NW 51ST TER,nw-16th-pl-nw-51st-ter,1,2,0,False,False,,,,,,,,,,,,,,,,,,,,,,
NW 16TH ST & NW 39TH AVE,nw-16th-st-nw-39th-ave,1,3,1,True,True,no,gemini,3.0,0.0,no,0.0,no,0.0,no,2011-03,2026-03,low,no,,5.0,45.0,2.0,6.0,4.0,45.0,27500.0,45.0
NW 12TH PL & NW 43RD ST,nw-12th-pl-nw-43rd-st,1,11,4,True,True,no,gemini,4.0,0.0,no,2.0,yes,0.0,no,2026-02,2026-03,low,yes,,,45.0,3.0,6.0,,,,45.0
HAWTHORNE RD & WALDO RD,hawthorne-rd-waldo-rd,1,1,0,False,False,,,,,,,,,,,,,,,,,,,,,,
N 7TH AVE & N MAIN ST,n-7th-ave-n-main-st,1,3,1,False,False,,,,,,,,,,,,,,,,,,,2.0,30.0,16500.0,30.0
SW 2ND AVE & SW 7TH TER,sw-2nd-ave-sw-7th-ter,1,4,3,True,True,no,gemini,3.0,1.0,yes,1.0,yes,1.0,yes,2026-02,2026-03,low,yes,,2.0,,4.0,6.0,,,,
E UNIVERSITY AVE & SE 26TH ST,e-university-ave-se-26th-st,1,6,3,True,True,no,gemini,2.0,1.0,yes,0.0,no,2.0,yes,2026-03,2026-03,low,yes,,2.0,45.0,2.0,6.0,4.0,45.0,10450.0,45.0
E UNIVERSITY AVE & SE 26TH TER,e-university-ave-se-26th-ter,1,8,5,True,True,no,gemini,2.0,0.0,no,1.0,yes,2.0,yes,2026-03,2026-03,low,yes,,2.0,45.0,2.0,6.0,4.0,45.0,10450.0,45.0
E UNIVERSITY AVE & SE 31ST ST,e-university-ave-se-31st-st,1,3,0,True,True,no,gemini,2.0,0.0,no,0.0,no,2.0,yes,2026-03,2026-03,low,yes,,2.0,45.0,2.0,,,,,45.0
E UNIVERSITY AVE & SE 38TH ST,e-university-ave-se-38th-st,1,2,1,True,True,no,gemini,3.0,0.0,no,1.0,yes,2.0,yes,2026-03,2026-03,low,yes,,2.0,45.0,2.0,6.0,4.0,45.0,10300.0,45.0
NE 15TH ST & NE 19TH LN,ne-15th-st-ne-19th-ln,1,1,0,True,True,no,gemini,3.0,2.0,yes,0.0,no,0.0,no,2026-03,2026-03,low,no,,2.0,,4.0,6.0,,,,
NW 28TH TER & NW 62ND AVE,nw-28th-ter-nw-62nd-ave,1,4,2,True,True,no,gemini,4.0,0.0,no,0.0,no,0.0,no,2026-02,2026-02,low,no,,,,6.0,6.0,,,,
NW 28TH TER & NW 63RD PL,nw-28th-ter-nw-63rd-pl,1,1,0,True,True,no,gemini,3.0,0.0,no,0.0,no,0.0,no,2026-02,2026-02,low,no,,,,6.0,6.0,,,,
NW 28TH TER & NW 65TH PL,nw-28th-ter-nw-65th-pl,1,2,0,True,True,no,gemini,4.0,0.0,no,0.0,no,0.0,no,2011-03,2026-02,low,no,,,,6.0,6.0,,,,
SE 17TH ST & SE HAWTHORNE RD,se-17th-st-se-hawthorne-rd,1,4,2,True,True,no,gemini,4.0,0.0,no,1.0,yes,2.0,yes,2026-03,2026-03,low,yes,,2.0,35.0,1.0,6.0,4.0,35.0,13800.0,35.0
SE 20TH PL & SE 3RD TER,se-20th-pl-se-3rd-ter,1,8,2,True,False,,,,,,,,,,,,,yes,,,,6.0,6.0,,,,
SE 21ST AVE & SE 4TH ST,se-21st-ave-se-4th-st,1,1,0,True,True,no,gemini,2.0,0.0,no,0.0,no,0.0,no,2026-04,2026-04,low,no,,2.0,,4.0,4.0,,,,
SE 21ST AVE & SE 5TH ST,se-21st-ave-se-5th-st,1,2,1,False,False,,,,,,,,,,,,,,,,,,,,,,
SE 21ST ST & SE HAWTHORNE RD,se-21st-st-se-hawthorne-rd,1,4,2,True,True,no,gemini,4.0,0.0,no,2.0,yes,2.0,yes,2023-09,2026-03,low,yes,,2.0,45.0,1.0,6.0,4.0,45.0,17900.0,45.0
NW 29TH TER & NW 62ND AVE,nw-29th-ter-nw-62nd-ave,1,1,0,True,True,no,gemini,3.0,0.0,no,0.0,no,0.0,no,2026-02,2026-02,low,no,,,,6.0,6.0,,,,
NW 29TH TER & NW 65TH PL,nw-29th-ter-nw-65th-pl,1,1,0,True,True,no,gemini,4.0,0.0,no,0.0,no,0.0,no,2026-02,2026-02,low,no,,,,6.0,6.0,,,,
NE 49TH TER & NE 54TH PL,ne-49th-ter-ne-54th-pl,1,2,0,True,True,no,gemini,3.0,0.0,no,0.0,no,0.0,no,2026-03,2026-03,low,no,,,,5.0,5.0,,,,
NE 4TH AVE & NE 5TH ST,ne-4th-ave-ne-5th-st,1,1,0,True,True,no,gemini,4.0,0.0,no,0.0,no,0.0,no,2011-03,2023-09,low,no,,,,6.0,6.0,,,,
NE 4TH AVE & NE 7TH ST,ne-4th-ave-ne-7th-st,1,1,0,True,True,no,gemini,4.0,0.0,no,0.0,no,0.0,no,2026-02,2026-03,low,no,,,,6.0,6.0,,,,
NE 15TH ST & NE 6TH AVE,ne-15th-st-ne-6th-ave,1,1,0,True,True,no,gemini,3.0,0.0,no,0.0,no,0.0,no,2025-04,2026-03,low,no,,2.0,,4.0,6.0,,,,
NE 15TH TER & NE 16TH AVE,ne-15th-ter-ne-16th-ave,1,5,1,True,True,no,gemini,3.0,1.0,yes,0.0,no,0.0,no,2026-03,2026-03,low,no,,2.0,,4.0,6.0,,,,
NE 49TH AVE & NE 49TH TER,ne-49th-ave-ne-49th-ter,1,1,0,True,True,no,gemini,3.0,0.0,no,0.0,no,0.0,no,2026-03,2026-03,low,no,,,30.0,5.0,5.0,,,,30.0
NE 40TH TER & NE 54TH AVE,ne-40th-ter-ne-54th-ave,1,1,0,False,False,,,,,,,,,,,,,,,,,,,,,,
NE 46TH TER & NE 49TH AVE,ne-46th-ter-ne-49th-ave,1,1,0,False,False,,,,,,,,,,,,,,,,,,,,,,
NW 31ST AVE & NW 9TH ST,nw-31st-ave-nw-9th-st,1,1,0,True,True,no,gemini,4.0,0.0,no,0.0,no,0.0,no,2024-06,2026-03,low,no,,,,6.0,6.0,,,,
NW 31ST PL & NW 6TH ST,nw-31st-pl-nw-6th-st,1,2,1,True,True,no,gemini,3.0,0.0,no,0.0,no,0.0,no,2026-03,2026-03,low,no,,4.0,35.0,3.0,6.0,4.0,35.0,12500.0,35.0
NE 16TH WAY & NE 18TH PL,ne-16th-way-ne-18th-pl,1,2,1,True,True,no,gemini,3.0,0.0,no,0.0,no,0.0,no,2026-03,2026-03,low,no,,,,6.0,6.0,,,,
NE 16TH WAY & NE 21ST PL,ne-16th-way-ne-21st-pl,1,1,0,True,True,no,gemini,4.0,0.0,no,0.0,no,0.0,no,2026-03,2026-03,low,no,,,,6.0,6.0,,,,
SE 15TH AVE & SE 15TH ST,se-15th-ave-se-15th-st,1,4,1,True,True,no,gemini,3.0,0.0,no,0.0,no,0.0,no,2026-03,2026-03,low,no,,2.0,,4.0,6.0,,,,
SE 1ST AVE & SE 9TH ST,se-1st-ave-se-9th-st,1,3,2,True,True,no,gemini,4.0,0.0,no,0.0,no,0.0,no,2026-03,2026-03,low,no,yes,3.0,,4.0,6.0,,,,
SE 15TH ST & SE 4TH AVE,se-15th-st-se-4th-ave,1,8,4,True,True,no,gemini,4.0,0.0,no,0.0,no,0.0,no,2023-09,2026-03,low,no,,2.0,,4.0,6.0,,,,
SE 17TH ST & SE 1ST AVE,se-17th-st-se-1st-ave,1,1,0,True,True,no,gemini,4.0,0.0,no,0.0,no,0.0,no,2026-03,2026-03,low,no,,,,6.0,6.0,,,,
NW 2ND ST & NW 4TH PL,nw-2nd-st-nw-4th-pl,1,2,1,True,True,no,gemini,3.0,0.0,no,0.0,no,0.0,no,2026-02,2026-03,low,no,,,,6.0,6.0,,,,
NW 2ND ST & NW 6TH AVE,nw-2nd-st-nw-6th-ave,1,2,0,True,True,no,gemini,4.0,0.0,no,0.0,no,0.0,no,2024-06,2026-03,low,no,,,,6.0,6.0,,,,
NW 2ND ST & NW 7TH AVE,nw-2nd-st-nw-7th-ave,1,2,0,True,True,no,gemini,4.0,0.0,no,0.0,no,0.0,no,2022-05,2026-03,low,no,,,,6.0,6.0,,,,
NW 30TH TER & NW 45TH AVE,nw-30th-ter-nw-45th-ave,1,2,0,True,True,no,gemini,3.0,0.0,no,0.0,no,0.0,no,2023-08,2026-02,low,no,,,30.0,6.0,6.0,,,,30.0
NW 30TH TER & NW 65TH PL,nw-30th-ter-nw-65th-pl,1,1,0,True,True,no,gemini,3.0,0.0,no,0.0,no,0.0,no,2026-02,2026-02,low,no,,,,6.0,6.0,,,,
NW 28TH TER & NW 57TH PL,nw-28th-ter-nw-57th-pl,1,2,0,True,True,no,gemini,4.0,0.0,no,0.0,no,0.0,no,2026-02,2026-02,low,no,,,,6.0,6.0,,,,
SE 13TH PL & SE 15TH ST,se-13th-pl-se-15th-st,1,1,0,True,True,no,gemini,3.0,1.0,yes,0.0,no,0.0,no,2026-03,2026-03,low,no,,2.0,,4.0,6.0,,,,
SE 19TH PL & SE 4TH ST,se-19th-pl-se-4th-st,1,9,5,True,True,no,gemini,2.0,1.0,yes,0.0,no,0.0,no,2026-04,2026-04,low,no,,2.0,,4.0,6.0,,,,
SE 19TH ST & SE 8TH AVE,se-19th-st-se-8th-ave,1,3,0,True,True,no,gemini,3.0,0.0,no,0.0,no,0.0,no,2026-03,2026-03,low,no,,2.0,,4.0,6.0,,,,
E UNIVERSITY AVE & SE 43RD ST,e-university-ave-se-43rd-st,1,4,8,True,True,no,gemini,3.0,2.0,yes,2.0,yes,1.0,yes,2026-03,2026-03,low,yes,,2.0,45.0,2.0,3.0,4.0,45.0,10300.0,45.0
E UNIVERSITY AVE & SE 8TH ST,e-university-ave-se-8th-st,1,5,2,True,True,no,gemini,4.0,0.0,no,0.0,no,0.0,no,2026-03,2026-03,low,no,yes,5.0,35.0,2.0,6.0,4.0,35.0,20200.0,35.0
SW 2ND ST & SW 4TH AVE,sw-2nd-st-sw-4th-ave,1,4,1,True,True,no,gemini,4.0,2.0,yes,0.0,no,0.0,no,2026-02,2026-03,low,no,,2.0,,4.0,6.0,,,,
SW 2ND ST & SW DEPOT AVE,sw-2nd-st-sw-depot-ave,1,2,1,True,True,no,gemini,3.0,1.0,yes,0.0,no,2.0,yes,2007-12,2024-06,low,yes,,1.0,25.0,4.0,6.0,,,,25.0
GALE LEMERAND DR & STADIUM RD,gale-lemerand-dr-stadium-rd,1,2,10,True,True,yes,osm,4.0,4.0,yes,4.0,yes,0.0,no,2023-09,2024-06,low,no,,3.0,20.0,5.0,5.0,,,,20.0
NW 12TH RD & NW 13TH ST,nw-12th-rd-nw-13th-st,1,9,5,True,True,no,gemini,3.0,0.0,no,0.0,no,0.0,no,2026-03,2026-03,low,no,,5.0,35.0,2.0,6.0,4.0,35.0,29500.0,35.0
NW 12TH ST & NW 16TH AVE,nw-12th-st-nw-16th-ave,1,11,6,True,True,no,gemini,4.0,1.0,yes,1.0,yes,0.0,no,2024-06,2026-03,low,no,yes,3.0,,4.0,6.0,,,,
NW 12TH ST & NW 1ST AVE,nw-12th-st-nw-1st-ave,1,1,0,False,False,,,,,,,,,,,,,,,,,,,,,,
E UNIVERSITY AVE & NE 16TH ST,e-university-ave-ne-16th-st,1,2,1,True,True,no,gemini,3.0,1.0,yes,1.0,yes,2.0,yes,2025-01,2026-03,low,yes,,2.0,35.0,2.0,6.0,4.0,45.0,10100.0,45.0
E UNIVERSITY AVE & NE 21ST TER,e-university-ave-ne-21st-ter,1,4,1,False,False,,,,,,,,,,,,,,,,,,,4.0,45.0,10400.0,45.0
NE 16TH AVE & NE 8TH ST,ne-16th-ave-ne-8th-st,1,6,1,True,True,no,gemini,4.0,0.0,no,0.0,no,0.0,no,2007-12,2026-03,low,no,,2.0,,4.0,6.0,,,,
NE 16TH TER & NE 19TH PL,ne-16th-ter-ne-19th-pl,1,2,0,True,True,no,gemini,3.0,0.0,no,0.0,no,0.0,no,2026-03,2026-03,low,no,,,,6.0,6.0,,,,
NE 16TH TER & NE 5TH PL,ne-16th-ter-ne-5th-pl,1,2,0,True,True,no,gemini,4.0,0.0,no,0.0,no,0.0,no,2026-03,2026-03,low,no,,,,6.0,6.0,,,,
SE 12TH AVE & SE 17TH TER,se-12th-ave-se-17th-ter,1,1,0,True,True,no,gemini,3.0,0.0,no,0.0,no,0.0,no,2022-05,2026-03,low,no,,,,6.0,6.0,,,,
SE 12TH ST & SE 22ND AVE,se-12th-st-se-22nd-ave,1,2,1,False,False,,,,,,,,,,,,,,,,,,,,,,
NE 17TH ST & NE 9TH AVE,ne-17th-st-ne-9th-ave,1,1,0,False,False,,,,,,,,,,,,,,,,,,,,,,
NE 17TH WAY & NE 20TH PL,ne-17th-way-ne-20th-pl,1,4,2,True,True,no,gemini,4.0,0.0,no,0.0,no,0.0,no,2026-03,2026-03,low,no,,,,6.0,6.0,,,,
SE 15TH ST & SE 2ND AVE,se-15th-st-se-2nd-ave,1,1,0,True,True,no,gemini,3.0,0.0,no,0.0,no,0.0,no,2024-06,2026-03,low,no,,2.0,,4.0,6.0,,,,
SE 13TH ST & SE 4TH AVE,se-13th-st-se-4th-ave,1,2,0,True,True,no,gemini,3.0,0.0,no,0.0,no,0.0,no,2024-06,2026-03,low,no,,,,6.0,6.0,,,,
NW 32ND ST & NW 45TH AVE,nw-32nd-st-nw-45th-ave,1,1,0,True,True,no,gemini,3.0,0.0,no,0.0,no,0.0,no,2026-02,2026-02,low,no,,,30.0,6.0,6.0,,,,30.0
NW 32ND ST & NW 62ND AVE,nw-32nd-st-nw-62nd-ave,1,2,1,True,True,no,gemini,3.0,0.0,no,0.0,no,0.0,no,2022-06,2026-02,low,no,,,,6.0,6.0,,,,
NW 33RD LN & NW 34TH ST,nw-33rd-ln-nw-34th-st,1,9,7,True,True,no,gemini,3.0,0.0,no,1.0,yes,0.0,no,2019-05,2026-02,low,no,,2.0,40.0,3.0,6.0,2.0,40.0,14500.0,40.0
SE 14TH ST & SE 2ND AVE,se-14th-st-se-2nd-ave,1,3,0,True,True,no,gemini,4.0,0.0,no,0.0,no,0.0,no,2026-03,2026-03,low,no,,,,6.0,6.0,,,,
SE 14TH ST & SE 3RD AVE,se-14th-st-se-3rd-ave,1,10,1,True,True,no,gemini,4.0,2.0,yes,0.0,no,0.0,no,2026-03,2026-03,low,no,,2.0,,4.0,6.0,,,,
SE 14TH ST & SE 4TH AVE,se-14th-st-se-4th-ave,1,3,0,True,True,no,gemini,4.0,0.0,no,0.0,no,0.0,no,2026-03,2026-03,low,no,,,,6.0,6.0,,,,
SE 14TH TER & SE 7TH AVE,se-14th-ter-se-7th-ave,1,1,0,True,True,no,gemini,3.0,0.0,no,0.0,no,0.0,no,2015-01,2026-03,low,no,,2.0,,4.0,6.0,,,,
NE 16TH AVE & NE 6TH TER,ne-16th-ave-ne-6th-ter,1,9,6,True,True,no,gemini,4.0,1.0,yes,0.0,no,0.0,no,2026-03,2026-03,low,no,,2.0,,4.0,6.0,4.0,35.0,16300.0,35.0
NE 16TH AVE & NE 7TH TER,ne-16th-ave-ne-7th-ter,1,3,2,True,True,no,gemini,4.0,0.0,no,0.0,no,0.0,no,2007-12,2007-12,low,no,,2.0,,4.0,6.0,,,,
SE 13TH AVE & SE 4TH ST,se-13th-ave-se-4th-st,1,2,1,True,True,no,gemini,3.0,2.0,yes,0.0,no,0.0,no,2026-02,2026-04,low,no,,2.0,,4.0,6.0,,,,
S MAIN ST & SW 3RD AVE,s-main-st-sw-3rd-ave,1,11,4,True,True,no,gemini,3.0,0.0,no,2.0,yes,0.0,no,2015-02,2026-02,low,no,yes,3.0,30.0,3.0,6.0,,,,30.0
NW 34TH ST & NW 41ST AVE,nw-34th-st-nw-41st-ave,1,8,3,True,True,no,gemini,3.0,0.0,no,0.0,no,0.0,no,2026-02,2026-03,low,no,,2.0,40.0,3.0,6.0,2.0,40.0,16800.0,40.0
NW 34TH ST & NW 42ND AVE,nw-34th-st-nw-42nd-ave,1,9,5,False,False,,,,,,,,,,,,,,,,,,,2.0,40.0,16800.0,40.0
NW 34TH ST & NW 44TH PL,nw-34th-st-nw-44th-pl,1,4,2,True,True,no,gemini,4.0,1.0,yes,2.0,yes,1.0,yes,2022-06,2026-03,low,yes,yes,3.0,40.0,3.0,6.0,2.0,40.0,16600.0,40.0
NW 34TH ST & NW 45TH AVE,nw-34th-st-nw-45th-ave,1,5,1,True,True,no,gemini,3.0,0.0,no,1.0,yes,0.0,no,2025-01,2026-03,low,no,yes,3.0,40.0,3.0,6.0,2.0,40.0,16800.0,40.0
NW 34TH ST & NW 50TH AVE,nw-34th-st-nw-50th-ave,1,1,0,False,False,,,,,,,,,,,,,,,,,,,,,,
NW 34TH ST & NW 51ST PL,nw-34th-st-nw-51st-pl,1,5,3,False,False,,,,,,,,,,,,,,,,,,,2.0,40.0,16750.0,40.0
SE 13TH PL & SE 17TH TER,se-13th-pl-se-17th-ter,1,1,0,True,True,no,gemini,3.0,0.0,no,0.0,no,0.0,no,2022-05,2022-05,low,no,,,,6.0,6.0,,,,
SE 11TH PL & SE 4TH ST,se-11th-pl-se-4th-st,1,1,0,True,True,no,gemini,4.0,0.0,no,0.0,no,0.0,no,2026-02,2026-04,low,no,,2.0,,4.0,6.0,,,,
NE 2ND ST & NE 35TH AVE,ne-2nd-st-ne-35th-ave,1,3,1,True,True,no,gemini,4.0,0.0,no,0.0,no,0.0,no,2026-03,2026-03,low,no,,,,6.0,6.0,4.0,45.0,27000.0,45.0
NE 2ND ST & NE 4TH AVE,ne-2nd-st-ne-4th-ave,1,1,0,True,True,no,gemini,4.0,3.0,yes,0.0,no,0.0,no,2026-02,2026-03,low,no,,,,6.0,6.0,,,,
NE 31ST AVE & NW 15TH ST,ne-31st-ave-nw-15th-st,1,1,0,False,False,,,,,,,,,,,,,,,,,,,,,,
NE 33RD AVE & NE 4TH ST,ne-33rd-ave-ne-4th-st,1,2,1,True,True,no,gemini,3.0,0.0,no,0.0,no,0.0,no,2026-03,2026-03,low,no,,,,5.0,6.0,,,,
NW 32ND AVE & NW 6TH ST,nw-32nd-ave-nw-6th-st,1,1,0,True,True,no,gemini,3.0,0.0,no,0.0,no,0.0,no,2026-03,2026-03,low,no,,4.0,35.0,3.0,6.0,,,,35.0
SE 11TH ST & SE 8TH AVE,se-11th-st-se-8th-ave,1,3,0,True,True,no,gemini,3.0,0.0,no,1.0,yes,2.0,yes,2025-04,2026-03,low,yes,,2.0,35.0,1.0,6.0,,,,35.0
SE 11TH ST & SE 9TH AVE,se-11th-st-se-9th-ave,1,3,1,True,True,no,gemini,3.0,0.0,no,2.0,yes,2.0,yes,2026-03,2026-03,low,yes,yes,3.0,35.0,1.0,6.0,4.0,35.0,22500.0,35.0
NE 18TH AVE & NE 9TH ST,ne-18th-ave-ne-9th-st,1,1,0,True,True,no,gemini,3.0,0.0,no,0.0,no,0.0,no,2026-03,2026-03,low,no,,2.0,,4.0,6.0,,,,
NE 18TH PL & NE 20TH ST,ne-18th-pl-ne-20th-st,1,3,0,False,False,,,,,,,,,,,,,,,,,,,,,,
NE 18TH PL & NE WALDO RD,ne-18th-pl-ne-waldo-rd,1,6,5,True,True,no,gemini,3.0,0.0,no,1.0,yes,2.0,yes,2026-03,2026-03,low,yes,yes,3.0,45.0,1.0,6.0,4.0,45.0,27223.0,45.0
NE 18TH ST & NE 1ST AVE,ne-18th-st-ne-1st-ave,1,1,0,True,True,no,gemini,4.0,0.0,no,0.0,no,0.0,no,2022-05,2026-03,low,no,,,,6.0,6.0,,,,
E UNIVERSITY AVE & NE 43RD TER,e-university-ave-ne-43rd-ter,1,1,1,True,True,no,gemini,3.0,1.0,yes,1.0,yes,0.0,no,2026-03,2026-03,low,yes,,2.0,45.0,2.0,6.0,4.0,45.0,9000.0,45.0
SW 2ND PL & SW 38TH ST,sw-2nd-pl-sw-38th-st,1,1,0,True,True,no,gemini,3.0,0.0,no,0.0,no,0.0,no,2026-02,2026-02,low,no,,,,6.0,6.0,,,,
NW 16TH AVE & NW 21ST ST,nw-16th-ave-nw-21st-st,1,3,1,True,True,no,gemini,3.0,1.0,yes,1.0,yes,2.0,yes,2026-03,2026-03,low,yes,yes,3.0,40.0,3.0,6.0,,,,40.0
NW 16TH AVE & NW 24TH ST,nw-16th-ave-nw-24th-st,1,6,3,True,True,no,gemini,3.0,0.0,no,0.0,no,2.0,yes,2026-03,2026-03,low,yes,yes,3.0,40.0,3.0,6.0,,,,40.0
NW 12TH ST & NW 6TH AVE,nw-12th-st-nw-6th-ave,1,3,1,True,True,no,gemini,3.0,0.0,no,0.0,no,0.0,no,2026-02,2026-02,low,no,,,,6.0,6.0,2.0,35.0,8400.0,35.0
NW 12TH ST & NW 7TH AVE,nw-12th-st-nw-7th-ave,1,5,3,True,True,no,gemini,4.0,4.0,yes,0.0,no,0.0,no,2026-02,2026-03,low,no,,,,6.0,6.0,,,,
CLARKE BUTLER BLVD & SW 42ND ST,clarke-butler-blvd-sw-42nd-st,1,3,0,False,False,,,,,,,,,,,,,,,,,,,,,,
CR 231 & SW 34TH BLVD,cr-231-sw-34th-blvd,1,1,0,False,False,,,,,,,,,,,,,,,,,,,,,,
CR- & SW 6ND BLVD,cr-sw-6nd-blvd,1,1,0,False,False,,,,,,,,,,,,,,,,,,,,,,
NE 18TH ST & NE 3RD AVE,ne-18th-st-ne-3rd-ave,1,3,1,True,True,no,gemini,4.0,0.0,no,0.0,no,0.0,no,2025-01,2026-03,low,no,,,,6.0,6.0,,,,
SE 10TH ST & SE 1ST AVE,se-10th-st-se-1st-ave,1,2,1,False,False,,,,,,,,,,,,,,,,,,,,,,
SE 10TH ST & SE 4TH AVE,se-10th-st-se-4th-ave,1,1,0,False,False,,,,,,,,,,,,,,,,,,,,,,
NW 35TH ST & NW 5TH AVE,nw-35th-st-nw-5th-ave,1,1,0,True,True,no,gemini,4.0,0.0,no,0.0,no,0.0,no,2015-02,2026-02,low,no,,,,6.0,6.0,,,,
PLAZA BLVD & SW 30TH PL,plaza-blvd-sw-30th-pl,1,1,0,False,False,,,,,,,,,,,,,,,,,,,,,,
S MAIN ST & SE 13TH,s-main-st-se-13th,1,1,0,False,False,,,,,,,,,,,,,,,,,,,,,,
NW 34TH ST & NW 54TH AVE,nw-34th-st-nw-54th-ave,1,6,5,True,True,no,gemini,2.0,0.0,no,0.0,no,0.0,no,2026-02,2026-02,low,no,,,,6.0,6.0,2.0,40.0,10000.0,40.0
NW 34TH ST & NW 77TH AVE,nw-34th-st-nw-77th-ave,1,1,0,False,False,,,,,,,,,,,,,,,,,,,,,,
NW 34TH AVE & NW 8TH AVE,nw-34th-ave-nw-8th-ave,1,1,0,False,False,,,,,,,,,,,,,,,,,,,,,,
NW 36TH AVE & NW 36TH RD,nw-36th-ave-nw-36th-rd,1,1,0,True,True,no,gemini,3.0,0.0,no,0.0,no,0.0,no,2023-08,2023-08,low,no,,,,6.0,6.0,,,,
NW 36TH AVE & NW 6TH ST,nw-36th-ave-nw-6th-st,1,10,6,True,True,no,gemini,4.0,0.0,no,0.0,no,0.0,no,2023-08,2026-03,low,no,,4.0,35.0,3.0,6.0,4.0,35.0,12600.0,35.0
NW 36TH DR & NW 8TH AVE,nw-36th-dr-nw-8th-ave,1,8,1,True,True,no,gemini,3.0,0.0,no,0.0,no,0.0,no,2024-06,2026-02,low,no,,4.0,,4.0,6.0,,,,
NW 36TH DR & W UNIVERSITY AVE,nw-36th-dr-w-university-ave,1,8,1,True,True,no,gemini,3.0,1.0,yes,1.0,yes,2.0,yes,2026-02,2026-03,low,yes,yes,3.0,35.0,2.0,6.0,4.0,35.0,22100.0,35.0
NW 36TH ST & NW 7TH AVE,nw-36th-st-nw-7th-ave,1,2,0,True,True,no,gemini,4.0,0.0,no,0.0,no,0.0,no,2026-02,2026-02,low,no,,,,6.0,6.0,,,,
NE 25TH ST & NE 3RD PL,ne-25th-st-ne-3rd-pl,1,3,0,True,True,no,gemini,3.0,1.0,yes,0.0,no,0.0,no,2026-03,2026-03,low,no,,2.0,,4.0,6.0,,,,
NE 25TH ST & NE 4TH AVE,ne-25th-st-ne-4th-ave,1,4,1,True,True,no,gemini,3.0,0.0,no,0.0,no,0.0,no,2026-03,2026-03,low,no,,2.0,,4.0,6.0,,,,
NW 34TH PL & NW 42ND TER,nw-34th-pl-nw-42nd-ter,1,1,0,True,True,no,gemini,4.0,0.0,no,0.0,no,0.0,no,2026-02,2026-02,low,no,,,,6.0,6.0,,,,
NW 34TH PL & NW 6TH ST,nw-34th-pl-nw-6th-st,1,2,0,True,True,no,gemini,3.0,0.0,no,0.0,no,0.0,no,2023-08,2026-03,low,no,,4.0,35.0,3.0,6.0,,,,35.0
SE 10TH AVE & SE 1ST ST,se-10th-ave-se-1st-st,1,1,0,True,True,no,gemini,3.0,0.0,no,0.0,no,0.0,no,2026-02,2026-03,low,no,,,,6.0,6.0,,,,
OLD ARCHER RD & SW 35TH PL,old-archer-rd-sw-35th-pl,1,1,0,False,False,,,,,,,,,,,,,,,,,,,,,,
SW 34TH ST & VA ENTRANCE,sw-34th-st-va-entrance,1,1,0,False,False,,,,,,,,,,,,,,,,,,,,,,
SW 30TH TER & SW 41ST LN,sw-30th-ter-sw-41st-ln,1,2,1,True,True,no,gemini,3.0,0.0,no,0.0,no,0.0,no,2026-02,2026-02,low,no,,,,6.0,6.0,,,,
NW 13 TH ST & NW 7TH AVE,nw-13-th-st-nw-7th-ave,1,1,0,False,False,,,,,,,,,,,,,,,,,,,,,,
NW 13TH & NW 14TH AVE,nw-13th-nw-14th-ave,1,1,0,False,False,,,,,,,,,,,,,,,,,,,,,,
NW 13TH AVE & NW 16TH AVE,nw-13th-ave-nw-16th-ave,1,2,1,False,False,,,,,,,,,,,,,,,,,,,4.0,35.0,29000.0,35.0
NW 15TH PL & NW 43RD ST,nw-15th-pl-nw-43rd-st,1,3,1,True,True,no,gemini,3.0,0.0,no,1.0,yes,1.0,yes,2026-02,2026-03,low,yes,,5.0,45.0,3.0,6.0,,,,45.0
NW 14TH PL & NW 43ST ST,nw-14th-pl-nw-43st-st,1,1,0,False,False,,,,,,,,,,,,,,,,,,,,,,
SW 31ST DR & SW 41ST LN,sw-31st-dr-sw-41st-ln,1,5,3,True,True,no,gemini,3.0,1.0,yes,0.0,no,0.0,no,2026-02,2026-02,low,no,,,,6.0,6.0,,,,
SW 35TH TER & SW 42ND AVE,sw-35th-ter-sw-42nd-ave,1,1,0,True,True,no,gemini,4.0,0.0,no,0.0,no,0.0,no,2024-06,2026-01,low,no,,,,5.0,5.0,,,,
NE 25TH TER & NE 8TH AVE,ne-25th-ter-ne-8th-ave,1,1,0,True,True,no,gemini,3.0,0.0,no,0.0,no,0.0,no,2026-03,2026-03,low,no,,,,6.0,6.0,,,,
NE 26TH TER & NE 2ND PL,ne-26th-ter-ne-2nd-pl,1,5,4,True,False,,,,,,,,,,,,,no,,,,6.0,6.0,,,,
NE 26TH TER & NE 8TH AVE,ne-26th-ter-ne-8th-ave,1,2,1,True,True,no,gemini,3.0,0.0,no,0.0,no,0.0,no,2011-03,2026-03,low,no,,,,6.0,6.0,,,,
NW 36TH TER & W UNIVERSITY AVE,nw-36th-ter-w-university-ave,1,1,0,True,True,no,gemini,3.0,1.0,yes,0.0,no,2.0,yes,2026-02,2026-03,low,yes,yes,3.0,35.0,2.0,6.0,,,,35.0
NW 34TH ST & SR 231,nw-34th-st-sr-231,1,2,1,False,False,,,,,,,,,,,,,,,,,,,2.0,60.0,2300.0,60.0
NW 35TH DR & NW 53RD AVE,nw-35th-dr-nw-53rd-ave,1,2,0,True,True,no,gemini,3.0,0.0,no,1.0,yes,0.0,no,2026-02,2026-03,low,no,,2.0,,4.0,6.0,,,,
NW 74TH PL & US 441,nw-74th-pl-us-441,1,1,0,False,False,,,,,,,,,,,,,,,,,,,,,,
NW 7TH AVE & NW 8TH ST,nw-7th-ave-nw-8th-st,1,1,0,True,True,no,gemini,4.0,0.0,no,0.0,no,0.0,no,2021-03,2026-02,low,no,,,,6.0,6.0,,,,
S MAIN ST & SE 13TH RD,s-main-st-se-13th-rd,1,6,1,True,True,no,gemini,3.0,1.0,yes,0.0,no,0.0,no,2026-03,2026-03,low,no,,4.0,45.0,3.0,6.0,,,,45.0
S MAIN ST & SE 4TH PL,s-main-st-se-4th-pl,1,4,2,True,True,yes,osm,3.0,0.0,no,0.0,no,0.0,no,2026-02,2026-02,low,no,yes,3.0,35.0,3.0,6.0,,,,35.0
S MAIN ST & SW 10TH AVE,s-main-st-sw-10th-ave,1,3,1,False,False,,,,,,,,,,,,,,,,,,,,,,
S MAIN ST & SW 23RD PL,s-main-st-sw-23rd-pl,1,2,0,True,True,no,gemini,3.0,0.0,no,1.0,yes,2.0,yes,2026-02,2026-02,low,yes,yes,3.0,45.0,3.0,6.0,,,,45.0
S MAIN ST & SW 26TH PL,s-main-st-sw-26th-pl,1,1,0,True,True,no,gemini,3.0,0.0,no,1.0,yes,2.0,yes,2026-02,2026-02,low,yes,,2.0,45.0,3.0,6.0,,,,45.0
S MAIN ST & SW 33RD PL,s-main-st-sw-33rd-pl,1,2,0,True,True,no,gemini,3.0,0.0,no,1.0,yes,0.0,no,2024-06,2026-02,low,yes,,2.0,45.0,3.0,6.0,,,,45.0
NW 37TH DR & NW 67TH PL,nw-37th-dr-nw-67th-pl,1,1,0,False,False,,,,,,,,,,,,,,,,,,,,,,
NW 37TH DR & NW 8TH AVE,nw-37th-dr-nw-8th-ave,1,2,0,True,True,no,gemini,3.0,1.0,yes,0.0,no,0.0,no,2026-02,2026-02,low,no,,4.0,,4.0,6.0,,,,
NW 37TH ST & NW 56TH LN,nw-37th-st-nw-56th-ln,1,2,0,True,True,no,gemini,2.0,0.0,no,0.0,no,0.0,no,2026-03,2026-03,low,yes,,,,4.0,6.0,,,,
NE 25TH ST & NE 5TH PL,ne-25th-st-ne-5th-pl,1,1,0,True,True,no,gemini,4.0,0.0,no,0.0,no,0.0,no,2023-09,2026-03,low,no,,2.0,,4.0,6.0,,,,
NE 25TH ST & NE 6TH AVE,ne-25th-st-ne-6th-ave,1,1,0,True,True,no,gemini,4.0,1.0,yes,0.0,no,0.0,no,2026-03,2026-03,low,no,,2.0,,4.0,6.0,,,,
NE 19TH TER & NE 8TH AVE,ne-19th-ter-ne-8th-ave,1,8,2,True,True,no,gemini,4.0,2.0,yes,0.0,no,0.0,no,2024-10,2026-03,low,no,,2.0,,4.0,4.0,,,,
NE 17TH ST & NE 1ST AVE,ne-17th-st-ne-1st-ave,1,2,1,True,True,no,gemini,4.0,0.0,no,0.0,no,0.0,no,2022-05,2024-06,low,no,,,,6.0,6.0,,,,
NE 17TH ST & NE 3RD AVE,ne-17th-st-ne-3rd-ave,1,1,0,True,True,no,gemini,4.0,1.0,yes,0.0,no,0.0,no,2024-06,2026-03,low,no,,,,6.0,6.0,,,,
NW 3RD ST & NW 7TH AVE,nw-3rd-st-nw-7th-ave,1,1,0,True,True,no,gemini,4.0,0.0,no,0.0,no,0.0,no,2015-04,2024-06,low,no,,,,6.0,6.0,,,,
NW 43RD ST & W UNIVERSITY AVE,nw-43rd-st-w-university-ave,1,2,1,True,True,no,gemini,4.0,0.0,no,0.0,no,0.0,no,2023-10,2023-10,low,no,,2.0,,6.0,6.0,4.0,45.0,10300.0,45.0
NW 40TH DR & NW 67TH PL,nw-40th-dr-nw-67th-pl,1,1,0,True,True,no,gemini,3.0,0.0,no,0.0,no,0.0,no,2026-03,2026-03,low,no,,,,6.0,6.0,,,,
NW 37TH TER & NW 8TH AVE,nw-37th-ter-nw-8th-ave,1,3,1,True,True,no,gemini,4.0,1.0,yes,0.0,no,0.0,no,2026-02,2026-02,low,no,,4.0,,4.0,6.0,,,,
NW 64TH TER & NW 9TH BLVD,nw-64th-ter-nw-9th-blvd,1,2,0,True,True,no,gemini,2.0,1.0,yes,0.0,no,0.0,no,2024-06,2024-06,low,no,,,,5.0,5.0,,,,
NW 93RD AVE & US 441,nw-93rd-ave-us-441,1,1,0,False,False,,,,,,,,,,,,,,,,,,,,,,
NW 6TH ST & NW 7TH AVE,nw-6th-st-nw-7th-ave,1,9,3,True,True,no,gemini,4.0,4.0,yes,1.0,yes,0.0,no,2015-02,2026-03,low,no,yes,3.0,,4.0,6.0,,,,
NW 6TH ST & NW 8TH PL,nw-6th-st-nw-8th-pl,1,3,0,True,True,yes,osm,3.0,1.0,yes,1.0,yes,0.0,no,2026-03,2026-03,low,no,yes,5.0,30.0,3.0,6.0,,,,30.0
NW 38TH ST & NW 39TH AVE,nw-38th-st-nw-39th-ave,1,12,9,False,False,,,,,,,,,,,,,,,,,,,4.0,45.0,35250.0,45.0
NW 39TH AVE & NW 45TH ST,nw-39th-ave-nw-45th-st,1,2,4,True,True,no,gemini,3.0,0.0,no,1.0,yes,2.0,yes,2026-02,2026-02,low,yes,yes,5.0,45.0,2.0,6.0,4.0,45.0,37000.0,45.0
NW 39TH AVE & NW 48TH TER,nw-39th-ave-nw-48th-ter,1,3,14,True,True,no,gemini,3.0,0.0,no,1.0,yes,3.0,yes,2026-02,2026-03,low,yes,yes,3.0,45.0,2.0,6.0,4.0,45.0,37000.0,45.0
NW 39TH AVE & NW 51ST ST,nw-39th-ave-nw-51st-st,1,10,58,True,True,yes,osm,4.0,4.0,yes,4.0,yes,2.0,yes,2026-02,2026-03,low,yes,yes,3.0,45.0,2.0,4.0,4.0,45.0,37000.0,45.0
NW 39TH PL & NW 48TH TER,nw-39th-pl-nw-48th-ter,1,1,0,False,False,,,,,,,,,,,,,,,,,,,,,,
NW 39TH RD & NW 40TH TER,nw-39th-rd-nw-40th-ter,1,1,0,True,True,no,gemini,3.0,0.0,no,0.0,no,0.0,no,2026-02,2026-02,low,no,,2.0,,6.0,6.0,,,,
NW 37TH AVE & NW 6TH ST,nw-37th-ave-nw-6th-st,1,1,0,True,True,no,gemini,3.0,0.0,no,0.0,no,0.0,no,2023-08,2026-03,low,no,,4.0,35.0,3.0,6.0,,,,35.0
NW 37TH DR & NW 64TH PL,nw-37th-dr-nw-64th-pl,1,1,0,True,True,no,gemini,2.0,0.0,no,0.0,no,0.0,no,2022-06,2026-02,low,no,,,,6.0,6.0,,,,
NW 7TH TER & W UNIVERSITY AVE,nw-7th-ter-w-university-ave,1,10,7,True,True,yes,osm,3.0,2.0,yes,1.0,yes,0.0,no,2026-02,2026-03,low,no,yes,5.0,30.0,2.0,6.0,4.0,30.0,21500.0,30.0
NE 21ST LN & NE 2ND ST,ne-21st-ln-ne-2nd-st,1,1,0,True,True,no,gemini,3.0,0.0,no,1.0,yes,0.0,no,2026-03,2026-03,low,no,,,,6.0,6.0,,,,
NW 82ND BLVD & NW 82ND RD,nw-82nd-blvd-nw-82nd-rd,1,1,0,True,True,no,gemini,3.0,2.0,yes,0.0,no,0.0,no,2021-03,2022-06,low,no,,,,6.0,6.0,,,,
NW 8TH AVE & NW 9TH ST,nw-8th-ave-nw-9th-st,1,5,2,True,True,no,gemini,3.0,0.0,no,2.0,yes,0.0,no,2024-06,2026-03,low,no,yes,3.0,,4.0,6.0,2.0,45.0,12200.0,45.0
NW 14TH TER & NW 6TH AVE,nw-14th-ter-nw-6th-ave,1,1,0,True,True,no,gemini,4.0,0.0,no,0.0,no,0.0,no,2026-02,2026-02,low,no,,,,6.0,6.0,,,,
NW 156TH AVE & TREE FARM RD,nw-156th-ave-tree-farm-rd,1,1,7,False,False,,,,,,,,,,,,,,,,,,,,,,
NW 15TH AVE & NW 39TH ST,nw-15th-ave-nw-39th-st,1,1,0,True,True,no,gemini,4.0,0.0,no,0.0,no,0.0,no,2026-02,2026-02,low,no,,,,6.0,6.0,,,,
SW 39TH TER & W NEWBERRY RD,sw-39th-ter-w-newberry-rd,1,1,0,False,False,,,,,,,,,,,,,,,,,,,,,,
SW 3RD AVE & SW 3RD ST,sw-3rd-ave-sw-3rd-st,1,3,1,True,True,no,gemini,4.0,0.0,no,0.0,no,0.0,no,2026-02,2026-02,low,no,,,,6.0,6.0,,,,
SW 3RD AVE & SW 5TH ST,sw-3rd-ave-sw-5th-st,1,7,3,True,True,no,gemini,4.0,0.0,no,0.0,no,0.0,no,2026-02,2026-03,low,no,,,,6.0,6.0,,,,
SW 34TH ST & SW 62ND BLVD,sw-34th-st-sw-62nd-blvd,1,1,0,False,False,,,,,,,,,,,,,,,,,,,,,,
NW 13TH ST & NW 6TH EXTENSION,nw-13th-st-nw-6th-extension,1,1,0,False,False,,,,,,,,,,,,,,,,,,,,,,
NW 13TH ST & NW 93RD ST,nw-13th-st-nw-93rd-st,1,1,0,False,False,,,,,,,,,,,,,,,,,,,,,,
NW 5TH AVE & NW 8TH ST,nw-5th-ave-nw-8th-st,1,3,0,True,True,no,gemini,4.0,4.0,yes,0.0,no,0.0,no,2018-10,2021-03,low,no,,,,6.0,6.0,,,,
NW 3RD ST & NW 4TH PL,nw-3rd-st-nw-4th-pl,1,1,0,True,True,no,gemini,4.0,0.0,no,0.0,no,0.0,no,2026-02,2026-02,low,no,,,,6.0,6.0,,,,
NW 3RD ST & NW 5TH AVE,nw-3rd-st-nw-5th-ave,1,1,0,True,True,no,gemini,3.0,0.0,no,0.0,no,0.0,no,2024-06,2026-02,low,no,,,,6.0,6.0,,,,
SW 41ST PL & SW 69TH TER,sw-41st-pl-sw-69th-ter,1,1,1,True,True,no,gemini,3.0,0.0,no,0.0,no,0.0,no,2026-01,2026-01,low,no,,2.0,30.0,6.0,6.0,,,,30.0
SW 41ST ST & W UNIVERSITY AVE,sw-41st-st-w-university-ave,1,1,0,True,True,no,gemini,2.0,0.0,no,0.0,no,0.0,no,2023-03,2023-03,low,no,,,,6.0,6.0,,,,
SW 42ND ST & SW 7TH AVE,sw-42nd-st-sw-7th-ave,1,1,0,True,True,no,gemini,2.0,0.0,no,0.0,no,0.0,no,2026-02,2026-02,low,no,,,,6.0,6.0,,,,
SW 44TH ST & SW ARCHER RD,sw-44th-st-sw-archer-rd,1,1,5,True,True,no,gemini,4.0,0.0,no,3.0,yes,3.0,yes,2016-07,2026-02,low,yes,yes,3.0,45.0,2.0,6.0,4.0,45.0,32000.0,45.0
SW 45TH ST & SW ARCHER RD,sw-45th-st-sw-archer-rd,1,1,12,True,True,yes,osm,4.0,3.0,yes,3.0,yes,4.0,yes,2018-06,2026-02,low,yes,yes,5.0,45.0,2.0,4.0,4.0,45.0,34500.0,45.0
SW 46TH DR & SW 62ND AVE,sw-46th-dr-sw-62nd-ave,1,2,0,True,True,no,gemini,2.0,0.0,no,1.0,yes,1.0,yes,2021-03,2026-01,low,no,,2.0,,4.0,6.0,,,,
SW 35TH BLVD & UNNAMED ST,sw-35th-blvd-unnamed-st,1,14,3,False,False,,,,,,,,,,,,,,,,,,,,,,
ACCESS RD & NW 53RD AVE,access-rd-nw-53rd-ave,1,1,0,False,False,,,,,,,,,,,,,,,,,,,,,,
SW 57TH TER & SW 9TH PL,sw-57th-ter-sw-9th-pl,1,1,0,False,False,,,,,,,,,,,,,,,,,,,,,,
NW 69TH TER & NW 9TH BLVD,nw-69th-ter-nw-9th-blvd,1,1,3,True,True,no,gemini,3.0,0.0,no,0.0,no,0.0,no,2024-06,2026-01,low,no,,2.0,,5.0,6.0,,,,
NW 53RD TER & NW 82ND BLVD,nw-53rd-ter-nw-82nd-blvd,1,1,0,True,True,no,gemini,4.0,4.0,yes,0.0,no,0.0,no,2011-05,2022-06,low,no,,,,6.0,6.0,,,,
NW 55TH ST & NW 9TH LN,nw-55th-st-nw-9th-ln,1,4,6,True,True,no,gemini,2.0,0.0,no,0.0,no,0.0,no,2023-10,2026-01,low,no,,2.0,,4.0,6.0,,,,
NW 41ST DR & NW 62ND AVE,nw-41st-dr-nw-62nd-ave,1,1,0,True,True,no,gemini,4.0,0.0,no,0.0,no,1.0,yes,2026-02,2026-03,low,yes,,,,6.0,6.0,,,,
NE 23RD AVE & NE 6TH TER,ne-23rd-ave-ne-6th-ter,1,4,2,True,True,no,gemini,3.0,0.0,no,0.0,no,0.0,no,2023-08,2026-03,low,no,,4.0,40.0,3.0,6.0,4.0,40.0,13500.0,40.0
NE 23RD AVE & NE 9TH TER,ne-23rd-ave-ne-9th-ter,1,2,1,True,True,no,gemini,3.0,0.0,no,0.0,no,0.0,no,2026-03,2026-03,low,no,,4.0,40.0,3.0,6.0,4.0,40.0,14900.0,40.0
NW 39TH WAY & NW 43RD CT,nw-39th-way-nw-43rd-ct,1,1,0,True,True,no,gemini,3.0,0.0,no,0.0,no,0.0,no,2022-06,2026-02,low,no,,,,6.0,6.0,,,,
NW 48TH BLVD & W UNIVERSITY AVE,nw-48th-blvd-w-university-ave,1,2,0,False,False,,,,,,,,,,,,,,,,,,,,,,
NW 49TH ST & NW 73RD AVE,nw-49th-st-nw-73rd-ave,1,1,0,True,True,no,gemini,3.0,2.0,yes,1.0,yes,0.0,no,2022-06,2026-03,low,no,,,,6.0,6.0,,,,
NW 4TH AVE & NW 4TH ST,nw-4th-ave-nw-4th-st,1,2,0,True,True,no,gemini,4.0,0.0,no,0.0,no,0.0,no,2026-03,2026-03,low,no,,,,6.0,6.0,,,,
-A & SW 36TH TER,a-sw-36th-ter,1,2,1,False,False,,,,,,,,,,,,,,,,,,,,,,
NE 1ST DR & NE 38TH AVE,ne-1st-dr-ne-38th-ave,1,2,0,False,False,,,,,,,,,,,,,,,,,,,,,,
NE 1ST TER & NE 39TH AVE,ne-1st-ter-ne-39th-ave,1,4,0,False,False,,,,,,,,,,,,,,,,,,,,,,
NE 20TH ST & NE 4TH PL,ne-20th-st-ne-4th-pl,1,2,1,False,False,,,,,,,,,,,,,,,,,,,,,,
NW 13TH TER & NW 5TH AVE,nw-13th-ter-nw-5th-ave,1,2,0,True,True,no,gemini,3.0,0.0,no,0.0,no,0.0,no,2026-02,2026-03,low,no,,,,6.0,6.0,,,,
NW 13TH TER & NW 6TH AVE,nw-13th-ter-nw-6th-ave,1,1,0,True,True,no,gemini,4.0,0.0,no,0.0,no,0.0,no,2024-06,2026-02,low,no,,,,6.0,6.0,,,,
NW 51ST ST & NW 82ND BLVD,nw-51st-st-nw-82nd-blvd,1,1,0,True,True,no,gemini,3.0,3.0,yes,0.0,no,0.0,no,2011-05,2022-06,low,no,,,,6.0,6.0,,,,
NW 40TH TER & NW 8TH AVE,nw-40th-ter-nw-8th-ave,1,6,5,True,True,no,gemini,3.0,1.0,yes,0.0,no,0.0,no,2026-02,2026-02,low,no,,4.0,,4.0,6.0,4.0,35.0,10400.0,35.0
NW 50TH ST & NW 76TH LN,nw-50th-st-nw-76th-ln,1,1,0,True,True,no,gemini,3.0,0.0,no,0.0,no,0.0,no,2021-03,2026-02,low,no,,,,6.0,6.0,,,,
NW 51ST DR & NW 81ST AVE,nw-51st-dr-nw-81st-ave,1,2,0,True,True,no,gemini,4.0,0.0,no,0.0,no,0.0,no,2011-05,2026-02,low,no,,,,6.0,6.0,,,,
NW 66TH ST & W UNIVERSITY AVE,nw-66th-st-w-university-ave,1,2,1,False,False,,,,,,,,,,,,,,,,,,,6.0,35.0,50000.0,35.0
NW 67TH ST & W NEWBERRY RD,nw-67th-st-w-newberry-rd,1,2,1,False,False,,,,,,,,,,,,,,,,,,,6.0,35.0,49500.0,35.0
SW 40TH BLVD & SW 47TH AVE,sw-40th-blvd-sw-47th-ave,1,1,0,False,False,,,,,,,,,,,,,,,,,,,,,,
NW 21ST PL & NW 34TH ST,nw-21st-pl-nw-34th-st,1,6,2,True,True,no,gemini,3.0,0.0,no,0.0,no,0.0,no,2015-02,2026-03,low,no,,2.0,40.0,3.0,6.0,2.0,40.0,14750.0,40.0
SW 20TH AVE & SW 41ST ST,sw-20th-ave-sw-41st-st,1,10,4,False,False,,,,,,,,,,,,,,,,,,,,,,
NW 19TH ST & NW 23RD AVE,nw-19th-st-nw-23rd-ave,1,2,0,False,False,,,,,,,,,,,,,,,,,,,,,,
NE 10TH AVE & NE 16TH TER,ne-10th-ave-ne-16th-ter,1,2,0,True,True,no,gemini,3.0,0.0,no,0.0,no,0.0,no,2026-03,2026-03,low,no,,,,6.0,6.0,,,,
SW 40TH BLVD & UNNAMED ROADWAY,sw-40th-blvd-unnamed-roadway,1,4,0,False,False,,,,,,,,,,,,,,,,,,,,,,
NW 4TH PL & NW 8TH ST,nw-4th-pl-nw-8th-st,1,2,0,True,True,no,gemini,3.0,0.0,no,0.0,no,0.0,no,2018-10,2024-06,low,no,,,,6.0,6.0,,,,
NW 12TH AVE & NW 12TH ST,nw-12th-ave-nw-12th-st,1,4,2,True,True,no,gemini,4.0,0.0,no,0.0,no,0.0,no,2024-06,2026-03,low,no,,2.0,,6.0,6.0,,,,
SW 28TH TER & SW 2ND AVE,sw-28th-ter-sw-2nd-ave,1,8,5,True,True,no,gemini,3.0,1.0,yes,0.0,no,0.0,no,2026-02,2026-03,low,no,,2.0,35.0,3.0,6.0,2.0,35.0,14300.0,35.0
SW 31ST TER & SW OLD ARCHER RD,sw-31st-ter-sw-old-archer-rd,1,5,3,True,True,no,gemini,2.0,0.0,no,0.0,no,0.0,no,2026-02,2026-02,low,no,,2.0,,4.0,6.0,,,,
E PANHELLENIC DR & SW 9TH AVE,e-panhellenic-dr-sw-9th-ave,1,2,1,False,False,,,,,,,,,,,,,,,,,,,,,,
NW 13TH ST & NW 41ST RD,nw-13th-st-nw-41st-rd,1,6,2,True,True,no,gemini,3.0,0.0,no,2.0,yes,2.0,yes,2022-05,2026-03,low,yes,yes,3.0,45.0,2.0,6.0,4.0,45.0,16700.0,45.0
NW 51ST TER & NW 52ND TER,nw-51st-ter-nw-52nd-ter,1,1,0,False,False,,,,,,,,,,,,,,,,,,,,,,
SW ARCHER RD & US 441,sw-archer-rd-us-441,1,2,0,False,False,,,,,,,,,,,,,,,,,,,,,,
6TH ST & NW 13TH ST,6th-st-nw-13th-st,1,1,0,False,False,,,,,,,,,,,,,,,,,,,,,,
SW 3RD ST & SW 6TH AVE,sw-3rd-st-sw-6th-ave,1,1,0,True,True,no,gemini,3.0,1.0,yes,0.0,no,0.0,no,2018-10,2026-02,low,no,,,,6.0,6.0,,,,
SW 3RD ST & SW DEPOT AVE,sw-3rd-st-sw-depot-ave,1,3,2,True,True,no,gemini,3.0,1.0,yes,2.0,yes,2.0,yes,2026-02,2026-02,low,yes,,1.0,25.0,4.0,6.0,,,,25.0
SW 9TH AVE & W PANHELLENIC DR,sw-9th-ave-w-panhellenic-dr,1,3,2,False,False,,,,,,,,,,,,,,,,,,,,,,
NE 21ST PL & NE WALDO RD,ne-21st-pl-ne-waldo-rd,1,15,9,True,True,no,gemini,3.0,0.0,no,1.0,yes,2.0,yes,2026-03,2026-03,low,yes,yes,3.0,45.0,1.0,6.0,4.0,45.0,27193.5,45.0
NE 21ST TER & NE 3RD PL,ne-21st-ter-ne-3rd-pl,1,1,0,False,False,,,,,,,,,,,,,,,,,,,,,,
NE 24TH ST & NE 8TH AVE,ne-24th-st-ne-8th-ave,1,2,1,True,True,no,gemini,4.0,0.0,no,0.0,no,0.0,no,2023-03,2023-09,low,no,,2.0,,4.0,6.0,,,,
NW 43RD ST & NW 53RD ST,nw-43rd-st-nw-53rd-st,1,2,1,False,False,,,,,,,,,,,,,,,,,,,,,,
NW 10TH PL & NW 43RD ST,nw-10th-pl-nw-43rd-st,1,4,2,True,True,no,gemini,2.0,0.0,no,1.0,yes,1.0,yes,2026-03,2026-03,low,yes,,,45.0,3.0,6.0,,,,45.0
NE 1ST WAY & NE 39TH AVE,ne-1st-way-ne-39th-ave,1,3,2,False,False,,,,,,,,,,,,,,,,,,,4.0,45.0,25500.0,45.0
NE 1ST AVE & NE 24TH ST,ne-1st-ave-ne-24th-st,1,3,1,True,True,no,gemini,4.0,0.0,no,0.0,no,0.0,no,2011-05,2026-03,low,no,,2.0,,4.0,6.0,,,,
OAKS MALL NORTH ENTRANCE & W NEWBERRY RD,oaks-mall-north-entrance-w-newberry-rd,1,8,4,False,False,,,,,,,,,,,,,,,,,,,6.0,35.0,48500.0,35.0
PRIVATE ACCESS RD & W NEWBERRY RD,private-access-rd-w-newberry-rd,1,11,0,False,False,,,,,,,,,,,,,,,,,,,,,,
NE 2ND WAY & NW 39TH AVE,ne-2nd-way-nw-39th-ave,1,3,1,True,True,yes,osm,3.0,3.0,yes,2.0,yes,2.0,yes,2023-03,2026-03,low,yes,yes,3.0,45.0,2.0,6.0,4.0,45.0,23500.0,45.0
NW 2ND AVE & NW 3RD ST,nw-2nd-ave-nw-3rd-st,1,2,0,True,True,no,gemini,4.0,4.0,yes,0.0,no,0.0,no,2026-03,2026-03,low,no,,2.0,,6.0,6.0,,,,
SE 2ND PL & SE 2ND ST,se-2nd-pl-se-2nd-st,1,2,0,True,True,no,gemini,3.0,0.0,no,0.0,no,0.0,no,2024-06,2026-02,low,no,,,,6.0,6.0,,,,
SR ALT 26 & SW 34TH ST,sr-alt-26-sw-34th-st,1,4,2,False,False,,,,,,,,,,,,,,,,,,,5.0,35.0,44750.0,35.0
NE 13TH ST & NE 37TH PL,ne-13th-st-ne-37th-pl,1,2,1,True,True,no,gemini,3.0,0.0,no,0.0,no,0.0,no,2015-04,2023-08,low,no,,,,6.0,6.0,,,,
SW 11TH LN & SW 6TH DR,sw-11th-ln-sw-6th-dr,1,3,2,True,True,no,gemini,2.0,0.0,no,0.0,no,0.0,no,2026-02,2026-02,low,no,,,25.0,6.0,6.0,,,,25.0
CLARK BUTLER BLVD & SW 24TH AVE,clark-butler-blvd-sw-24th-ave,0,2,1,False,False,,,,,,,,,,,,,,,,,,,,,,
SW 5TH AVE & SW 5TH TER,sw-5th-ave-sw-5th-ter,0,1,1,False,False,,,,,,,,,,,,,,,,,,,,,,
-SW 34TH ST & SW 20TH AVE,sw-34th-st-sw-20th-ave,0,1,0,False,False,,,,,,,,,,,,,,,,,,,,,,
NW 14TH DR & NW 3RD AVE,nw-14th-dr-nw-3rd-ave,0,1,0,True,True,no,gemini,3.0,1.0,yes,0.0,no,0.0,no,2026-02,2026-03,low,no,,,,6.0,6.0,,,,
NW 14TH AVE & NW 8TH ST,nw-14th-ave-nw-8th-st,0,1,0,True,True,no,gemini,4.0,0.0,no,0.0,no,0.0,no,2026-03,2026-03,low,no,,,,6.0,6.0,,,,
NW 14TH AVE & NW 4TH ST,nw-14th-ave-nw-4th-st,0,3,2,True,True,no,gemini,4.0,1.0,yes,0.0,no,2.0,yes,2026-03,2026-03,low,yes,,,,6.0,6.0,,,,
NW 14TH AVE & NW 22ND ST,nw-14th-ave-nw-22nd-st,0,2,1,True,True,no,gemini,4.0,0.0,no,0.0,no,0.0,no,2023-08,2026-03,low,no,,2.0,,4.0,6.0,,,,
NW 14TH AVE & NW 18TH ST,nw-14th-ave-nw-18th-st,0,1,0,True,True,no,gemini,3.0,1.0,yes,0.0,no,0.0,no,2024-06,2026-03,low,no,,,,6.0,6.0,,,,
NW 13TH TER & NW 7TH AVE,nw-13th-ter-nw-7th-ave,0,1,0,True,True,no,gemini,3.0,0.0,no,0.0,no,0.0,no,2026-02,2026-03,low,no,,,,6.0,6.0,,,,
NW 13TH ST & NW 8TH AVE,nw-13th-st-nw-8th-ave,0,4,1,False,False,,,,,,,,,,,,,,,,,,,,,,
ARDEN DR & NW 24TH BLVD,arden-dr-nw-24th-blvd,0,1,1,True,True,no,gemini,3.0,1.0,yes,0.0,no,1.0,yes,2023-03,2026-03,low,yes,yes,2.0,30.0,4.0,6.0,,,,30.0
ALT & SW 34TH ST,alt-sw-34th-st,0,3,3,False,False,,,,,,,,,,,,,,,,,,,,,,
SW 4TH AVE & SW 8TH ST,sw-4th-ave-sw-8th-st,0,3,3,True,True,no,gemini,3.0,0.0,no,0.0,no,0.0,no,2026-02,2026-03,low,yes,yes,3.0,,4.0,6.0,,,,
SW 4TH PL & SW 75TH ST,sw-4th-pl-sw-75th-st,0,1,4,False,False,,,,,,,,,,,,,,,,,,,,,,
27TH ST & W UNIVERSITY AVE,27th-st-w-university-ave,0,1,1,False,False,,,,,,,,,,,,,,,,,,,,,,
24TH ST & W NEWBERRY RD,24th-st-w-newberry-rd,0,1,1,False,False,,,,,,,,,,,,,,,,,,,,,,
NW 14TH ST & NW 4TH PL,nw-14th-st-nw-4th-pl,0,1,1,True,True,no,gemini,3.0,0.0,no,0.0,no,0.0,no,2024-06,2026-03,low,no,,,25.0,6.0,6.0,,,,25.0
SW 41ST PL & SW 63RD BLVD,sw-41st-pl-sw-63rd-blvd,0,1,0,True,True,no,gemini,2.0,0.0,no,0.0,no,0.0,no,2026-01,2026-01,low,no,,2.0,30.0,6.0,6.0,,,,30.0
SW 41ST BLVD & SW WILLISTON RD,sw-41st-blvd-sw-williston-rd,0,9,18,True,True,no,gemini,4.0,0.0,no,3.0,yes,2.0,yes,2026-01,2026-02,low,yes,yes,4.0,45.0,2.0,4.0,,,,45.0
NE 23RD PL & NE 5TH TER,ne-23rd-pl-ne-5th-ter,0,1,1,False,False,,,,,,,,,,,,,,,,,,,,,,
NE 23RD AVE & NE 8TH ST,ne-23rd-ave-ne-8th-st,0,2,0,True,True,no,gemini,3.0,0.0,no,1.0,yes,0.0,no,2026-03,2026-03,low,no,,4.0,40.0,3.0,6.0,,,,40.0
NW 43RD ST & NW 43RD WAY,nw-43rd-st-nw-43rd-way,0,6,4,True,True,no,gemini,3.0,0.0,no,1.0,yes,0.0,no,2026-02,2026-03,low,no,yes,3.0,,3.0,6.0,,,,
NW 41ST PL & NW 51ST ST,nw-41st-pl-nw-51st-st,0,1,1,False,False,,,,,,,,,,,,,,,,,,,,,,
NW 41ST AVE & NW 9TH ST,nw-41st-ave-nw-9th-st,0,1,0,True,True,no,gemini,3.0,0.0,no,0.0,no,0.0,no,2023-08,2026-03,low,no,,,,6.0,6.0,,,,
NW 4TH PL & NW 53RD TER,nw-4th-pl-nw-53rd-ter,0,2,1,True,True,no,gemini,4.0,0.0,no,0.0,no,0.0,no,2024-06,2026-01,low,no,,,,6.0,6.0,,,,
NW 51ST ST & W NEWBERRY RD,nw-51st-st-w-newberry-rd,0,12,10,True,True,no,gemini,3.0,0.0,no,1.0,yes,2.0,yes,2023-10,2025-04,low,yes,yes,3.0,45.0,2.0,6.0,,,,45.0
SW 5TH AVE & SW 5TH ST,sw-5th-ave-sw-5th-st,0,1,1,True,True,no,gemini,4.0,0.0,no,0.0,no,0.0,no,2021-03,2026-02,low,no,,,,6.0,6.0,,,,
SW 58TH TER & SW 8TH PL,sw-58th-ter-sw-8th-pl,0,1,0,False,False,,,,,,,,,,,,,,,,,,,,,,
15TH ST & SE HAWTHORNE RD,15th-st-se-hawthorne-rd,0,1,1,False,False,,,,,,,,,,,,,,,,,,,,,,
-SW 34TH ST & SW 35TH PL,sw-34th-st-sw-35th-pl,0,1,0,False,True,yes,gemini,4.0,2.0,yes,4.0,yes,2.0,yes,2026-01,2026-01,low,,,,,,,6.0,45.0,31205.0,45.0
-SW 34TH ST & SW 24TH AVE,sw-34th-st-sw-24th-ave,0,2,4,False,False,,,,,,,,,,,,,,,,,,,,,,
SW 4TH AVE & SW 7TH TER,sw-4th-ave-sw-7th-ter,0,4,2,True,True,no,gemini,4.0,0.0,no,2.0,yes,0.0,no,2026-02,2026-03,low,no,yes,3.0,,4.0,6.0,,,,
SW 3RD AVE & SW 6TH ST,sw-3rd-ave-sw-6th-st,0,3,2,True,True,no,gemini,4.0,4.0,yes,1.0,yes,1.0,yes,2026-02,2026-03,low,yes,,2.0,,4.0,6.0,,,,
SW 3RD AVE & SW 40TH ST,sw-3rd-ave-sw-40th-st,0,1,1,True,True,no,gemini,4.0,0.0,no,0.0,no,0.0,no,2022-06,2026-02,low,no,,,,6.0,6.0,,,,
SW 38TH ST & SW 5TH PL,sw-38th-st-sw-5th-pl,0,1,1,True,True,no,gemini,4.0,0.0,no,0.0,no,0.0,no,2026-02,2026-02,low,no,,,,6.0,6.0,,,,
NW 37TH TER & NW 64TH PL,nw-37th-ter-nw-64th-pl,0,1,1,True,True,no,gemini,4.0,0.0,no,0.0,no,0.0,no,2011-03,2026-02,low,no,,,,6.0,6.0,,,,
NW 40TH AVE & NW 9TH ST,nw-40th-ave-nw-9th-st,0,1,1,False,False,,,,,,,,,,,,,,,,,,,,,,
NW 40TH AVE & NW 7TH ST,nw-40th-ave-nw-7th-st,0,3,1,True,True,no,gemini,4.0,0.0,no,0.0,no,0.0,no,2023-08,2023-08,low,no,,,,6.0,6.0,,,,
NW 40TH AVE & NW 6TH ST,nw-40th-ave-nw-6th-st,0,3,2,True,True,no,gemini,3.0,0.0,no,1.0,yes,0.0,no,2023-08,2026-03,low,no,yes,6.0,35.0,3.0,6.0,,,,35.0
NW 3RD ST & NW 6TH AVE,nw-3rd-st-nw-6th-ave,0,1,1,True,True,no,gemini,3.0,0.0,no,0.0,no,0.0,no,2022-05,2026-02,low,no,,,,6.0,6.0,,,,
NW 3RD AVE & US 441,nw-3rd-ave-us-441,0,2,1,True,True,no,gemini,3.0,0.0,no,0.0,no,0.0,no,2026-03,2026-03,low,no,,,,6.0,6.0,,,,
NE 24TH ST & NE 6TH AVE,ne-24th-st-ne-6th-ave,0,1,0,True,True,no,gemini,2.0,0.0,no,0.0,no,0.0,no,2026-03,2026-03,low,no,,,,6.0,6.0,,,,
NE 24TH AVE & NE 51ST BLVD,ne-24th-ave-ne-51st-blvd,0,1,0,True,False,,,,,,,,,,,,,no,,,,6.0,6.0,,,,
NE 21ST WAY & NE 27TH AVE,ne-21st-way-ne-27th-ave,0,2,1,True,True,no,gemini,3.0,0.0,no,0.0,no,0.0,no,2026-03,2026-03,low,no,,,,6.0,6.0,,,,
NE 21ST ST & NE 8TH AVE,ne-21st-st-ne-8th-ave,0,2,1,True,True,no,gemini,3.0,0.0,no,0.0,no,0.0,no,2023-03,2026-03,low,no,,2.0,,4.0,6.0,,,,
NW 56TH TER & W NEWBERRY RD,nw-56th-ter-w-newberry-rd,0,2,1,False,False,,,,,,,,,,,,,,,,,,,,,,
NE 20TH ST & NE 9TH PL,ne-20th-st-ne-9th-pl,0,1,1,True,True,no,gemini,3.0,0.0,no,0.0,no,0.0,no,2026-03,2026-03,low,no,,,,6.0,6.0,,,,
NE 20TH AVE & NE 9TH ST,ne-20th-ave-ne-9th-st,0,1,0,True,True,no,gemini,3.0,0.0,no,1.0,yes,0.0,no,2026-03,2026-03,low,no,,2.0,,4.0,6.0,,,,
NE 1ST TER & NE 39TH PL,ne-1st-ter-ne-39th-pl,0,1,1,True,True,no,gemini,2.0,0.0,no,0.0,no,0.0,no,2023-08,2023-08,low,no,,,,6.0,6.0,,,,
NE 1ST ST & NE 2ND AVE,ne-1st-st-ne-2nd-ave,0,4,2,True,True,no,gemini,4.0,2.0,yes,0.0,no,0.0,no,2026-02,2026-03,low,yes,,,,6.0,6.0,,,,
NE 1ST DR & NE 40TH PL,ne-1st-dr-ne-40th-pl,0,1,1,True,True,no,gemini,2.0,0.0,no,0.0,no,0.0,no,2023-08,2023-08,low,no,,,,6.0,6.0,,,,
NW 37TH DR & NW 39TH AVE,nw-37th-dr-nw-39th-ave,0,4,4,True,True,no,gemini,3.0,0.0,no,1.0,yes,2.0,yes,2026-02,2026-03,low,yes,yes,3.0,45.0,2.0,6.0,,,,45.0
NW 39TH PL & NW 51ST ST,nw-39th-pl-nw-51st-st,0,1,1,False,False,,,,,,,,,,,,,,,,,,,,,,
NW 39TH DR & W NEWBERRY RD,nw-39th-dr-w-newberry-rd,0,2,0,False,False,,,,,,,,,,,,,,,,,,,,,,
NW 39TH AVE & NW 9TH AVE,nw-39th-ave-nw-9th-ave,0,1,0,False,False,,,,,,,,,,,,,,,,,,,,,,
NW 39TH AVE & NW 7TH ST,nw-39th-ave-nw-7th-st,0,6,5,True,True,no,gemini,3.0,0.0,no,0.0,no,0.0,no,2023-08,2026-03,low,no,yes,5.0,45.0,2.0,6.0,,,,45.0
NW 6TH ST & NW 9TH AVE,nw-6th-st-nw-9th-ave,0,5,3,True,True,no,gemini,4.0,0.0,no,2.0,yes,0.0,no,2026-03,2026-03,low,no,yes,5.0,30.0,3.0,6.0,,,,30.0
NW 53RD AVE & NW 55TH AVE,nw-53rd-ave-nw-55th-ave,0,2,2,False,False,,,,,,,,,,,,,,,,,,,,,,
NW 52ND TER & NW 53RD AVE,nw-52nd-ter-nw-53rd-ave,0,2,2,True,True,no,gemini,3.0,0.0,no,0.0,no,0.0,no,2026-03,2026-03,low,no,,2.0,40.0,4.0,6.0,,,,40.0
NW 6TH AVE & NW 7TH ST,nw-6th-ave-nw-7th-st,0,1,0,True,True,no,gemini,3.0,0.0,no,0.0,no,0.0,no,2007-11,2026-02,low,no,,,,6.0,6.0,,,,
NW 6TH AVE & NW 6TH ST,nw-6th-ave-nw-6th-st,0,6,2,True,True,no,gemini,4.0,0.0,no,0.0,no,0.0,no,2024-06,2026-03,low,no,,2.0,,4.0,6.0,,,,
NW 69TH TER & W UNIVERSITY AVE,nw-69th-ter-w-university-ave,0,2,1,False,False,,,,,,,,,,,,,,,,,,,,,,
NW 62ND ST & WNEWBERRY RD,nw-62nd-st-wnewberry-rd,0,1,1,False,False,,,,,,,,,,,,,,,,,,,,,,
NW 5TH ST & NW 8TH AVE,nw-5th-st-nw-8th-ave,0,1,1,True,False,,,,,,,,,,,,,no,,,,6.0,6.0,,,,
NW 5TH ST & NW 6TH AVE,nw-5th-st-nw-6th-ave,0,1,0,False,False,,,,,,,,,,,,,,,,,,,,,,
NW 38TH PL & NW 38TH ST,nw-38th-pl-nw-38th-st,0,2,1,True,True,no,gemini,3.0,0.0,no,0.0,no,0.0,no,2026-02,2026-02,low,yes,,,,6.0,6.0,,,,
NW 37TH WAY & NW 38TH ST,nw-37th-way-nw-38th-st,0,1,1,True,True,no,gemini,2.0,0.0,no,0.0,no,0.0,no,2026-02,2026-02,low,no,,,,6.0,6.0,,,,
NW 40TH PL & NW 50TH ST,nw-40th-pl-nw-50th-st,0,1,1,False,False,,,,,,,,,,,,,,,,,,,,,,
NW 43RD ST & NW 62ND AVE,nw-43rd-st-nw-62nd-ave,0,4,3,False,False,,,,,,,,,,,,,,,,,,,,,,
NW 43RD ST & NW 56TH ST,nw-43rd-st-nw-56th-st,0,1,0,False,False,,,,,,,,,,,,,,,,,,,,,,
NW 43RD ST & NW 46TH AVE,nw-43rd-st-nw-46th-ave,0,9,7,True,True,no,gemini,3.0,0.0,no,1.0,yes,0.0,no,2026-02,2026-02,low,no,,4.0,45.0,3.0,6.0,,,,45.0
NE 25TH ST & NE 2ND AVE,ne-25th-st-ne-2nd-ave,0,2,2,True,True,no,gemini,3.0,0.0,no,0.0,no,0.0,no,2026-03,2026-03,low,no,,2.0,,4.0,6.0,,,,
NE 24TH TER & NE 8TH AVE,ne-24th-ter-ne-8th-ave,0,3,2,True,True,no,gemini,3.0,0.0,no,0.0,no,0.0,no,2023-08,2026-03,low,no,,2.0,,4.0,6.0,,,,
NE 21ST PL & NE 21ST TER,ne-21st-pl-ne-21st-ter,0,1,1,False,False,,,,,,,,,,,,,,,,,,,,,,
NE 20TH TER & NE 4TH AVE,ne-20th-ter-ne-4th-ave,0,2,0,True,True,no,gemini,3.0,0.0,no,0.0,no,0.0,no,2026-03,2026-03,low,no,,,,6.0,6.0,,,,
NW 4TH ST & NW 9TH AVE,nw-4th-st-nw-9th-ave,0,1,0,True,True,no,gemini,3.0,1.0,yes,0.0,no,0.0,no,2026-02,2026-03,low,no,,,,6.0,6.0,,,,
NW 5TH AVE & NW 7TH TER,nw-5th-ave-nw-7th-ter,0,2,1,True,True,no,gemini,3.0,0.0,no,0.0,no,0.0,no,2007-11,2018-10,low,no,,,,6.0,6.0,,,,
NW 5TH AVE & NW 7TH ST,nw-5th-ave-nw-7th-st,0,1,1,True,True,no,gemini,4.0,0.0,no,0.0,no,0.0,no,2007-12,2023-10,low,no,,,,6.0,6.0,,,,
NW 8TH AVE & SR 26,nw-8th-ave-sr-26,0,7,7,False,False,,,,,,,,,,,,,,,,,,,,,,
NW 7TH LN & NW 7TH PL,nw-7th-ln-nw-7th-pl,0,1,1,True,True,no,gemini,3.0,0.0,no,0.0,no,0.0,no,2024-06,2026-02,low,no,,,,6.0,6.0,,,,
NW 7TH AVE & NW 7TH ST,nw-7th-ave-nw-7th-st,0,1,1,True,True,no,gemini,3.0,0.0,no,0.0,no,0.0,no,2026-02,2026-02,low,no,,,,6.0,6.0,,,,
NW 76TH ST & US 441,nw-76th-st-us-441,0,1,1,False,False,,,,,,,,,,,,,,,,,,,,,,
NW 37TH DR & NW 53RD AVE,nw-37th-dr-nw-53rd-ave,0,1,1,False,False,,,,,,,,,,,,,,,,,,,,,,
NE 19TH ST & NE 8TH AVE,ne-19th-st-ne-8th-ave,0,7,3,True,True,no,gemini,3.0,1.0,yes,0.0,no,0.0,no,2007-12,2023-08,low,no,,2.0,,4.0,6.0,,,,
NE 19TH DR & NE 4TH PL,ne-19th-dr-ne-4th-pl,0,1,1,False,False,,,,,,,,,,,,,,,,,,,,,,
NE 25TH TER & NE 3RD PL,ne-25th-ter-ne-3rd-pl,0,1,1,True,False,,,,,,,,,,,,,no,,,,6.0,6.0,,,,
NE 25TH ST & NE 5TH AVE,ne-25th-st-ne-5th-ave,0,2,1,True,True,no,gemini,3.0,0.0,no,0.0,no,0.0,no,2026-03,2026-03,low,no,,2.0,,4.0,6.0,,,,
NW 37TH TER & NW 39TH PL,nw-37th-ter-nw-39th-pl,0,1,0,True,True,no,gemini,2.0,0.0,no,0.0,no,0.0,no,2022-06,2026-02,low,yes,,,,6.0,6.0,,,,
NW 37TH ST & NW 8TH AVE,nw-37th-st-nw-8th-ave,0,1,1,False,False,,,,,,,,,,,,,,,,,,,,,,
NW 37TH ST & NW 59TH PL,nw-37th-st-nw-59th-pl,0,2,2,True,True,no,gemini,2.0,0.0,no,0.0,no,0.0,no,2026-02,2026-02,low,no,,,,4.0,6.0,,,,
NW 37TH ST & NW 54TH LN,nw-37th-st-nw-54th-ln,0,1,1,True,True,no,gemini,2.0,0.0,no,0.0,no,0.0,no,2026-03,2026-03,low,no,,,,4.0,6.0,,,,
NW 3RD AVE & NW 8TH ST,nw-3rd-ave-nw-8th-st,0,1,1,True,True,no,gemini,4.0,1.0,yes,0.0,no,0.0,no,2024-06,2026-02,low,no,,,,6.0,6.0,,,,
NW 51ST ST & NW 83RD PL,nw-51st-st-nw-83rd-pl,0,1,0,False,False,,,,,,,,,,,,,,,,,,,,,,
NE 22ND TER & NE 8TH AVE,ne-22nd-ter-ne-8th-ave,0,3,1,True,True,no,gemini,3.0,0.0,no,0.0,no,0.0,no,2023-03,2026-03,low,no,,2.0,,4.0,6.0,,,,
NE 22ND ST & NE 7TH AVE,ne-22nd-st-ne-7th-ave,0,1,1,True,True,no,gemini,3.0,0.0,no,0.0,no,0.0,no,2007-12,2026-03,low,no,,,,6.0,6.0,,,,
NE 22ND ST & NE 3RD AVE,ne-22nd-st-ne-3rd-ave,0,1,1,True,True,no,gemini,3.0,1.0,yes,0.0,no,0.0,no,2026-03,2026-03,low,no,,,,6.0,6.0,,,,
NE 22ND AVE & NE 9TH TER,ne-22nd-ave-ne-9th-ter,0,1,0,True,True,no,gemini,3.0,0.0,no,0.0,no,0.0,no,2026-03,2026-03,low,no,,,,6.0,6.0,,,,
NE 21ST WAY & NE 31ST AVE,ne-21st-way-ne-31st-ave,0,1,1,True,True,no,gemini,3.0,0.0,no,0.0,no,0.0,no,2026-03,2026-03,low,no,,2.0,,4.0,6.0,,,,
NW 41ST AVE & NW 43RD ST,nw-41st-ave-nw-43rd-st,0,1,0,False,False,,,,,,,,,,,,,,,,,,,,,,
NE 18TH TER & NE 8TH AVE,ne-18th-ter-ne-8th-ave,0,3,3,True,True,no,gemini,3.0,0.0,no,0.0,no,0.0,no,2011-03,2026-03,low,no,,2.0,,4.0,6.0,,,,
S MAIN ST & SW 21ST AVE,s-main-st-sw-21st-ave,0,3,0,True,True,no,gemini,3.0,0.0,no,1.0,yes,2.0,yes,2024-06,2026-02,low,yes,yes,3.0,45.0,3.0,6.0,,,,45.0
PRIVATE ROADWAY & SW 34TH ST,private-roadway-sw-34th-st,0,1,0,False,False,,,,,,,,,,,,,,,,,,,,,,
NW 34TH TER & NW 5TH AVE,nw-34th-ter-nw-5th-ave,0,2,1,True,True,no,gemini,4.0,0.0,no,0.0,no,0.0,no,2019-06,2026-02,low,no,,,,6.0,6.0,,,,
NW 36TH TER & NW 7TH AVE,nw-36th-ter-nw-7th-ave,0,1,0,True,True,no,gemini,3.0,0.0,no,0.0,no,0.0,no,2026-02,2026-02,low,no,,,,6.0,6.0,,,,
NW 36TH TER & NW 39TH AVE,nw-36th-ter-nw-39th-ave,0,6,5,True,True,no,gemini,3.0,0.0,no,1.0,yes,2.0,yes,2021-03,2026-02,low,yes,yes,3.0,45.0,2.0,6.0,,,,45.0
NW 36TH ST & NW 7TH PL,nw-36th-st-nw-7th-pl,0,1,0,True,True,no,gemini,4.0,0.0,no,0.0,no,0.0,no,2026-02,2026-02,low,no,,,,6.0,6.0,,,,
NE 27TH AVE & NE 56TH TER,ne-27th-ave-ne-56th-ter,0,1,1,True,False,,,,,,,,,,,,,no,,,,6.0,6.0,,,,
NE 27TH AVE & NE 53RD TER,ne-27th-ave-ne-53rd-ter,0,1,1,True,False,,,,,,,,,,,,,no,,,,6.0,6.0,,,,
PANHELLENIC DR & SW 8TH AVE,panhellenic-dr-sw-8th-ave,0,2,2,False,False,,,,,,,,,,,,,,,,,,,,,,
NW 6TH AVE & NW 7TH TER,nw-6th-ave-nw-7th-ter,0,1,0,True,True,no,gemini,3.0,0.0,no,0.0,no,0.0,no,2015-02,2026-02,low,no,,,,6.0,6.0,,,,
OLD ARCHER RD & PUBLIC ACCESS RD,old-archer-rd-public-access-rd,0,1,0,False,False,,,,,,,,,,,,,,,,,,,,,,
NE 1ST AVE & NE 4TH ST,ne-1st-ave-ne-4th-st,0,1,1,True,True,no,gemini,4.0,0.0,no,0.0,no,0.0,no,2014-12,2026-02,low,no,,,,6.0,6.0,,,,
NE 1ST AVE & NE 25TH ST,ne-1st-ave-ne-25th-st,0,3,1,True,True,no,gemini,3.0,0.0,no,0.0,no,0.0,no,2026-03,2026-03,low,no,,2.0,,4.0,6.0,,,,
NE 1ST AVE & NE 1ST ST,ne-1st-ave-ne-1st-st,0,2,0,True,True,no,gemini,3.0,2.0,yes,0.0,no,1.0,yes,2024-06,2026-03,low,yes,,,,6.0,6.0,,,,
NE 19TH TER & NE 7TH AVE,ne-19th-ter-ne-7th-ave,0,1,0,True,True,no,gemini,2.0,0.0,no,0.0,no,0.0,no,2026-03,2026-03,low,no,,2.0,,6.0,,,,,
SE 10TH AVE & VEITCH ST,se-10th-ave-veitch-st,0,1,1,True,True,no,gemini,2.0,1.0,yes,0.0,no,0.0,no,2026-03,2026-03,low,no,,,,6.0,6.0,,,,
SE 10TH AVE & SE WILLISTON RD,se-10th-ave-se-williston-rd,0,1,1,False,False,,,,,,,,,,,,,,,,,,,,,,
SE 10TH AVE & SE VEITCH ST,se-10th-ave-se-veitch-st,0,5,2,True,True,no,gemini,2.0,1.0,yes,0.0,no,0.0,no,2026-03,2026-03,low,no,,,,6.0,6.0,,,,
SE 10TH AVE & SE 4TH ST,se-10th-ave-se-4th-st,0,6,3,True,True,no,gemini,4.0,2.0,yes,0.0,no,0.0,no,2026-02,2026-04,low,no,,2.0,,4.0,6.0,,,,
NW 34TH PL & NW 41ST TER,nw-34th-pl-nw-41st-ter,0,1,1,True,True,no,gemini,3.0,0.0,no,0.0,no,0.0,no,2024-06,2026-02,low,no,,,,6.0,6.0,,,,
NW 36TH ST & NW 52ND AVE,nw-36th-st-nw-52nd-ave,0,1,1,True,True,no,gemini,3.0,0.0,no,0.0,no,0.0,no,2026-02,2026-02,low,no,,,,6.0,6.0,,,,
NW 36TH ST & NW 44TH PL,nw-36th-st-nw-44th-pl,0,1,0,True,True,no,gemini,4.0,1.0,yes,0.0,no,0.0,no,2015-03,2022-06,low,no,,,,6.0,6.0,,,,
NW 36TH CT & NW 53RD AVE,nw-36th-ct-nw-53rd-ave,0,2,2,True,True,no,gemini,3.0,0.0,no,1.0,yes,0.0,no,2026-02,2026-03,low,no,,2.0,,4.0,6.0,,,,
NW 35TH TER & NW 5TH AVE,nw-35th-ter-nw-5th-ave,0,2,2,True,True,no,gemini,4.0,0.0,no,0.0,no,0.0,no,2019-06,2026-02,low,no,,,,6.0,6.0,,,,
NW 35TH ST & NW 60TH LN,nw-35th-st-nw-60th-ln,0,1,0,True,False,,,,,,,,,,,,,no,,,,6.0,6.0,,,,
NE 2ND AVE & NE BLVD,ne-2nd-ave-ne-blvd,0,1,1,True,True,no,gemini,4.0,0.0,no,0.0,no,0.0,no,2026-02,2026-02,low,no,,,,6.0,6.0,,,,
NW 37TH ST & NW 53RD RD,nw-37th-st-nw-53rd-rd,0,1,1,True,True,no,gemini,2.0,0.0,no,0.0,no,0.0,no,2026-03,2026-03,low,no,,,,4.0,6.0,,,,
NW 37TH ST & NW 53RD LN,nw-37th-st-nw-53rd-ln,0,1,1,True,True,no,gemini,2.0,0.0,no,1.0,yes,0.0,no,2026-03,2026-03,low,no,,,,4.0,6.0,,,,
NW 37TH PL & NW 6TH ST,nw-37th-pl-nw-6th-st,0,2,2,True,True,no,gemini,3.0,0.0,no,0.0,no,0.0,no,2023-08,2026-03,low,no,,4.0,35.0,3.0,6.0,,,,35.0
NE 19TH DR & NE 31ST AVE,ne-19th-dr-ne-31st-ave,0,1,1,True,True,no,gemini,3.0,0.0,no,0.0,no,0.0,no,2026-03,2026-03,low,no,,2.0,,4.0,6.0,,,,
NE 19TH DR & NE 27TH AVE,ne-19th-dr-ne-27th-ave,0,1,1,True,True,no,gemini,4.0,0.0,no,0.0,no,0.0,no,2026-03,2026-03,low,no,,,,6.0,6.0,,,,
NW 34TH RD & NW 62ND PL,nw-34th-rd-nw-62nd-pl,0,1,1,False,False,,,,,,,,,,,,,,,,,,,,,,
SE 10TH AVE & SE 18TH TER,se-10th-ave-se-18th-ter,0,1,1,False,False,,,,,,,,,,,,,,,,,,,,,,
SE 10TH AVE & SE 10TH ST,se-10th-ave-se-10th-st,0,1,0,True,True,no,gemini,4.0,0.0,no,0.0,no,0.0,no,2026-03,2026-03,low,no,,,,6.0,6.0,,,,
SE 10TH TER & SE 22ND AVE,se-10th-ter-se-22nd-ave,0,4,0,False,False,,,,,,,,,,,,,,,,,,,,,,
SE 10TH TER & SE 11TH AVE,se-10th-ter-se-11th-ave,0,1,0,True,True,no,gemini,4.0,0.0,no,0.0,no,0.0,no,2026-02,2026-03,low,no,,,,6.0,6.0,,,,
SE 10TH ST & SE 2ND AVE,se-10th-st-se-2nd-ave,0,1,0,True,True,no,gemini,4.0,2.0,yes,0.0,no,2.0,yes,2007-12,2026-03,low,yes,,3.0,30.0,4.0,6.0,,,,30.0
NE 18TH ST & NE 4TH AVE,ne-18th-st-ne-4th-ave,0,1,0,True,True,no,gemini,3.0,0.0,no,0.0,no,0.0,no,2025-01,2026-03,low,no,,,,6.0,6.0,,,,
NE 17TH TER & NE 21ST PL,ne-17th-ter-ne-21st-pl,0,3,1,True,True,no,gemini,3.0,0.0,no,0.0,no,0.0,no,2014-12,2026-03,low,no,,,,6.0,6.0,,,,
NE 17TH ST & NE 6TH PL,ne-17th-st-ne-6th-pl,0,1,1,True,True,no,gemini,3.0,0.0,no,0.0,no,0.0,no,2022-05,2026-03,low,no,,,,6.0,6.0,,,,
SE 12TH ST & SE 2ND AVE,se-12th-st-se-2nd-ave,0,1,1,True,True,no,gemini,3.0,0.0,no,0.0,no,0.0,no,2026-03,2026-03,low,no,,,,6.0,6.0,,,,
SE 12TH PL & SE 15TH ST,se-12th-pl-se-15th-st,0,2,1,True,True,no,gemini,3.0,1.0,yes,0.0,no,0.0,no,2026-03,2026-03,low,no,,2.0,,4.0,6.0,,,,
SE 12TH AVE & SE 9TH ST,se-12th-ave-se-9th-st,0,1,1,True,True,no,gemini,4.0,0.0,no,0.0,no,0.0,no,2022-05,2022-05,low,no,,,,6.0,6.0,,,,
OLD ARCHER RD & SW 31ST TER,old-archer-rd-sw-31st-ter,0,5,2,True,True,no,gemini,2.0,0.0,no,0.0,no,0.0,no,2026-02,2026-02,low,no,,2.0,,4.0,6.0,,,,
NE 17TH ST & NE 4TH AVE,ne-17th-st-ne-4th-ave,0,1,1,True,True,no,gemini,4.0,0.0,no,0.0,no,0.0,no,2026-03,2026-03,low,no,,,,6.0,6.0,,,,
SE 10TH PL & SE 20TH ST,se-10th-pl-se-20th-st,0,1,1,True,True,no,gemini,4.0,0.0,no,0.0,no,0.0,no,2023-09,2026-03,low,no,,,,6.0,6.0,,,,
SE 10TH PL & SE 1ST ST,se-10th-pl-se-1st-st,0,1,1,True,True,no,gemini,2.0,0.0,no,0.0,no,0.0,no,2026-02,2026-02,low,no,,,,6.0,6.0,,,,
SE 12TH AVE & SE 12TH ST,se-12th-ave-se-12th-st,0,1,1,True,True,no,gemini,4.0,0.0,no,0.0,no,0.0,no,2026-03,2026-03,low,no,,,,6.0,6.0,,,,
NW 32ND PL & NW 6TH ST,nw-32nd-pl-nw-6th-st,0,1,0,True,True,no,gemini,3.0,0.0,no,0.0,no,0.0,no,2011-03,2026-03,low,no,,4.0,35.0,3.0,6.0,,,,35.0
NW 31ST TER & NW 45TH AVE,nw-31st-ter-nw-45th-ave,0,3,1,True,True,no,gemini,4.0,0.0,no,0.0,no,0.0,no,2026-02,2026-02,low,no,,,30.0,6.0,6.0,,,,30.0
NW 34TH PL & NW 40TH TER,nw-34th-pl-nw-40th-ter,0,2,2,True,True,no,gemini,3.0,0.0,no,0.0,no,0.0,no,2026-02,2026-02,low,no,,,,6.0,6.0,,,,
NW 34TH PL & NW 38TH ST,nw-34th-pl-nw-38th-st,0,1,0,True,True,no,gemini,3.0,0.0,no,0.0,no,0.0,no,2026-02,2026-02,low,no,,,,6.0,6.0,,,,
NW 34TH DR & NW 49TH AVE,nw-34th-dr-nw-49th-ave,0,1,1,True,True,no,gemini,3.0,0.0,no,0.0,no,0.0,no,2026-02,2026-02,low,no,,,,6.0,6.0,,,,
NW 34TH BLVD & NW 54TH PL,nw-34th-blvd-nw-54th-pl,0,1,1,False,False,,,,,,,,,,,,,,,,,,,,,,
NE 2ND ST & NE 6TH AVE,ne-2nd-st-ne-6th-ave,0,4,1,True,True,no,gemini,4.0,0.0,no,0.0,no,0.0,no,2026-02,2026-03,low,no,,,,6.0,6.0,,,,
NE 2ND ST & NE 5TH AVE,ne-2nd-st-ne-5th-ave,0,1,0,True,True,no,gemini,3.0,1.0,yes,0.0,no,0.0,no,2026-02,2026-02,low,no,,,,6.0,6.0,,,,
NE 2ND ST & NE 3RD AVE,ne-2nd-st-ne-3rd-ave,0,2,2,True,True,no,gemini,4.0,1.0,yes,0.0,no,0.0,no,2026-02,2026-02,low,no,,,,6.0,6.0,,,,
SE 11TH AVE & SE 14TH ST,se-11th-ave-se-14th-st,0,3,3,True,True,no,gemini,3.0,0.0,no,0.0,no,0.0,no,2026-03,2026-03,low,no,,,,6.0,6.0,,,,
SE 11TH AVE & SE 13TH ST,se-11th-ave-se-13th-st,0,1,1,True,True,no,gemini,3.0,2.0,yes,0.0,no,0.0,no,2026-03,2026-03,low,no,,,,6.0,6.0,,,,
NE 2ND AVE & NE 2ND ST,ne-2nd-ave-ne-2nd-st,0,1,0,True,True,no,gemini,3.0,1.0,yes,1.0,yes,0.0,no,2026-02,2026-03,low,yes,,,,6.0,6.0,,,,
NW 34TH ST & NW 6TH AVE,nw-34th-st-nw-6th-ave,0,1,1,False,False,,,,,,,,,,,,,,,,,,,,,,
NW 34TH ST & NW 48TH PL,nw-34th-st-nw-48th-pl,0,1,0,False,False,,,,,,,,,,,,,,,,,,,,,,
NW 34TH ST & NW 42ND PL,nw-34th-st-nw-42nd-pl,0,1,1,True,True,no,gemini,3.0,0.0,no,0.0,no,0.0,no,2021-03,2026-02,low,no,,2.0,40.0,3.0,6.0,,,,40.0
SE 13TH PL & SE 3RD TER,se-13th-pl-se-3rd-ter,0,1,0,True,True,no,gemini,2.0,0.0,no,0.0,no,0.0,no,2026-02,2026-02,low,no,,,,6.0,6.0,,,,
SE 13TH PL & SE 20TH ST,se-13th-pl-se-20th-st,0,1,1,True,True,no,gemini,3.0,0.0,no,0.0,no,0.0,no,2026-03,2026-03,low,no,,,,6.0,6.0,,,,
SE 13TH PL & SE 19TH TER,se-13th-pl-se-19th-ter,0,1,1,True,True,no,gemini,4.0,0.0,no,0.0,no,0.0,no,2026-03,2026-03,low,no,,,,6.0,6.0,,,,
SE 13TH PL & SE 19TH ST,se-13th-pl-se-19th-st,0,1,1,True,True,no,gemini,3.0,0.0,no,0.0,no,0.0,no,2023-09,2026-03,low,no,,,,6.0,6.0,,,,
SE 13TH PL & SE 18TH TER,se-13th-pl-se-18th-ter,0,2,2,True,True,no,gemini,3.0,0.0,no,0.0,no,0.0,no,2023-09,2026-03,low,no,,,,6.0,6.0,,,,
SE 13TH LN & SE 4TH ST,se-13th-ln-se-4th-st,0,2,0,True,True,no,gemini,3.0,0.0,no,0.0,no,0.0,no,2026-02,2026-04,low,no,,2.0,,4.0,6.0,,,,
SE 13TH LN & SE 3RD TER,se-13th-ln-se-3rd-ter,0,1,0,True,True,no,gemini,4.0,0.0,no,0.0,no,0.0,no,2026-02,2026-04,low,no,,,,6.0,6.0,,,,
SE 13TH AVE & SE 2ND ST,se-13th-ave-se-2nd-st,0,1,1,False,False,,,,,,,,,,,,,,,,,,,,,,
SE 12TH ST & SE 6TH AVE,se-12th-st-se-6th-ave,0,1,1,True,True,no,gemini,3.0,0.0,no,0.0,no,0.0,no,2026-03,2026-03,low,no,,,,6.0,6.0,,,,
SE 12TH ST & SE 4TH PL,se-12th-st-se-4th-pl,0,1,0,True,True,no,gemini,2.0,0.0,no,0.0,no,0.0,no,2026-03,2026-03,low,no,,,,6.0,6.0,,,,
SE 14TH TER & SE 4TH AVE,se-14th-ter-se-4th-ave,0,4,1,True,True,no,gemini,3.0,0.0,no,0.0,no,0.0,no,2024-06,2026-03,low,no,,,,6.0,6.0,,,,
SE 14TH ST & UNIVERSITY AVE,se-14th-st-university-ave,0,1,1,False,False,,,,,,,,,,,,,,,,,,,,,,
SE 14TH LN & SE 4TH ST,se-14th-ln-se-4th-st,0,1,0,True,True,no,gemini,4.0,0.0,no,0.0,no,0.0,no,2024-06,2026-02,low,no,,2.0,,4.0,6.0,,,,
SE 12TH AVE & SE 19TH TER,se-12th-ave-se-19th-ter,0,1,1,True,True,no,gemini,4.0,0.0,no,0.0,no,0.0,no,2023-09,2026-03,low,no,,,,6.0,6.0,,,,
SE 12TH AVE & SE 19TH ST,se-12th-ave-se-19th-st,0,5,3,True,True,no,gemini,4.0,0.0,no,0.0,no,0.0,no,2023-09,2023-09,low,no,,,,6.0,6.0,,,,
SE 12TH AVE & SE 18TH TER,se-12th-ave-se-18th-ter,0,2,1,True,True,no,gemini,4.0,0.0,no,0.0,no,0.0,no,2023-09,2023-09,low,no,,,,6.0,6.0,,,,
NE 3RD AVE & NE 8TH ST,ne-3rd-ave-ne-8th-st,0,1,1,True,True,no,gemini,4.0,0.0,no,0.0,no,2.0,yes,2026-03,2026-03,low,yes,,,,6.0,6.0,,,,
NE 3RD AVE & NE 3RD ST,ne-3rd-ave-ne-3rd-st,0,2,2,True,True,no,gemini,4.0,0.0,no,0.0,no,0.0,no,2026-02,2026-02,low,no,,,,6.0,6.0,,,,
NE 3R AVE & NE 7TH ST,ne-3r-ave-ne-7th-st,0,1,0,False,False,,,,,,,,,,,,,,,,,,,,,,
NE 39TH BLVD & NE 57TH BLVD,ne-39th-blvd-ne-57th-blvd,0,3,3,False,False,,,,,,,,,,,,,,,,,,,,,,
NW 33RD TER & NW 46TH AVE,nw-33rd-ter-nw-46th-ave,0,1,1,True,True,no,gemini,3.0,0.0,no,0.0,no,0.0,no,2022-06,2022-06,low,no,,,,6.0,6.0,,,,
NW 33RD ST & NW 68TH AVE,nw-33rd-st-nw-68th-ave,0,1,1,True,True,no,gemini,3.0,0.0,no,0.0,no,0.0,no,2026-02,2026-02,low,no,,,,6.0,6.0,,,,
NW 33RD ST & NW 63RD PL,nw-33rd-st-nw-63rd-pl,0,1,1,True,True,no,gemini,3.0,0.0,no,0.0,no,0.0,no,2022-06,2026-02,low,no,,,,6.0,6.0,,,,
NW 33RD ST & NW 62ND AVE,nw-33rd-st-nw-62nd-ave,0,1,1,True,True,no,gemini,4.0,0.0,no,0.0,no,0.0,no,2022-06,2026-02,low,no,,,,6.0,6.0,,,,
NW 33RD LN & NW 34TH TER,nw-33rd-ln-nw-34th-ter,0,1,1,True,True,no,gemini,2.0,0.0,no,0.0,no,0.0,no,2019-05,2019-05,low,no,,,,6.0,6.0,,,,
NW 33RD AVE & NW 8TH ST,nw-33rd-ave-nw-8th-st,0,1,0,True,True,no,gemini,3.0,0.0,no,0.0,no,0.0,no,2023-08,2024-06,low,no,,,,6.0,6.0,,,,
NW 32ND ST & NW 41ST AVE,nw-32nd-st-nw-41st-ave,0,1,1,True,True,no,gemini,4.0,0.0,no,0.0,no,0.0,no,2026-02,2026-02,low,no,,,,6.0,6.0,,,,
SE 14TH AVE & SE 15TH ST,se-14th-ave-se-15th-st,0,1,0,True,True,no,gemini,3.0,1.0,yes,0.0,no,0.0,no,2026-03,2026-03,low,no,,2.0,,4.0,6.0,,,,
SE 13TH TER & SE 4TH AVE,se-13th-ter-se-4th-ave,0,2,0,True,True,no,gemini,3.0,0.0,no,0.0,no,0.0,no,2024-06,2026-03,low,no,,,,6.0,6.0,,,,
SE 11TH AVE & SE 12TH ST,se-11th-ave-se-12th-st,0,1,1,True,True,no,gemini,3.0,0.0,no,0.0,no,0.0,no,2026-03,2026-03,low,no,,,,6.0,6.0,,,,
SE 13TH ST & SE 22ND AVE,se-13th-st-se-22nd-ave,0,4,1,False,False,,,,,,,,,,,,,,,,,,,,,,
SE 13TH RD & SE 1ST ST,se-13th-rd-se-1st-st,0,1,0,False,False,,,,,,,,,,,,,,,,,,,,,,
SE 15TH DR & SE 7TH AVE,se-15th-dr-se-7th-ave,0,1,0,True,True,no,gemini,2.0,0.0,no,0.0,no,0.0,no,2022-05,2026-03,low,no,,,,6.0,6.0,,,,
SE 15TH AVE & SE 19TH TER,se-15th-ave-se-19th-ter,0,2,2,True,True,no,gemini,3.0,0.0,no,0.0,no,0.0,no,2026-03,2026-03,low,no,,,,6.0,6.0,,,,
SE 15TH AVE & SE 17TH ST,se-15th-ave-se-17th-st,0,1,0,False,False,,,,,,,,,,,,,,,,,,,,,,
NE 17TH DR & NE 21ST PL,ne-17th-dr-ne-21st-pl,0,1,0,True,True,no,gemini,3.0,0.0,no,0.0,no,0.0,no,2023-08,2026-03,low,no,,,,6.0,6.0,,,,
NE 16TH TER & NE 8TH AVE,ne-16th-ter-ne-8th-ave,0,1,0,True,True,no,gemini,4.0,2.0,yes,0.0,no,0.0,no,2026-03,2026-03,low,no,,2.0,,4.0,6.0,,,,
NW 2ND AVE & SW 5TH ST,nw-2nd-ave-sw-5th-st,0,1,0,False,False,,,,,,,,,,,,,,,,,,,,,,
NW 2ND AVE & NW 7TH TER,nw-2nd-ave-nw-7th-ter,0,1,1,True,True,no,gemini,3.0,0.0,no,0.0,no,0.0,no,2011-03,2026-02,low,no,,,,6.0,6.0,,,,
NW 2ND AVE & NW 6TH ST,nw-2nd-ave-nw-6th-st,0,1,1,True,True,no,gemini,3.0,0.0,no,0.0,no,0.0,no,2026-02,2026-02,low,no,,,,6.0,6.0,,,,
NW 31ST PL & NW 8TH AVE,nw-31st-pl-nw-8th-ave,0,1,1,False,False,,,,,,,,,,,,,,,,,,,,,,
NW 31ST DR & NW 9TH PL,nw-31st-dr-nw-9th-pl,0,2,0,True,True,no,gemini,3.0,0.0,no,0.0,no,0.0,no,2024-06,2026-02,low,no,,,,6.0,6.0,,,,
NW 31ST BLVD & NW 31ST TER,nw-31st-blvd-nw-31st-ter,0,1,0,True,True,no,gemini,3.0,0.0,no,0.0,no,1.0,yes,2026-02,2026-03,low,yes,,2.0,25.0,4.0,6.0,,,,25.0
NW 31ST AVE & NW 6TH ST,nw-31st-ave-nw-6th-st,0,8,4,True,True,no,gemini,4.0,1.0,yes,0.0,no,0.0,no,2026-03,2026-03,low,no,,4.0,35.0,3.0,6.0,,,,35.0
NE 43RD TER & NE 49TH AVE,ne-43rd-ter-ne-49th-ave,0,1,0,False,False,,,,,,,,,,,,,,,,,,,,,,
SE 14TH LN & SE 3RD TER,se-14th-ln-se-3rd-ter,0,1,1,True,True,no,gemini,3.0,0.0,no,0.0,no,0.0,no,2026-02,2026-02,low,no,,,,6.0,6.0,,,,
SE 14TH AVE & SE 19TH TER,se-14th-ave-se-19th-ter,0,2,1,True,True,no,gemini,3.0,0.0,no,0.0,no,0.0,no,2026-03,2026-03,low,no,,,,6.0,6.0,,,,
SE 14TH AVE & SE 17TH DR,se-14th-ave-se-17th-dr,0,2,1,True,True,no,gemini,3.0,0.0,no,0.0,no,0.0,no,2026-03,2026-03,low,no,,,,6.0,6.0,,,,
NE 16TH TER & NE 6TH PL,ne-16th-ter-ne-6th-pl,0,1,1,True,True,no,gemini,4.0,0.0,no,0.0,no,0.0,no,2022-05,2022-05,low,no,,,,6.0,6.0,,,,
SE 19TH TER & SE 8TH AVE,se-19th-ter-se-8th-ave,0,4,3,True,True,no,gemini,3.0,0.0,no,0.0,no,0.0,no,2026-03,2026-03,low,no,,2.0,,4.0,6.0,,,,
SE 18TH ST & SE 6TH AVE,se-18th-st-se-6th-ave,0,1,1,True,True,no,gemini,3.0,0.0,no,0.0,no,0.0,no,2026-03,2026-03,low,no,,,,6.0,6.0,,,,
SE 18TH ST & SE 2ND AVE,se-18th-st-se-2nd-ave,0,1,1,True,True,no,gemini,3.0,0.0,no,0.0,no,0.0,no,2026-03,2026-03,low,no,,,,6.0,6.0,,,,
SE 17TH TER & SE 6TH AVE,se-17th-ter-se-6th-ave,0,1,0,True,True,no,gemini,2.0,0.0,no,0.0,no,0.0,no,2026-03,2026-03,low,no,,,,6.0,6.0,,,,
SE 17TH TER & SE 4TH AVE,se-17th-ter-se-4th-ave,0,2,2,True,True,no,gemini,2.0,0.0,no,0.0,no,0.0,no,2024-06,2026-03,low,no,,,,6.0,6.0,,,,
SE 17TH ST & SE 3RD AVE,se-17th-st-se-3rd-ave,0,4,2,True,True,no,gemini,4.0,1.0,yes,0.0,no,0.0,no,2026-03,2026-03,low,no,,2.0,,4.0,6.0,,,,
SE 17TH ST & SE 2ND AVE,se-17th-st-se-2nd-ave,0,1,0,True,True,no,gemini,3.0,0.0,no,0.0,no,1.0,yes,2026-03,2026-03,low,no,,,,6.0,6.0,,,,
NW 30TH TER & NW 39TH PL,nw-30th-ter-nw-39th-pl,0,2,2,True,True,no,gemini,3.0,0.0,no,0.0,no,0.0,no,2022-06,2022-06,low,no,,,,6.0,6.0,,,,
NW 30TH ST & W UNIVERSITY AVE,nw-30th-st-w-university-ave,0,16,7,True,True,no,gemini,4.0,0.0,no,0.0,no,0.0,no,2015-02,2026-02,low,no,,3.0,35.0,2.0,6.0,,,,35.0
NW 30TH ST & NW 45TH AVE,nw-30th-st-nw-45th-ave,0,1,1,True,True,no,gemini,4.0,0.0,no,0.0,no,0.0,no,2015-03,2026-02,low,no,,,30.0,6.0,6.0,,,,30.0
NW 30TH BLVD & NW 34TH ST,nw-30th-blvd-nw-34th-st,0,2,1,False,False,,,,,,,,,,,,,,,,,,,,,,
NW 30TH AVE & NW 6TH ST,nw-30th-ave-nw-6th-st,0,5,2,True,True,no,gemini,4.0,0.0,no,0.0,no,0.0,no,2024-06,2026-03,low,no,,4.0,35.0,3.0,6.0,,,,35.0
NW 30TH AVE & NW 34TH ST,nw-30th-ave-nw-34th-st,0,7,7,True,True,no,gemini,3.0,0.0,no,0.0,no,0.0,no,2015-02,2026-02,low,no,,2.0,40.0,3.0,6.0,,,,40.0
SE 13TH ST & SE 7TH AVE,se-13th-st-se-7th-ave,0,5,2,True,True,no,gemini,3.0,1.0,yes,0.0,no,0.0,no,2024-06,2026-03,low,no,,2.0,,4.0,6.0,,,,
SE 15TH ST & SE 23RD AVE,se-15th-st-se-23rd-ave,0,1,1,True,True,no,gemini,3.0,0.0,no,0.0,no,0.0,no,2023-08,2026-03,low,no,,2.0,,4.0,6.0,,,,
SE 1ST AVE & SE WILLISTON RD,se-1st-ave-se-williston-rd,0,1,1,False,False,,,,,,,,,,,,,,,,,,,,,,
SE 1ST AVE & SE 7TH ST,se-1st-ave-se-7th-st,0,1,1,True,True,no,gemini,4.0,0.0,no,0.0,no,0.0,no,2026-02,2026-03,low,no,,,,6.0,6.0,,,,
NE 16TH AVE & NE 17TH WAY,ne-16th-ave-ne-17th-way,0,3,2,True,True,no,gemini,3.0,0.0,no,0.0,no,0.0,no,2026-03,2026-03,low,no,yes,3.0,,4.0,6.0,,,,
NE 15TH TER & NE 8TH AVE,ne-15th-ter-ne-8th-ave,0,2,1,True,True,no,gemini,4.0,1.0,yes,0.0,no,0.0,no,2026-03,2026-03,low,no,,2.0,,4.0,6.0,,,,
NE 15TH ST & NE 7TH AVE,ne-15th-st-ne-7th-ave,0,1,0,True,True,no,gemini,3.0,0.0,no,0.0,no,0.0,no,2025-04,2026-03,low,no,,2.0,,4.0,6.0,,,,
NE 15TH ST & NE 6TH PL,ne-15th-st-ne-6th-pl,0,2,1,True,True,no,gemini,3.0,0.0,no,0.0,no,0.0,no,2025-04,2026-03,low,no,,2.0,,4.0,6.0,,,,
NE 4TH AVE & NE 6TH ST,ne-4th-ave-ne-6th-st,0,1,1,True,True,no,gemini,4.0,0.0,no,0.0,no,0.0,no,2026-02,2026-03,low,no,,,,6.0,6.0,,,,
NW 2ND AVE & NW 2ND ST,nw-2nd-ave-nw-2nd-st,0,1,1,True,True,no,gemini,4.0,2.0,yes,0.0,no,0.0,no,2026-02,2026-03,low,no,,2.0,,6.0,6.0,,,,
NW 29TH TER & NW 44TH PL,nw-29th-ter-nw-44th-pl,0,1,1,True,True,no,gemini,2.0,0.0,no,0.0,no,0.0,no,2026-02,2026-02,low,no,,,30.0,6.0,6.0,,,,30.0
NW 29TH TER & NW 43RD AVE,nw-29th-ter-nw-43rd-ave,0,1,0,True,True,no,gemini,4.0,0.0,no,0.0,no,0.0,no,2026-02,2026-02,low,no,,,30.0,6.0,6.0,,,,30.0
NW 29TH TER & NW 41ST PL,nw-29th-ter-nw-41st-pl,0,2,1,True,True,no,gemini,4.0,0.0,no,0.0,no,0.0,no,2011-03,2026-02,low,no,,,30.0,6.0,6.0,,,,30.0
NW 29TH ST & NW 41ST AVE,nw-29th-st-nw-41st-ave,0,1,1,False,False,,,,,,,,,,,,,,,,,,,,,,
NW 29TH ST & NW 31ST AVE,nw-29th-st-nw-31st-ave,0,1,0,True,True,no,gemini,3.0,0.0,no,0.0,no,0.0,no,2023-03,2026-03,low,no,,2.0,35.0,4.0,6.0,,,,35.0
NW 29TH AVE & NW 6TH ST,nw-29th-ave-nw-6th-st,0,3,1,True,True,no,gemini,3.0,0.0,no,0.0,no,0.0,no,2026-03,2026-03,low,no,,4.0,35.0,3.0,6.0,,,,35.0
NE 40TH TER & NE 49TH AVE,ne-40th-ter-ne-49th-ave,0,2,1,False,False,,,,,,,,,,,,,,,,,,,,,,
NE 3RD ST & NE 9TH AVE,ne-3rd-st-ne-9th-ave,0,1,0,True,True,no,gemini,3.0,0.0,no,0.0,no,0.0,no,2026-03,2026-03,low,no,,,,6.0,6.0,,,,
NE 15TH ST & NE 5TH AVE,ne-15th-st-ne-5th-ave,0,2,1,True,True,no,gemini,3.0,0.0,no,0.0,no,0.0,no,2024-11,2025-04,low,no,,2.0,,4.0,6.0,,,,
NE 15TH ST & NE 4TH AVE,ne-15th-st-ne-4th-ave,0,2,1,True,True,no,gemini,4.0,2.0,yes,0.0,no,0.0,no,2025-04,2026-03,low,no,,2.0,,4.0,6.0,,,,
NE 15TH ST & NE 40TH PL,ne-15th-st-ne-40th-pl,0,4,1,True,True,no,gemini,3.0,0.0,no,0.0,no,0.0,no,2026-03,2026-03,low,no,,2.0,,4.0,6.0,,,,
SE 1ST AVE & SE 4TH PL,se-1st-ave-se-4th-pl,0,1,1,True,True,no,gemini,2.0,0.0,no,0.0,no,0.0,no,2023-10,2023-10,low,no,,,,6.0,6.0,,,,
SE 23RD ST & SE 9TH PL,se-23rd-st-se-9th-pl,0,1,0,True,True,no,gemini,4.0,0.0,no,0.0,no,0.0,no,2023-09,2026-03,low,no,,,,6.0,6.0,,,,
SE 23RD ST & SE 8TH PL,se-23rd-st-se-8th-pl,0,1,0,True,True,no,gemini,4.0,0.0,no,0.0,no,0.0,no,2023-09,2026-03,low,no,,,,6.0,6.0,,,,
SE 21ST ST & SE 3RD PL,se-21st-st-se-3rd-pl,0,1,0,True,True,no,gemini,4.0,0.0,no,0.0,no,0.0,no,2023-09,2026-03,low,no,,,,6.0,6.0,,,,
SE 21ST ST & SE 2ND AVE,se-21st-st-se-2nd-ave,0,2,2,True,True,no,gemini,3.0,0.0,no,0.0,no,0.0,no,2026-03,2026-03,low,no,,,,6.0,6.0,,,,
SE 1ST TER & SW WILLISTON RD,se-1st-ter-sw-williston-rd,0,1,0,True,True,no,gemini,3.0,0.0,no,1.0,yes,2.0,yes,2025-04,2026-02,low,yes,yes,3.0,45.0,1.0,6.0,,,,45.0
NW 27TH ST & NW 57TH PL,nw-27th-st-nw-57th-pl,0,2,2,True,True,no,gemini,4.0,0.0,no,0.0,no,0.0,no,2026-02,2026-02,low,no,,,,6.0,6.0,,,,
NW 27TH ST & NW 2ND AVE,nw-27th-st-nw-2nd-ave,0,1,0,True,True,no,gemini,4.0,0.0,no,0.0,no,0.0,no,2015-02,2015-02,low,no,,,,6.0,6.0,,,,
NW 27TH ST & NW 27TH TER,nw-27th-st-nw-27th-ter,0,1,0,False,False,,,,,,,,,,,,,,,,,,,,,,
NW 27TH PL & NW 34TH ST,nw-27th-pl-nw-34th-st,0,1,1,True,True,no,gemini,3.0,0.0,no,0.0,no,0.0,no,2026-02,2026-03,low,no,,2.0,40.0,3.0,6.0,,,,40.0
NW 28TH ST & NW 48TH AVE,nw-28th-st-nw-48th-ave,0,1,0,True,True,no,gemini,2.0,0.0,no,0.0,no,0.0,no,2011-03,2023-08,low,no,,,30.0,6.0,6.0,,,,30.0
NE 53RD AVE & NW 43RD ST,ne-53rd-ave-nw-43rd-st,0,1,1,False,False,,,,,,,,,,,,,,,,,,,,,,
SE 16TH DR & SE 8TH AVE,se-16th-dr-se-8th-ave,0,1,0,False,False,,,,,,,,,,,,,,,,,,,,,,
NE 4TH TER & NE 8TH AVE,ne-4th-ter-ne-8th-ave,0,3,2,True,True,no,gemini,3.0,1.0,yes,0.0,no,0.0,no,2026-02,2026-03,low,no,,2.0,,4.0,6.0,,,,
NE 4TH AVE & NE 9TH ST,ne-4th-ave-ne-9th-st,0,1,0,True,True,no,gemini,3.0,0.0,no,0.0,no,0.0,no,2026-03,2026-03,low,no,,2.0,,4.0,6.0,,,,
SE 2ND ST & SE 6TH AVE,se-2nd-st-se-6th-ave,0,2,1,True,True,no,gemini,3.0,0.0,no,0.0,no,0.0,no,2026-02,2026-04,low,no,,,,6.0,6.0,,,,
SE 2ND ST & SE 4TH AVE,se-2nd-st-se-4th-ave,0,2,1,True,True,no,gemini,3.0,0.0,no,1.0,yes,0.0,no,2026-04,2026-04,low,no,yes,3.0,,4.0,6.0,,,,
SE 2ND PL & SE 4TH ST,se-2nd-pl-se-4th-st,0,1,0,True,True,no,gemini,4.0,0.0,no,0.0,no,0.0,no,2026-02,2026-02,low,no,,,,6.0,6.0,,,,
SE 2ND AVE & SE 6TH ST,se-2nd-ave-se-6th-st,0,1,0,True,True,no,gemini,4.0,1.0,yes,0.0,no,2.0,yes,2024-06,2026-02,low,yes,,2.0,30.0,4.0,6.0,,,,30.0
SE 2ND AVE & SE 4TH ST,se-2nd-ave-se-4th-st,0,1,1,True,True,no,gemini,3.0,0.0,no,0.0,no,1.0,yes,2026-02,2026-02,low,yes,,2.0,30.0,4.0,6.0,,,,30.0
NW 25TH TER & NW 31ST AVE,nw-25th-ter-nw-31st-ave,0,1,1,False,False,,,,,,,,,,,,,,,,,,,,,,
NW 25TH TER & NW 29TH PL,nw-25th-ter-nw-29th-pl,0,1,0,True,True,no,gemini,4.0,0.0,no,0.0,no,0.0,no,2026-03,2026-03,low,no,,,25.0,6.0,6.0,,,,25.0
NW 25TH PL & NW 34TH ST,nw-25th-pl-nw-34th-st,0,4,3,True,True,no,gemini,3.0,0.0,no,0.0,no,0.0,no,2026-02,2026-03,low,no,,2.0,40.0,3.0,6.0,,,,40.0
NE 49TH AVE & NE 52ND DR,ne-49th-ave-ne-52nd-dr,0,1,0,True,True,no,gemini,2.0,0.0,no,0.0,no,0.0,no,2026-03,2026-03,low,no,,,,5.0,6.0,,,,
NW 28TH PL & NW 37TH TER,nw-28th-pl-nw-37th-ter,0,1,0,True,True,no,gemini,2.0,0.0,no,0.0,no,0.0,no,2024-06,2024-06,low,no,,,,6.0,6.0,,,,
NW 28TH PL & NW 34TH ST,nw-28th-pl-nw-34th-st,0,2,1,True,True,no,gemini,3.0,0.0,no,0.0,no,0.0,no,2026-02,2026-02,low,no,,2.0,40.0,3.0,6.0,,,,40.0
NW 28TH AVE & NW 6TH ST,nw-28th-ave-nw-6th-st,0,2,1,True,True,no,gemini,3.0,0.0,no,0.0,no,0.0,no,2026-03,2026-03,low,no,,4.0,35.0,3.0,6.0,,,,35.0
NW 27TH TER & W UNIVERSITY AVE,nw-27th-ter-w-university-ave,0,3,1,True,True,no,gemini,3.0,1.0,yes,0.0,no,0.0,no,2026-02,2026-02,low,no,,3.0,35.0,2.0,6.0,,,,35.0
NW 29TH AVE & NW 34TH ST,nw-29th-ave-nw-34th-st,0,3,2,True,True,no,gemini,3.0,0.0,no,0.0,no,0.0,no,2024-06,2026-02,low,no,,2.0,40.0,3.0,6.0,,,,40.0
NW 27TH TER & NW 47TH AVE,nw-27th-ter-nw-47th-ave,0,1,0,True,True,no,gemini,3.0,0.0,no,0.0,no,0.0,no,2011-03,2026-02,low,no,,,30.0,6.0,6.0,,,,30.0
NW 27TH TER & NW 2ND AVE,nw-27th-ter-nw-2nd-ave,0,1,1,True,True,no,gemini,3.0,0.0,no,0.0,no,0.0,no,2015-02,2026-02,low,no,,,,6.0,6.0,,,,
NW 27TH ST & NW 62ND AVE,nw-27th-st-nw-62nd-ave,0,2,2,True,True,no,gemini,3.0,0.0,no,0.0,no,0.0,no,2015-03,2015-03,low,no,,,,6.0,6.0,,,,
SE 26TH ST & SE 26TH TER,se-26th-st-se-26th-ter,0,1,0,True,False,,,,,,,,,,,,,no,,,,6.0,6.0,,,,
SE 4TH ST & SE 9TH PL,se-4th-st-se-9th-pl,0,3,2,True,True,no,gemini,3.0,0.0,no,0.0,no,0.0,no,2026-02,2026-04,low,no,,2.0,,4.0,6.0,,,,
SE 4TH AVE & SE 8TH ST,se-4th-ave-se-8th-st,0,1,0,True,True,no,gemini,4.0,0.0,no,0.0,no,0.0,no,2026-03,2026-03,low,no,,2.0,,4.0,6.0,,,,
NE 15TH ST & NE 3RD AVE,ne-15th-st-ne-3rd-ave,0,9,4,True,True,no,gemini,4.0,1.0,yes,1.0,yes,0.0,no,2025-03,2026-03,low,no,,2.0,,4.0,6.0,,,,
NE 15TH ST & NE 28TH AVE,ne-15th-st-ne-28th-ave,0,5,2,True,True,no,gemini,4.0,0.0,no,0.0,no,0.0,no,2026-03,2026-03,low,no,,2.0,,4.0,6.0,,,,
NE 5TH PL & NE 7TH ST,ne-5th-pl-ne-7th-st,0,1,1,True,True,no,gemini,3.0,0.0,no,0.0,no,0.0,no,2026-02,2026-03,low,no,,,,6.0,6.0,,,,
NE 5TH AVE & NE 8TH ST,ne-5th-ave-ne-8th-st,0,2,0,True,True,no,gemini,3.0,0.0,no,0.0,no,0.0,no,2024-06,2026-02,low,no,,,,6.0,6.0,,,,
NW 27TH AVE & NW 48TH TER,nw-27th-ave-nw-48th-ter,0,1,0,True,True,no,gemini,3.0,1.0,yes,0.0,no,0.0,no,2015-03,2026-02,low,no,,,,6.0,6.0,,,,
NW 26TH TER & NW 68TH AVE,nw-26th-ter-nw-68th-ave,0,2,1,True,True,no,gemini,3.0,0.0,no,0.0,no,0.0,no,2011-03,2022-06,low,no,,,,6.0,6.0,,,,
NW 26TH TER & NW 57TH PL,nw-26th-ter-nw-57th-pl,0,1,0,True,True,no,gemini,4.0,0.0,no,0.0,no,0.0,no,2026-02,2026-02,low,no,,,,6.0,6.0,,,,
NW 26TH TER & NW 33RD PL,nw-26th-ter-nw-33rd-pl,0,1,1,True,True,no,gemini,2.0,0.0,no,0.0,no,0.0,no,2026-02,2026-02,low,no,,,25.0,6.0,6.0,,,,25.0
NW 26TH ST & NW 3RD AVE,nw-26th-st-nw-3rd-ave,0,1,0,True,True,no,gemini,4.0,0.0,no,0.0,no,0.0,no,2015-02,2026-02,low,no,,,,6.0,6.0,,,,
NW 25TH TER & NW 55TH BLVD,nw-25th-ter-nw-55th-blvd,0,1,0,True,True,no,gemini,4.0,0.0,no,0.0,no,0.0,no,2023-08,2026-02,low,no,,,,6.0,6.0,,,,
NW 24TH ST & NW 24TH WAY,nw-24th-st-nw-24th-way,0,1,0,False,False,,,,,,,,,,,,,,,,,,,,,,
NW 24TH BLVD & NW 52ND AVE,nw-24th-blvd-nw-52nd-ave,0,1,0,True,True,no,gemini,4.0,0.0,no,0.0,no,0.0,no,2011-03,2026-03,low,no,,2.0,30.0,4.0,6.0,,,,30.0
NW 24TH BLVD & NW 49TH AVE,nw-24th-blvd-nw-49th-ave,0,1,1,True,True,no,gemini,4.0,1.0,yes,0.0,no,0.0,no,2026-03,2026-03,low,no,,2.0,30.0,4.0,6.0,,,,30.0
NE 15TH ST & NE 18TH AVE,ne-15th-st-ne-18th-ave,0,2,0,True,True,no,gemini,4.0,4.0,yes,0.0,no,0.0,no,2026-03,2026-03,low,no,,2.0,,4.0,6.0,,,,
NE 15TH ST & NE 17TH AVE,ne-15th-st-ne-17th-ave,0,2,1,True,True,no,gemini,3.0,0.0,no,0.0,no,0.0,no,2026-03,2026-03,low,no,,2.0,,4.0,6.0,,,,
STATION 2 ACCESS RD & SW ARCHER RD,station-2-access-rd-sw-archer-rd,0,2,0,False,False,,,,,,,,,,,,,,,,,,,,,,
SR-A & W UNIVERSTIY AVE,sr-a-w-universtiy-ave,0,1,0,False,False,,,,,,,,,,,,,,,,,,,,,,
SE 9TH PL & SE 9TH ST,se-9th-pl-se-9th-st,0,1,0,True,True,no,gemini,3.0,0.0,no,0.0,no,0.0,no,2026-02,2026-03,low,no,,,,6.0,6.0,,,,
NW 23RD WAY & NW 71ST PL,nw-23rd-way-nw-71st-pl,0,1,0,True,True,no,gemini,3.0,0.0,no,0.0,no,0.0,no,2018-10,2026-02,low,no,,,,6.0,6.0,,,,
NW 23RD TER & NW 62ND PL,nw-23rd-ter-nw-62nd-pl,0,1,1,False,False,,,,,,,,,,,,,,,,,,,,,,
NW 25TH AVE & NW 8TH ST,nw-25th-ave-nw-8th-st,0,1,1,True,True,no,gemini,4.0,0.0,no,0.0,no,0.0,no,2026-03,2026-03,low,no,,,,6.0,6.0,,,,
NE 6TH AVE & NE BLVD,ne-6th-ave-ne-blvd,0,1,1,True,True,no,gemini,4.0,0.0,no,0.0,no,1.0,yes,2026-02,2026-02,low,yes,,,,6.0,6.0,,,,
NE 6TH AVE & NE 9TH ST,ne-6th-ave-ne-9th-st,0,2,1,True,True,no,gemini,3.0,0.0,no,0.0,no,0.0,no,2014-12,2026-03,low,no,,2.0,,4.0,6.0,,,,
NE 6TH AVE & NE 6TH ST,ne-6th-ave-ne-6th-st,0,1,0,True,True,no,gemini,4.0,0.0,no,0.0,no,0.0,no,2014-12,2026-02,low,no,,,,6.0,6.0,,,,
NE 5TH TER & NE 9TH AVE,ne-5th-ter-ne-9th-ave,0,1,1,True,True,no,gemini,4.0,0.0,no,0.0,no,0.0,no,2026-03,2026-03,low,no,,,,6.0,6.0,,,,
NE 5TH ST & NE 9TH AVE,ne-5th-st-ne-9th-ave,0,1,1,True,True,no,gemini,3.0,0.0,no,0.0,no,0.0,no,2026-03,2026-03,low,no,,,,6.0,6.0,,,,
NW 23RD ST & NW 34TH ST,nw-23rd-st-nw-34th-st,0,2,1,False,False,,,,,,,,,,,,,,,,,,,,,,
NW 22ND ST & NW 5TH AVE,nw-22nd-st-nw-5th-ave,0,1,0,True,True,no,gemini,3.0,0.0,no,0.0,no,0.0,no,2026-02,2026-02,low,no,,2.0,,4.0,6.0,,,,
NW 22ND ST & NW 45TH AVE,nw-22nd-st-nw-45th-ave,0,1,1,False,False,,,,,,,,,,,,,,,,,,,,,,
NW 22ND ST & NW 31ST AVE,nw-22nd-st-nw-31st-ave,0,2,1,True,True,no,gemini,3.0,1.0,yes,0.0,no,0.0,no,2026-03,2026-03,low,no,,2.0,35.0,4.0,6.0,,,,35.0
NE 5TH PL & NE 9TH ST,ne-5th-pl-ne-9th-st,0,1,1,True,True,no,gemini,4.0,0.0,no,0.0,no,0.0,no,2014-12,2026-03,low,no,,2.0,,4.0,6.0,,,,
SE 5TH AVE & SE 9TH ST,se-5th-ave-se-9th-st,0,1,1,True,True,no,gemini,3.0,0.0,no,0.0,no,0.0,no,2026-03,2026-03,low,no,,,,6.0,6.0,,,,
SE 5TH AVE & SE 7TH ST,se-5th-ave-se-7th-st,0,2,1,True,True,no,gemini,4.0,0.0,no,0.0,no,0.0,no,2026-02,2026-03,low,no,,,,6.0,6.0,,,,
NE 14TH ST & NE 8TH AVE,ne-14th-st-ne-8th-ave,0,9,0,True,True,no,gemini,3.0,1.0,yes,0.0,no,0.0,no,2026-03,2026-03,low,no,yes,3.0,,4.0,4.0,,,,
NE 14TH ST & NE 16TH AVE,ne-14th-st-ne-16th-ave,0,1,0,True,True,no,gemini,3.0,0.0,no,0.0,no,0.0,no,2026-03,2026-03,low,no,,2.0,,4.0,6.0,,,,
NE 14TH AVE & NE 8TH ST,ne-14th-ave-ne-8th-st,0,1,1,True,True,no,gemini,3.0,0.0,no,0.0,no,0.0,no,2026-03,2026-03,low,no,,,,6.0,6.0,,,,
NE 13TH ST & NE 8TH AVE,ne-13th-st-ne-8th-ave,0,1,0,True,True,no,gemini,3.0,1.0,yes,0.0,no,0.0,no,2026-03,2026-03,low,no,,2.0,,4.0,6.0,,,,
NE 13TH ST & NE 31ST AVE,ne-13th-st-ne-31st-ave,0,3,2,True,True,no,gemini,4.0,1.0,yes,0.0,no,0.0,no,2023-08,2026-03,low,no,,2.0,,4.0,6.0,,,,
NW 23RD AVE & NW 8TH ST,nw-23rd-ave-nw-8th-st,0,8,4,True,True,no,gemini,4.0,0.0,no,0.0,no,0.0,no,2026-03,2026-03,low,no,,4.0,35.0,3.0,6.0,,,,35.0
NW 23RD AVE & NW 8TH CT,nw-23rd-ave-nw-8th-ct,0,1,0,True,True,no,gemini,3.0,0.0,no,0.0,no,0.0,no,2026-03,2026-03,low,no,,4.0,35.0,3.0,6.0,,,,35.0
NW 23RD AVE & NW 54TH TER,nw-23rd-ave-nw-54th-ter,0,3,2,True,True,no,gemini,4.0,0.0,no,2.0,yes,0.0,no,2026-02,2026-02,low,no,yes,5.0,45.0,3.0,6.0,,,,45.0
NE 5TH AVE & NE 5TH ST,ne-5th-ave-ne-5th-st,0,1,1,True,True,no,gemini,4.0,1.0,yes,0.0,no,0.0,no,2011-03,2023-09,low,no,,,,6.0,6.0,,,,
NE 12TH ST & NE 5TH AVE,ne-12th-st-ne-5th-ave,0,1,0,True,True,no,gemini,3.0,0.0,no,0.0,no,0.0,no,2026-03,2026-03,low,no,,,,6.0,6.0,,,,
NW 21ST ST & NW 4TH PL,nw-21st-st-nw-4th-pl,0,1,1,True,True,no,gemini,3.0,0.0,no,0.0,no,0.0,no,2026-02,2026-02,low,no,,,,6.0,6.0,,,,
NW 21ST ST & NW 42ND AVE,nw-21st-st-nw-42nd-ave,0,1,1,True,True,no,gemini,4.0,0.0,no,0.0,no,0.0,no,2021-03,2026-02,low,no,,2.0,,6.0,6.0,,,,
NW 21ST ST & NW 3RD PL,nw-21st-st-nw-3rd-pl,0,1,1,True,True,no,gemini,3.0,0.0,no,0.0,no,0.0,no,2026-02,2026-02,low,no,,,,6.0,6.0,,,,
NE 7TH AVE & NE 8TH TER,ne-7th-ave-ne-8th-ter,0,1,1,True,True,no,gemini,3.0,0.0,no,0.0,no,0.0,no,2026-03,2026-03,low,no,,,,6.0,6.0,,,,
NW 24TH BLVD & NW 38TH AVE,nw-24th-blvd-nw-38th-ave,0,2,1,False,False,,,,,,,,,,,,,,,,,,,,,,
NW 24TH AVE & NW 6TH ST,nw-24th-ave-nw-6th-st,0,4,2,True,True,no,gemini,3.0,0.0,no,1.0,yes,0.0,no,2026-03,2026-03,low,no,,4.0,35.0,3.0,6.0,,,,35.0
NE 13TH ST & NE 28TH AVE,ne-13th-st-ne-28th-ave,0,1,0,True,True,no,gemini,3.0,0.0,no,0.0,no,0.0,no,2026-03,2026-03,low,no,,,,6.0,6.0,,,,
NE 13TH ST & NE 1ST AVE,ne-13th-st-ne-1st-ave,0,1,0,True,True,no,gemini,3.0,0.0,no,0.0,no,0.0,no,2024-06,2026-03,low,no,,,,6.0,6.0,,,,
SW 10TH PL & SW 19TH TER,sw-10th-pl-sw-19th-ter,0,1,0,True,True,no,gemini,4.0,0.0,no,0.0,no,0.0,no,2023-09,2026-03,low,no,,,,6.0,6.0,,,,
NE 12TH ST & NE 18TH AVE,ne-12th-st-ne-18th-ave,0,1,0,True,True,no,gemini,3.0,2.0,yes,0.0,no,0.0,no,2026-03,2026-03,low,no,,,,6.0,6.0,,,,
SW 12TH DR & SW 17TH LN,sw-12th-dr-sw-17th-ln,0,2,1,True,False,,,,,,,,,,,,,no,,,,6.0,6.0,,,,
SW 121 SW 34TH ST & SW 24TH AVE,sw-121-sw-34th-st-sw-24th-ave,0,1,0,False,False,,,,,,,,,,,,,,,,,,,,,,
NE 8TH AVE & NE 8TH ST,ne-8th-ave-ne-8th-st,0,1,1,True,True,no,gemini,3.0,0.0,no,0.0,no,2.0,yes,2023-03,2024-10,low,no,,2.0,,4.0,6.0,,,,
NE 7TH PL & NE 9TH ST,ne-7th-pl-ne-9th-st,0,1,0,True,True,no,gemini,4.0,1.0,yes,0.0,no,0.0,no,2014-12,2026-03,low,yes,,2.0,,4.0,6.0,,,,
NW 23RD TER & NW 54TH BLVD,nw-23rd-ter-nw-54th-blvd,0,1,0,True,True,no,gemini,2.0,0.0,no,0.0,no,0.0,no,2023-08,2023-08,low,no,,,,6.0,6.0,,,,
NE 12TH AVE & NE 15TH ST,ne-12th-ave-ne-15th-st,0,2,0,True,True,no,gemini,3.0,1.0,yes,0.0,no,0.0,no,2026-03,2026-03,low,no,,2.0,,4.0,6.0,,,,
NW 22ND ST & NW 2ND AVE,nw-22nd-st-nw-2nd-ave,0,1,1,True,True,no,gemini,4.0,0.0,no,0.0,no,0.0,no,2015-02,2026-02,low,no,,2.0,,4.0,6.0,,,,
NW 22ND AVE & NW 8TH ST,nw-22nd-ave-nw-8th-st,0,1,0,True,True,no,gemini,3.0,0.0,no,0.0,no,0.0,no,2026-03,2026-03,low,no,,,,6.0,6.0,,,,
NW 21ST WAY & NW 76TH PL,nw-21st-way-nw-76th-pl,0,1,0,True,True,no,gemini,2.0,0.0,no,0.0,no,0.0,no,2026-03,2026-03,low,no,,,,6.0,6.0,,,,
NW 21ST TER & NW 45TH AVE,nw-21st-ter-nw-45th-ave,0,2,1,True,True,no,gemini,4.0,2.0,yes,0.0,no,0.0,no,2026-02,2026-02,low,no,,2.0,,4.0,6.0,,,,
NW 23RD AVE & NW 47TH TER,nw-23rd-ave-nw-47th-ter,0,2,2,True,True,no,gemini,4.0,0.0,no,2.0,yes,0.0,no,2025-04,2026-02,low,no,yes,5.0,,3.0,6.0,,,,
NW 23RD AVE & NW 46TH TER,nw-23rd-ave-nw-46th-ter,0,1,0,True,True,no,gemini,3.0,1.0,yes,0.0,no,0.0,no,2015-03,2025-04,low,no,yes,5.0,,3.0,6.0,,,,
NW 23RD AVE & NW 46TH ST,nw-23rd-ave-nw-46th-st,0,3,2,True,True,no,gemini,3.0,0.0,no,1.0,yes,0.0,no,2025-04,2026-02,low,no,yes,5.0,,3.0,6.0,,,,
NE 9TH AVE & NE BLVD,ne-9th-ave-ne-blvd,0,2,0,True,True,no,gemini,4.0,0.0,no,0.0,no,0.0,no,2026-02,2026-03,low,no,,,,6.0,6.0,,,,
SW 10TH TER & SW 17TH LN,sw-10th-ter-sw-17th-ln,0,1,0,True,True,no,gemini,4.0,0.0,no,0.0,no,1.0,yes,2017-09,2017-09,low,yes,,,,6.0,6.0,,,,
SW 13TH ST & SW 36TH PL,sw-13th-st-sw-36th-pl,0,2,6,True,True,no,gemini,3.0,0.0,no,2.0,yes,2.0,yes,2026-02,2026-02,low,yes,,2.0,45.0,2.0,6.0,,,,45.0
NE 13TH AVE & NE 5TH ST,ne-13th-ave-ne-5th-st,0,1,0,True,True,no,gemini,3.0,0.0,no,0.0,no,0.0,no,2026-03,2026-03,low,no,,,,6.0,6.0,,,,
NE 13TH AVE & NE 25TH TER,ne-13th-ave-ne-25th-ter,0,1,0,True,True,no,gemini,2.0,0.0,no,0.0,no,0.0,no,2011-03,2023-08,low,no,,,,6.0,6.0,,,,
NE 12TH TER & NE 23RD AVE,ne-12th-ter-ne-23rd-ave,0,1,1,True,True,no,gemini,3.0,1.0,yes,0.0,no,0.0,no,2026-03,2026-03,low,no,,4.0,40.0,3.0,6.0,,,,40.0
NE 12TH TER & NE 16TH AVE,ne-12th-ter-ne-16th-ave,0,3,1,True,True,no,gemini,3.0,0.0,no,0.0,no,0.0,no,2026-03,2026-03,low,no,,2.0,,4.0,6.0,,,,
NE 12TH ST & NE 6TH PL,ne-12th-st-ne-6th-pl,0,1,1,False,False,,,,,,,,,,,,,,,,,,,,,,
NW 21ST ST & NW 3RD AVE,nw-21st-st-nw-3rd-ave,0,3,2,True,True,no,gemini,3.0,0.0,no,0.0,no,0.0,no,2026-02,2026-02,low,no,,,,6.0,6.0,,,,
NW 21ST ST & NW 23RD AVE,nw-21st-st-nw-23rd-ave,0,2,1,False,False,,,,,,,,,,,,,,,,,,,,,,
NW 10TH AVE & NW 9TH AVE,nw-10th-ave-nw-9th-ave,0,1,0,False,False,,,,,,,,,,,,,,,,,,,,,,
NW 10TH AVE & NW 18TH TER,nw-10th-ave-nw-18th-ter,0,1,0,True,True,no,gemini,4.0,3.0,yes,0.0,no,0.0,no,2026-02,2026-03,low,no,,,,6.0,6.0,,,,
NW 10TH AVE & NW 13TH TER,nw-10th-ave-nw-13th-ter,0,1,1,True,True,no,gemini,4.0,0.0,no,0.0,no,0.0,no,2026-03,2026-03,low,no,yes,3.0,,6.0,6.0,,,,
NW 20TH AVE & NW 36TH TER,nw-20th-ave-nw-36th-ter,0,1,1,True,True,no,gemini,4.0,0.0,no,0.0,no,0.0,no,2026-02,2026-03,low,no,,,,6.0,6.0,,,,
NE 7TH AVE & NE 7TH ST,ne-7th-ave-ne-7th-st,0,1,0,True,True,no,gemini,4.0,0.0,no,0.0,no,0.0,no,2014-12,2026-03,low,no,,,,6.0,6.0,,,,
NW 22ND ST & NW 9TH AVE,nw-22nd-st-nw-9th-ave,0,1,1,True,True,no,gemini,3.0,0.0,no,0.0,no,0.0,no,2024-06,2026-02,low,no,,2.0,,4.0,6.0,,,,
NW 22ND ST & NW 82ND AVE,nw-22nd-st-nw-82nd-ave,0,1,2,False,False,,,,,,,,,,,,,,,,,,,,,,
NW 22ND ST & NW 7TH LN,nw-22nd-st-nw-7th-ln,0,3,1,True,True,no,gemini,4.0,0.0,no,0.0,no,0.0,no,2026-02,2026-02,low,no,,2.0,,4.0,6.0,,,,
NE 12TH ST & NE 28TH AVE,ne-12th-st-ne-28th-ave,0,3,1,True,True,no,gemini,4.0,1.0,yes,0.0,no,0.0,no,2015-02,2026-03,low,no,,,,6.0,6.0,,,,
SW 14TH ST & SW 18TH PL,sw-14th-st-sw-18th-pl,0,1,0,True,True,no,gemini,3.0,0.0,no,0.0,no,0.0,no,2026-02,2026-02,low,no,,,,6.0,6.0,,,,
NE 12TH AVE & NE 24TH TER,ne-12th-ave-ne-24th-ter,0,1,1,True,True,no,gemini,3.0,0.0,no,0.0,no,0.0,no,2026-03,2026-03,low,no,,,,6.0,6.0,,,,
NE 12TH AVE & NE 24TH ST,ne-12th-ave-ne-24th-st,0,2,1,False,False,,,,,,,,,,,,,,,,,,,,,,
NE 12TH AVE & NE 22ND ST,ne-12th-ave-ne-22nd-st,0,3,1,True,True,no,gemini,3.0,0.0,no,0.0,no,0.0,no,2026-03,2026-03,low,no,,2.0,,6.0,6.0,,,,
NE 12TH AVE & NE 21ST ST,ne-12th-ave-ne-21st-st,0,2,0,True,True,no,gemini,4.0,0.0,no,0.0,no,0.0,no,2026-03,2026-03,low,no,,2.0,,6.0,6.0,,,,
SW 1ST ST & SW 6TH AVE,sw-1st-st-sw-6th-ave,0,1,0,True,True,no,gemini,3.0,0.0,no,0.0,no,0.0,no,2026-02,2026-02,low,no,,,,6.0,6.0,,,,
SW 1ST ST & SW 5TH AVE,sw-1st-st-sw-5th-ave,0,1,0,True,True,no,gemini,4.0,0.0,no,0.0,no,0.0,no,2026-02,2026-02,low,no,,,,6.0,6.0,,,,
NW 10TH ST & NW 13TH AVE,nw-10th-st-nw-13th-ave,0,1,1,True,True,no,gemini,4.0,0.0,no,0.0,no,0.0,no,2018-10,2026-03,low,no,,,,6.0,6.0,,,,
NW 10TH ST & NW 11TH AVE,nw-10th-st-nw-11th-ave,0,2,0,True,True,no,gemini,4.0,0.0,no,0.0,no,0.0,no,2026-03,2026-03,low,no,,,,6.0,6.0,,,,
NW 20TH ST & NW 3RD AVE,nw-20th-st-nw-3rd-ave,0,1,0,True,True,no,gemini,4.0,1.0,yes,0.0,no,0.0,no,2026-02,2026-02,low,no,,2.0,25.0,6.0,6.0,,,,25.0
NW 20TH ST & NW 32ND PL,nw-20th-st-nw-32nd-pl,0,1,0,True,True,no,gemini,4.0,0.0,no,0.0,no,0.0,no,2007-11,2026-03,low,no,,,,6.0,6.0,,,,
NW 21ST ST & NW 7TH LN,nw-21st-st-nw-7th-ln,0,1,0,True,True,no,gemini,3.0,0.0,no,0.0,no,0.0,no,2026-02,2026-02,low,no,,,,6.0,6.0,,,,
NW 21ST ST & NW 53RD AVE,nw-21st-st-nw-53rd-ave,0,2,1,True,True,no,gemini,3.0,0.0,no,0.0,no,0.0,no,2026-02,2026-02,low,no,,2.0,,4.0,6.0,,,,
NE 11TH TER & NE 35TH AVE,ne-11th-ter-ne-35th-ave,0,1,1,True,True,no,gemini,3.0,0.0,no,0.0,no,0.0,no,2026-03,2026-03,low,no,,,,6.0,6.0,,,,
SW 1ST AVE & SW 2ND ST,sw-1st-ave-sw-2nd-st,0,11,5,True,True,no,gemini,3.0,2.0,yes,0.0,no,0.0,no,2018-10,2026-02,low,no,,,,6.0,6.0,,,,
SW 1ST AVE & SW 28TH TER,sw-1st-ave-sw-28th-ter,0,1,0,True,True,no,gemini,3.0,0.0,no,0.0,no,0.0,no,2026-02,2026-02,low,no,,,,6.0,6.0,,,,
SW 17TH PL & SW 51ST TER,sw-17th-pl-sw-51st-ter,0,1,0,False,False,,,,,,,,,,,,,,,,,,,,,,
SW 17TH PL & SW 42ND ST,sw-17th-pl-sw-42nd-st,0,2,1,False,False,,,,,,,,,,,,,,,,,,,,,,
SW 17TH PL & SW 36TH ST,sw-17th-pl-sw-36th-st,0,1,0,False,False,,,,,,,,,,,,,,,,,,,,,,
SW 17TH LN & SW 40TH TER,sw-17th-ln-sw-40th-ter,0,1,1,False,False,,,,,,,,,,,,,,,,,,,,,,
NW 20TH ST & W UNIVERSITY AVE,nw-20th-st-w-university-ave,0,2,3,False,False,,,,,,,,,,,,,,,,,,,,,,
NE 11TH ST & NE 7TH AVE,ne-11th-st-ne-7th-ave,0,1,0,True,True,no,gemini,3.0,0.0,no,0.0,no,0.0,no,2026-03,2026-03,low,no,,,,6.0,6.0,,,,
NE 11TH ST & NE 5TH PL,ne-11th-st-ne-5th-pl,0,1,1,True,True,no,gemini,4.0,0.0,no,0.0,no,0.0,no,2007-12,2026-03,low,no,,,,6.0,6.0,,,,
NW 1ST ST & NW 6TH AVE,nw-1st-st-nw-6th-ave,0,1,0,True,True,no,gemini,4.0,1.0,yes,0.0,no,0.0,no,2024-06,2026-02,low,no,,,,6.0,6.0,,,,
NW 1ST ST & NW 5TH AVE,nw-1st-st-nw-5th-ave,0,1,0,False,False,,,,,,,,,,,,,,,,,,,,,,
NW 1ST ST & NW 3RD AVE,nw-1st-st-nw-3rd-ave,0,3,2,True,True,no,gemini,4.0,0.0,no,0.0,no,0.0,no,2024-06,2026-03,low,no,,,,6.0,6.0,,,,
NW 1ST PL & NW 9TH ST,nw-1st-pl-nw-9th-st,0,1,0,True,True,no,gemini,3.0,0.0,no,0.0,no,0.0,no,2026-02,2026-03,low,no,,,,6.0,6.0,,,,
NW 21ST DR & NW 77TH AVE,nw-21st-dr-nw-77th-ave,0,2,0,True,True,no,gemini,3.0,0.0,no,0.0,no,0.0,no,2026-03,2026-03,low,no,,,,6.0,6.0,,,,
NW 21ST DR & NW 52ND PL,nw-21st-dr-nw-52nd-pl,0,1,1,False,False,,,,,,,,,,,,,,,,,,,,,,
NW 21ST DR & NW 49TH AVE,nw-21st-dr-nw-49th-ave,0,1,1,True,True,no,gemini,3.0,0.0,no,0.0,no,0.0,no,2026-03,2026-03,low,no,,2.0,,6.0,6.0,,,,
NW 21ST DR & NW 36TH AVE,nw-21st-dr-nw-36th-ave,0,1,1,True,True,no,gemini,2.0,0.0,no,0.0,no,0.0,no,2026-02,2026-02,low,no,,,,6.0,6.0,,,,
NW 21ST AVE & NW 22ND ST,nw-21st-ave-nw-22nd-st,0,1,1,True,True,no,gemini,3.0,0.0,no,0.0,no,0.0,no,2023-08,2026-03,low,no,,,,6.0,6.0,,,,
NW 20TH TER & NW 50TH PL,nw-20th-ter-nw-50th-pl,0,1,0,True,True,no,gemini,2.0,0.0,no,0.0,no,0.0,no,2026-03,2026-03,low,no,,2.0,,6.0,6.0,,,,
NW 20TH TER & NW 3RD AVE,nw-20th-ter-nw-3rd-ave,0,1,1,True,True,no,gemini,3.0,0.0,no,0.0,no,0.0,no,2026-02,2026-02,low,yes,,,,6.0,6.0,,,,
NE 11TH PL & NE 25TH TER,ne-11th-pl-ne-25th-ter,0,1,1,True,True,no,gemini,4.0,0.0,no,0.0,no,0.0,no,2026-03,2026-03,low,no,,,,6.0,6.0,,,,
NE 11TH PL & NE 23RD ST,ne-11th-pl-ne-23rd-st,0,1,0,True,True,no,gemini,3.0,0.0,no,0.0,no,1.0,yes,2015-03,2026-03,low,no,,,,6.0,6.0,,,,
NE 10TH TER & NE 23RD AVE,ne-10th-ter-ne-23rd-ave,0,3,1,True,True,no,gemini,3.0,0.0,no,0.0,no,0.0,no,2026-03,2026-03,low,no,,4.0,40.0,3.0,6.0,,,,40.0
SW 23RD DR & SW 2ND AVE,sw-23rd-dr-sw-2nd-ave,0,1,1,True,True,no,gemini,3.0,2.0,yes,0.0,no,0.0,no,2026-02,2026-03,low,no,,2.0,35.0,3.0,6.0,,,,35.0
SW 22ND RD & SW 38TH WAY,sw-22nd-rd-sw-38th-way,0,1,0,False,False,,,,,,,,,,,,,,,,,,,,,,
SW 22ND RD & SW 37TH TER,sw-22nd-rd-sw-37th-ter,0,1,0,False,False,,,,,,,,,,,,,,,,,,,,,,
NW 18TH WAY & NW 27TH TER,nw-18th-way-nw-27th-ter,0,1,0,True,True,no,gemini,3.0,0.0,no,0.0,no,0.0,no,2023-08,2026-03,low,no,,,,6.0,6.0,,,,
NW 10TH PL & NW 50TH TER,nw-10th-pl-nw-50th-ter,0,1,0,True,True,no,gemini,4.0,0.0,no,0.0,no,0.0,no,2023-03,2026-01,low,no,,1.0,,6.0,6.0,,,,
NW 1ST PL & NW 8TH ST,nw-1st-pl-nw-8th-st,0,1,1,True,True,no,gemini,3.0,0.0,no,0.0,no,0.0,no,2026-02,2026-02,low,no,,,,6.0,6.0,,,,
NW 1ST AVE & NW 3RD ST,nw-1st-ave-nw-3rd-st,0,4,2,True,True,no,gemini,4.0,1.0,yes,0.0,no,0.0,no,2024-06,2026-03,low,no,,,,6.0,6.0,,,,
NW 20TH LN & NW 38TH DR,nw-20th-ln-nw-38th-dr,0,1,1,True,True,no,gemini,3.0,0.0,no,0.0,no,0.0,no,2026-02,2026-02,low,no,,,,6.0,6.0,,,,
NW 20TH DR & NW 43RD PL,nw-20th-dr-nw-43rd-pl,0,1,0,True,True,no,gemini,3.0,0.0,no,0.0,no,0.0,no,2026-02,2026-02,low,no,,2.0,,6.0,6.0,,,,
NW 20TH DR & NW 42ND AVE,nw-20th-dr-nw-42nd-ave,0,1,1,True,True,no,gemini,4.0,0.0,no,0.0,no,0.0,no,2026-02,2026-02,low,no,,2.0,,6.0,6.0,,,,
NW 20TH DR & NW 20TH TER,nw-20th-dr-nw-20th-ter,0,1,0,False,False,,,,,,,,,,,,,,,,,,,,,,
SW 1ST AVE & SW 3RD ST,sw-1st-ave-sw-3rd-st,0,3,0,True,True,no,gemini,3.0,0.0,no,0.0,no,0.0,no,2026-02,2026-03,low,no,,,,6.0,6.0,,,,
SW 1ST AVE & SW 38TH ST,sw-1st-ave-sw-38th-st,0,1,1,True,True,no,gemini,3.0,0.0,no,0.0,no,0.0,no,2026-02,2026-02,low,no,,,,6.0,6.0,,,,
SW 20TH LN & SW 39TH WAY,sw-20th-ln-sw-39th-way,0,1,0,False,False,,,,,,,,,,,,,,,,,,,,,,
SW 20TH AVE & SW 51ST TER,sw-20th-ave-sw-51st-ter,0,2,0,False,False,,,,,,,,,,,,,,,,,,,,,,
NE 11TH ST & NE 9TH AVE,ne-11th-st-ne-9th-ave,0,1,1,True,True,no,gemini,4.0,0.0,no,0.0,no,0.0,no,2026-03,2026-03,low,no,,,,6.0,6.0,,,,
NE 10TH ST & NE 1ST AVE,ne-10th-st-ne-1st-ave,0,1,1,True,True,no,gemini,3.0,0.0,no,0.0,no,0.0,no,2026-03,2026-03,low,no,,,,6.0,6.0,,,,
NE 10TH PL & NE 9TH ST,ne-10th-pl-ne-9th-st,0,1,0,True,True,no,gemini,4.0,2.0,yes,0.0,no,0.0,no,2025-04,2026-03,low,no,,2.0,,4.0,6.0,,,,
NW 10TH ST & NW 6TH PL,nw-10th-st-nw-6th-pl,0,1,0,True,True,no,gemini,3.0,0.0,no,0.0,no,0.0,no,2024-06,2026-02,low,no,,,,6.0,6.0,,,,
NW 19TH ST & NW 33RD AVE,nw-19th-st-nw-33rd-ave,0,1,0,True,True,no,gemini,3.0,0.0,no,0.0,no,0.0,no,2026-02,2026-03,low,no,,,,6.0,6.0,,,,
NW 19TH ST & NW 31ST PL,nw-19th-st-nw-31st-pl,0,1,0,True,True,no,gemini,4.0,0.0,no,0.0,no,0.0,no,2026-02,2026-03,low,no,,,,6.0,6.0,,,,
NW 19TH LN & NW 22ND ST,nw-19th-ln-nw-22nd-st,0,1,1,True,True,no,gemini,4.0,0.0,no,0.0,no,0.0,no,2026-03,2026-03,low,no,,,,6.0,6.0,,,,
NW 19TH AVE & NW 7TH ST,nw-19th-ave-nw-7th-st,0,1,0,True,True,no,gemini,3.0,0.0,no,0.0,no,0.0,no,2026-03,2026-03,low,no,,,,6.0,6.0,,,,
NW 10TH ST & NW 40TH AVE,nw-10th-st-nw-40th-ave,0,2,0,True,True,no,gemini,4.0,0.0,no,0.0,no,0.0,no,2023-08,2023-08,low,no,,,,6.0,6.0,,,,
NW 10TH ST & NW 18TH AVE,nw-10th-st-nw-18th-ave,0,1,1,True,True,no,gemini,3.0,0.0,no,0.0,no,0.0,no,2026-03,2026-03,low,no,,,,6.0,6.0,,,,
NW 10TH ST & NW 14TH AVE,nw-10th-st-nw-14th-ave,0,1,0,True,True,no,gemini,4.0,0.0,no,0.0,no,0.0,no,2022-05,2026-03,low,no,,,,6.0,6.0,,,,
NE 11TH ST & NE 3RD AVE,ne-11th-st-ne-3rd-ave,0,7,4,True,True,no,gemini,4.0,1.0,yes,0.0,no,0.0,no,2026-03,2026-03,low,yes,,,,6.0,6.0,,,,
NE 11TH ST & NE 23RD AVE,ne-11th-st-ne-23rd-ave,0,2,1,True,True,no,gemini,3.0,0.0,no,0.0,no,0.0,no,2026-03,2026-03,low,no,,4.0,40.0,3.0,6.0,,,,40.0
NE 11TH ST & NE 1ST AVE,ne-11th-st-ne-1st-ave,0,5,4,True,True,no,gemini,4.0,0.0,no,0.0,no,0.0,no,2026-03,2026-03,low,no,,,,6.0,6.0,,,,
SW 23RD PL & SW 24TH AVE,sw-23rd-pl-sw-24th-ave,0,2,0,False,False,,,,,,,,,,,,,,,,,,,,,,
SW 23RD LN & SW 37TH TER,sw-23rd-ln-sw-37th-ter,0,1,0,False,False,,,,,,,,,,,,,,,,,,,,,,
SW 23RD DR & W UNIVERSITY AVE,sw-23rd-dr-w-university-ave,0,2,1,True,True,no,gemini,4.0,1.0,yes,0.0,no,0.0,no,2026-02,2026-02,low,no,,3.0,35.0,2.0,6.0,,,,35.0
N MAIN TER & NE 35TH AVE,n-main-ter-ne-35th-ave,0,1,0,True,True,no,gemini,2.0,0.0,no,0.0,no,0.0,no,2026-03,2026-03,low,no,,,,6.0,6.0,,,,
N MAIN ST & NW 31ST AVE,n-main-st-nw-31st-ave,0,1,1,False,False,,,,,,,,,,,,,,,,,,,,,,
NW 17TH ST & NW 29TH RD,nw-17th-st-nw-29th-rd,0,2,2,False,False,,,,,,,,,,,,,,,,,,,,,,
NW 17TH PL & NW 47TH ST,nw-17th-pl-nw-47th-st,0,1,1,True,True,no,gemini,3.0,0.0,no,0.0,no,0.0,no,2026-01,2026-02,low,no,,,,6.0,6.0,,,,
NW 18TH ST & NW 3RD PL,nw-18th-st-nw-3rd-pl,0,4,2,True,True,no,gemini,4.0,0.0,no,0.0,no,0.0,no,2024-06,2026-02,low,no,,,,6.0,6.0,,,,
NW 18TH ST & NW 3RD AVE,nw-18th-st-nw-3rd-ave,0,1,1,True,True,no,gemini,4.0,0.0,no,0.0,no,0.0,no,2024-06,2026-02,low,no,,1.0,,6.0,6.0,,,,
NW 11TH RD & NW 18TH TER,nw-11th-rd-nw-18th-ter,0,2,1,True,True,no,gemini,4.0,0.0,no,0.0,no,0.0,no,2026-03,2026-03,low,no,,,,6.0,6.0,,,,
NW 11TH AVE & NW 8TH ST,nw-11th-ave-nw-8th-st,0,1,0,True,True,no,gemini,4.0,0.0,no,0.0,no,0.0,no,2016-07,2022-05,low,no,,,,6.0,6.0,,,,
NW 19TH TER & NW 39TH AVE,nw-19th-ter-nw-39th-ave,0,1,1,True,True,no,gemini,3.0,0.0,no,1.0,yes,0.0,no,2026-02,2026-03,low,no,yes,5.0,45.0,2.0,6.0,,,,45.0
NW 19TH ST & NW 7TH PL,nw-19th-st-nw-7th-pl,0,1,1,True,True,no,gemini,3.0,0.0,no,0.0,no,0.0,no,2015-02,2026-02,low,no,,,,6.0,6.0,,,,
NW 19TH ST & NW 7TH AVE,nw-19th-st-nw-7th-ave,0,2,2,True,True,no,gemini,4.0,2.0,yes,0.0,no,0.0,no,2026-02,2026-02,low,no,,,,6.0,6.0,,,,
SW 21ST PL & SW 43RD ST,sw-21st-pl-sw-43rd-st,0,12,4,True,True,no,gemini,3.0,1.0,yes,1.0,yes,1.0,yes,2026-02,2026-02,low,no,,2.0,,4.0,6.0,,,,
SW 21ST DR & SW 37TH CT,sw-21st-dr-sw-37th-ct,0,1,1,True,True,no,gemini,3.0,0.0,no,0.0,no,0.0,no,2024-06,2026-02,low,no,,,,6.0,6.0,,,,
SW 23RD ST & SW 34TH PL,sw-23rd-st-sw-34th-pl,0,2,1,False,False,,,,,,,,,,,,,,,,,,,,,,
SW 23RD ST & SW 31ST PL,sw-23rd-st-sw-31st-pl,0,7,2,False,False,,,,,,,,,,,,,,,,,,,,,,
NE 10TH ST & NE 28TH AVE,ne-10th-st-ne-28th-ave,0,1,1,True,True,no,gemini,3.0,0.0,no,0.0,no,0.0,no,2023-08,2026-03,low,no,,,,6.0,6.0,,,,
NW 49TH TER & NW 53RD AVE,nw-49th-ter-nw-53rd-ave,0,5,0,True,True,no,gemini,3.0,0.0,no,1.0,yes,0.0,no,2026-03,2026-03,low,no,,2.0,40.0,4.0,6.0,,,,40.0
NW 48TH TER & NW 76TH RD,nw-48th-ter-nw-76th-rd,0,1,1,True,True,no,gemini,4.0,0.0,no,0.0,no,0.0,no,2026-03,2026-03,low,no,,,,6.0,6.0,,,,
NW 48TH BLVD & NW 6TH PL,nw-48th-blvd-nw-6th-pl,0,1,1,False,False,,,,,,,,,,,,,,,,,,,,,,
NW 47TH WAY & NW 79TH RD,nw-47th-way-nw-79th-rd,0,1,1,True,True,no,gemini,3.0,0.0,no,0.0,no,0.0,no,2026-02,2026-02,low,no,,,,6.0,6.0,,,,
NW 46TH ST & NW 8TH AVE,nw-46th-st-nw-8th-ave,0,1,0,False,False,,,,,,,,,,,,,,,,,,,,,,
SW 40TH TER & W UNIVERSITY AVE,sw-40th-ter-w-university-ave,0,1,1,True,True,no,gemini,3.0,0.0,no,0.0,no,0.0,no,2011-03,2023-03,low,no,,,,6.0,6.0,,,,
NW 13TH ST & NW 49TH AVE,nw-13th-st-nw-49th-ave,0,1,0,False,False,,,,,,,,,,,,,,,,,,,,,,
NW 17TH ST & NW 31ST PL,nw-17th-st-nw-31st-pl,0,2,1,False,False,,,,,,,,,,,,,,,,,,,,,,
SW 25TH BLVD & SW 25TH TER,sw-25th-blvd-sw-25th-ter,0,1,1,True,True,no,gemini,4.0,0.0,no,0.0,no,1.0,yes,2026-02,2026-02,low,yes,,2.0,,6.0,6.0,,,,
SW 2ND AVE & SW 30TH ST,sw-2nd-ave-sw-30th-st,0,4,3,True,True,no,gemini,3.0,0.0,no,0.0,no,0.0,no,2026-02,2026-02,low,no,,2.0,35.0,3.0,6.0,,,,35.0
NW 19TH AVE & NW 4TH ST,nw-19th-ave-nw-4th-st,0,2,1,False,False,,,,,,,,,,,,,,,,,,,,,,
NW 19TH AVE & NW 4TH AVE,nw-19th-ave-nw-4th-ave,0,1,0,False,False,,,,,,,,,,,,,,,,,,,,,,
NE 10TH AVE & NE 26TH TER,ne-10th-ave-ne-26th-ter,0,1,1,True,True,no,gemini,3.0,0.0,no,0.0,no,0.0,no,2011-03,2015-01,low,no,,,,6.0,6.0,,,,
NE 10TH AVE & NE 14TH ST,ne-10th-ave-ne-14th-st,0,1,1,False,False,,,,,,,,,,,,,,,,,,,,,,
NE 10TH AVE & NE 11TH ST,ne-10th-ave-ne-11th-st,0,1,1,True,True,no,gemini,4.0,0.0,no,0.0,no,0.0,no,2026-03,2026-03,low,no,,,,6.0,6.0,,,,
N W 23RD AVE & NW 43RD ST,n-w-23rd-ave-nw-43rd-st,0,1,1,False,False,,,,,,,,,,,,,,,,,,,,,,
SW 26TH TER & SW 40TH PL,sw-26th-ter-sw-40th-pl,0,2,2,True,True,no,gemini,3.0,0.0,no,0.0,no,0.0,no,2019-06,2026-01,low,no,,2.0,,4.0,6.0,,,,
N MAIN ST & NE 42ND PL,n-main-st-ne-42nd-pl,0,1,1,True,True,no,gemini,3.0,0.0,no,1.0,yes,0.0,no,2023-08,2026-03,low,no,,3.0,,4.0,6.0,,,,
SW 25TH WAY & SW 31ST PL,sw-25th-way-sw-31st-pl,0,2,0,True,False,,,,,,,,,,,,,no,,,,6.0,6.0,,,,
SW 25TH TER & SW 40TH PL,sw-25th-ter-sw-40th-pl,0,3,2,True,True,no,gemini,2.0,0.0,no,0.0,no,0.0,no,2019-06,2026-01,low,no,,2.0,,4.0,4.0,,,,
SW 25TH TER & SW 35TH PL,sw-25th-ter-sw-35th-pl,0,4,2,False,False,,,,,,,,,,,,,,,,,,,,,,
NW 18TH PL & NW 39TH TER,nw-18th-pl-nw-39th-ter,0,1,0,True,True,no,gemini,3.0,0.0,no,0.0,no,0.0,no,2011-03,2024-06,low,no,,,,6.0,6.0,,,,
NW 18TH AVE & NW 34TH ST,nw-18th-ave-nw-34th-st,0,2,2,False,False,,,,,,,,,,,,,,,,,,,,,,
NW 17TH TER & NW 41ST AVE,nw-17th-ter-nw-41st-ave,0,1,0,True,False,,,,,,,,,,,,,no,,,,6.0,6.0,,,,
NW 17TH ST & NW 7TH PL,nw-17th-st-nw-7th-pl,0,2,1,True,True,no,gemini,4.0,1.0,yes,0.0,no,0.0,no,2026-02,2026-02,low,no,,,,6.0,6.0,,,,
NW 4TH ST & NW 7TH AVE,nw-4th-st-nw-7th-ave,0,1,0,True,True,no,gemini,4.0,0.0,no,0.0,no,0.0,no,2022-05,2026-02,low,no,,,,6.0,6.0,,,,
NW 4TH ST & NW 5TH AVE,nw-4th-st-nw-5th-ave,0,2,2,True,True,no,gemini,4.0,0.0,no,0.0,no,0.0,no,2024-06,2026-03,low,no,,,,6.0,6.0,,,,
NW 4TH PL & NW 60TH ST,nw-4th-pl-nw-60th-st,0,3,1,True,True,no,gemini,2.0,0.0,no,0.0,no,0.0,no,2023-10,2024-06,low,no,,,,4.0,4.0,,,,
NE 24TH AVE & NE 50TH DR,ne-24th-ave-ne-50th-dr,0,1,0,True,False,,,,,,,,,,,,,no,,,,6.0,6.0,,,,
NE 23RD ST & NE 3RD PL,ne-23rd-st-ne-3rd-pl,0,1,1,True,True,no,gemini,3.0,0.0,no,0.0,no,0.0,no,2026-03,2026-03,low,no,,,,6.0,6.0,,,,
NE 23RD ST & NE 3RD AVE,ne-23rd-st-ne-3rd-ave,0,1,0,True,True,no,gemini,2.0,0.0,no,0.0,no,0.0,no,2026-03,2026-03,low,no,,,,6.0,6.0,,,,
NW 4TH AVE & NW 8TH ST,nw-4th-ave-nw-8th-st,0,1,1,True,True,no,gemini,4.0,0.0,no,0.0,no,0.0,no,2024-06,2026-02,low,no,,,,6.0,6.0,,,,
SW 29TH AVE & SW 40TH BLVD,sw-29th-ave-sw-40th-blvd,0,1,0,True,True,no,gemini,3.0,0.0,no,0.0,no,0.0,no,2026-01,2026-01,low,no,,2.0,,5.0,5.0,,,,
SW 28TH TER & SW 39TH AVE,sw-28th-ter-sw-39th-ave,0,2,2,True,True,no,gemini,3.0,0.0,no,0.0,no,0.0,no,2026-01,2026-01,low,no,,,,6.0,6.0,,,,
SW 28TH TER & SW 38TH PL,sw-28th-ter-sw-38th-pl,0,1,0,True,True,no,gemini,3.0,0.0,no,0.0,no,0.0,no,2026-01,2026-01,low,no,,,,6.0,6.0,,,,
SW 27TH ST & SW WILLISTON RD,sw-27th-st-sw-williston-rd,0,3,0,False,False,,,,,,,,,,,,,,,,,,,,,,
SW 27TH ST & SW 5TH AVE,sw-27th-st-sw-5th-ave,0,1,1,False,False,,,,,,,,,,,,,,,,,,,,,,
SW 27TH ST & SW 4TH PL,sw-27th-st-sw-4th-pl,0,2,1,True,True,no,gemini,4.0,0.0,no,0.0,no,0.0,no,2015-02,2026-02,low,no,,2.0,20.0,6.0,6.0,,,,20.0
NW 16TH AVE & NW 55TH ST,nw-16th-ave-nw-55th-st,0,2,3,True,True,no,gemini,3.0,0.0,no,0.0,no,0.0,no,2023-08,2026-01,low,no,,2.0,,4.0,6.0,,,,
NW 17TH AVE & NW 40TH TER,nw-17th-ave-nw-40th-ter,0,1,1,True,True,no,gemini,4.0,0.0,no,0.0,no,0.0,no,2026-02,2026-02,low,no,,,,6.0,6.0,,,,
NW 12TH AVE & NW 40TH TER,nw-12th-ave-nw-40th-ter,0,1,0,True,True,no,gemini,4.0,0.0,no,0.0,no,0.0,no,2026-02,2026-02,low,no,,,,6.0,6.0,,,,
NW 12TH AVE & NW 36TH ST,nw-12th-ave-nw-36th-st,0,1,1,True,True,no,gemini,4.0,0.0,no,0.0,no,0.0,no,2026-02,2026-02,low,no,,,,6.0,6.0,,,,
SW 26TH WAY & SW 33RD PL,sw-26th-way-sw-33rd-pl,0,1,0,True,False,,,,,,,,,,,,,no,,,,6.0,6.0,,,,
SW 26TH WAY & SW 31ST PL,sw-26th-way-sw-31st-pl,0,1,1,True,False,,,,,,,,,,,,,no,,,,6.0,6.0,,,,
NW 11TH AVE & NW 64TH TER,nw-11th-ave-nw-64th-ter,0,1,0,False,False,,,,,,,,,,,,,,,,,,,,,,
NW 10TH TER & NW 5TH AVE,nw-10th-ter-nw-5th-ave,0,1,1,True,True,no,gemini,3.0,0.0,no,0.0,no,0.0,no,2026-02,2026-02,low,no,,,,6.0,6.0,,,,
NW 10TH TER & NW 16TH AVE,nw-10th-ter-nw-16th-ave,0,5,3,True,True,no,gemini,3.0,0.0,no,2.0,yes,0.0,no,2026-03,2026-03,low,no,yes,3.0,,4.0,6.0,,,,
SW 23RD TR & SW ARCHER RD,sw-23rd-tr-sw-archer-rd,0,1,1,False,False,,,,,,,,,,,,,,,,,,,,,,
N MAIN & NW 2ND AVE,n-main-nw-2nd-ave,0,1,1,False,False,,,,,,,,,,,,,,,,,,,,,,
MUSEUM RD & NEWELL DR,museum-rd-newell-dr,0,1,8,True,True,yes,osm,4.0,4.0,yes,3.0,yes,0.0,no,2023-09,2024-06,low,no,yes,3.0,20.0,5.0,5.0,,,,20.0
MORGAN RD & NE 53RD AVE,morgan-rd-ne-53rd-ave,0,1,0,False,False,,,,,,,,,,,,,,,,,,,,,,
MAIN ST & NW 4TH AVE,main-st-nw-4th-ave,0,1,1,False,False,,,,,,,,,,,,,,,,,,,,,,
NW 12TH DR & NW 4TH AVE,nw-12th-dr-nw-4th-ave,0,2,1,False,False,,,,,,,,,,,,,,,,,,,,,,
NW 12TH DR & NW 39TH AVE,nw-12th-dr-nw-39th-ave,0,3,2,False,False,,,,,,,,,,,,,,,,,,,,,,
NW 11TH ST & NW 1ST PL,nw-11th-st-nw-1st-pl,0,1,0,False,False,,,,,,,,,,,,,,,,,,,,,,
NW 11TH ST & NW 1ST AVE,nw-11th-st-nw-1st-ave,0,1,0,False,False,,,,,,,,,,,,,,,,,,,,,,
NW 11TH ST & NW 12TH RD,nw-11th-st-nw-12th-rd,0,1,0,False,False,,,,,,,,,,,,,,,,,,,,,,
NW 11TH RD & NW 20TH ST,nw-11th-rd-nw-20th-st,0,1,1,True,True,no,gemini,3.0,0.0,no,0.0,no,0.0,no,2015-02,2026-03,low,no,,,,6.0,6.0,,,,
NW 16TH BLVD & NW 39TH TER,nw-16th-blvd-nw-39th-ter,0,2,2,True,True,no,gemini,3.0,0.0,no,1.0,yes,2.0,yes,2024-06,2026-03,low,yes,yes,3.0,,3.0,6.0,,,,
NW 15TH TER & NW 2ND AVE,nw-15th-ter-nw-2nd-ave,0,1,0,False,False,,,,,,,,,,,,,,,,,,,,,,
NW 16TH AVE & NW 41ST ST,nw-16th-ave-nw-41st-st,0,3,1,False,False,,,,,,,,,,,,,,,,,,,,,,
NW 16TH AVE & NW 31ST TER,nw-16th-ave-nw-31st-ter,0,2,2,True,True,no,gemini,3.0,1.0,yes,0.0,no,1.0,yes,2024-06,2026-03,low,yes,,2.0,40.0,3.0,6.0,,,,40.0
SW 2ND AVE & SW 2ND TER,sw-2nd-ave-sw-2nd-ter,0,1,1,True,True,no,gemini,3.0,0.0,no,2.0,yes,2.0,yes,2026-02,2026-03,low,yes,yes,2.0,,4.0,6.0,,,,
SW 29TH TER & SW 37TH PL,sw-29th-ter-sw-37th-pl,0,1,0,True,True,no,gemini,3.0,0.0,no,0.0,no,0.0,no,2026-02,2026-02,low,no,,,,6.0,6.0,,,,
NW 12TH ST & NW 30TH AVE,nw-12th-st-nw-30th-ave,0,1,0,True,True,no,gemini,3.0,0.0,no,0.0,no,0.0,no,2022-05,2026-03,low,no,,,,6.0,6.0,,,,
NW 12TH ST & NW 15TH AVE,nw-12th-st-nw-15th-ave,0,2,1,True,True,no,gemini,3.0,0.0,no,0.0,no,0.0,no,2024-06,2026-03,low,no,,2.0,,6.0,6.0,,,,
NW 12TH RD & NW 18TH TER,nw-12th-rd-nw-18th-ter,0,1,1,True,True,no,gemini,4.0,0.0,no,0.0,no,0.0,no,2026-03,2026-03,low,no,,,,6.0,6.0,,,,
EUA & WALDO RD,eua-waldo-rd,0,1,0,False,False,,,,,,,,,,,,,,,,,,,,,,
E UNIVERSTITY AVE & ELLEN WEST BLVD,e-universtity-ave-ellen-west-blvd,0,1,1,False,False,,,,,,,,,,,,,,,,,,,,,,
SW 2ND AVE & SW 32ND ST,sw-2nd-ave-sw-32nd-st,0,11,6,True,True,no,gemini,3.0,1.0,yes,0.0,no,0.0,no,2026-02,2026-03,low,no,,2.0,35.0,3.0,6.0,,,,35.0
SW 2ND ST & SW 5TH AVE,sw-2nd-st-sw-5th-ave,0,2,0,True,True,no,gemini,4.0,0.0,no,0.0,no,0.0,no,2026-02,2026-02,low,no,,,,6.0,6.0,,,,
SW 2ND PL & SW 3RD ST,sw-2nd-pl-sw-3rd-st,0,1,1,True,True,no,gemini,3.0,0.0,no,0.0,no,0.0,no,2026-02,2026-02,low,no,,,,6.0,6.0,,,,
E UNIVERSITY AVE & SE 39TH ST,e-university-ave-se-39th-st,0,2,2,False,False,,,,,,,,,,,,,,,,,,,,,,
NW 12TH TER & NW 30TH AVE,nw-12th-ter-nw-30th-ave,0,1,0,True,True,no,gemini,3.0,0.0,no,0.0,no,0.0,no,2026-03,2026-03,low,no,,,,6.0,6.0,,,,
NW 12TH TER & NW 18TH AVE,nw-12th-ter-nw-18th-ave,0,2,2,True,True,no,gemini,3.0,0.0,no,0.0,no,0.0,no,2015-04,2026-03,low,no,,,,6.0,6.0,,,,
NW 12TH AVE & NW 8TH ST,nw-12th-ave-nw-8th-st,0,3,3,True,True,no,gemini,4.0,0.0,no,0.0,no,0.0,no,2016-07,2026-03,low,yes,,,,6.0,6.0,,,,
NW 16TH AVE & NW 26TH WAY,nw-16th-ave-nw-26th-way,0,3,2,True,True,no,gemini,3.0,0.0,no,1.0,yes,2.0,yes,2026-02,2026-03,low,yes,yes,3.0,40.0,3.0,6.0,,,,40.0
NW 16TH AVE & NW 23RD ST,nw-16th-ave-nw-23rd-st,0,3,0,True,True,no,gemini,3.0,0.0,no,1.0,yes,2.0,yes,2025-04,2026-03,low,yes,yes,3.0,40.0,3.0,6.0,,,,40.0
SW 2ND AVE & SW 62ND BLVD,sw-2nd-ave-sw-62nd-blvd,0,1,1,False,False,,,,,,,,,,,,,,,,,,,,,,
SW 2ND AVE & SW 35TH TER,sw-2nd-ave-sw-35th-ter,0,1,1,False,False,,,,,,,,,,,,,,,,,,,,,,
E UNIVERSITY AVE & SE 21ST ST,e-university-ave-se-21st-st,0,1,1,True,True,no,gemini,3.0,1.0,yes,1.0,yes,2.0,yes,2025-01,2026-03,low,yes,,2.0,45.0,2.0,6.0,,,,45.0
SW 2ND AVE & WOODLAWN DR,sw-2nd-ave-woodlawn-dr,0,1,3,False,False,,,,,,,,,,,,,,,,,,,,,,
SW 2ND AVE & W NEWBERRY RD,sw-2nd-ave-w-newberry-rd,0,3,3,False,False,,,,,,,,,,,,,,,,,,,,,,
E UNIVERSITY AVE & NE 5TH ST,e-university-ave-ne-5th-st,0,2,2,False,False,,,,,,,,,,,,,,,,,,,,,,
E UNIVERSITY AVE & NE 25TH TER,e-university-ave-ne-25th-ter,0,1,1,False,False,,,,,,,,,,,,,,,,,,,,,,
E UNIVERSITY AVE & NE 23RD ST,e-university-ave-ne-23rd-st,0,2,2,False,False,,,,,,,,,,,,,,,,,,,,,,
E UNIVERSITY AVE & NE 19TH ST,e-university-ave-ne-19th-st,0,1,0,False,False,,,,,,,,,,,,,,,,,,,,,,
SW 31ST DR & SW 42ND PL,sw-31st-dr-sw-42nd-pl,0,1,0,True,True,no,gemini,2.0,0.0,no,0.0,no,0.0,no,2024-06,2026-01,low,no,,,,6.0,6.0,,,,
NW 14TH ST & NW 32ND AVE,nw-14th-st-nw-32nd-ave,0,1,1,True,True,no,gemini,4.0,0.0,no,0.0,no,0.0,no,2023-03,2026-03,low,no,,,,6.0,6.0,,,,
NW 14TH PL & NW 43RD ST,nw-14th-pl-nw-43rd-st,0,1,1,True,True,no,gemini,4.0,0.0,no,1.0,yes,1.0,yes,2026-02,2026-03,low,yes,,,45.0,3.0,6.0,,,,45.0
NW 15TH ST & NW 3RD PL,nw-15th-st-nw-3rd-pl,0,4,1,True,True,no,gemini,3.0,0.0,no,0.0,no,0.0,no,2026-02,2026-03,low,no,,,,6.0,6.0,,,,
NW 15TH ST & NW 3RD AVE,nw-15th-st-nw-3rd-ave,0,11,6,True,True,no,gemini,4.0,0.0,no,0.0,no,0.0,no,2026-02,2026-03,low,no,,,,6.0,6.0,,,,
NW 15TH PL & NW 54TH DR,nw-15th-pl-nw-54th-dr,0,1,1,False,False,,,,,,,,,,,,,,,,,,,,,,
NW 13ST & NW 23RD AVE,nw-13st-nw-23rd-ave,0,1,0,False,False,,,,,,,,,,,,,,,,,,,,,,
NW 12TH ST & NW 41ST AVE,nw-12th-st-nw-41st-ave,0,1,1,True,True,no,gemini,4.0,0.0,no,0.0,no,0.0,no,2023-08,2023-08,low,no,,,,6.0,6.0,,,,
NW 12TH ST & NW 33RD AVE,nw-12th-st-nw-33rd-ave,0,3,2,True,True,no,gemini,4.0,0.0,no,0.0,no,0.0,no,2021-03,2023-08,low,no,,,,6.0,6.0,,,,
NW 13 TH ST & NW 21ST AVE,nw-13-th-st-nw-21st-ave,0,1,1,False,False,,,,,,,,,,,,,,,,,,,,,,
NW 12TH TER & NW 39TH AVE,nw-12th-ter-nw-39th-ave,0,2,1,True,True,no,gemini,2.0,0.0,no,0.0,no,0.0,no,2026-03,2026-03,low,no,,5.0,45.0,2.0,6.0,,,,45.0
SW 30TH TER & SW 39TH AVE,sw-30th-ter-sw-39th-ave,0,1,1,True,True,no,gemini,2.0,0.0,no,0.0,no,0.0,no,2026-01,2026-01,low,no,,,,6.0,6.0,,,,
SW 2ND TER & SW 6TH AVE,sw-2nd-ter-sw-6th-ave,0,1,1,True,True,no,gemini,4.0,0.0,no,0.0,no,0.0,no,2026-02,2026-02,low,no,,,,6.0,6.0,,,,
SW 34TH TER & SW 47TH BLVD,sw-34th-ter-sw-47th-blvd,0,1,0,False,False,,,,,,,,,,,,,,,,,,,,,,
SW 34TH TER & SW 47TH AVE,sw-34th-ter-sw-47th-ave,0,2,1,False,False,,,,,,,,,,,,,,,,,,,,,,
E UNIVERSITY AVE & NE 12TH AVE,e-university-ave-ne-12th-ave,0,1,1,False,False,,,,,,,,,,,,,,,,,,,,,,
E PANHELLENIC DR & SW 11TH ST,e-panhellenic-dr-sw-11th-st,0,2,1,False,False,,,,,,,,,,,,,,,,,,,,,,
E 22ND ST & E UNIVERSITY AVE,e-22nd-st-e-university-ave,0,1,1,False,False,,,,,,,,,,,,,,,,,,,,,,
CR 231 & NW 116TH PL,cr-231-nw-116th-pl,0,1,1,True,True,no,gemini,3.0,0.0,no,0.0,no,0.0,no,2026-02,2026-02,low,no,,,,6.0,,,,,
CR 2053 & NW 62ND AVE,cr-2053-nw-62nd-ave,0,1,0,False,False,,,,,,,,,,,,,,,,,,,,,,
SW 34TH LN & SW SCHOOL HOUSE RD,sw-34th-ln-sw-school-house-rd,0,4,2,True,True,no,gemini,3.0,0.0,no,0.0,no,1.0,yes,2026-01,2026-01,low,yes,,2.0,,4.0,6.0,,,,
SW 3RD ST & SW 5TH AVE,sw-3rd-st-sw-5th-ave,0,1,1,True,True,no,gemini,4.0,0.0,no,0.0,no,0.0,no,2018-10,2026-02,low,no,,,,6.0,6.0,,,,
SW 3RD ST & SW 4TH AVE,sw-3rd-st-sw-4th-ave,0,4,3,True,True,no,gemini,4.0,4.0,yes,0.0,no,0.0,no,2026-02,2026-03,low,no,,2.0,,4.0,6.0,,,,
SW 3RD AVE & SW 9TH ST,sw-3rd-ave-sw-9th-st,0,3,1,False,False,,,,,,,,,,,,,,,,,,,,,,
NW 15TH TER & NW 4TH AVE,nw-15th-ter-nw-4th-ave,0,1,1,True,True,no,gemini,3.0,0.0,no,0.0,no,0.0,no,2026-02,2026-02,low,no,,,,6.0,6.0,,,,
SW ARCHER LN & SW ARCHER RD,sw-archer-ln-sw-archer-rd,0,5,4,True,True,no,gemini,3.0,0.0,no,0.0,no,0.0,no,2025-04,2025-04,low,no,,2.0,60.0,2.0,6.0,,,,60.0
CENTER DR & MUSEUM RD,center-dr-museum-rd,0,1,4,True,True,yes,osm,3.0,3.0,yes,3.0,yes,1.0,yes,2024-06,2024-06,low,no,,2.0,20.0,5.0,5.0,,,,20.0
BUTLER PLAZA ACCESS RD & CLARK BUTLER BLVD,butler-plaza-access-rd-clark-butler-blvd,0,5,0,False,False,,,,,,,,,,,,,,,,,,,,,,
BAY DR & TURKEY SCRATCH RD,bay-dr-turkey-scratch-rd,0,1,0,False,False,,,,,,,,,,,,,,,,,,,,,,
AT NW 60TH ST & W NEWBERRY RD,at-nw-60th-st-w-newberry-rd,0,1,1,False,False,,,,,,,,,,,,,,,,,,,,,,
SW 56TH TER & SW 9TH PL,sw-56th-ter-sw-9th-pl,0,1,1,False,False,,,,,,,,,,,,,,,,,,,,,,
SW 55TH TER & SW 9TH PL,sw-55th-ter-sw-9th-pl,0,1,0,False,False,,,,,,,,,,,,,,,,,,,,,,
SW 8TH AVE & US 441,sw-8th-ave-us-441,0,1,0,False,False,,,,,,,,,,,,,,,,,,,,,,
SW 6TH AVE & SW 9TH ST,sw-6th-ave-sw-9th-st,0,6,4,True,True,no,gemini,2.0,0.0,no,0.0,no,0.0,no,2026-02,2026-02,low,no,,,,6.0,6.0,,,,
SW 5TH ST & SW DEPOT AVE,sw-5th-st-sw-depot-ave,0,1,0,True,True,no,gemini,3.0,0.0,no,1.0,yes,2.0,yes,2026-02,2026-02,low,yes,,1.0,25.0,4.0,6.0,,,,25.0
NW 15TH AVE & NW 55TH ST,nw-15th-ave-nw-55th-st,0,1,3,False,False,,,,,,,,,,,,,,,,,,,,,,
NW 15TH AVE & NW 38TH ST,nw-15th-ave-nw-38th-st,0,2,1,True,True,no,gemini,3.0,3.0,yes,0.0,no,1.0,yes,2024-06,2026-02,low,no,,2.0,,4.0,6.0,,,,
NW 14TH TER & NW 6TH PL,nw-14th-ter-nw-6th-pl,0,1,0,True,True,no,gemini,4.0,0.0,no,0.0,no,0.0,no,2026-02,2026-02,low,no,,,,6.0,6.0,,,,
92ND AVE & NW 43RD ST,92nd-ave-nw-43rd-st,0,2,0,False,False,,,,,,,,,,,,,,,,,,,,,,
NW 13TH ST & NW 43RD AVE,nw-13th-st-nw-43rd-ave,0,5,5,True,True,yes,osm,2.0,0.0,no,1.0,yes,2.0,yes,2026-02,2026-02,low,,,,,,,,,,
SW 8TH ST & SW 9TH AVE,sw-8th-st-sw-9th-ave,0,3,2,False,False,,,,,,,,,,,,,,,,,,,,,,
SW 37TH TER & SW 47TH AVE,sw-37th-ter-sw-47th-ave,0,1,0,False,False,,,,,,,,,,,,,,,,,,,,,,
NW 13TH ST & NW 55TH BLVD,nw-13th-st-nw-55th-blvd,0,1,0,False,False,,,,,,,,,,,,,,,,,,,,,,
NW 13TH ST & NW 1ST AVE,nw-13th-st-nw-1st-ave,0,2,1,False,False,,,,,,,,,,,,,,,,,,,,,,
NW 13TH ST & NW 16TH ST,nw-13th-st-nw-16th-st,0,2,0,False,False,,,,,,,,,,,,,,,,,,,,,,
NW 13TH PL & NW 52ND TER,nw-13th-pl-nw-52nd-ter,0,1,1,True,True,no,gemini,3.0,0.0,no,0.0,no,0.0,no,2021-03,2026-01,low,no,,,,6.0,6.0,,,,
NW 12TH ST & NW 42ND AVE,nw-12th-st-nw-42nd-ave,0,1,1,True,True,no,gemini,3.0,0.0,no,0.0,no,0.0,no,2023-08,2023-08,low,no,,,,6.0,6.0,,,,
SW 5TH ST & SW 7TH PL,sw-5th-st-sw-7th-pl,0,1,1,True,True,no,gemini,4.0,0.0,no,0.0,no,0.0,no,2024-06,2026-02,low,no,,,,6.0,6.0,,,,
SW 5TH AVE & SW 8TH ST,sw-5th-ave-sw-8th-st,0,1,0,True,True,no,gemini,3.0,2.0,yes,0.0,no,0.0,no,2026-02,2026-03,low,no,,,,6.0,6.0,,,,
NW 44TH ST & W UNIVERSITY AVE,nw-44th-st-w-university-ave,0,1,1,True,False,,,,,,,,,,,,,no,,1.0,,6.0,6.0,,,,
NW 43RDST & NW 51ST PL,nw-43rdst-nw-51st-pl,0,1,1,False,False,,,,,,,,,,,,,,,,,,,,,,
NW 13TH ST & NW 23RD TER,nw-13th-st-nw-23rd-ter,0,6,5,False,False,,,,,,,,,,,,,,,,,,,,,,
NW 13TH ST & NW 53RD,nw-13th-st-nw-53rd,0,1,1,False,False,,,,,,,,,,,,,,,,,,,,,,
NW 13TH ST & NW 4TH ST,nw-13th-st-nw-4th-st,0,1,1,False,False,,,,,,,,,,,,,,,,,,,,,,
NW 13TH ST & NW 4TH LN,nw-13th-st-nw-4th-ln,0,5,3,False,False,,,,,,,,,,,,,,,,,,,,,,
SW 3RD ST & SW 7TH AVE,sw-3rd-st-sw-7th-ave,0,1,0,True,True,no,gemini,3.0,0.0,no,0.0,no,0.0,no,2015-02,2026-02,low,no,,,,6.0,6.0,,,,
SW ARCHER RD & UNION RD,sw-archer-rd-union-rd,0,1,1,False,False,,,,,,,,,,,,,,,,,,,,,,
