intersection_id,osm_matched,junction_m,junction_nodes,junction_lat,junction_lon,streets_matched,traffic_signal,crossings,crossings_marked,crossings_unmarked,crossings_signalized,osm_lanes_max,left_turn_lane,bike_lane,divided,one_way_street,max_speed_mph,streets
SW 34TH ST & SW ARCHER RD,True,4.8,16,29.6268421,-82.3725378,2.0,yes,7.0,5.0,2.0,4.0,5.0,yes,yes,yes,,45.0,"{""34TH ST"": {""osm_lanes_max"": 5, ""left_turn_lane"": ""yes"", ""bike_lane"": ""yes"", ""divided"": ""yes"", ""one_way"": """", ""speed_mph"": 45}, ""ARCHER RD"": {""osm_lanes_max"": 5, ""left_turn_lane"": ""yes"", ""bike_lane"": """", ""divided"": ""yes"", ""one_way"": """", ""speed_mph"": 45}}"
SW 40TH BLVD & SW ARCHER RD,True,4.0,7,29.6186839,-82.383413,2.0,yes,8.0,8.0,0.0,0.0,6.0,yes,,yes,,45.0,"{""40TH BLVD"": {""osm_lanes_max"": 2, ""left_turn_lane"": """", ""bike_lane"": """", ""divided"": ""yes"", ""one_way"": """", ""speed_mph"": null}, ""ARCHER RD"": {""osm_lanes_max"": 6, ""left_turn_lane"": ""yes"", ""bike_lane"": """", ""divided"": ""yes"", ""one_way"": """", ""speed_mph"": 45}}"
SW 37TH BLVD & SW ARCHER RD,True,22.5,1,29.6205641,-82.3801746,2.0,yes,6.0,5.0,1.0,0.0,5.0,yes,yes,yes,,45.0,"{""37TH BLVD"": {""osm_lanes_max"": 4, ""left_turn_lane"": """", ""bike_lane"": ""yes"", ""divided"": ""yes"", ""one_way"": """", ""speed_mph"": 30}, ""ARCHER RD"": {""osm_lanes_max"": 5, ""left_turn_lane"": ""yes"", ""bike_lane"": """", ""divided"": ""yes"", ""one_way"": """", ""speed_mph"": 45}}"
SW 20TH AVE & SW 62ND BLVD,True,18.3,1,29.639894,-82.398266,3.0,yes,4.0,4.0,0.0,0.0,6.0,yes,yes,yes,,45.0,"{""20TH AVE"": {""osm_lanes_max"": 5, ""left_turn_lane"": ""yes"", ""bike_lane"": ""yes"", ""divided"": ""no"", ""one_way"": """", ""speed_mph"": 45}, ""52ND ST"": {""osm_lanes_max"": 2, ""left_turn_lane"": """", ""bike_lane"": ""yes"", ""divided"": ""yes"", ""one_way"": """", ""speed_mph"": null}, ""62ND BLVD"": {""osm_lanes_max"": 6, ""left_turn_lane"": ""yes"", ""bike_lane"": """", ""divided"": ""no"", ""one_way"": """", ""speed_mph"": null}}"
NW 13TH ST & W UNIVERSITY AVE,True,3.0,13,29.6520904,-82.3393328,2.0,yes,8.0,4.0,3.0,4.0,5.0,yes,no,yes,,30.0,"{""13TH ST"": {""osm_lanes_max"": 3, ""left_turn_lane"": ""yes"", ""bike_lane"": ""no"", ""divided"": ""yes"", ""one_way"": """", ""speed_mph"": 30}, ""UNIVERSITY AVE"": {""osm_lanes_max"": 5, ""left_turn_lane"": ""yes"", ""bike_lane"": """", ""divided"": ""yes"", ""one_way"": """", ""speed_mph"": 30}}"
SW 34TH ST & WINDMEADOWS BLVD,True,7.3,12,29.6283206,-82.3725708,2.0,yes,6.0,3.0,2.0,3.0,5.0,yes,yes,yes,,45.0,"{""34TH ST"": {""osm_lanes_max"": 5, ""left_turn_lane"": ""yes"", ""bike_lane"": ""yes"", ""divided"": ""yes"", ""one_way"": """", ""speed_mph"": 45}, ""WINDMEADOWS BLVD"": {""osm_lanes_max"": 3, ""left_turn_lane"": ""yes"", ""bike_lane"": """", ""divided"": ""yes"", ""one_way"": """", ""speed_mph"": 25}}"
NW 13TH ST & NW 39TH AVE,True,7.1,9,29.688466,-82.338996,2.0,yes,2.0,1.0,1.0,0.0,6.0,yes,yes,yes,,45.0,"{""13TH ST"": {""osm_lanes_max"": 4, ""left_turn_lane"": ""yes"", ""bike_lane"": ""yes"", ""divided"": ""yes"", ""one_way"": """", ""speed_mph"": 45}, ""39TH AVE"": {""osm_lanes_max"": 6, ""left_turn_lane"": ""yes"", ""bike_lane"": ""yes"", ""divided"": ""no"", ""one_way"": """", ""speed_mph"": 45}}"
SW 35TH BLVD & SW ARCHER RD,True,6.5,9,29.6235493,-82.3760909,2.0,yes,6.0,6.0,0.0,5.0,4.0,yes,,yes,,45.0,"{""35TH BLVD"": {""osm_lanes_max"": null, ""left_turn_lane"": """", ""bike_lane"": """", ""divided"": ""yes"", ""one_way"": """", ""speed_mph"": null}, ""ARCHER RD"": {""osm_lanes_max"": 4, ""left_turn_lane"": ""yes"", ""bike_lane"": """", ""divided"": ""yes"", ""one_way"": """", ""speed_mph"": 45}}"
NW 13TH ST & NW 23RD AVE,True,2.5,8,29.6740274,-82.3390108,2.0,yes,3.0,1.0,2.0,0.0,5.0,yes,yes,yes,,35.0,"{""13TH ST"": {""osm_lanes_max"": 5, ""left_turn_lane"": ""yes"", ""bike_lane"": """", ""divided"": ""yes"", ""one_way"": """", ""speed_mph"": 35}, ""23RD AVE"": {""osm_lanes_max"": 5, ""left_turn_lane"": ""yes"", ""bike_lane"": ""yes"", ""divided"": ""yes"", ""one_way"": """", ""speed_mph"": 35}}"
SW 13TH ST & SW 16TH AVE,True,0.4,5,29.6365056,-82.3393483,2.0,yes,4.0,0.0,0.0,0.0,6.0,yes,yes,yes,,35.0,"{""13TH ST"": {""osm_lanes_max"": 6, ""left_turn_lane"": ""yes"", ""bike_lane"": ""yes"", ""divided"": ""yes"", ""one_way"": """", ""speed_mph"": 35}, ""16TH AVE"": {""osm_lanes_max"": 5, ""left_turn_lane"": ""yes"", ""bike_lane"": ""yes"", ""divided"": ""yes"", ""one_way"": """", ""speed_mph"": 35}}"
NW 39TH AVE & NW 43RD ST,True,5.4,10,29.6886582,-82.38899,2.0,yes,4.0,0.0,0.0,0.0,6.0,yes,yes,yes,,45.0,"{""39TH AVE"": {""osm_lanes_max"": 5, ""left_turn_lane"": ""yes"", ""bike_lane"": ""yes"", ""divided"": ""yes"", ""one_way"": """", ""speed_mph"": 45}, ""43RD ST"": {""osm_lanes_max"": 6, ""left_turn_lane"": ""yes"", ""bike_lane"": ""yes"", ""divided"": ""no"", ""one_way"": """", ""speed_mph"": 45}}"
E UNIVERSITY AVE & NE WALDO RD,True,4.6,14,29.6518856,-82.3113523,3.0,yes,7.0,7.0,0.0,4.0,5.0,yes,,yes,,45.0,"{""11TH ST"": {""osm_lanes_max"": 4, ""left_turn_lane"": ""yes"", ""bike_lane"": """", ""divided"": ""yes"", ""one_way"": """", ""speed_mph"": 35}, ""UNIVERSITY AVE"": {""osm_lanes_max"": 4, ""left_turn_lane"": ""yes"", ""bike_lane"": """", ""divided"": ""yes"", ""one_way"": """", ""speed_mph"": 35}, ""WALDO RD"": {""osm_lanes_max"": 5, ""left_turn_lane"": ""yes"", ""bike_lane"": """", ""divided"": ""yes"", ""one_way"": """", ""speed_mph"": 45}}"
NW 16TH BLVD & NW 43RD ST,True,15.2,8,29.6740464,-82.3889898,3.0,yes,5.0,0.0,0.0,0.0,4.0,yes,yes,yes,,45.0,"{""16TH BLVD"": {""osm_lanes_max"": 2, ""left_turn_lane"": """", ""bike_lane"": ""yes"", ""divided"": ""yes"", ""one_way"": """", ""speed_mph"": null}, ""23RD AVE"": {""osm_lanes_max"": 4, ""left_turn_lane"": ""yes"", ""bike_lane"": ""yes"", ""divided"": ""yes"", ""one_way"": """", ""speed_mph"": null}, ""43RD ST"": {""osm_lanes_max"": 4, ""left_turn_lane"": """", ""bike_lane"": ""yes"", ""divided"": ""yes"", ""one_way"": """", ""speed_mph"": 45}}"
NW 62ND ST & W NEWBERRY RD,True,9.4,4,29.659614,-82.4088363,2.0,yes,3.0,3.0,0.0,3.0,4.0,yes,,yes,,35.0,"{""62ND ST"": {""osm_lanes_max"": 4, ""left_turn_lane"": ""yes"", ""bike_lane"": """", ""divided"": ""no"", ""one_way"": """", ""speed_mph"": null}, ""NEWBERRY RD"": {""osm_lanes_max"": 4, ""left_turn_lane"": ""yes"", ""bike_lane"": """", ""divided"": ""yes"", ""one_way"": """", ""speed_mph"": 35}}"
NW 8TH AVE & W NEWBERRY RD,True,9.8,7,29.6590946,-82.3997728,3.0,yes,3.0,3.0,0.0,0.0,5.0,yes,,yes,,45.0,"{""53RD TER"": {""osm_lanes_max"": null, ""left_turn_lane"": """", ""bike_lane"": """", ""divided"": ""no"", ""one_way"": """", ""speed_mph"": null}, ""8TH AVE"": {""osm_lanes_max"": 5, ""left_turn_lane"": ""yes"", ""bike_lane"": """", ""divided"": ""no"", ""one_way"": """", ""speed_mph"": null}, ""NEWBERRY RD"": {""osm_lanes_max"": 4, ""left_turn_lane"": ""yes"", ""bike_lane"": """", ""divided"": ""yes"", ""one_way"": """", ""speed_mph"": 45}}"
SW 34TH ST & SW WILLISTON RD,True,9.9,15,29.6038257,-82.3709765,2.0,yes,6.0,6.0,0.0,4.0,5.0,yes,yes,yes,,45.0,"{""34TH ST"": {""osm_lanes_max"": 5, ""left_turn_lane"": ""yes"", ""bike_lane"": ""yes"", ""divided"": ""yes"", ""one_way"": """", ""speed_mph"": 45}, ""WILLISTON RD"": {""osm_lanes_max"": 4, ""left_turn_lane"": ""yes"", ""bike_lane"": ""yes"", ""divided"": ""yes"", ""one_way"": """", ""speed_mph"": 45}}"
NW 13TH ST & NW 16TH AVE,True,15.4,5,29.6666539,-82.3391568,2.0,yes,2.0,1.0,1.0,1.0,5.0,yes,yes,no,,40.0,"{""13TH ST"": {""osm_lanes_max"": 5, ""left_turn_lane"": ""yes"", ""bike_lane"": """", ""divided"": ""no"", ""one_way"": """", ""speed_mph"": 35}, ""16TH AVE"": {""osm_lanes_max"": 4, ""left_turn_lane"": ""yes"", ""bike_lane"": ""yes"", ""divided"": ""no"", ""one_way"": """", ""speed_mph"": 40}}"
SW 2ND AVE & SW 34TH ST,True,6.3,15,29.650401,-82.372361,2.0,yes,4.0,4.0,0.0,4.0,4.0,yes,yes,yes,,35.0,"{""2ND AVE"": {""osm_lanes_max"": 3, ""left_turn_lane"": ""yes"", ""bike_lane"": """", ""divided"": ""yes"", ""one_way"": """", ""speed_mph"": 35}, ""34TH ST"": {""osm_lanes_max"": 4, ""left_turn_lane"": ""yes"", ""bike_lane"": ""yes"", ""divided"": ""yes"", ""one_way"": """", ""speed_mph"": 35}}"
SW 23RD TER & SW ARCHER RD,True,25.0,2,29.6323873,-82.3616614,3.0,yes,8.0,8.0,0.0,6.0,5.0,yes,,yes,,45.0,"{""ARCHER RD"": {""osm_lanes_max"": 5, ""left_turn_lane"": ""yes"", ""bike_lane"": """", ""divided"": ""yes"", ""one_way"": """", ""speed_mph"": 45}, ""BALLPARK WAY"": {""osm_lanes_max"": 3, ""left_turn_lane"": ""no"", ""bike_lane"": """", ""divided"": ""yes"", ""one_way"": """", ""speed_mph"": null}, ""OLD ARCHER RD"": {""osm_lanes_max"": 2, ""left_turn_lane"": ""no"", ""bike_lane"": """", ""divided"": ""no"", ""one_way"": """", ""speed_mph"": null}}"
SW 34TH ST & W UNIVERSITY AVE,True,13.4,4,29.6521087,-82.3723991,2.0,yes,7.0,4.0,1.0,4.0,4.0,yes,yes,yes,,35.0,"{""34TH ST"": {""osm_lanes_max"": 4, ""left_turn_lane"": ""yes"", ""bike_lane"": ""yes"", ""divided"": ""yes"", ""one_way"": """", ""speed_mph"": 35}, ""UNIVERSITY AVE"": {""osm_lanes_max"": 3, ""left_turn_lane"": ""yes"", ""bike_lane"": ""yes"", ""divided"": ""yes"", ""one_way"": """", ""speed_mph"": 35}}"
NW 34TH ST & NW 39TH AVE,True,2.2,11,29.6886521,-82.3723481,2.0,yes,4.0,0.0,0.0,0.0,4.0,yes,yes,yes,,45.0,"{""34TH ST"": {""osm_lanes_max"": 4, ""left_turn_lane"": ""yes"", ""bike_lane"": ""yes"", ""divided"": ""no"", ""one_way"": """", ""speed_mph"": 40}, ""39TH AVE"": {""osm_lanes_max"": 3, ""left_turn_lane"": ""yes"", ""bike_lane"": ""yes"", ""divided"": ""yes"", ""one_way"": """", ""speed_mph"": 45}}"
SW 13TH ST & SW 8TH AVE,True,16.3,6,29.6448384,-82.3393235,3.0,yes,6.0,5.0,0.0,0.0,5.0,yes,yes,no,,30.0,"{""13TH ST"": {""osm_lanes_max"": 5, ""left_turn_lane"": ""yes"", ""bike_lane"": ""no"", ""divided"": ""no"", ""one_way"": """", ""speed_mph"": 30}, ""8TH AVE"": {""osm_lanes_max"": 3, ""left_turn_lane"": ""yes"", ""bike_lane"": """", ""divided"": ""no"", ""one_way"": """", ""speed_mph"": null}, ""MUSEUM RD"": {""osm_lanes_max"": 4, ""left_turn_lane"": ""yes"", ""bike_lane"": ""yes"", ""divided"": ""no"", ""one_way"": """", ""speed_mph"": 20}}"
SW 20TH AVE & SW 34TH ST,True,11.4,5,29.6342884,-82.3725118,2.0,yes,3.0,3.0,0.0,0.0,4.0,yes,yes,yes,,45.0,"{""20TH AVE"": {""osm_lanes_max"": 4, ""left_turn_lane"": ""yes"", ""bike_lane"": ""yes"", ""divided"": ""no"", ""one_way"": """", ""speed_mph"": 40}, ""34TH ST"": {""osm_lanes_max"": 4, ""left_turn_lane"": ""yes"", ""bike_lane"": ""yes"", ""divided"": ""yes"", ""one_way"": """", ""speed_mph"": 45}}"
HULL RD & SW 34TH ST,True,12.7,10,29.6376017,-82.3725133,2.0,yes,6.0,6.0,0.0,4.0,4.0,yes,yes,yes,,45.0,"{""34TH ST"": {""osm_lanes_max"": 4, ""left_turn_lane"": ""yes"", ""bike_lane"": ""yes"", ""divided"": ""yes"", ""one_way"": """", ""speed_mph"": 45}, ""HULL RD"": {""osm_lanes_max"": 3, ""left_turn_lane"": ""yes"", ""bike_lane"": ""yes"", ""divided"": ""yes"", ""one_way"": """", ""speed_mph"": 25}}"
NW 66TH ST & W NEWBERRY RD,True,9.0,8,29.6596517,-82.4122733,2.0,yes,4.0,3.0,0.0,3.0,5.0,yes,,yes,,35.0,"{""66TH ST"": {""osm_lanes_max"": null, ""left_turn_lane"": """", ""bike_lane"": """", ""divided"": ""no"", ""one_way"": """", ""speed_mph"": 10}, ""NEWBERRY RD"": {""osm_lanes_max"": 5, ""left_turn_lane"": ""yes"", ""bike_lane"": """", ""divided"": ""yes"", ""one_way"": """", ""speed_mph"": 35}}"
CLARK BUTLER BLVD & PLAZA BLVD,True,8.7,4,29.6268867,-82.384725,2.0,yes,4.0,4.0,0.0,0.0,2.0,yes,yes,yes,,30.0,"{""CLARK BUTLER BLVD"": {""osm_lanes_max"": 2, ""left_turn_lane"": """", ""bike_lane"": ""yes"", ""divided"": ""yes"", ""one_way"": """", ""speed_mph"": 30}, ""PLAZA BLVD"": {""osm_lanes_max"": 2, ""left_turn_lane"": ""yes"", ""bike_lane"": ""yes"", ""divided"": ""yes"", ""one_way"": """", ""speed_mph"": null}}"
NW 16TH AVE & NW 34TH ST,True,13.6,6,29.6668792,-82.3723701,3.0,yes,4.0,0.0,0.0,0.0,3.0,yes,yes,yes,,40.0,"{""16TH AVE"": {""osm_lanes_max"": 3, ""left_turn_lane"": ""yes"", ""bike_lane"": ""yes"", ""divided"": ""yes"", ""one_way"": """", ""speed_mph"": 40}, ""16TH BLVD"": {""osm_lanes_max"": 3, ""left_turn_lane"": ""yes"", ""bike_lane"": ""yes"", ""divided"": ""yes"", ""one_way"": """", ""speed_mph"": null}, ""34TH ST"": {""osm_lanes_max"": 3, ""left_turn_lane"": ""yes"", ""bike_lane"": ""yes"", ""divided"": ""no"", ""one_way"": """", ""speed_mph"": 40}}"
SW 20TH AVE & SW 43RD ST,True,23.3,1,29.636249,-82.3892408,2.0,yes,3.0,0.0,0.0,0.0,4.0,yes,yes,yes,,40.0,"{""20TH AVE"": {""osm_lanes_max"": 4, ""left_turn_lane"": ""yes"", ""bike_lane"": ""yes"", ""divided"": ""yes"", ""one_way"": """", ""speed_mph"": 40}, ""43RD ST"": {""osm_lanes_max"": 2, ""left_turn_lane"": """", ""bike_lane"": ""yes"", ""divided"": ""no"", ""one_way"": """", ""speed_mph"": null}}"
NW 13TH ST & NW 53RD AVE,True,10.5,3,29.7032689,-82.3436323,1.0,yes,0.0,0.0,0.0,0.0,3.0,yes,yes,no,,,"{""53RD AVE"": {""osm_lanes_max"": 3, ""left_turn_lane"": ""yes"", ""bike_lane"": ""yes"", ""divided"": ""no"", ""one_way"": """", ""speed_mph"": null}}"
NW 60TH ST & W NEWBERRY RD,True,8.1,2,29.6596038,-82.4065247,2.0,yes,3.0,1.0,0.0,1.0,4.0,yes,,yes,,45.0,"{""60TH ST"": {""osm_lanes_max"": null, ""left_turn_lane"": """", ""bike_lane"": """", ""divided"": ""no"", ""one_way"": """", ""speed_mph"": null}, ""NEWBERRY RD"": {""osm_lanes_max"": 4, ""left_turn_lane"": ""yes"", ""bike_lane"": """", ""divided"": ""yes"", ""one_way"": """", ""speed_mph"": 45}}"
NW 13TH ST & NW 6TH ST,True,0.5,8,29.699536,-82.3394249,2.0,,2.0,0.0,1.0,0.0,2.0,,yes,yes,yes,45.0,"{""13TH ST"": {""osm_lanes_max"": 2, ""left_turn_lane"": """", ""bike_lane"": ""yes"", ""divided"": ""yes"", ""one_way"": """", ""speed_mph"": 45}, ""6TH ST"": {""osm_lanes_max"": 1, ""left_turn_lane"": """", ""bike_lane"": """", ""divided"": ""no"", ""one_way"": ""yes"", ""speed_mph"": 45}}"
SW 23RD DR & SW ARCHER RD,True,9.0,9,29.6336621,-82.358647,3.0,yes,11.0,10.0,0.0,5.0,4.0,yes,,yes,,45.0,"{""23RD DR"": {""osm_lanes_max"": 3, ""left_turn_lane"": ""yes"", ""bike_lane"": """", ""divided"": ""no"", ""one_way"": """", ""speed_mph"": 20}, ""ARCHER RD"": {""osm_lanes_max"": 4, ""left_turn_lane"": ""yes"", ""bike_lane"": """", ""divided"": ""yes"", ""one_way"": """", ""speed_mph"": 45}, ""OLD ARCHER RD"": {""osm_lanes_max"": 2, ""left_turn_lane"": """", ""bike_lane"": """", ""divided"": ""no"", ""one_way"": """", ""speed_mph"": null}}"
NW 55TH ST & W NEWBERRY RD,True,6.3,3,29.6594742,-82.4015364,3.0,yes,6.0,4.0,2.0,2.0,4.0,yes,yes,yes,,45.0,"{""55TH ST"": {""osm_lanes_max"": 2, ""left_turn_lane"": ""yes"", ""bike_lane"": ""yes"", ""divided"": ""no"", ""one_way"": """", ""speed_mph"": null}, ""8TH AVE"": {""osm_lanes_max"": 2, ""left_turn_lane"": """", ""bike_lane"": """", ""divided"": ""no"", ""one_way"": """", ""speed_mph"": null}, ""NEWBERRY RD"": {""osm_lanes_max"": 4, ""left_turn_lane"": ""yes"", ""bike_lane"": """", ""divided"": ""yes"", ""one_way"": """", ""speed_mph"": 45}}"
NE 39TH AVE & NE WALDO RD,True,7.7,13,29.6849989,-82.2892194,2.0,yes,6.0,2.0,1.0,2.0,4.0,yes,yes,yes,,45.0,"{""39TH AVE"": {""osm_lanes_max"": 4, ""left_turn_lane"": ""yes"", ""bike_lane"": ""yes"", ""divided"": ""yes"", ""one_way"": """", ""speed_mph"": 45}, ""WALDO RD"": {""osm_lanes_max"": 4, ""left_turn_lane"": ""yes"", ""bike_lane"": ""yes"", ""divided"": ""yes"", ""one_way"": """", ""speed_mph"": 45}}"
SW 24TH AVE & SW 34TH ST,True,27.0,2,29.6302337,-82.3726315,2.0,,4.0,2.0,1.0,0.0,3.0,,yes,yes,,45.0,"{""24TH AVE"": {""osm_lanes_max"": 1, ""left_turn_lane"": """", ""bike_lane"": """", ""divided"": ""yes"", ""one_way"": """", ""speed_mph"": null}, ""34TH ST"": {""osm_lanes_max"": 3, ""left_turn_lane"": """", ""bike_lane"": ""yes"", ""divided"": ""yes"", ""one_way"": """", ""speed_mph"": 45}}"
CLARK BUTLER BLVD & WINDMEADOWS BLVD,True,16.2,2,29.6232377,-82.3822046,4.0,yes,5.0,5.0,0.0,0.0,4.0,yes,yes,yes,,30.0,"{""33RD PL"": {""osm_lanes_max"": 2, ""left_turn_lane"": """", ""bike_lane"": ""yes"", ""divided"": ""no"", ""one_way"": """", ""speed_mph"": 25}, ""37TH BLVD"": {""osm_lanes_max"": 2, ""left_turn_lane"": """", ""bike_lane"": ""yes"", ""divided"": ""yes"", ""one_way"": """", ""speed_mph"": 30}, ""CLARK BUTLER BLVD"": {""osm_lanes_max"": 2, ""left_turn_lane"": """", ""bike_lane"": ""yes"", ""divided"": ""yes"", ""one_way"": """", ""speed_mph"": null}, ""WINDMEADOWS BLVD"": {""osm_lanes_max"": 4, ""left_turn_lane"": ""yes"", ""bike_lane"": ""yes"", ""divided"": ""no"", ""one_way"": """", ""speed_mph"": 25}}"
NW 43RD ST & NW 53RD AVE,True,15.6,3,29.7031626,-82.388896,2.0,yes,4.0,0.0,0.0,0.0,4.0,yes,yes,yes,,45.0,"{""43RD ST"": {""osm_lanes_max"": 4, ""left_turn_lane"": ""yes"", ""bike_lane"": ""yes"", ""divided"": ""yes"", ""one_way"": """", ""speed_mph"": 45}, ""53RD AVE"": {""osm_lanes_max"": 2, ""left_turn_lane"": """", ""bike_lane"": ""yes"", ""divided"": ""no"", ""one_way"": """", ""speed_mph"": 40}}"
SW 13TH ST & SW ARCHER RD,True,8.9,5,29.6418554,-82.3393422,3.0,yes,4.0,4.0,0.0,3.0,3.0,yes,yes,yes,,35.0,"{""13TH ST"": {""osm_lanes_max"": 3, ""left_turn_lane"": ""yes"", ""bike_lane"": ""yes"", ""divided"": ""yes"", ""one_way"": """", ""speed_mph"": 35}, ""9TH RD"": {""osm_lanes_max"": 3, ""left_turn_lane"": ""yes"", ""bike_lane"": """", ""divided"": ""no"", ""one_way"": """", ""speed_mph"": 25}, ""ARCHER RD"": {""osm_lanes_max"": 3, ""left_turn_lane"": ""yes"", ""bike_lane"": """", ""divided"": ""yes"", ""one_way"": """", ""speed_mph"": 35}}"
N MAIN ST & W UNIVERSITY AVE,True,12.6,3,29.6519492,-82.3250081,2.0,yes,4.0,4.0,0.0,0.0,4.0,yes,yes,no,,30.0,"{""MAIN ST"": {""osm_lanes_max"": 3, ""left_turn_lane"": ""yes"", ""bike_lane"": ""yes"", ""divided"": ""no"", ""one_way"": """", ""speed_mph"": 30}, ""UNIVERSITY AVE"": {""osm_lanes_max"": 4, ""left_turn_lane"": """", ""bike_lane"": ""no"", ""divided"": ""no"", ""one_way"": """", ""speed_mph"": 30}}"
N MAIN ST & NE 16TH AVE,True,11.2,4,29.6665624,-82.3244834,2.0,yes,5.0,0.0,1.0,0.0,5.0,yes,,no,,,"{""16TH AVE"": {""osm_lanes_max"": 2, ""left_turn_lane"": """", ""bike_lane"": """", ""divided"": ""no"", ""one_way"": """", ""speed_mph"": null}, ""MAIN ST"": {""osm_lanes_max"": 5, ""left_turn_lane"": ""yes"", ""bike_lane"": """", ""divided"": ""no"", ""one_way"": """", ""speed_mph"": null}}"
SW 34TH ST & SW 35TH PL,True,6.8,8,29.6216728,-82.3728183,2.0,yes,7.0,6.0,0.0,0.0,4.0,yes,yes,yes,,45.0,"{""34TH ST"": {""osm_lanes_max"": 4, ""left_turn_lane"": ""yes"", ""bike_lane"": ""yes"", ""divided"": ""yes"", ""one_way"": """", ""speed_mph"": 45}, ""35TH PL"": {""osm_lanes_max"": 2, ""left_turn_lane"": ""yes"", ""bike_lane"": ""yes"", ""divided"": ""yes"", ""one_way"": """", ""speed_mph"": null}}"
NE 8TH AVE & NE WALDO RD,True,14.1,1,29.6593016,-82.3065216,2.0,yes,7.0,6.0,0.0,1.0,5.0,yes,,yes,,45.0,"{""8TH AVE"": {""osm_lanes_max"": 3, ""left_turn_lane"": ""yes"", ""bike_lane"": """", ""divided"": ""no"", ""one_way"": """", ""speed_mph"": null}, ""WALDO RD"": {""osm_lanes_max"": 5, ""left_turn_lane"": """", ""bike_lane"": """", ""divided"": ""yes"", ""one_way"": """", ""speed_mph"": 45}}"
NE 16TH AVE & NE WALDO RD,True,8.8,8,29.6665142,-82.3017612,2.0,yes,5.0,4.0,0.0,4.0,4.0,yes,yes,yes,,45.0,"{""16TH AVE"": {""osm_lanes_max"": 3, ""left_turn_lane"": ""yes"", ""bike_lane"": ""yes"", ""divided"": ""no"", ""one_way"": """", ""speed_mph"": null}, ""WALDO RD"": {""osm_lanes_max"": 4, ""left_turn_lane"": ""yes"", ""bike_lane"": """", ""divided"": ""yes"", ""one_way"": """", ""speed_mph"": 45}}"
NW 43RD ST & NW 8TH AVE,True,15.2,1,29.659578,-82.389156,2.0,yes,4.0,0.0,0.0,0.0,6.0,yes,yes,no,,45.0,"{""43RD ST"": {""osm_lanes_max"": 6, ""left_turn_lane"": ""yes"", ""bike_lane"": ""yes"", ""divided"": ""no"", ""one_way"": """", ""speed_mph"": 45}, ""8TH AVE"": {""osm_lanes_max"": 6, ""left_turn_lane"": ""yes"", ""bike_lane"": """", ""divided"": ""no"", ""one_way"": """", ""speed_mph"": null}}"
NW 69TH TER & W NEWBERRY RD,True,7.5,5,29.6596501,-82.4162969,2.0,yes,3.0,2.0,1.0,2.0,4.0,yes,,yes,,35.0,"{""69TH TER"": {""osm_lanes_max"": 2, ""left_turn_lane"": """", ""bike_lane"": """", ""divided"": ""no"", ""one_way"": """", ""speed_mph"": null}, ""NEWBERRY RD"": {""osm_lanes_max"": 4, ""left_turn_lane"": ""yes"", ""bike_lane"": """", ""divided"": ""yes"", ""one_way"": """", ""speed_mph"": 35}}"
SW 20TH AVE & SW 38TH TER,True,18.6,1,29.6339994,-82.3808873,2.0,yes,1.0,1.0,0.0,1.0,3.0,yes,yes,no,,40.0,"{""20TH AVE"": {""osm_lanes_max"": 3, ""left_turn_lane"": ""yes"", ""bike_lane"": ""yes"", ""divided"": ""no"", ""one_way"": """", ""speed_mph"": 40}, ""38TH TER"": {""osm_lanes_max"": 2, ""left_turn_lane"": """", ""bike_lane"": """", ""divided"": ""no"", ""one_way"": """", ""speed_mph"": null}}"
NE 12TH AVE & NE WALDO RD,True,15.7,5,29.6632734,-82.3039379,2.0,,2.0,2.0,0.0,0.0,3.0,no,,yes,,45.0,"{""12TH AVE"": {""osm_lanes_max"": null, ""left_turn_lane"": """", ""bike_lane"": """", ""divided"": ""no"", ""one_way"": """", ""speed_mph"": null}, ""WALDO RD"": {""osm_lanes_max"": 3, ""left_turn_lane"": ""no"", ""bike_lane"": """", ""divided"": ""yes"", ""one_way"": """", ""speed_mph"": 45}}"
NW 34TH BLVD & NW 53RD AVE,True,15.1,1,29.7033319,-82.3637645,3.0,yes,2.0,0.0,0.0,0.0,4.0,yes,yes,no,,40.0,"{""34TH BLVD"": {""osm_lanes_max"": 4, ""left_turn_lane"": ""yes"", ""bike_lane"": ""yes"", ""divided"": ""no"", ""one_way"": """", ""speed_mph"": 40}, ""34TH ST"": {""osm_lanes_max"": 3, ""left_turn_lane"": ""yes"", ""bike_lane"": ""yes"", ""divided"": ""no"", ""one_way"": """", ""speed_mph"": 40}, ""53RD AVE"": {""osm_lanes_max"": 2, ""left_turn_lane"": """", ""bike_lane"": ""yes"", ""divided"": ""no"", ""one_way"": """", ""speed_mph"": null}}"
SW 16TH AVE & SW ARCHER RD,True,34.0,2,29.6353176,-82.3542178,2.0,yes,2.0,1.0,1.0,0.0,3.0,no,,yes,,35.0,"{""16TH AVE"": {""osm_lanes_max"": 3, ""left_turn_lane"": ""no"", ""bike_lane"": """", ""divided"": ""yes"", ""one_way"": """", ""speed_mph"": 35}, ""ARCHER RD"": {""osm_lanes_max"": 3, ""left_turn_lane"": """", ""bike_lane"": """", ""divided"": ""yes"", ""one_way"": """", ""speed_mph"": 35}}"
NW 34TH ST & NW 8TH AVE,True,14.4,4,29.6595958,-82.3724039,2.0,yes,5.0,0.0,1.0,0.0,5.0,yes,,no,,35.0,"{""34TH ST"": {""osm_lanes_max"": 3, ""left_turn_lane"": """", ""bike_lane"": """", ""divided"": ""no"", ""one_way"": """", ""speed_mph"": 35}, ""8TH AVE"": {""osm_lanes_max"": 5, ""left_turn_lane"": ""yes"", ""bike_lane"": """", ""divided"": ""no"", ""one_way"": """", ""speed_mph"": null}}"
NW 23RD AVE & NW 6TH ST,True,13.6,1,29.6739256,-82.3307838,2.0,yes,6.0,4.0,0.0,0.0,5.0,yes,no,no,,40.0,"{""23RD AVE"": {""osm_lanes_max"": 5, ""left_turn_lane"": ""yes"", ""bike_lane"": """", ""divided"": ""no"", ""one_way"": """", ""speed_mph"": 40}, ""6TH ST"": {""osm_lanes_max"": 5, ""left_turn_lane"": ""yes"", ""bike_lane"": ""no"", ""divided"": ""no"", ""one_way"": """", ""speed_mph"": 35}}"
NW 13TH ST & NW 22ND ST,True,10.9,4,29.7115399,-82.3537527,1.0,yes,0.0,0.0,0.0,0.0,4.0,yes,yes,no,,40.0,"{""34TH BLVD"": {""osm_lanes_max"": 4, ""left_turn_lane"": ""yes"", ""bike_lane"": ""yes"", ""divided"": ""no"", ""one_way"": """", ""speed_mph"": 40}}"
N MAIN ST & NE 39TH AVE,True,7.6,9,29.6883921,-82.3193833,2.0,yes,4.0,4.0,0.0,4.0,4.0,yes,yes,yes,,45.0,"{""39TH AVE"": {""osm_lanes_max"": 4, ""left_turn_lane"": ""yes"", ""bike_lane"": ""yes"", ""divided"": ""yes"", ""one_way"": """", ""speed_mph"": 45}, ""MAIN ST"": {""osm_lanes_max"": 4, ""left_turn_lane"": ""yes"", ""bike_lane"": ""yes"", ""divided"": ""no"", ""one_way"": """", ""speed_mph"": null}}"
NW 16TH AVE & NW 6TH ST,True,15.6,1,29.6666223,-82.3308629,2.0,yes,4.0,0.0,0.0,0.0,5.0,yes,no,no,,35.0,"{""16TH AVE"": {""osm_lanes_max"": 2, ""left_turn_lane"": """", ""bike_lane"": """", ""divided"": ""no"", ""one_way"": """", ""speed_mph"": null}, ""6TH ST"": {""osm_lanes_max"": 5, ""left_turn_lane"": ""yes"", ""bike_lane"": ""no"", ""divided"": ""no"", ""one_way"": """", ""speed_mph"": 35}}"
NW 6TH ST & W UNIVERSITY AVE,True,16.0,2,29.652034,-82.3306307,3.0,yes,8.0,6.0,2.0,4.0,5.0,yes,,no,yes,30.0,"{""5TH TER"": {""osm_lanes_max"": 1, ""left_turn_lane"": """", ""bike_lane"": """", ""divided"": ""no"", ""one_way"": ""yes"", ""speed_mph"": null}, ""6TH ST"": {""osm_lanes_max"": 2, ""left_turn_lane"": """", ""bike_lane"": """", ""divided"": ""no"", ""one_way"": """", ""speed_mph"": null}, ""UNIVERSITY AVE"": {""osm_lanes_max"": 5, ""left_turn_lane"": ""yes"", ""bike_lane"": """", ""divided"": ""no"", ""one_way"": """", ""speed_mph"": 30}}"
NW 39TH AVE & NW 6TH ST,True,14.3,1,29.6885276,-82.3308801,2.0,yes,4.0,0.0,0.0,0.0,6.0,yes,yes,yes,,45.0,"{""39TH AVE"": {""osm_lanes_max"": 5, ""left_turn_lane"": ""yes"", ""bike_lane"": ""yes"", ""divided"": ""yes"", ""one_way"": """", ""speed_mph"": 45}, ""6TH ST"": {""osm_lanes_max"": 6, ""left_turn_lane"": ""yes"", ""bike_lane"": """", ""divided"": ""no"", ""one_way"": """", ""speed_mph"": 35}}"
NW 13TH ST & NW 3RD AVE,True,10.7,2,29.6539207,-82.3392326,2.0,yes,4.0,2.0,2.0,0.0,3.0,yes,no,yes,,30.0,"{""13TH ST"": {""osm_lanes_max"": 3, ""left_turn_lane"": ""yes"", ""bike_lane"": ""no"", ""divided"": ""yes"", ""one_way"": """", ""speed_mph"": 30}, ""3RD AVE"": {""osm_lanes_max"": null, ""left_turn_lane"": """", ""bike_lane"": ""no"", ""divided"": ""no"", ""one_way"": """", ""speed_mph"": null}}"
S MAIN ST & SW 16TH AVE,True,15.6,2,29.635721,-82.327539,2.0,yes,6.0,3.0,2.0,0.0,5.0,yes,yes,yes,,45.0,"{""16TH AVE"": {""osm_lanes_max"": 5, ""left_turn_lane"": ""yes"", ""bike_lane"": """", ""divided"": ""no"", ""one_way"": """", ""speed_mph"": 35}, ""MAIN ST"": {""osm_lanes_max"": 4, ""left_turn_lane"": ""yes"", ""bike_lane"": ""yes"", ""divided"": ""yes"", ""one_way"": """", ""speed_mph"": 45}}"
SW 13TH ST & SW 2ND AVE,True,16.1,2,29.6502488,-82.3393242,3.0,yes,4.0,4.0,0.0,4.0,5.0,yes,yes,yes,,30.0,"{""13TH ST"": {""osm_lanes_max"": 5, ""left_turn_lane"": ""yes"", ""bike_lane"": ""no"", ""divided"": ""no"", ""one_way"": """", ""speed_mph"": 30}, ""2ND AVE"": {""osm_lanes_max"": 3, ""left_turn_lane"": """", ""bike_lane"": ""yes"", ""divided"": ""yes"", ""one_way"": """", ""speed_mph"": null}, ""UNION RD"": {""osm_lanes_max"": 2, ""left_turn_lane"": """", ""bike_lane"": """", ""divided"": ""yes"", ""one_way"": """", ""speed_mph"": 20}}"
SW 6TH ST & SW DEPOT AVE,True,11.5,4,29.6435031,-82.3311891,2.0,,6.0,6.0,0.0,0.0,4.0,,yes,yes,,25.0,"{""6TH ST"": {""osm_lanes_max"": 4, ""left_turn_lane"": """", ""bike_lane"": ""yes"", ""divided"": ""yes"", ""one_way"": """", ""speed_mph"": null}, ""DEPOT AVE"": {""osm_lanes_max"": 2, ""left_turn_lane"": """", ""bike_lane"": ""yes"", ""divided"": ""yes"", ""one_way"": """", ""speed_mph"": 25}}"
NW 6TH ST & NW 8TH AVE,True,13.9,7,29.6595252,-82.3308021,2.0,yes,2.0,0.0,1.0,0.0,5.0,yes,yes,no,,30.0,"{""6TH ST"": {""osm_lanes_max"": 5, ""left_turn_lane"": ""yes"", ""bike_lane"": """", ""divided"": ""no"", ""one_way"": """", ""speed_mph"": 30}, ""8TH AVE"": {""osm_lanes_max"": 5, ""left_turn_lane"": ""yes"", ""bike_lane"": ""yes"", ""divided"": ""no"", ""one_way"": """", ""speed_mph"": 30}}"
NW 17TH ST & W UNIVERSITY AVE,True,11.5,12,29.6520734,-82.344789,3.0,yes,6.0,5.0,1.0,4.0,3.0,yes,yes,yes,yes,25.0,"{""17TH ST"": {""osm_lanes_max"": 1, ""left_turn_lane"": """", ""bike_lane"": ""yes"", ""divided"": ""no"", ""one_way"": ""yes"", ""speed_mph"": null}, ""BUCKMAN DR"": {""osm_lanes_max"": 2, ""left_turn_lane"": """", ""bike_lane"": ""yes"", ""divided"": ""no"", ""one_way"": """", ""speed_mph"": 20}, ""UNIVERSITY AVE"": {""osm_lanes_max"": 3, ""left_turn_lane"": ""yes"", ""bike_lane"": ""no"", ""divided"": ""yes"", ""one_way"": """", ""speed_mph"": 25}}"
N MAIN ST & NW 8TH AVE,True,12.4,1,29.6592051,-82.3249766,2.0,yes,6.0,0.0,0.0,0.0,5.0,yes,yes,yes,,30.0,"{""8TH AVE"": {""osm_lanes_max"": 5, ""left_turn_lane"": ""yes"", ""bike_lane"": ""yes"", ""divided"": ""yes"", ""one_way"": """", ""speed_mph"": 30}, ""MAIN ST"": {""osm_lanes_max"": 3, ""left_turn_lane"": ""yes"", ""bike_lane"": ""yes"", ""divided"": ""no"", ""one_way"": """", ""speed_mph"": 30}}"
NW 43RD ST & W NEWBERRY RD,True,7.8,8,29.6558047,-82.3903657,3.0,yes,4.0,4.0,0.0,0.0,5.0,yes,yes,yes,,45.0,"{""43RD ST"": {""osm_lanes_max"": 5, ""left_turn_lane"": ""yes"", ""bike_lane"": ""yes"", ""divided"": ""no"", ""one_way"": """", ""speed_mph"": null}, ""44TH ST"": {""osm_lanes_max"": 3, ""left_turn_lane"": ""yes"", ""bike_lane"": """", ""divided"": ""no"", ""one_way"": """", ""speed_mph"": null}, ""NEWBERRY RD"": {""osm_lanes_max"": 4, ""left_turn_lane"": ""yes"", ""bike_lane"": ""yes"", ""divided"": ""yes"", ""one_way"": """", ""speed_mph"": 45}}"
SW 25TH TER & SW WILLISTON RD,True,11.5,2,29.6120992,-82.3590701,2.0,yes,4.0,4.0,0.0,0.0,3.0,yes,yes,yes,,45.0,"{""25TH TER"": {""osm_lanes_max"": 3, ""left_turn_lane"": """", ""bike_lane"": """", ""divided"": ""no"", ""one_way"": """", ""speed_mph"": null}, ""WILLISTON RD"": {""osm_lanes_max"": 3, ""left_turn_lane"": ""yes"", ""bike_lane"": ""yes"", ""divided"": ""yes"", ""one_way"": """", ""speed_mph"": 45}}"
SW 23RD ST & SW ARCHER RD,True,8.0,6,29.6346972,-82.3557644,3.0,,3.0,2.0,1.0,0.0,3.0,yes,,yes,,35.0,"{""23RD ST"": {""osm_lanes_max"": null, ""left_turn_lane"": """", ""bike_lane"": """", ""divided"": ""yes"", ""one_way"": """", ""speed_mph"": null}, ""ARCHER RD"": {""osm_lanes_max"": 3, ""left_turn_lane"": ""yes"", ""bike_lane"": """", ""divided"": ""yes"", ""one_way"": """", ""speed_mph"": 35}, ""OLD ARCHER RD"": {""osm_lanes_max"": 2, ""left_turn_lane"": """", ""bike_lane"": """", ""divided"": ""no"", ""one_way"": """", ""speed_mph"": null}}"
SW 16TH ST & SW ARCHER RD,True,5.5,2,29.6391596,-82.3433178,2.0,yes,4.0,4.0,0.0,1.0,3.0,yes,,yes,,35.0,"{""16TH ST"": {""osm_lanes_max"": null, ""left_turn_lane"": """", ""bike_lane"": """", ""divided"": ""no"", ""one_way"": """", ""speed_mph"": null}, ""ARCHER RD"": {""osm_lanes_max"": 3, ""left_turn_lane"": ""yes"", ""bike_lane"": """", ""divided"": ""yes"", ""one_way"": """", ""speed_mph"": 35}}"
NW 13TH ST & NW 29TH RD,True,8.8,9,29.6791263,-82.3391156,2.0,yes,5.0,4.0,1.0,2.0,3.0,yes,yes,yes,,35.0,"{""13TH ST"": {""osm_lanes_max"": 3, ""left_turn_lane"": ""yes"", ""bike_lane"": ""yes"", ""divided"": ""yes"", ""one_way"": """", ""speed_mph"": 35}, ""29TH RD"": {""osm_lanes_max"": 2, ""left_turn_lane"": """", ""bike_lane"": """", ""divided"": ""no"", ""one_way"": """", ""speed_mph"": null}}"
SW 13TH ST & SW 5TH AVE,True,10.0,3,29.6474006,-82.3393038,3.0,yes,7.0,6.0,0.0,1.0,3.0,yes,yes,yes,yes,30.0,"{""13TH ST"": {""osm_lanes_max"": 3, ""left_turn_lane"": ""yes"", ""bike_lane"": ""no"", ""divided"": ""yes"", ""one_way"": """", ""speed_mph"": 30}, ""5TH AVE"": {""osm_lanes_max"": null, ""left_turn_lane"": """", ""bike_lane"": """", ""divided"": ""no"", ""one_way"": ""yes"", ""speed_mph"": null}, ""INNER RD"": {""osm_lanes_max"": 2, ""left_turn_lane"": """", ""bike_lane"": ""yes"", ""divided"": ""no"", ""one_way"": """", ""speed_mph"": 20}}"
SW 23RD ST & SW WILLISTON RD,True,9.8,2,29.6135792,-82.3550519,2.0,yes,4.0,4.0,0.0,0.0,3.0,yes,yes,yes,,45.0,"{""23RD ST"": {""osm_lanes_max"": 3, ""left_turn_lane"": ""yes"", ""bike_lane"": ""yes"", ""divided"": ""yes"", ""one_way"": """", ""speed_mph"": 40}, ""WILLISTON RD"": {""osm_lanes_max"": 3, ""left_turn_lane"": ""yes"", ""bike_lane"": ""yes"", ""divided"": ""yes"", ""one_way"": """", ""speed_mph"": 45}}"
SW 16TH AVE & SW 6TH ST,True,7.3,8,29.636323,-82.3299374,2.0,yes,5.0,2.0,2.0,0.0,4.0,yes,,yes,,35.0,"{""16TH AVE"": {""osm_lanes_max"": 3, ""left_turn_lane"": ""yes"", ""bike_lane"": """", ""divided"": ""yes"", ""one_way"": """", ""speed_mph"": 35}, ""6TH ST"": {""osm_lanes_max"": 4, ""left_turn_lane"": ""yes"", ""bike_lane"": """", ""divided"": ""no"", ""one_way"": """", ""speed_mph"": null}}"
NE 23RD AVE & NE WALDO RD,True,7.4,11,29.673864,-82.296806,2.0,yes,6.0,5.0,1.0,0.0,4.0,yes,,yes,,45.0,"{""23RD AVE"": {""osm_lanes_max"": 4, ""left_turn_lane"": ""yes"", ""bike_lane"": """", ""divided"": ""no"", ""one_way"": """", ""speed_mph"": 40}, ""WALDO RD"": {""osm_lanes_max"": 4, ""left_turn_lane"": ""yes"", ""bike_lane"": """", ""divided"": ""yes"", ""one_way"": """", ""speed_mph"": 45}}"
NE 8TH AVE & NE 9TH ST,False,,0,,,,,,,,,,,,,,,
SW 20TH AVE & SW 61ST ST,False,,0,,,,,,,,,,,,,,,
SE 16TH AVE & SE WILLISTON RD,True,6.4,6,29.6295755,-82.3223688,2.0,yes,2.0,2.0,0.0,0.0,3.0,yes,yes,yes,,45.0,"{""16TH AVE"": {""osm_lanes_max"": 3, ""left_turn_lane"": ""yes"", ""bike_lane"": """", ""divided"": ""no"", ""one_way"": """", ""speed_mph"": 35}, ""WILLISTON RD"": {""osm_lanes_max"": 3, ""left_turn_lane"": ""yes"", ""bike_lane"": ""yes"", ""divided"": ""yes"", ""one_way"": """", ""speed_mph"": 45}}"
NW 13TH ST & NW 5TH AVE,True,15.4,1,29.655729,-82.3392147,2.0,yes,5.0,0.0,1.0,0.0,5.0,yes,,yes,,30.0,"{""13TH ST"": {""osm_lanes_max"": 5, ""left_turn_lane"": ""yes"", ""bike_lane"": """", ""divided"": ""yes"", ""one_way"": """", ""speed_mph"": 30}, ""5TH AVE"": {""osm_lanes_max"": 3, ""left_turn_lane"": ""yes"", ""bike_lane"": """", ""divided"": ""no"", ""one_way"": """", ""speed_mph"": null}}"
SW 16TH AVE & SW 16TH ST,True,9.0,2,29.6357115,-82.3431694,2.0,yes,2.0,1.0,0.0,0.0,4.0,yes,yes,yes,,35.0,"{""16TH AVE"": {""osm_lanes_max"": 4, ""left_turn_lane"": ""yes"", ""bike_lane"": ""yes"", ""divided"": ""yes"", ""one_way"": """", ""speed_mph"": 35}, ""16TH ST"": {""osm_lanes_max"": null, ""left_turn_lane"": """", ""bike_lane"": """", ""divided"": ""no"", ""one_way"": """", ""speed_mph"": null}}"
SW 30TH PL & SW 42ND ST,True,18.3,1,29.6250258,-82.3867494,2.0,,4.0,4.0,0.0,0.0,3.0,yes,yes,yes,,25.0,"{""30TH PL"": {""osm_lanes_max"": 2, ""left_turn_lane"": """", ""bike_lane"": ""yes"", ""divided"": ""no"", ""one_way"": """", ""speed_mph"": null}, ""42ND ST"": {""osm_lanes_max"": 3, ""left_turn_lane"": ""yes"", ""bike_lane"": ""yes"", ""divided"": ""yes"", ""one_way"": """", ""speed_mph"": 25}}"
E UNIVERSITY AVE & NE 9TH ST,True,13.9,1,29.6519417,-82.3147413,2.0,yes,1.0,1.0,0.0,0.0,5.0,yes,,no,,35.0,"{""9TH ST"": {""osm_lanes_max"": 2, ""left_turn_lane"": """", ""bike_lane"": """", ""divided"": ""no"", ""one_way"": """", ""speed_mph"": null}, ""UNIVERSITY AVE"": {""osm_lanes_max"": 5, ""left_turn_lane"": ""yes"", ""bike_lane"": """", ""divided"": ""no"", ""one_way"": """", ""speed_mph"": 35}}"
RADIO RD & SW 34TH ST,True,9.0,2,29.6422252,-82.3724834,2.0,yes,3.0,1.0,0.0,1.0,4.0,yes,yes,yes,,45.0,"{""34TH ST"": {""osm_lanes_max"": 4, ""left_turn_lane"": ""yes"", ""bike_lane"": ""yes"", ""divided"": ""yes"", ""one_way"": """", ""speed_mph"": 45}, ""RADIO RD"": {""osm_lanes_max"": 3, ""left_turn_lane"": ""yes"", ""bike_lane"": ""yes"", ""divided"": ""no"", ""one_way"": """", ""speed_mph"": 20}}"
SW 13TH ST & SW 9TH AVE,True,13.5,7,29.6435919,-82.3393064,3.0,yes,4.0,4.0,0.0,0.0,5.0,yes,,yes,,35.0,"{""13TH ST"": {""osm_lanes_max"": 5, ""left_turn_lane"": ""yes"", ""bike_lane"": """", ""divided"": ""yes"", ""one_way"": """", ""speed_mph"": 35}, ""9TH AVE"": {""osm_lanes_max"": null, ""left_turn_lane"": """", ""bike_lane"": """", ""divided"": ""no"", ""one_way"": """", ""speed_mph"": null}, ""DIAMOND RD"": {""osm_lanes_max"": 3, ""left_turn_lane"": """", ""bike_lane"": """", ""divided"": ""no"", ""one_way"": """", ""speed_mph"": 20}}"
N BOUND & SW WILLISTON RD,False,,0,,,,,,,,,,,,,,,
1-75 N & SW ARCHER RD,False,,0,,,,,,,,,,,,,,,
NW 57TH ST & W NEWBERRY RD,True,7.9,3,29.6596094,-82.4036146,2.0,yes,3.0,3.0,0.0,0.0,4.0,yes,,yes,,45.0,"{""57TH ST"": {""osm_lanes_max"": null, ""left_turn_lane"": """", ""bike_lane"": """", ""divided"": ""yes"", ""one_way"": """", ""speed_mph"": null}, ""NEWBERRY RD"": {""osm_lanes_max"": 4, ""left_turn_lane"": ""yes"", ""bike_lane"": """", ""divided"": ""yes"", ""one_way"": """", ""speed_mph"": 45}}"
GALE LEMERAND DR & SW ARCHER RD,True,7.6,7,29.6368053,-82.3501609,2.0,yes,6.0,6.0,0.0,0.0,4.0,yes,yes,yes,,35.0,"{""ARCHER RD"": {""osm_lanes_max"": 4, ""left_turn_lane"": ""yes"", ""bike_lane"": """", ""divided"": ""yes"", ""one_way"": """", ""speed_mph"": 35}, ""GALE LEMERAND DR"": {""osm_lanes_max"": 4, ""left_turn_lane"": """", ""bike_lane"": ""yes"", ""divided"": ""no"", ""one_way"": """", ""speed_mph"": 30}}"
N MAIN ST & NE 23RD AVE,True,15.2,1,29.673888,-82.321558,2.0,yes,4.0,0.0,0.0,0.0,5.0,yes,yes,no,,40.0,"{""23RD AVE"": {""osm_lanes_max"": 5, ""left_turn_lane"": ""yes"", ""bike_lane"": """", ""divided"": ""no"", ""one_way"": """", ""speed_mph"": 40}, ""MAIN ST"": {""osm_lanes_max"": 5, ""left_turn_lane"": ""yes"", ""bike_lane"": ""yes"", ""divided"": ""no"", ""one_way"": """", ""speed_mph"": null}}"
NEWELL DR & SW ARCHER RD,True,7.4,10,29.6397023,-82.3418126,2.0,yes,5.0,1.0,0.0,1.0,4.0,yes,yes,yes,,35.0,"{""ARCHER RD"": {""osm_lanes_max"": 4, ""left_turn_lane"": ""yes"", ""bike_lane"": """", ""divided"": ""yes"", ""one_way"": """", ""speed_mph"": 35}, ""NEWELL DR"": {""osm_lanes_max"": 2, ""left_turn_lane"": """", ""bike_lane"": ""yes"", ""divided"": ""no"", ""one_way"": """", ""speed_mph"": null}}"
SE 24TH ST & SE HAWTHORNE RD,True,10.4,8,29.6453776,-82.2942851,2.0,yes,3.0,2.0,0.0,0.0,2.0,,yes,yes,,45.0,"{""24TH ST"": {""osm_lanes_max"": 2, ""left_turn_lane"": """", ""bike_lane"": ""yes"", ""divided"": ""no"", ""one_way"": """", ""speed_mph"": null}, ""HAWTHORNE RD"": {""osm_lanes_max"": 2, ""left_turn_lane"": """", ""bike_lane"": ""yes"", ""divided"": ""yes"", ""one_way"": """", ""speed_mph"": 45}}"
NW 48TH BLVD & W NEWBERRY RD,True,9.9,4,29.6573048,-82.3944173,2.0,yes,3.0,2.0,0.0,0.0,3.0,yes,yes,yes,,45.0,"{""48TH BLVD"": {""osm_lanes_max"": null, ""left_turn_lane"": """", ""bike_lane"": """", ""divided"": ""yes"", ""one_way"": """", ""speed_mph"": null}, ""NEWBERRY RD"": {""osm_lanes_max"": 3, ""left_turn_lane"": ""yes"", ""bike_lane"": ""yes"", ""divided"": ""yes"", ""one_way"": """", ""speed_mph"": 45}}"
SW 43RD ST & SW ARCHER RD,True,3.6,6,29.6157179,-82.3891756,3.0,yes,4.0,3.0,0.0,0.0,4.0,yes,yes,yes,,45.0,"{""41ST BLVD"": {""osm_lanes_max"": 4, ""left_turn_lane"": ""yes"", ""bike_lane"": """", ""divided"": ""no"", ""one_way"": """", ""speed_mph"": null}, ""43RD ST"": {""osm_lanes_max"": 3, ""left_turn_lane"": ""yes"", ""bike_lane"": """", ""divided"": ""yes"", ""one_way"": """", ""speed_mph"": null}, ""ARCHER RD"": {""osm_lanes_max"": 3, ""left_turn_lane"": """", ""bike_lane"": ""yes"", ""divided"": ""yes"", ""one_way"": """", ""speed_mph"": 45}}"
NW 22ND ST & NW 8TH AVE,True,14.8,1,29.659436,-82.3536336,2.0,yes,3.0,2.0,1.0,0.0,2.0,,,no,,,"{""22ND ST"": {""osm_lanes_max"": 2, ""left_turn_lane"": """", ""bike_lane"": """", ""divided"": ""no"", ""one_way"": """", ""speed_mph"": null}, ""8TH AVE"": {""osm_lanes_max"": 2, ""left_turn_lane"": """", ""bike_lane"": """", ""divided"": ""no"", ""one_way"": """", ""speed_mph"": null}}"
NW 25TH PL & NW 43RD ST,True,13.1,1,29.676038,-82.388978,2.0,,2.0,0.0,1.0,0.0,4.0,,yes,no,,45.0,"{""25TH PL"": {""osm_lanes_max"": 2, ""left_turn_lane"": """", ""bike_lane"": """", ""divided"": ""no"", ""one_way"": """", ""speed_mph"": null}, ""43RD ST"": {""osm_lanes_max"": 4, ""left_turn_lane"": """", ""bike_lane"": ""yes"", ""divided"": ""no"", ""one_way"": """", ""speed_mph"": 45}}"
SE 11TH ST & SE 4TH AVE,True,8.6,2,29.6482338,-82.311517,2.0,yes,1.0,1.0,0.0,0.0,3.0,yes,yes,yes,,35.0,"{""11TH ST"": {""osm_lanes_max"": 2, ""left_turn_lane"": """", ""bike_lane"": ""yes"", ""divided"": ""yes"", ""one_way"": """", ""speed_mph"": 35}, ""4TH AVE"": {""osm_lanes_max"": 3, ""left_turn_lane"": ""yes"", ""bike_lane"": ""yes"", ""divided"": ""no"", ""one_way"": """", ""speed_mph"": null}}"
SW 40TH BLVD & SW 42ND ST,True,15.2,1,29.621822,-82.386762,2.0,yes,4.0,3.0,1.0,0.0,2.0,,,no,,25.0,"{""40TH BLVD"": {""osm_lanes_max"": 2, ""left_turn_lane"": """", ""bike_lane"": """", ""divided"": ""no"", ""one_way"": """", ""speed_mph"": null}, ""42ND ST"": {""osm_lanes_max"": 2, ""left_turn_lane"": """", ""bike_lane"": """", ""divided"": ""no"", ""one_way"": """", ""speed_mph"": 25}}"
SW 34TH ST & SW 39TH BLVD,True,8.1,2,29.6179792,-82.3724724,2.0,yes,4.0,0.0,0.0,0.0,4.0,yes,yes,yes,,45.0,"{""34TH ST"": {""osm_lanes_max"": 4, ""left_turn_lane"": ""yes"", ""bike_lane"": ""yes"", ""divided"": ""yes"", ""one_way"": """", ""speed_mph"": 45}, ""39TH BLVD"": {""osm_lanes_max"": 3, ""left_turn_lane"": ""yes"", ""bike_lane"": """", ""divided"": ""no"", ""one_way"": """", ""speed_mph"": null}}"
SE 4TH ST & SE WILLISTON RD,True,8.6,2,29.6355556,-82.3168576,2.0,yes,4.0,1.0,2.0,0.0,2.0,,yes,yes,,45.0,"{""4TH ST"": {""osm_lanes_max"": 2, ""left_turn_lane"": """", ""bike_lane"": """", ""divided"": ""no"", ""one_way"": """", ""speed_mph"": null}, ""WILLISTON RD"": {""osm_lanes_max"": 2, ""left_turn_lane"": """", ""bike_lane"": ""yes"", ""divided"": ""yes"", ""one_way"": """", ""speed_mph"": 45}}"
NW 12TH ST & W UNIVERSITY AVE,True,15.7,4,29.652064,-82.3370624,2.0,yes,9.0,4.0,4.0,4.0,5.0,yes,no,no,yes,30.0,"{""12TH ST"": {""osm_lanes_max"": null, ""left_turn_lane"": """", ""bike_lane"": ""no"", ""divided"": ""no"", ""one_way"": ""yes"", ""speed_mph"": null}, ""UNIVERSITY AVE"": {""osm_lanes_max"": 5, ""left_turn_lane"": ""yes"", ""bike_lane"": """", ""divided"": ""no"", ""one_way"": """", ""speed_mph"": 30}}"
NE 15TH ST & NE 16TH AVE,True,15.3,2,29.6666828,-82.3058271,2.0,,4.0,3.0,0.0,0.0,2.0,,yes,no,,,"{""15TH ST"": {""osm_lanes_max"": 2, ""left_turn_lane"": """", ""bike_lane"": """", ""divided"": ""no"", ""one_way"": """", ""speed_mph"": null}, ""16TH AVE"": {""osm_lanes_max"": 2, ""left_turn_lane"": """", ""bike_lane"": ""yes"", ""divided"": ""no"", ""one_way"": """", ""speed_mph"": null}}"
SW 30TH AVE & SW 42ND ST,True,6.4,4,29.6258331,-82.3867456,2.0,,2.0,2.0,0.0,0.0,2.0,,yes,yes,,25.0,"{""42ND ST"": {""osm_lanes_max"": 1, ""left_turn_lane"": """", ""bike_lane"": ""yes"", ""divided"": ""yes"", ""one_way"": """", ""speed_mph"": 25}, ""PLAZA BLVD"": {""osm_lanes_max"": 2, ""left_turn_lane"": """", ""bike_lane"": ""yes"", ""divided"": ""yes"", ""one_way"": """", ""speed_mph"": 25}}"
GALE LEMERAND DR & W UNIVERSITY AVE,True,17.1,2,29.6520989,-82.3498172,3.0,yes,5.0,4.0,1.0,3.0,5.0,yes,yes,yes,,25.0,"{""20TH TER"": {""osm_lanes_max"": null, ""left_turn_lane"": """", ""bike_lane"": """", ""divided"": ""yes"", ""one_way"": """", ""speed_mph"": null}, ""GALE LEMERAND DR"": {""osm_lanes_max"": 2, ""left_turn_lane"": """", ""bike_lane"": ""yes"", ""divided"": ""no"", ""one_way"": """", ""speed_mph"": 20}, ""UNIVERSITY AVE"": {""osm_lanes_max"": 5, ""left_turn_lane"": ""yes"", ""bike_lane"": ""yes"", ""divided"": ""no"", ""one_way"": """", ""speed_mph"": 25}}"
SW 35TH BLVD & WINDMEADOWS BLVD,True,9.7,1,29.6256702,-82.3794212,2.0,,3.0,3.0,0.0,0.0,3.0,yes,yes,yes,,25.0,"{""35TH BLVD"": {""osm_lanes_max"": 3, ""left_turn_lane"": ""yes"", ""bike_lane"": """", ""divided"": ""no"", ""one_way"": """", ""speed_mph"": null}, ""WINDMEADOWS BLVD"": {""osm_lanes_max"": null, ""left_turn_lane"": """", ""bike_lane"": ""yes"", ""divided"": ""yes"", ""one_way"": """", ""speed_mph"": 25}}"
SW 11TH ST & SW DEPOT AVE,True,25.2,3,29.6428847,-82.3358773,3.0,,6.0,6.0,0.0,0.0,2.0,,yes,yes,yes,25.0,"{""11TH ST"": {""osm_lanes_max"": 2, ""left_turn_lane"": """", ""bike_lane"": ""no"", ""divided"": ""yes"", ""one_way"": """", ""speed_mph"": 25}, ""9TH RD"": {""osm_lanes_max"": 1, ""left_turn_lane"": """", ""bike_lane"": """", ""divided"": ""yes"", ""one_way"": """", ""speed_mph"": 25}, ""DEPOT AVE"": {""osm_lanes_max"": 1, ""left_turn_lane"": """", ""bike_lane"": ""yes"", ""divided"": ""no"", ""one_way"": ""yes"", ""speed_mph"": 25}}"
E UNIVERSITY AVE & NE 13TH ST,True,9.6,5,29.651935,-82.3087325,2.0,,5.0,2.0,0.0,0.0,4.0,yes,,yes,,35.0,"{""13TH ST"": {""osm_lanes_max"": null, ""left_turn_lane"": """", ""bike_lane"": """", ""divided"": ""no"", ""one_way"": """", ""speed_mph"": null}, ""UNIVERSITY AVE"": {""osm_lanes_max"": 4, ""left_turn_lane"": ""yes"", ""bike_lane"": """", ""divided"": ""yes"", ""one_way"": """", ""speed_mph"": 35}}"
SW 27TH ST & SW 35TH PL,True,12.4,2,29.6197236,-82.3627899,2.0,,1.0,1.0,0.0,0.0,2.0,,yes,no,,30.0,"{""27TH ST"": {""osm_lanes_max"": 2, ""left_turn_lane"": """", ""bike_lane"": """", ""divided"": ""no"", ""one_way"": """", ""speed_mph"": 30}, ""35TH PL"": {""osm_lanes_max"": 2, ""left_turn_lane"": """", ""bike_lane"": ""yes"", ""divided"": ""no"", ""one_way"": """", ""speed_mph"": 30}}"
NW 13TH ST & NW 23RD ST,True,4.1,2,29.713124,-82.3553758,1.0,yes,2.0,1.0,1.0,0.0,2.0,,yes,yes,,,"{""23RD ST"": {""osm_lanes_max"": 2, ""left_turn_lane"": """", ""bike_lane"": ""yes"", ""divided"": ""yes"", ""one_way"": """", ""speed_mph"": null}}"
CLARK BUTLER BLVD & SW 30TH PL,True,7.7,1,29.6256564,-82.3838808,2.0,,2.0,2.0,0.0,0.0,2.0,,yes,yes,,30.0,"{""30TH PL"": {""osm_lanes_max"": 2, ""left_turn_lane"": """", ""bike_lane"": ""yes"", ""divided"": ""no"", ""one_way"": """", ""speed_mph"": null}, ""CLARK BUTLER BLVD"": {""osm_lanes_max"": 2, ""left_turn_lane"": """", ""bike_lane"": ""yes"", ""divided"": ""yes"", ""one_way"": """", ""speed_mph"": 30}}"
NW 16TH BLVD & NW 41ST ST,True,5.1,3,29.6729383,-82.386415,2.0,yes,4.0,4.0,0.0,4.0,3.0,yes,yes,yes,,,"{""16TH BLVD"": {""osm_lanes_max"": 3, ""left_turn_lane"": ""yes"", ""bike_lane"": ""yes"", ""divided"": ""yes"", ""one_way"": """", ""speed_mph"": null}, ""41ST ST"": {""osm_lanes_max"": null, ""left_turn_lane"": """", ""bike_lane"": """", ""divided"": ""yes"", ""one_way"": """", ""speed_mph"": null}}"
NW 10TH ST & W UNIVERSITY AVE,True,16.1,8,29.6520623,-82.3349465,2.0,yes,7.0,4.0,1.0,4.0,5.0,yes,,no,,30.0,"{""10TH ST"": {""osm_lanes_max"": null, ""left_turn_lane"": """", ""bike_lane"": """", ""divided"": ""no"", ""one_way"": """", ""speed_mph"": null}, ""UNIVERSITY AVE"": {""osm_lanes_max"": 5, ""left_turn_lane"": ""yes"", ""bike_lane"": """", ""divided"": ""no"", ""one_way"": """", ""speed_mph"": 30}}"
S MAIN ST & SW WILLISTON RD,True,7.2,3,29.6182036,-82.3326572,2.0,,4.0,2.0,0.0,0.0,2.0,,yes,yes,,45.0,"{""MAIN ST"": {""osm_lanes_max"": 2, ""left_turn_lane"": """", ""bike_lane"": """", ""divided"": ""yes"", ""one_way"": """", ""speed_mph"": 45}, ""WILLISTON RD"": {""osm_lanes_max"": 2, ""left_turn_lane"": """", ""bike_lane"": ""yes"", ""divided"": ""yes"", ""one_way"": """", ""speed_mph"": 45}}"
NW 4TH PL & NW 62ND ST,True,15.9,1,29.656207,-82.408881,2.0,,1.0,0.0,1.0,0.0,4.0,,,no,,,"{""4TH PL"": {""osm_lanes_max"": null, ""left_turn_lane"": """", ""bike_lane"": """", ""divided"": ""no"", ""one_way"": """", ""speed_mph"": null}, ""62ND ST"": {""osm_lanes_max"": 4, ""left_turn_lane"": """", ""bike_lane"": """", ""divided"": ""no"", ""one_way"": """", ""speed_mph"": null}}"
CENTER DR & SW ARCHER RD,True,4.6,2,29.6382114,-82.3460114,2.0,yes,5.0,5.0,0.0,0.0,4.0,yes,yes,yes,,25.0,"{""ARCHER RD"": {""osm_lanes_max"": 4, ""left_turn_lane"": ""yes"", ""bike_lane"": """", ""divided"": ""yes"", ""one_way"": """", ""speed_mph"": 25}, ""CENTER DR"": {""osm_lanes_max"": 2, ""left_turn_lane"": """", ""bike_lane"": ""yes"", ""divided"": ""no"", ""one_way"": """", ""speed_mph"": null}}"
NW 16TH AVE & NW 22ND ST,True,9.7,2,29.666736,-82.3528952,2.0,yes,3.0,0.0,0.0,0.0,2.0,,yes,yes,,40.0,"{""16TH AVE"": {""osm_lanes_max"": 2, ""left_turn_lane"": """", ""bike_lane"": ""yes"", ""divided"": ""yes"", ""one_way"": """", ""speed_mph"": 40}, ""22ND ST"": {""osm_lanes_max"": 2, ""left_turn_lane"": """", ""bike_lane"": """", ""divided"": ""no"", ""one_way"": """", ""speed_mph"": null}}"
NE 53RD AVE & NE WALDO RD,True,2.8,2,29.7024102,-82.2774276,2.0,yes,0.0,0.0,0.0,0.0,3.0,no,yes,yes,,45.0,"{""53RD AVE"": {""osm_lanes_max"": 2, ""left_turn_lane"": """", ""bike_lane"": """", ""divided"": ""no"", ""one_way"": """", ""speed_mph"": null}, ""WALDO RD"": {""osm_lanes_max"": 3, ""left_turn_lane"": ""no"", ""bike_lane"": ""yes"", ""divided"": ""yes"", ""one_way"": """", ""speed_mph"": 45}}"
NE 16TH AVE & NE 9TH ST,True,12.1,1,29.666546,-82.3147731,2.0,yes,4.0,0.0,0.0,0.0,3.0,yes,yes,no,,,"{""16TH AVE"": {""osm_lanes_max"": 2, ""left_turn_lane"": """", ""bike_lane"": ""yes"", ""divided"": ""no"", ""one_way"": """", ""speed_mph"": null}, ""9TH ST"": {""osm_lanes_max"": 3, ""left_turn_lane"": ""yes"", ""bike_lane"": ""yes"", ""divided"": ""no"", ""one_way"": """", ""speed_mph"": null}}"
E UNIVERSITY AVE & NE 14TH ST,True,9.1,3,29.6519374,-82.3071827,3.0,yes,4.0,1.0,1.0,0.0,4.0,no,yes,yes,,35.0,"{""14TH ST"": {""osm_lanes_max"": null, ""left_turn_lane"": """", ""bike_lane"": """", ""divided"": ""no"", ""one_way"": """", ""speed_mph"": null}, ""HAWTHORNE RD"": {""osm_lanes_max"": 2, ""left_turn_lane"": """", ""bike_lane"": ""yes"", ""divided"": ""yes"", ""one_way"": """", ""speed_mph"": 35}, ""UNIVERSITY AVE"": {""osm_lanes_max"": 4, ""left_turn_lane"": ""no"", ""bike_lane"": """", ""divided"": ""yes"", ""one_way"": """", ""speed_mph"": 35}}"
SW 38TH ST & W NEWBERRY RD,True,8.9,3,29.6523006,-82.380893,3.0,yes,5.0,5.0,0.0,4.0,3.0,yes,yes,yes,,35.0,"{""38TH ST"": {""osm_lanes_max"": 3, ""left_turn_lane"": ""yes"", ""bike_lane"": """", ""divided"": ""no"", ""one_way"": """", ""speed_mph"": null}, ""NEWBERRY RD"": {""osm_lanes_max"": 3, ""left_turn_lane"": ""yes"", ""bike_lane"": ""yes"", ""divided"": ""yes"", ""one_way"": """", ""speed_mph"": 35}, ""UNIVERSITY AVE"": {""osm_lanes_max"": 2, ""left_turn_lane"": """", ""bike_lane"": ""yes"", ""divided"": ""yes"", ""one_way"": """", ""speed_mph"": 35}}"
E UNIVERSITY AVE & NE 10TH ST,True,15.2,1,29.651946,-82.3132884,2.0,,7.0,5.0,1.0,0.0,5.0,yes,,yes,,35.0,"{""10TH ST"": {""osm_lanes_max"": null, ""left_turn_lane"": """", ""bike_lane"": """", ""divided"": ""no"", ""one_way"": """", ""speed_mph"": null}, ""UNIVERSITY AVE"": {""osm_lanes_max"": 5, ""left_turn_lane"": ""yes"", ""bike_lane"": """", ""divided"": ""yes"", ""one_way"": """", ""speed_mph"": 35}}"
NW 16TH AVE & NW 2ND ST,True,15.8,1,29.6666189,-82.3266238,2.0,yes,5.0,3.0,0.0,0.0,3.0,yes,,no,,,"{""16TH AVE"": {""osm_lanes_max"": 3, ""left_turn_lane"": ""yes"", ""bike_lane"": """", ""divided"": ""no"", ""one_way"": """", ""speed_mph"": null}, ""2ND ST"": {""osm_lanes_max"": null, ""left_turn_lane"": """", ""bike_lane"": """", ""divided"": ""no"", ""one_way"": """", ""speed_mph"": null}}"
NW 23RD ST & NW 34TH BLVD,True,15.6,2,29.7082614,-82.3548524,2.0,yes,5.0,5.0,0.0,0.0,4.0,yes,yes,yes,,40.0,"{""23RD ST"": {""osm_lanes_max"": 2, ""left_turn_lane"": ""yes"", ""bike_lane"": ""yes"", ""divided"": ""yes"", ""one_way"": """", ""speed_mph"": null}, ""34TH BLVD"": {""osm_lanes_max"": 4, ""left_turn_lane"": ""yes"", ""bike_lane"": ""yes"", ""divided"": ""no"", ""one_way"": """", ""speed_mph"": 40}}"
NE 15TH ST & NE 39TH AVE,True,9.7,2,29.6883668,-82.3057826,2.0,yes,4.0,0.0,0.0,0.0,3.0,yes,yes,yes,,45.0,"{""15TH ST"": {""osm_lanes_max"": 3, ""left_turn_lane"": ""yes"", ""bike_lane"": ""yes"", ""divided"": ""no"", ""one_way"": """", ""speed_mph"": null}, ""39TH AVE"": {""osm_lanes_max"": 3, ""left_turn_lane"": ""yes"", ""bike_lane"": ""yes"", ""divided"": ""yes"", ""one_way"": """", ""speed_mph"": 45}}"
NW 23RD AVE & NW 51ST ST,True,15.6,1,29.6741151,-82.3973373,2.0,yes,3.0,1.0,0.0,0.0,5.0,yes,yes,no,,45.0,"{""23RD AVE"": {""osm_lanes_max"": 5, ""left_turn_lane"": ""yes"", ""bike_lane"": ""yes"", ""divided"": ""no"", ""one_way"": """", ""speed_mph"": 45}, ""51ST ST"": {""osm_lanes_max"": 3, ""left_turn_lane"": ""yes"", ""bike_lane"": """", ""divided"": ""no"", ""one_way"": """", ""speed_mph"": null}}"
NE 3RD AVE & NE WALDO RD,True,11.8,1,29.6538383,-82.3101939,3.0,,1.0,0.0,1.0,0.0,5.0,yes,,yes,,45.0,"{""12TH ST"": {""osm_lanes_max"": null, ""left_turn_lane"": """", ""bike_lane"": """", ""divided"": ""no"", ""one_way"": """", ""speed_mph"": null}, ""3RD AVE"": {""osm_lanes_max"": null, ""left_turn_lane"": """", ""bike_lane"": """", ""divided"": ""yes"", ""one_way"": """", ""speed_mph"": null}, ""WALDO RD"": {""osm_lanes_max"": 5, ""left_turn_lane"": ""yes"", ""bike_lane"": """", ""divided"": ""no"", ""one_way"": """", ""speed_mph"": 45}}"
NW 39TH RD & W NEWBERRY RD,True,9.4,9,29.6532464,-82.3833944,2.0,yes,3.0,3.0,0.0,0.0,3.0,yes,yes,yes,,35.0,"{""39TH RD"": {""osm_lanes_max"": 2, ""left_turn_lane"": """", ""bike_lane"": ""yes"", ""divided"": ""no"", ""one_way"": """", ""speed_mph"": null}, ""NEWBERRY RD"": {""osm_lanes_max"": 3, ""left_turn_lane"": ""yes"", ""bike_lane"": """", ""divided"": ""yes"", ""one_way"": """", ""speed_mph"": 35}}"
E UNIVERSITY AVE & NE 15TH ST,True,9.8,6,29.6519372,-82.3058529,2.0,yes,1.0,1.0,0.0,0.0,3.0,,yes,yes,,35.0,"{""15TH ST"": {""osm_lanes_max"": 2, ""left_turn_lane"": """", ""bike_lane"": ""yes"", ""divided"": ""no"", ""one_way"": """", ""speed_mph"": null}, ""UNIVERSITY AVE"": {""osm_lanes_max"": 3, ""left_turn_lane"": """", ""bike_lane"": """", ""divided"": ""yes"", ""one_way"": """", ""speed_mph"": 35}}"
NW 13TH ST & NW 22ND AVE,True,16.1,1,29.6731193,-82.339138,2.0,,6.0,0.0,6.0,0.0,5.0,yes,,no,,35.0,"{""13TH ST"": {""osm_lanes_max"": 5, ""left_turn_lane"": ""yes"", ""bike_lane"": """", ""divided"": ""no"", ""one_way"": """", ""speed_mph"": 35}, ""22ND AVE"": {""osm_lanes_max"": null, ""left_turn_lane"": """", ""bike_lane"": """", ""divided"": ""no"", ""one_way"": """", ""speed_mph"": null}}"
NW 70TH ST & W NEWBERRY RD,False,,0,,,,,,,,,,,,,,,
SW 23RD ST & W UNIVERSITY AVE,True,15.2,1,29.652104,-82.356459,2.0,,2.0,2.0,0.0,0.0,3.0,,yes,no,,35.0,"{""23RD ST"": {""osm_lanes_max"": 2, ""left_turn_lane"": """", ""bike_lane"": ""yes"", ""divided"": ""no"", ""one_way"": """", ""speed_mph"": null}, ""UNIVERSITY AVE"": {""osm_lanes_max"": 3, ""left_turn_lane"": """", ""bike_lane"": ""yes"", ""divided"": ""no"", ""one_way"": """", ""speed_mph"": 35}}"
NW 29TH TER & NW 39TH AVE,True,12.6,1,29.688608,-82.3659777,2.0,yes,5.0,0.0,2.0,0.0,5.0,yes,yes,yes,,45.0,"{""29TH TER"": {""osm_lanes_max"": null, ""left_turn_lane"": """", ""bike_lane"": """", ""divided"": ""yes"", ""one_way"": """", ""speed_mph"": null}, ""39TH AVE"": {""osm_lanes_max"": 5, ""left_turn_lane"": ""yes"", ""bike_lane"": ""yes"", ""divided"": ""no"", ""one_way"": """", ""speed_mph"": 45}}"
NW 19TH ST & NW 39TH AVE,True,12.1,4,29.6885219,-82.3474548,2.0,yes,5.0,0.0,1.0,0.0,5.0,yes,yes,no,,45.0,"{""19TH ST"": {""osm_lanes_max"": 2, ""left_turn_lane"": """", ""bike_lane"": """", ""divided"": ""no"", ""one_way"": """", ""speed_mph"": null}, ""39TH AVE"": {""osm_lanes_max"": 5, ""left_turn_lane"": ""yes"", ""bike_lane"": ""yes"", ""divided"": ""no"", ""one_way"": """", ""speed_mph"": 45}}"
N MAIN ST & NE 53RD AVE,True,11.9,1,29.7030941,-82.3172353,2.0,yes,0.0,0.0,0.0,0.0,2.0,,,no,,,"{""53RD AVE"": {""osm_lanes_max"": 2, ""left_turn_lane"": """", ""bike_lane"": """", ""divided"": ""no"", ""one_way"": """", ""speed_mph"": null}, ""MAIN ST"": {""osm_lanes_max"": 2, ""left_turn_lane"": """", ""bike_lane"": """", ""divided"": ""no"", ""one_way"": """", ""speed_mph"": null}}"
SW 20TH AVE & SW 42ND ST,True,19.2,1,29.635151,-82.387208,2.0,,1.0,1.0,0.0,0.0,2.0,,yes,no,,40.0,"{""20TH AVE"": {""osm_lanes_max"": 2, ""left_turn_lane"": """", ""bike_lane"": ""yes"", ""divided"": ""no"", ""one_way"": """", ""speed_mph"": 40}, ""42ND ST"": {""osm_lanes_max"": null, ""left_turn_lane"": """", ""bike_lane"": """", ""divided"": ""no"", ""one_way"": """", ""speed_mph"": null}}"
SW 2ND AVE & W UNIVERSITY AVE,True,9.6,4,29.6520765,-82.3521886,3.0,yes,7.0,4.0,3.0,4.0,3.0,yes,yes,yes,,35.0,"{""21ST TER"": {""osm_lanes_max"": null, ""left_turn_lane"": """", ""bike_lane"": """", ""divided"": ""yes"", ""one_way"": """", ""speed_mph"": null}, ""2ND AVE"": {""osm_lanes_max"": 2, ""left_turn_lane"": ""yes"", ""bike_lane"": """", ""divided"": ""yes"", ""one_way"": """", ""speed_mph"": 35}, ""UNIVERSITY AVE"": {""osm_lanes_max"": 3, ""left_turn_lane"": ""yes"", ""bike_lane"": ""yes"", ""divided"": ""yes"", ""one_way"": """", ""speed_mph"": 35}}"
SW 17TH RD & SW 24TH AVE,True,15.5,2,29.6370661,-82.4129945,2.0,,5.0,5.0,0.0,0.0,4.0,yes,yes,yes,,45.0,"{""17TH RD"": {""osm_lanes_max"": 1, ""left_turn_lane"": """", ""bike_lane"": """", ""divided"": ""yes"", ""one_way"": """", ""speed_mph"": 30}, ""24TH AVE"": {""osm_lanes_max"": 4, ""left_turn_lane"": ""yes"", ""bike_lane"": ""yes"", ""divided"": ""no"", ""one_way"": """", ""speed_mph"": 45}}"
E UNIVERSITY AVE & NE 1ST ST,True,14.1,1,29.6519561,-82.3239621,2.0,yes,5.0,1.0,0.0,0.0,5.0,yes,no,yes,,30.0,"{""1ST ST"": {""osm_lanes_max"": null, ""left_turn_lane"": """", ""bike_lane"": """", ""divided"": ""no"", ""one_way"": """", ""speed_mph"": null}, ""UNIVERSITY AVE"": {""osm_lanes_max"": 5, ""left_turn_lane"": ""yes"", ""bike_lane"": ""no"", ""divided"": ""yes"", ""one_way"": """", ""speed_mph"": 30}}"
SW 2ND AVE & SW 6TH ST,True,22.9,2,29.650253,-82.330442,3.0,,9.0,9.0,0.0,0.0,2.0,,yes,yes,yes,,"{""2ND AVE"": {""osm_lanes_max"": 2, ""left_turn_lane"": """", ""bike_lane"": ""yes"", ""divided"": ""yes"", ""one_way"": """", ""speed_mph"": null}, ""5TH TER"": {""osm_lanes_max"": null, ""left_turn_lane"": """", ""bike_lane"": """", ""divided"": ""no"", ""one_way"": ""yes"", ""speed_mph"": null}, ""6TH ST"": {""osm_lanes_max"": 2, ""left_turn_lane"": """", ""bike_lane"": ""yes"", ""divided"": ""yes"", ""one_way"": """", ""speed_mph"": null}}"
NW 16TH AVE & NW 16TH TER,True,8.4,2,29.6667024,-82.3432727,2.0,yes,5.0,0.0,1.0,0.0,3.0,yes,yes,yes,,40.0,"{""16TH AVE"": {""osm_lanes_max"": 3, ""left_turn_lane"": ""yes"", ""bike_lane"": ""yes"", ""divided"": ""yes"", ""one_way"": """", ""speed_mph"": 40}, ""16TH TER"": {""osm_lanes_max"": 2, ""left_turn_lane"": """", ""bike_lane"": """", ""divided"": ""no"", ""one_way"": """", ""speed_mph"": 30}}"
SW 19TH AVE & SW 34TH ST,True,23.0,3,29.6349142,-82.3725006,2.0,,2.0,1.0,1.0,0.0,4.0,yes,yes,yes,,45.0,"{""19TH AVE"": {""osm_lanes_max"": null, ""left_turn_lane"": """", ""bike_lane"": """", ""divided"": ""no"", ""one_way"": """", ""speed_mph"": null}, ""34TH ST"": {""osm_lanes_max"": 4, ""left_turn_lane"": ""yes"", ""bike_lane"": ""yes"", ""divided"": ""yes"", ""one_way"": """", ""speed_mph"": 45}}"
NW 13TH ST & NW 19TH LN,True,14.8,1,29.6702542,-82.3391462,2.0,yes,4.0,0.0,0.0,0.0,5.0,yes,no,no,,35.0,"{""13TH ST"": {""osm_lanes_max"": 5, ""left_turn_lane"": ""yes"", ""bike_lane"": """", ""divided"": ""no"", ""one_way"": """", ""speed_mph"": 35}, ""19TH LN"": {""osm_lanes_max"": null, ""left_turn_lane"": """", ""bike_lane"": ""no"", ""divided"": ""no"", ""one_way"": """", ""speed_mph"": null}}"
NW 13TH ST & NW 7TH AVE,True,15.9,1,29.6575467,-82.3391847,2.0,yes,9.0,1.0,4.0,0.0,5.0,yes,,yes,,30.0,"{""13TH ST"": {""osm_lanes_max"": 5, ""left_turn_lane"": ""yes"", ""bike_lane"": """", ""divided"": ""yes"", ""one_way"": """", ""speed_mph"": 30}, ""7TH AVE"": {""osm_lanes_max"": null, ""left_turn_lane"": """", ""bike_lane"": """", ""divided"": ""no"", ""one_way"": """", ""speed_mph"": null}}"
NW 43RD ST & NW 51ST AVE,False,,0,,,,,,,,,,,,,,,
SW 13TH ST & SW 4TH AVE,True,15.8,1,29.6484454,-82.3393266,2.0,yes,7.0,5.0,2.0,5.0,5.0,yes,no,yes,,30.0,"{""13TH ST"": {""osm_lanes_max"": 5, ""left_turn_lane"": ""yes"", ""bike_lane"": ""no"", ""divided"": ""yes"", ""one_way"": """", ""speed_mph"": 30}, ""4TH AVE"": {""osm_lanes_max"": 3, ""left_turn_lane"": ""yes"", ""bike_lane"": ""no"", ""divided"": ""no"", ""one_way"": """", ""speed_mph"": null}}"
NW 22ND ST & W UNIVERSITY AVE,True,12.9,9,29.6520846,-82.3535901,2.0,yes,7.0,4.0,3.0,2.0,3.0,yes,yes,yes,,35.0,"{""22ND ST"": {""osm_lanes_max"": 2, ""left_turn_lane"": """", ""bike_lane"": """", ""divided"": ""no"", ""one_way"": """", ""speed_mph"": null}, ""UNIVERSITY AVE"": {""osm_lanes_max"": 3, ""left_turn_lane"": ""yes"", ""bike_lane"": ""yes"", ""divided"": ""yes"", ""one_way"": """", ""speed_mph"": 35}}"
NW 16TH ST & W UNIVERSITY AVE,True,11.4,2,29.6520738,-82.3432375,2.0,,2.0,2.0,0.0,0.0,3.0,yes,,yes,,25.0,"{""16TH ST"": {""osm_lanes_max"": null, ""left_turn_lane"": """", ""bike_lane"": """", ""divided"": ""no"", ""one_way"": """", ""speed_mph"": null}, ""UNIVERSITY AVE"": {""osm_lanes_max"": 3, ""left_turn_lane"": ""yes"", ""bike_lane"": """", ""divided"": ""yes"", ""one_way"": """", ""speed_mph"": 25}}"
SW 23RD ST & SW 35TH PL,False,,0,,,,,,,,,,,,,,,
SW 24TH AVE & SW 38TH TER,False,,0,,,,,,,,,,,,,,,
NW 24TH BLVD & NW 39TH AVE,True,12.0,1,29.688529,-82.3583694,2.0,yes,4.0,0.0,0.0,0.0,5.0,yes,yes,yes,,45.0,"{""24TH BLVD"": {""osm_lanes_max"": 3, ""left_turn_lane"": ""yes"", ""bike_lane"": """", ""divided"": ""yes"", ""one_way"": """", ""speed_mph"": 30}, ""39TH AVE"": {""osm_lanes_max"": 5, ""left_turn_lane"": ""yes"", ""bike_lane"": ""yes"", ""divided"": ""no"", ""one_way"": """", ""speed_mph"": 45}}"
SE 11TH ST & SE 2ND AVE,True,7.6,3,29.6500822,-82.3114965,2.0,yes,2.0,2.0,0.0,2.0,3.0,yes,yes,yes,,35.0,"{""11TH ST"": {""osm_lanes_max"": 3, ""left_turn_lane"": ""yes"", ""bike_lane"": ""yes"", ""divided"": ""yes"", ""one_way"": """", ""speed_mph"": 35}, ""2ND AVE"": {""osm_lanes_max"": 3, ""left_turn_lane"": """", ""bike_lane"": ""yes"", ""divided"": ""yes"", ""one_way"": """", ""speed_mph"": 30}}"
S MAIN ST & SW DEPOT AVE,False,,0,,,,,,,,,,,,,,,
NW 3RD AVE & NW 6TH ST,True,9.2,3,29.6538862,-82.3305549,2.0,,7.0,5.0,0.0,0.0,2.0,,no,no,,,"{""3RD AVE"": {""osm_lanes_max"": null, ""left_turn_lane"": """", ""bike_lane"": ""no"", ""divided"": ""no"", ""one_way"": """", ""speed_mph"": null}, ""6TH ST"": {""osm_lanes_max"": 2, ""left_turn_lane"": """", ""bike_lane"": ""no"", ""divided"": ""no"", ""one_way"": """", ""speed_mph"": null}}"
NE 7TH ST & NE 8TH AVE,True,15.3,1,29.65936,-82.317411,2.0,,2.0,2.0,0.0,0.0,3.0,yes,,no,,,"{""7TH ST"": {""osm_lanes_max"": null, ""left_turn_lane"": """", ""bike_lane"": """", ""divided"": ""no"", ""one_way"": """", ""speed_mph"": null}, ""8TH AVE"": {""osm_lanes_max"": 3, ""left_turn_lane"": ""yes"", ""bike_lane"": """", ""divided"": ""no"", ""one_way"": """", ""speed_mph"": null}}"
NW 1ST PL & NW 62ND ST,True,16.0,1,29.6533188,-82.4088687,2.0,yes,4.0,0.0,0.0,0.0,4.0,yes,,no,,,"{""1ST PL"": {""osm_lanes_max"": null, ""left_turn_lane"": """", ""bike_lane"": """", ""divided"": ""no"", ""one_way"": """", ""speed_mph"": null}, ""62ND ST"": {""osm_lanes_max"": 4, ""left_turn_lane"": ""yes"", ""bike_lane"": """", ""divided"": ""no"", ""one_way"": """", ""speed_mph"": null}}"
NE 2ND ST & NE 39TH AVE,True,10.5,2,29.6884392,-82.3225313,3.0,yes,4.0,0.0,0.0,0.0,3.0,yes,yes,yes,,45.0,"{""2ND ST"": {""osm_lanes_max"": 3, ""left_turn_lane"": ""yes"", ""bike_lane"": """", ""divided"": ""no"", ""one_way"": """", ""speed_mph"": null}, ""2ND WAY"": {""osm_lanes_max"": null, ""left_turn_lane"": """", ""bike_lane"": """", ""divided"": ""no"", ""one_way"": """", ""speed_mph"": null}, ""39TH AVE"": {""osm_lanes_max"": 3, ""left_turn_lane"": ""yes"", ""bike_lane"": ""yes"", ""divided"": ""yes"", ""one_way"": """", ""speed_mph"": 45}}"
SW 4TH PL & SW 62ND BLVD,False,,0,,,,,,,,,,,,,,,
NW 15TH ST & W UNIVERSITY AVE,True,9.8,2,29.652074,-82.3417984,2.0,yes,3.0,3.0,0.0,3.0,3.0,yes,yes,yes,,25.0,"{""15TH ST"": {""osm_lanes_max"": null, ""left_turn_lane"": """", ""bike_lane"": ""yes"", ""divided"": ""no"", ""one_way"": """", ""speed_mph"": null}, ""UNIVERSITY AVE"": {""osm_lanes_max"": 3, ""left_turn_lane"": ""yes"", ""bike_lane"": """", ""divided"": ""yes"", ""one_way"": """", ""speed_mph"": 25}}"
NW 21ST TER & NW 8TH AVE,True,15.4,1,29.6594374,-82.3525022,2.0,,5.0,1.0,4.0,0.0,3.0,yes,,no,,,"{""21ST TER"": {""osm_lanes_max"": null, ""left_turn_lane"": """", ""bike_lane"": """", ""divided"": ""no"", ""one_way"": """", ""speed_mph"": null}, ""8TH AVE"": {""osm_lanes_max"": 3, ""left_turn_lane"": ""yes"", ""bike_lane"": """", ""divided"": ""no"", ""one_way"": """", ""speed_mph"": null}}"
SHEALY DR & SW 16TH AVE,True,8.1,2,29.6349298,-82.3513099,2.0,yes,2.0,2.0,0.0,2.0,3.0,yes,,yes,,35.0,"{""16TH AVE"": {""osm_lanes_max"": 3, ""left_turn_lane"": ""yes"", ""bike_lane"": """", ""divided"": ""yes"", ""one_way"": """", ""speed_mph"": 35}, ""SHEALY DR"": {""osm_lanes_max"": 3, ""left_turn_lane"": ""yes"", ""bike_lane"": """", ""divided"": ""no"", ""one_way"": """", ""speed_mph"": null}}"
NW 34TH ST & NW 5TH AVE,True,16.4,1,29.6552008,-82.3724178,2.0,,6.0,1.0,5.0,0.0,3.0,,,no,,35.0,"{""34TH ST"": {""osm_lanes_max"": 3, ""left_turn_lane"": """", ""bike_lane"": """", ""divided"": ""no"", ""one_way"": """", ""speed_mph"": 35}, ""5TH AVE"": {""osm_lanes_max"": null, ""left_turn_lane"": """", ""bike_lane"": """", ""divided"": ""no"", ""one_way"": """", ""speed_mph"": null}}"
N MAIN ST & NW 10TH AVE,True,16.0,1,29.6610914,-82.324525,2.0,yes,5.0,4.0,1.0,0.0,3.0,yes,,no,,,"{""10TH AVE"": {""osm_lanes_max"": null, ""left_turn_lane"": """", ""bike_lane"": """", ""divided"": ""no"", ""one_way"": """", ""speed_mph"": null}, ""MAIN ST"": {""osm_lanes_max"": 3, ""left_turn_lane"": ""yes"", ""bike_lane"": """", ""divided"": ""no"", ""one_way"": """", ""speed_mph"": null}}"
SE 11TH AVE & SE 11TH ST,True,7.3,10,29.6409944,-82.3115989,2.0,,2.0,2.0,0.0,0.0,2.0,,yes,yes,,35.0,"{""11TH AVE"": {""osm_lanes_max"": null, ""left_turn_lane"": """", ""bike_lane"": """", ""divided"": ""no"", ""one_way"": """", ""speed_mph"": null}, ""11TH ST"": {""osm_lanes_max"": 2, ""left_turn_lane"": """", ""bike_lane"": ""yes"", ""divided"": ""yes"", ""one_way"": """", ""speed_mph"": 35}}"
SE 11TH ST & SE 7TH AVE,True,7.6,2,29.6457799,-82.3115186,2.0,yes,2.0,2.0,0.0,0.0,2.0,,yes,yes,,35.0,"{""11TH ST"": {""osm_lanes_max"": 2, ""left_turn_lane"": """", ""bike_lane"": ""yes"", ""divided"": ""yes"", ""one_way"": """", ""speed_mph"": 35}, ""7TH AVE"": {""osm_lanes_max"": 2, ""left_turn_lane"": """", ""bike_lane"": """", ""divided"": ""no"", ""one_way"": """", ""speed_mph"": null}}"
NW 15TH AVE & NW 34TH ST,True,12.9,5,29.6656482,-82.3723788,2.0,,5.0,1.0,1.0,0.0,3.0,yes,,no,,35.0,"{""15TH AVE"": {""osm_lanes_max"": null, ""left_turn_lane"": """", ""bike_lane"": """", ""divided"": ""no"", ""one_way"": """", ""speed_mph"": null}, ""34TH ST"": {""osm_lanes_max"": 3, ""left_turn_lane"": ""yes"", ""bike_lane"": """", ""divided"": ""no"", ""one_way"": """", ""speed_mph"": 35}}"
NW 4TH ST & NW 8TH AVE,True,13.5,1,29.6594177,-82.3288112,2.0,,6.0,3.0,3.0,0.0,5.0,,yes,yes,,30.0,"{""4TH ST"": {""osm_lanes_max"": null, ""left_turn_lane"": """", ""bike_lane"": """", ""divided"": ""no"", ""one_way"": """", ""speed_mph"": null}, ""8TH AVE"": {""osm_lanes_max"": 5, ""left_turn_lane"": """", ""bike_lane"": ""yes"", ""divided"": ""yes"", ""one_way"": """", ""speed_mph"": 30}}"
SW 34TH ST & SW 42ND AVE,True,7.1,7,29.6141474,-82.3720399,3.0,yes,6.0,2.0,0.0,0.0,3.0,,yes,yes,,45.0,"{""34TH ST"": {""osm_lanes_max"": 3, ""left_turn_lane"": """", ""bike_lane"": ""yes"", ""divided"": ""yes"", ""one_way"": """", ""speed_mph"": 45}, ""42ND AVE"": {""osm_lanes_max"": null, ""left_turn_lane"": """", ""bike_lane"": """", ""divided"": ""no"", ""one_way"": """", ""speed_mph"": null}, ""42ND PL"": {""osm_lanes_max"": null, ""left_turn_lane"": """", ""bike_lane"": """", ""divided"": ""no"", ""one_way"": """", ""speed_mph"": null}}"
NE 15TH ST & NE 53RD AVE,True,15.3,1,29.702969,-82.305774,2.0,,0.0,0.0,0.0,0.0,2.0,,yes,no,,,"{""15TH ST"": {""osm_lanes_max"": 2, ""left_turn_lane"": """", ""bike_lane"": ""yes"", ""divided"": ""no"", ""one_way"": """", ""speed_mph"": null}, ""53RD AVE"": {""osm_lanes_max"": 2, ""left_turn_lane"": """", ""bike_lane"": """", ""divided"": ""no"", ""one_way"": """", ""speed_mph"": null}}"
S MAIN ST & SW 4TH AVE,True,14.7,1,29.6483654,-82.3249885,2.0,yes,7.0,4.0,1.0,4.0,3.0,yes,yes,no,,35.0,"{""4TH AVE"": {""osm_lanes_max"": 3, ""left_turn_lane"": ""yes"", ""bike_lane"": """", ""divided"": ""no"", ""one_way"": """", ""speed_mph"": null}, ""MAIN ST"": {""osm_lanes_max"": 3, ""left_turn_lane"": ""yes"", ""bike_lane"": ""yes"", ""divided"": ""no"", ""one_way"": """", ""speed_mph"": 35}}"
NW 29TH ST & NW 34TH BLVD,False,,0,,,,,,,,,,,,,,,
SE 15TH ST & SE 8TH AVE,True,15.9,1,29.6445377,-82.3058651,2.0,,2.0,2.0,0.0,0.0,2.0,,yes,no,,,"{""15TH ST"": {""osm_lanes_max"": 2, ""left_turn_lane"": """", ""bike_lane"": ""yes"", ""divided"": ""no"", ""one_way"": """", ""speed_mph"": null}, ""8TH AVE"": {""osm_lanes_max"": 2, ""left_turn_lane"": """", ""bike_lane"": ""yes"", ""divided"": ""no"", ""one_way"": """", ""speed_mph"": null}}"
NW 37TH PL & NW 43RD ST,True,17.3,1,29.687537,-82.388934,2.0,,2.0,1.0,1.0,0.0,6.0,yes,yes,no,,45.0,"{""37TH PL"": {""osm_lanes_max"": 2, ""left_turn_lane"": """", ""bike_lane"": """", ""divided"": ""no"", ""one_way"": """", ""speed_mph"": 25}, ""43RD ST"": {""osm_lanes_max"": 6, ""left_turn_lane"": ""yes"", ""bike_lane"": ""yes"", ""divided"": ""no"", ""one_way"": """", ""speed_mph"": 45}}"
NW 36TH ST & NW 8TH AVE,True,12.4,1,29.659504,-82.376436,2.0,,3.0,1.0,2.0,0.0,4.0,,,no,,,"{""36TH ST"": {""osm_lanes_max"": null, ""left_turn_lane"": """", ""bike_lane"": """", ""divided"": ""no"", ""one_way"": """", ""speed_mph"": null}, ""8TH AVE"": {""osm_lanes_max"": 4, ""left_turn_lane"": """", ""bike_lane"": """", ""divided"": ""no"", ""one_way"": """", ""speed_mph"": null}}"
SW 13TH ST & SW 21ST AVE,True,7.0,2,29.6328392,-82.3393522,2.0,,7.0,1.0,5.0,0.0,3.0,yes,yes,yes,,45.0,"{""13TH ST"": {""osm_lanes_max"": 3, ""left_turn_lane"": ""yes"", ""bike_lane"": ""yes"", ""divided"": ""yes"", ""one_way"": """", ""speed_mph"": 45}, ""21ST AVE"": {""osm_lanes_max"": null, ""left_turn_lane"": """", ""bike_lane"": """", ""divided"": ""no"", ""one_way"": """", ""speed_mph"": null}}"
NW 12TH ST & NW 23RD AVE,True,13.6,1,29.6739681,-82.337053,2.0,,3.0,2.0,0.0,0.0,4.0,,,no,,35.0,"{""12TH ST"": {""osm_lanes_max"": null, ""left_turn_lane"": """", ""bike_lane"": """", ""divided"": ""no"", ""one_way"": """", ""speed_mph"": null}, ""23RD AVE"": {""osm_lanes_max"": 4, ""left_turn_lane"": """", ""bike_lane"": """", ""divided"": ""no"", ""one_way"": """", ""speed_mph"": 35}}"
NW 64TH TER & W NEWBERRY RD,False,,0,,,,,,,,,,,,,,,
NW 13TH ST & NW 21ST AVE,True,15.2,4,29.6721034,-82.339141,2.0,,5.0,1.0,4.0,0.0,5.0,,,no,,35.0,"{""13TH ST"": {""osm_lanes_max"": 5, ""left_turn_lane"": """", ""bike_lane"": """", ""divided"": ""no"", ""one_way"": """", ""speed_mph"": 35}, ""21ST AVE"": {""osm_lanes_max"": null, ""left_turn_lane"": """", ""bike_lane"": """", ""divided"": ""no"", ""one_way"": """", ""speed_mph"": null}}"
NW 22ND DR & NW 39TH AVE,True,10.6,2,29.6885084,-82.3543896,2.0,,4.0,3.0,1.0,0.0,5.0,yes,yes,yes,,45.0,"{""22ND DR"": {""osm_lanes_max"": 2, ""left_turn_lane"": ""yes"", ""bike_lane"": """", ""divided"": ""yes"", ""one_way"": """", ""speed_mph"": null}, ""39TH AVE"": {""osm_lanes_max"": 5, ""left_turn_lane"": ""yes"", ""bike_lane"": ""yes"", ""divided"": ""no"", ""one_way"": """", ""speed_mph"": 45}}"
SW 29TH DR & SW WILLISTON RD,True,8.9,2,29.6078417,-82.365277,2.0,,4.0,2.0,2.0,0.0,3.0,yes,yes,yes,,45.0,"{""29TH DR"": {""osm_lanes_max"": 3, ""left_turn_lane"": ""yes"", ""bike_lane"": """", ""divided"": ""no"", ""one_way"": """", ""speed_mph"": null}, ""WILLISTON RD"": {""osm_lanes_max"": 3, ""left_turn_lane"": ""yes"", ""bike_lane"": ""yes"", ""divided"": ""yes"", ""one_way"": """", ""speed_mph"": 45}}"
SW 11TH AVE & SW 13TH ST,True,15.4,1,29.640159,-82.3393186,2.0,,2.0,2.0,0.0,0.0,4.0,yes,yes,yes,,35.0,"{""11TH AVE"": {""osm_lanes_max"": 3, ""left_turn_lane"": ""yes"", ""bike_lane"": """", ""divided"": ""no"", ""one_way"": """", ""speed_mph"": null}, ""13TH ST"": {""osm_lanes_max"": 4, ""left_turn_lane"": ""yes"", ""bike_lane"": ""yes"", ""divided"": ""yes"", ""one_way"": """", ""speed_mph"": 35}}"
NW 10TH AVE & NW 13TH ST,True,15.4,1,29.661205,-82.33917,2.0,yes,5.0,1.0,2.0,0.0,5.0,yes,,no,,35.0,"{""10TH AVE"": {""osm_lanes_max"": 3, ""left_turn_lane"": ""yes"", ""bike_lane"": """", ""divided"": ""no"", ""one_way"": """", ""speed_mph"": null}, ""13TH ST"": {""osm_lanes_max"": 5, ""left_turn_lane"": ""yes"", ""bike_lane"": """", ""divided"": ""no"", ""one_way"": """", ""speed_mph"": 35}}"
NW 31ST BLVD & NW 34TH ST,True,15.2,4,29.6867372,-82.3723268,3.0,yes,4.0,0.0,0.0,0.0,3.0,yes,yes,no,,40.0,"{""31ST BLVD"": {""osm_lanes_max"": 3, ""left_turn_lane"": ""yes"", ""bike_lane"": ""yes"", ""divided"": ""no"", ""one_way"": """", ""speed_mph"": null}, ""34TH ST"": {""osm_lanes_max"": 3, ""left_turn_lane"": ""yes"", ""bike_lane"": ""yes"", ""divided"": ""no"", ""one_way"": """", ""speed_mph"": 40}, ""37TH AVE"": {""osm_lanes_max"": null, ""left_turn_lane"": """", ""bike_lane"": ""no"", ""divided"": ""no"", ""one_way"": """", ""speed_mph"": 25}}"
CLARK BUTLER BLVD & SW 42ND ST,True,30.3,2,29.6279436,-82.3857798,2.0,,3.0,3.0,0.0,0.0,3.0,no,yes,yes,,25.0,"{""42ND ST"": {""osm_lanes_max"": 1, ""left_turn_lane"": """", ""bike_lane"": ""yes"", ""divided"": ""yes"", ""one_way"": """", ""speed_mph"": 25}, ""CLARK BUTLER BLVD"": {""osm_lanes_max"": 3, ""left_turn_lane"": ""no"", ""bike_lane"": ""yes"", ""divided"": ""yes"", ""one_way"": """", ""speed_mph"": null}}"
NW 34TH BLVD & NW 55TH BLVD,True,16.2,6,29.7067438,-82.3563457,2.0,,2.0,0.0,2.0,0.0,2.0,,yes,no,,40.0,"{""34TH BLVD"": {""osm_lanes_max"": 2, ""left_turn_lane"": """", ""bike_lane"": ""yes"", ""divided"": ""no"", ""one_way"": """", ""speed_mph"": 40}, ""55TH BLVD"": {""osm_lanes_max"": null, ""left_turn_lane"": """", ""bike_lane"": """", ""divided"": ""no"", ""one_way"": """", ""speed_mph"": null}}"
SW 34TH ST & SW 47TH AVE,True,6.7,2,29.6091464,-82.3715184,2.0,yes,4.0,4.0,0.0,4.0,4.0,yes,yes,yes,,45.0,"{""34TH ST"": {""osm_lanes_max"": 4, ""left_turn_lane"": ""yes"", ""bike_lane"": ""yes"", ""divided"": ""yes"", ""one_way"": """", ""speed_mph"": 45}, ""47TH AVE"": {""osm_lanes_max"": 3, ""left_turn_lane"": ""yes"", ""bike_lane"": """", ""divided"": ""no"", ""one_way"": """", ""speed_mph"": null}}"
NW 13TH ST & NW 45TH AVE,True,9.7,2,29.6958211,-82.3390191,2.0,,3.0,2.0,0.0,0.0,3.0,yes,yes,yes,,45.0,"{""13TH ST"": {""osm_lanes_max"": 3, ""left_turn_lane"": ""yes"", ""bike_lane"": ""yes"", ""divided"": ""yes"", ""one_way"": """", ""speed_mph"": 45}, ""45TH AVE"": {""osm_lanes_max"": 2, ""left_turn_lane"": """", ""bike_lane"": ""yes"", ""divided"": ""no"", ""one_way"": """", ""speed_mph"": null}}"
NW 10TH AVE & NW 6TH ST,True,19.1,1,29.6611367,-82.3309052,2.0,yes,3.0,1.0,0.0,0.0,5.0,yes,,no,,30.0,"{""10TH AVE"": {""osm_lanes_max"": null, ""left_turn_lane"": """", ""bike_lane"": """", ""divided"": ""no"", ""one_way"": """", ""speed_mph"": null}, ""6TH ST"": {""osm_lanes_max"": 5, ""left_turn_lane"": ""yes"", ""bike_lane"": """", ""divided"": ""no"", ""one_way"": """", ""speed_mph"": 30}}"
NE 15TH ST & NE 23RD AVE,True,13.7,1,29.6738199,-82.3058481,2.0,yes,5.0,0.0,0.0,0.0,5.0,yes,,no,,40.0,"{""15TH ST"": {""osm_lanes_max"": 2, ""left_turn_lane"": """", ""bike_lane"": """", ""divided"": ""no"", ""one_way"": """", ""speed_mph"": null}, ""23RD AVE"": {""osm_lanes_max"": 5, ""left_turn_lane"": ""yes"", ""bike_lane"": """", ""divided"": ""no"", ""one_way"": """", ""speed_mph"": 40}}"
NW 72ND ST & W NEWBERRY RD,False,,0,,,,,,,,,,,,,,,
NW 22ND ST & NW 67TH PL,False,,0,,,,,,,,,,,,,,,
SW 32ND TER & SW 35TH PL,True,18.7,1,29.6217,-82.370861,2.0,,3.0,3.0,0.0,0.0,2.0,,yes,no,,30.0,"{""32ND TER"": {""osm_lanes_max"": null, ""left_turn_lane"": """", ""bike_lane"": """", ""divided"": ""no"", ""one_way"": """", ""speed_mph"": null}, ""35TH PL"": {""osm_lanes_max"": 2, ""left_turn_lane"": """", ""bike_lane"": ""yes"", ""divided"": ""no"", ""one_way"": """", ""speed_mph"": 30}}"
NW 10TH ST & NW 8TH AVE,True,14.0,1,29.6594155,-82.335116,2.0,yes,5.0,0.0,0.0,0.0,3.0,yes,yes,no,,,"{""10TH ST"": {""osm_lanes_max"": null, ""left_turn_lane"": """", ""bike_lane"": """", ""divided"": ""no"", ""one_way"": """", ""speed_mph"": null}, ""8TH AVE"": {""osm_lanes_max"": 3, ""left_turn_lane"": ""yes"", ""bike_lane"": ""yes"", ""divided"": ""no"", ""one_way"": """", ""speed_mph"": null}}"
SW 20TH AVE & SW 40TH TER,False,,0,,,,,,,,,,,,,,,
SW 13TH ST & SW 14TH DR,True,6.9,2,29.6242442,-82.3394034,2.0,yes,3.0,0.0,0.0,0.0,2.0,,yes,yes,,45.0,"{""13TH ST"": {""osm_lanes_max"": 2, ""left_turn_lane"": """", ""bike_lane"": ""yes"", ""divided"": ""yes"", ""one_way"": """", ""speed_mph"": 45}, ""14TH DR"": {""osm_lanes_max"": null, ""left_turn_lane"": """", ""bike_lane"": """", ""divided"": ""no"", ""one_way"": """", ""speed_mph"": null}}"
E UNIVERSITY AVE & NE 25TH ST,True,7.6,4,29.6518896,-82.2923284,2.0,yes,3.0,3.0,0.0,0.0,2.0,,yes,yes,,45.0,"{""25TH ST"": {""osm_lanes_max"": 2, ""left_turn_lane"": """", ""bike_lane"": ""yes"", ""divided"": ""no"", ""one_way"": """", ""speed_mph"": null}, ""UNIVERSITY AVE"": {""osm_lanes_max"": 2, ""left_turn_lane"": """", ""bike_lane"": """", ""divided"": ""yes"", ""one_way"": """", ""speed_mph"": 45}}"
ACCESS RD & SR 26,True,8.3,3,29.6596051,-82.4105601,1.0,,2.0,2.0,0.0,0.0,4.0,no,,yes,,35.0,"{""NEWBERRY RD"": {""osm_lanes_max"": 4, ""left_turn_lane"": ""no"", ""bike_lane"": """", ""divided"": ""yes"", ""one_way"": """", ""speed_mph"": 35}}"
NW 8TH ST & W UNIVERSITY AVE,True,16.4,1,29.6520572,-82.3329104,2.0,yes,5.0,1.0,0.0,0.0,5.0,yes,,no,,30.0,"{""8TH ST"": {""osm_lanes_max"": null, ""left_turn_lane"": """", ""bike_lane"": """", ""divided"": ""no"", ""one_way"": """", ""speed_mph"": null}, ""UNIVERSITY AVE"": {""osm_lanes_max"": 5, ""left_turn_lane"": ""yes"", ""bike_lane"": """", ""divided"": ""no"", ""one_way"": """", ""speed_mph"": 30}}"
SW 34TH ST & SW 41ST PL,True,7.8,2,29.6154385,-82.3721899,2.0,,2.0,1.0,1.0,0.0,4.0,yes,yes,yes,,45.0,"{""34TH ST"": {""osm_lanes_max"": 4, ""left_turn_lane"": ""yes"", ""bike_lane"": ""yes"", ""divided"": ""yes"", ""one_way"": """", ""speed_mph"": 45}, ""41ST PL"": {""osm_lanes_max"": null, ""left_turn_lane"": """", ""bike_lane"": ""no"", ""divided"": ""no"", ""one_way"": """", ""speed_mph"": null}}"
NW 14TH ST & W UNIVERSITY AVE,True,22.1,1,29.6521214,-82.3405066,2.0,,3.0,2.0,1.0,1.0,4.0,yes,yes,yes,yes,25.0,"{""14TH ST"": {""osm_lanes_max"": null, ""left_turn_lane"": """", ""bike_lane"": ""yes"", ""divided"": ""no"", ""one_way"": ""yes"", ""speed_mph"": 25}, ""UNIVERSITY AVE"": {""osm_lanes_max"": 4, ""left_turn_lane"": ""yes"", ""bike_lane"": """", ""divided"": ""yes"", ""one_way"": """", ""speed_mph"": 25}}"
SW 20TH AVE & SW 39TH WAY,False,,0,,,,,,,,,,,,,,,
SE 1ST ST & SE 2ND AVE,True,7.4,2,29.650269,-82.3239534,2.0,,7.0,6.0,1.0,0.0,1.0,,yes,yes,,,"{""1ST ST"": {""osm_lanes_max"": null, ""left_turn_lane"": """", ""bike_lane"": """", ""divided"": ""no"", ""one_way"": """", ""speed_mph"": null}, ""2ND AVE"": {""osm_lanes_max"": 1, ""left_turn_lane"": """", ""bike_lane"": ""yes"", ""divided"": ""yes"", ""one_way"": """", ""speed_mph"": null}}"
NW 16TH AVE & NW 43RD ST,True,15.2,1,29.667216,-82.389006,2.0,,2.0,0.0,2.0,0.0,5.0,,yes,no,,45.0,"{""16TH PL"": {""osm_lanes_max"": null, ""left_turn_lane"": """", ""bike_lane"": """", ""divided"": ""no"", ""one_way"": """", ""speed_mph"": null}, ""43RD ST"": {""osm_lanes_max"": 5, ""left_turn_lane"": """", ""bike_lane"": ""yes"", ""divided"": ""no"", ""one_way"": """", ""speed_mph"": 45}}"
S MAIN ST & SE 1ST AVE,True,16.7,1,29.6510468,-82.3250117,2.0,yes,4.0,4.0,0.0,0.0,3.0,yes,yes,no,,30.0,"{""1ST AVE"": {""osm_lanes_max"": null, ""left_turn_lane"": """", ""bike_lane"": """", ""divided"": ""no"", ""one_way"": """", ""speed_mph"": null}, ""MAIN ST"": {""osm_lanes_max"": 3, ""left_turn_lane"": ""yes"", ""bike_lane"": ""yes"", ""divided"": ""no"", ""one_way"": """", ""speed_mph"": 30}}"
E UNIVERSITY AVE & NE 18TH ST,True,11.3,2,29.6519157,-82.3016421,2.0,,2.0,2.0,0.0,0.0,2.0,,,yes,,35.0,"{""18TH ST"": {""osm_lanes_max"": null, ""left_turn_lane"": """", ""bike_lane"": """", ""divided"": ""no"", ""one_way"": """", ""speed_mph"": null}, ""UNIVERSITY AVE"": {""osm_lanes_max"": 2, ""left_turn_lane"": """", ""bike_lane"": """", ""divided"": ""yes"", ""one_way"": """", ""speed_mph"": 35}}"
NE 39TH AVE & NE 4TH ST,True,8.4,2,29.6884201,-82.3204952,2.0,,5.0,3.0,1.0,0.0,3.0,yes,yes,yes,,45.0,"{""39TH AVE"": {""osm_lanes_max"": 3, ""left_turn_lane"": ""yes"", ""bike_lane"": ""yes"", ""divided"": ""yes"", ""one_way"": """", ""speed_mph"": 45}, ""4TH ST"": {""osm_lanes_max"": null, ""left_turn_lane"": """", ""bike_lane"": """", ""divided"": ""no"", ""one_way"": """", ""speed_mph"": null}}"
SW 3RD ST & W UNIVERSITY AVE,True,15.6,5,29.6520034,-82.3280568,2.0,yes,5.0,4.0,0.0,0.0,4.0,,,no,,30.0,"{""3RD ST"": {""osm_lanes_max"": null, ""left_turn_lane"": """", ""bike_lane"": """", ""divided"": ""no"", ""one_way"": """", ""speed_mph"": null}, ""UNIVERSITY AVE"": {""osm_lanes_max"": 4, ""left_turn_lane"": """", ""bike_lane"": """", ""divided"": ""no"", ""one_way"": """", ""speed_mph"": 30}}"
NE 49TH AVE & NE WALDO RD,True,6.1,4,29.699931,-82.2791185,2.0,yes,0.0,0.0,0.0,0.0,2.0,,yes,yes,,45.0,"{""49TH AVE"": {""osm_lanes_max"": 1, ""left_turn_lane"": """", ""bike_lane"": """", ""divided"": ""yes"", ""one_way"": """", ""speed_mph"": 30}, ""WALDO RD"": {""osm_lanes_max"": 2, ""left_turn_lane"": """", ""bike_lane"": ""yes"", ""divided"": ""yes"", ""one_way"": """", ""speed_mph"": 45}}"
SW 13TH ST & SW 3RD AVE,True,15.6,3,29.64928,-82.3393274,2.0,,2.0,1.0,1.0,0.0,5.0,yes,no,no,,30.0,"{""13TH ST"": {""osm_lanes_max"": 5, ""left_turn_lane"": ""yes"", ""bike_lane"": ""no"", ""divided"": ""no"", ""one_way"": """", ""speed_mph"": 30}, ""3RD AVE"": {""osm_lanes_max"": null, ""left_turn_lane"": """", ""bike_lane"": """", ""divided"": ""no"", ""one_way"": """", ""speed_mph"": null}}"
SW 10TH TER & SW 16TH AVE,True,16.3,1,29.6366104,-82.3353932,2.0,,6.0,3.0,3.0,0.0,5.0,yes,,yes,,35.0,"{""10TH TER"": {""osm_lanes_max"": null, ""left_turn_lane"": """", ""bike_lane"": """", ""divided"": ""yes"", ""one_way"": """", ""speed_mph"": null}, ""16TH AVE"": {""osm_lanes_max"": 5, ""left_turn_lane"": ""yes"", ""bike_lane"": """", ""divided"": ""no"", ""one_way"": """", ""speed_mph"": 35}}"
NW 18TH ST & W UNIVERSITY AVE,True,11.7,2,29.6520798,-82.3462883,3.0,yes,6.0,6.0,0.0,4.0,3.0,yes,yes,yes,yes,30.0,"{""18TH ST"": {""osm_lanes_max"": 1, ""left_turn_lane"": """", ""bike_lane"": ""yes"", ""divided"": ""no"", ""one_way"": ""yes"", ""speed_mph"": null}, ""FLETCHER DR"": {""osm_lanes_max"": 2, ""left_turn_lane"": """", ""bike_lane"": ""yes"", ""divided"": ""no"", ""one_way"": """", ""speed_mph"": 20}, ""UNIVERSITY AVE"": {""osm_lanes_max"": 3, ""left_turn_lane"": ""yes"", ""bike_lane"": ""no"", ""divided"": ""yes"", ""one_way"": """", ""speed_mph"": 30}}"
S MAIN ST & SW 2ND AVE,True,16.2,2,29.6502755,-82.325,2.0,yes,4.0,3.0,1.0,3.0,3.0,yes,yes,yes,,30.0,"{""2ND AVE"": {""osm_lanes_max"": 2, ""left_turn_lane"": """", ""bike_lane"": ""yes"", ""divided"": ""yes"", ""one_way"": """", ""speed_mph"": null}, ""MAIN ST"": {""osm_lanes_max"": 3, ""left_turn_lane"": ""yes"", ""bike_lane"": ""yes"", ""divided"": ""no"", ""one_way"": """", ""speed_mph"": 30}}"
NW 13TH ST & NW 50TH AVE,False,,0,,,,,,,,,,,,,,,
NW 14TH ST & NW 1ST AVE,True,18.0,1,29.6527846,-82.3405064,2.0,,2.0,2.0,0.0,0.0,,,yes,no,yes,25.0,"{""14TH ST"": {""osm_lanes_max"": null, ""left_turn_lane"": """", ""bike_lane"": ""yes"", ""divided"": ""no"", ""one_way"": ""yes"", ""speed_mph"": 25}, ""1ST AVE"": {""osm_lanes_max"": null, ""left_turn_lane"": """", ""bike_lane"": """", ""divided"": ""no"", ""one_way"": """", ""speed_mph"": null}}"
NW 19TH ST & W UNIVERSITY AVE,True,15.8,1,29.6520822,-82.347818,2.0,,1.0,1.0,0.0,0.0,5.0,yes,no,yes,,30.0,"{""19TH ST"": {""osm_lanes_max"": null, ""left_turn_lane"": """", ""bike_lane"": """", ""divided"": ""no"", ""one_way"": """", ""speed_mph"": null}, ""UNIVERSITY AVE"": {""osm_lanes_max"": 5, ""left_turn_lane"": ""yes"", ""bike_lane"": ""no"", ""divided"": ""yes"", ""one_way"": """", ""speed_mph"": 30}}"
NW 33RD CT & W UNIVERSITY AVE,True,23.5,2,29.652268,-82.3710821,2.0,,3.0,1.0,0.0,0.0,3.0,yes,yes,yes,,35.0,"{""33RD CT"": {""osm_lanes_max"": 1, ""left_turn_lane"": """", ""bike_lane"": """", ""divided"": ""no"", ""one_way"": """", ""speed_mph"": null}, ""UNIVERSITY AVE"": {""osm_lanes_max"": 3, ""left_turn_lane"": ""yes"", ""bike_lane"": ""yes"", ""divided"": ""yes"", ""one_way"": """", ""speed_mph"": 35}}"
SW 13TH PL & SW 62ND BLVD,False,,0,,,,,,,,,,,,,,,
N MAIN ST & NW 2ND AVE,True,16.6,1,29.6533309,-82.3250144,2.0,yes,6.0,0.0,0.0,0.0,3.0,,yes,no,,30.0,"{""2ND AVE"": {""osm_lanes_max"": 2, ""left_turn_lane"": """", ""bike_lane"": ""yes"", ""divided"": ""no"", ""one_way"": """", ""speed_mph"": null}, ""MAIN ST"": {""osm_lanes_max"": 3, ""left_turn_lane"": """", ""bike_lane"": ""yes"", ""divided"": ""no"", ""one_way"": """", ""speed_mph"": 30}}"
NW 13TH ST & NW 2ND AVE,False,,0,,,,,,,,,,,,,,,
NW 1ST ST & W UNIVERSITY AVE,True,12.6,1,29.6519473,-82.3258414,2.0,yes,6.0,4.0,0.0,0.0,4.0,,,no,,30.0,"{""1ST ST"": {""osm_lanes_max"": null, ""left_turn_lane"": """", ""bike_lane"": """", ""divided"": ""no"", ""one_way"": """", ""speed_mph"": null}, ""UNIVERSITY AVE"": {""osm_lanes_max"": 4, ""left_turn_lane"": """", ""bike_lane"": """", ""divided"": ""no"", ""one_way"": """", ""speed_mph"": 30}}"
NW 32ND ST & W UNIVERSITY AVE,True,17.6,3,29.6522357,-82.3699627,2.0,,2.0,2.0,0.0,0.0,3.0,,yes,yes,,35.0,"{""32ND ST"": {""osm_lanes_max"": null, ""left_turn_lane"": """", ""bike_lane"": """", ""divided"": ""no"", ""one_way"": """", ""speed_mph"": null}, ""UNIVERSITY AVE"": {""osm_lanes_max"": 3, ""left_turn_lane"": """", ""bike_lane"": ""yes"", ""divided"": ""yes"", ""one_way"": """", ""speed_mph"": 35}}"
SE 27TH ST & SE HAWTHORNE RD,True,7.5,5,29.6428217,-82.2891827,2.0,yes,2.0,2.0,0.0,0.0,2.0,,yes,yes,,45.0,"{""27TH ST"": {""osm_lanes_max"": 2, ""left_turn_lane"": """", ""bike_lane"": """", ""divided"": ""no"", ""one_way"": """", ""speed_mph"": null}, ""HAWTHORNE RD"": {""osm_lanes_max"": 2, ""left_turn_lane"": """", ""bike_lane"": ""yes"", ""divided"": ""yes"", ""one_way"": """", ""speed_mph"": 45}}"
SW 10TH ST & SW 2ND AVE,True,42.1,1,29.6497478,-82.3350679,3.0,,9.0,8.0,1.0,0.0,2.0,,yes,yes,,25.0,"{""10TH ST"": {""osm_lanes_max"": 1, ""left_turn_lane"": """", ""bike_lane"": ""yes"", ""divided"": ""no"", ""one_way"": """", ""speed_mph"": 25}, ""2ND AVE"": {""osm_lanes_max"": 2, ""left_turn_lane"": """", ""bike_lane"": ""yes"", ""divided"": ""yes"", ""one_way"": """", ""speed_mph"": null}, ""2ND PL"": {""osm_lanes_max"": null, ""left_turn_lane"": """", ""bike_lane"": """", ""divided"": ""no"", ""one_way"": """", ""speed_mph"": null}}"
NW 13TH ST & NW 6TH AVE,True,16.1,2,29.6565078,-82.3391999,2.0,,6.0,2.0,4.0,0.0,5.0,,,no,,30.0,"{""13TH ST"": {""osm_lanes_max"": 5, ""left_turn_lane"": """", ""bike_lane"": """", ""divided"": ""no"", ""one_way"": """", ""speed_mph"": 30}, ""6TH AVE"": {""osm_lanes_max"": null, ""left_turn_lane"": """", ""bike_lane"": """", ""divided"": ""no"", ""one_way"": """", ""speed_mph"": null}}"
NW 42ND AVE & NW 6TH ST,True,16.4,1,29.6921632,-82.3329322,2.0,,0.0,0.0,0.0,0.0,4.0,,,no,,35.0,"{""42ND AVE"": {""osm_lanes_max"": null, ""left_turn_lane"": """", ""bike_lane"": """", ""divided"": ""no"", ""one_way"": """", ""speed_mph"": null}, ""6TH ST"": {""osm_lanes_max"": 4, ""left_turn_lane"": """", ""bike_lane"": """", ""divided"": ""no"", ""one_way"": """", ""speed_mph"": 35}}"
NW 25TH ST & W UNIVERSITY AVE,True,15.3,1,29.652117,-82.360481,2.0,,2.0,2.0,0.0,0.0,3.0,,yes,no,,35.0,"{""25TH ST"": {""osm_lanes_max"": null, ""left_turn_lane"": """", ""bike_lane"": """", ""divided"": ""no"", ""one_way"": """", ""speed_mph"": null}, ""UNIVERSITY AVE"": {""osm_lanes_max"": 3, ""left_turn_lane"": """", ""bike_lane"": ""yes"", ""divided"": ""no"", ""one_way"": """", ""speed_mph"": 35}}"
NW 18TH TER & NW 8TH AVE,True,16.2,1,29.6594257,-82.3471474,2.0,yes,2.0,2.0,0.0,1.0,3.0,yes,,no,,,"{""18TH TER"": {""osm_lanes_max"": null, ""left_turn_lane"": """", ""bike_lane"": """", ""divided"": ""no"", ""one_way"": """", ""speed_mph"": null}, ""8TH AVE"": {""osm_lanes_max"": 3, ""left_turn_lane"": ""yes"", ""bike_lane"": """", ""divided"": ""no"", ""one_way"": """", ""speed_mph"": null}}"
NW 13TH AVE & NW 34TH ST,True,16.4,2,29.664639,-82.3723865,2.0,,2.0,1.0,1.0,0.0,3.0,,,no,,35.0,"{""13TH AVE"": {""osm_lanes_max"": null, ""left_turn_lane"": """", ""bike_lane"": """", ""divided"": ""no"", ""one_way"": """", ""speed_mph"": null}, ""34TH ST"": {""osm_lanes_max"": 3, ""left_turn_lane"": """", ""bike_lane"": """", ""divided"": ""no"", ""one_way"": """", ""speed_mph"": 35}}"
NW 11TH ST & W UNIVERSITY AVE,True,14.7,1,29.6520619,-82.3359967,2.0,,4.0,1.0,3.0,0.0,5.0,yes,,yes,,30.0,"{""11TH ST"": {""osm_lanes_max"": null, ""left_turn_lane"": """", ""bike_lane"": """", ""divided"": ""no"", ""one_way"": """", ""speed_mph"": null}, ""UNIVERSITY AVE"": {""osm_lanes_max"": 5, ""left_turn_lane"": ""yes"", ""bike_lane"": """", ""divided"": ""yes"", ""one_way"": """", ""speed_mph"": 30}}"
UNNAMED ST & W NEWBERRY RD,False,,0,,,,,,,,,,,,,,,
NW 12TH ST & NW 8TH AVE,True,15.2,1,29.659396,-82.337143,2.0,,2.0,0.0,1.0,0.0,3.0,yes,yes,no,,,"{""12TH ST"": {""osm_lanes_max"": 2, ""left_turn_lane"": """", ""bike_lane"": ""no"", ""divided"": ""no"", ""one_way"": """", ""speed_mph"": null}, ""8TH AVE"": {""osm_lanes_max"": 3, ""left_turn_lane"": ""yes"", ""bike_lane"": ""yes"", ""divided"": ""no"", ""one_way"": """", ""speed_mph"": null}}"
SW 24TH AVE & SW 43RD ST,True,9.5,4,29.6302417,-82.3889608,2.0,yes,4.0,3.0,0.0,3.0,2.0,,yes,yes,,,"{""24TH AVE"": {""osm_lanes_max"": 2, ""left_turn_lane"": """", ""bike_lane"": ""yes"", ""divided"": ""yes"", ""one_way"": """", ""speed_mph"": null}, ""43RD ST"": {""osm_lanes_max"": 2, ""left_turn_lane"": """", ""bike_lane"": ""yes"", ""divided"": ""yes"", ""one_way"": """", ""speed_mph"": null}}"
N MAIN ST & NW 14TH AVE,True,13.3,1,29.6647654,-82.3245051,2.0,,2.0,1.0,1.0,0.0,3.0,yes,yes,no,,,"{""14TH AVE"": {""osm_lanes_max"": null, ""left_turn_lane"": """", ""bike_lane"": ""yes"", ""divided"": ""no"", ""one_way"": """", ""speed_mph"": null}, ""MAIN ST"": {""osm_lanes_max"": 3, ""left_turn_lane"": ""yes"", ""bike_lane"": """", ""divided"": ""no"", ""one_way"": """", ""speed_mph"": null}}"
NW 1ST CT & NW 34TH ST,True,12.6,1,29.6535512,-82.3724085,2.0,,2.0,1.0,1.0,0.0,5.0,yes,yes,yes,,35.0,"{""1ST CT"": {""osm_lanes_max"": null, ""left_turn_lane"": """", ""bike_lane"": """", ""divided"": ""no"", ""one_way"": """", ""speed_mph"": null}, ""34TH ST"": {""osm_lanes_max"": 5, ""left_turn_lane"": ""yes"", ""bike_lane"": ""yes"", ""divided"": ""yes"", ""one_way"": """", ""speed_mph"": 35}}"
SE 15TH ST & SE HAWTHORNE RD,True,13.0,2,29.6512548,-82.3058475,2.0,yes,6.0,2.0,0.0,0.0,3.0,yes,yes,yes,,35.0,"{""15TH ST"": {""osm_lanes_max"": 2, ""left_turn_lane"": """", ""bike_lane"": ""yes"", ""divided"": ""no"", ""one_way"": """", ""speed_mph"": null}, ""HAWTHORNE RD"": {""osm_lanes_max"": 3, ""left_turn_lane"": ""yes"", ""bike_lane"": ""yes"", ""divided"": ""yes"", ""one_way"": """", ""speed_mph"": 35}}"
NW 31ST DR & NW 8TH AVE,True,14.3,1,29.659474,-82.369379,2.0,,2.0,1.0,0.0,1.0,5.0,yes,,no,,,"{""31ST DR"": {""osm_lanes_max"": null, ""left_turn_lane"": """", ""bike_lane"": """", ""divided"": ""no"", ""one_way"": """", ""speed_mph"": null}, ""8TH AVE"": {""osm_lanes_max"": 5, ""left_turn_lane"": ""yes"", ""bike_lane"": """", ""divided"": ""no"", ""one_way"": """", ""speed_mph"": null}}"
NE 2ND ST & NE 8TH AVE,True,15.2,1,29.659231,-82.323109,2.0,,3.0,0.0,0.0,0.0,2.0,,,no,,,"{""2ND ST"": {""osm_lanes_max"": null, ""left_turn_lane"": """", ""bike_lane"": """", ""divided"": ""no"", ""one_way"": """", ""speed_mph"": null}, ""8TH AVE"": {""osm_lanes_max"": 2, ""left_turn_lane"": """", ""bike_lane"": """", ""divided"": ""no"", ""one_way"": """", ""speed_mph"": null}}"
SW 23RD ST & SW 2ND AVE,True,13.7,1,29.6503957,-82.3557503,2.0,,3.0,3.0,0.0,0.0,2.0,,yes,no,,35.0,"{""23RD ST"": {""osm_lanes_max"": 2, ""left_turn_lane"": """", ""bike_lane"": ""yes"", ""divided"": ""no"", ""one_way"": """", ""speed_mph"": null}, ""2ND AVE"": {""osm_lanes_max"": 2, ""left_turn_lane"": """", ""bike_lane"": """", ""divided"": ""no"", ""one_way"": """", ""speed_mph"": 35}}"
NB ONRAMP & W NEWBERRY RD,False,,0,,,,,,,,,,,,,,,
SW 28TH TER & SW 35TH PL,True,18.8,1,29.619898,-82.365567,2.0,,1.0,1.0,0.0,0.0,2.0,,yes,no,,30.0,"{""28TH TER"": {""osm_lanes_max"": null, ""left_turn_lane"": """", ""bike_lane"": """", ""divided"": ""no"", ""one_way"": """", ""speed_mph"": null}, ""35TH PL"": {""osm_lanes_max"": 2, ""left_turn_lane"": """", ""bike_lane"": ""yes"", ""divided"": ""no"", ""one_way"": """", ""speed_mph"": 30}}"
NE 25TH ST & NE 8TH AVE,True,17.0,1,29.6592248,-82.2923971,2.0,,3.0,3.0,0.0,0.0,2.0,,yes,no,,,"{""25TH ST"": {""osm_lanes_max"": 2, ""left_turn_lane"": """", ""bike_lane"": ""yes"", ""divided"": ""no"", ""one_way"": """", ""speed_mph"": null}, ""8TH AVE"": {""osm_lanes_max"": 2, ""left_turn_lane"": """", ""bike_lane"": """", ""divided"": ""no"", ""one_way"": """", ""speed_mph"": null}}"
SW 13TH ST & SW 14TH AVE,True,15.3,1,29.6378638,-82.3393132,2.0,,5.0,2.0,3.0,0.0,4.0,,yes,no,,35.0,"{""13TH ST"": {""osm_lanes_max"": 4, ""left_turn_lane"": """", ""bike_lane"": ""yes"", ""divided"": ""no"", ""one_way"": """", ""speed_mph"": 35}, ""14TH AVE"": {""osm_lanes_max"": null, ""left_turn_lane"": """", ""bike_lane"": """", ""divided"": ""no"", ""one_way"": """", ""speed_mph"": 20}}"
SW 2ND ST & W UNIVERSITY AVE,True,16.0,1,29.6519809,-82.3265865,2.0,yes,6.0,4.0,2.0,0.0,4.0,,,no,,30.0,"{""2ND ST"": {""osm_lanes_max"": null, ""left_turn_lane"": """", ""bike_lane"": """", ""divided"": ""no"", ""one_way"": """", ""speed_mph"": null}, ""UNIVERSITY AVE"": {""osm_lanes_max"": 4, ""left_turn_lane"": """", ""bike_lane"": """", ""divided"": ""no"", ""one_way"": """", ""speed_mph"": 30}}"
SW 19TH CT & SW 24TH AVE,True,15.3,1,29.634994,-82.414174,2.0,,1.0,1.0,0.0,0.0,3.0,no,yes,no,,45.0,"{""19TH CT"": {""osm_lanes_max"": null, ""left_turn_lane"": """", ""bike_lane"": """", ""divided"": ""no"", ""one_way"": """", ""speed_mph"": null}, ""24TH AVE"": {""osm_lanes_max"": 3, ""left_turn_lane"": ""no"", ""bike_lane"": ""yes"", ""divided"": ""no"", ""one_way"": """", ""speed_mph"": 45}}"
NE 23RD AVE & NE 2ND ST,True,15.4,1,29.6738789,-82.3195778,2.0,,2.0,2.0,0.0,0.0,4.0,,yes,no,,40.0,"{""23RD AVE"": {""osm_lanes_max"": 4, ""left_turn_lane"": """", ""bike_lane"": """", ""divided"": ""no"", ""one_way"": """", ""speed_mph"": 40}, ""2ND ST"": {""osm_lanes_max"": null, ""left_turn_lane"": """", ""bike_lane"": ""yes"", ""divided"": ""no"", ""one_way"": """", ""speed_mph"": null}}"
NW 13TH ST & NW 55TH AVE,False,,0,,,,,,,,,,,,,,,
NW 34TH ST & NW 7TH AVE,True,14.6,1,29.657896,-82.3724117,2.0,,4.0,1.0,3.0,0.0,3.0,,,no,,35.0,"{""34TH ST"": {""osm_lanes_max"": 3, ""left_turn_lane"": """", ""bike_lane"": """", ""divided"": ""no"", ""one_way"": """", ""speed_mph"": 35}, ""7TH AVE"": {""osm_lanes_max"": null, ""left_turn_lane"": """", ""bike_lane"": """", ""divided"": ""no"", ""one_way"": """", ""speed_mph"": null}}"
E UNIVERSITY AVE & SE 12TH ST,True,7.9,2,29.6519336,-82.3100726,2.0,,4.0,3.0,0.0,0.0,3.0,no,,yes,,35.0,"{""12TH ST"": {""osm_lanes_max"": null, ""left_turn_lane"": """", ""bike_lane"": """", ""divided"": ""no"", ""one_way"": """", ""speed_mph"": null}, ""UNIVERSITY AVE"": {""osm_lanes_max"": 3, ""left_turn_lane"": ""no"", ""bike_lane"": """", ""divided"": ""yes"", ""one_way"": """", ""speed_mph"": 35}}"
N MAIN ST & NW 1ST AVE,True,16.1,1,29.6526848,-82.3250078,2.0,yes,6.0,4.0,0.0,0.0,2.0,,yes,yes,,30.0,"{""1ST AVE"": {""osm_lanes_max"": null, ""left_turn_lane"": """", ""bike_lane"": """", ""divided"": ""yes"", ""one_way"": """", ""speed_mph"": null}, ""MAIN ST"": {""osm_lanes_max"": 2, ""left_turn_lane"": """", ""bike_lane"": ""yes"", ""divided"": ""no"", ""one_way"": """", ""speed_mph"": 30}}"
NW 43RD ST & WALGREENS ACCESS RD,False,,0,,,,,,,,,,,,,,,
NW 13TH ST & NW 31ST AVE,True,14.8,6,29.6812608,-82.339065,2.0,,4.0,2.0,2.0,0.0,5.0,,yes,yes,,45.0,"{""13TH ST"": {""osm_lanes_max"": 5, ""left_turn_lane"": """", ""bike_lane"": ""yes"", ""divided"": ""yes"", ""one_way"": """", ""speed_mph"": 45}, ""31ST AVE"": {""osm_lanes_max"": null, ""left_turn_lane"": """", ""bike_lane"": """", ""divided"": ""no"", ""one_way"": """", ""speed_mph"": null}}"
NW 17TH ST & NW 1ST AVE,True,17.7,1,29.6528079,-82.3447653,2.0,,8.0,5.0,2.0,0.0,2.0,,yes,no,yes,25.0,"{""17TH ST"": {""osm_lanes_max"": 1, ""left_turn_lane"": """", ""bike_lane"": ""yes"", ""divided"": ""no"", ""one_way"": ""yes"", ""speed_mph"": null}, ""1ST AVE"": {""osm_lanes_max"": 2, ""left_turn_lane"": """", ""bike_lane"": """", ""divided"": ""no"", ""one_way"": """", ""speed_mph"": 25}}"
NW 12TH ST & NW 3RD AVE,True,13.0,1,29.6539129,-82.3371082,3.0,,3.0,2.0,0.0,0.0,,,no,no,yes,,"{""12TH ST"": {""osm_lanes_max"": null, ""left_turn_lane"": """", ""bike_lane"": ""no"", ""divided"": ""no"", ""one_way"": ""yes"", ""speed_mph"": null}, ""12TH TER"": {""osm_lanes_max"": null, ""left_turn_lane"": """", ""bike_lane"": """", ""divided"": ""no"", ""one_way"": """", ""speed_mph"": null}, ""3RD AVE"": {""osm_lanes_max"": null, ""left_turn_lane"": """", ""bike_lane"": ""no"", ""divided"": ""no"", ""one_way"": """", ""speed_mph"": null}}"
OLD ARCHER RD & SW 34TH ST,True,20.9,1,29.6255918,-82.3723615,2.0,,4.0,3.0,0.0,0.0,5.0,yes,yes,yes,,45.0,"{""34TH ST"": {""osm_lanes_max"": 5, ""left_turn_lane"": ""yes"", ""bike_lane"": ""yes"", ""divided"": ""yes"", ""one_way"": """", ""speed_mph"": 45}, ""OLD ARCHER RD"": {""osm_lanes_max"": 2, ""left_turn_lane"": """", ""bike_lane"": """", ""divided"": ""no"", ""one_way"": """", ""speed_mph"": null}}"
NW 23RD TER & NW 34TH BLVD,True,15.3,1,29.706414,-82.356872,2.0,,1.0,0.0,1.0,0.0,2.0,,yes,no,,40.0,"{""23RD TER"": {""osm_lanes_max"": null, ""left_turn_lane"": """", ""bike_lane"": """", ""divided"": ""no"", ""one_way"": """", ""speed_mph"": null}, ""34TH BLVD"": {""osm_lanes_max"": 2, ""left_turn_lane"": """", ""bike_lane"": ""yes"", ""divided"": ""no"", ""one_way"": """", ""speed_mph"": 40}}"
NE 1ST BLVD & NE 23RD AVE,True,19.6,1,29.6739023,-82.3237052,2.0,,4.0,2.0,1.0,0.0,4.0,,,no,,40.0,"{""1ST BLVD"": {""osm_lanes_max"": null, ""left_turn_lane"": """", ""bike_lane"": """", ""divided"": ""no"", ""one_way"": """", ""speed_mph"": null}, ""23RD AVE"": {""osm_lanes_max"": 4, ""left_turn_lane"": """", ""bike_lane"": """", ""divided"": ""no"", ""one_way"": """", ""speed_mph"": 40}}"
SW 2ND AVE & SW 37TH ST,True,6.2,2,29.651537,-82.3786315,3.0,,4.0,3.0,1.0,2.0,3.0,yes,yes,yes,yes,35.0,"{""2ND AVE"": {""osm_lanes_max"": 3, ""left_turn_lane"": ""yes"", ""bike_lane"": ""yes"", ""divided"": ""yes"", ""one_way"": """", ""speed_mph"": 35}, ""37TH ST"": {""osm_lanes_max"": null, ""left_turn_lane"": """", ""bike_lane"": """", ""divided"": ""no"", ""one_way"": """", ""speed_mph"": null}, ""UNIVERSITY AVE"": {""osm_lanes_max"": 3, ""left_turn_lane"": ""yes"", ""bike_lane"": ""yes"", ""divided"": ""no"", ""one_way"": ""yes"", ""speed_mph"": 35}}"
NW 23RD ST & NW 8TH AVE,True,18.2,1,29.6594475,-82.3565276,2.0,,1.0,1.0,0.0,0.0,3.0,yes,,no,,,"{""23RD ST"": {""osm_lanes_max"": null, ""left_turn_lane"": """", ""bike_lane"": """", ""divided"": ""no"", ""one_way"": """", ""speed_mph"": null}, ""8TH AVE"": {""osm_lanes_max"": 3, ""left_turn_lane"": ""yes"", ""bike_lane"": """", ""divided"": ""no"", ""one_way"": """", ""speed_mph"": null}}"
NW 30TH PL & NW 34TH ST,True,18.0,2,29.6808325,-82.372385,2.0,,3.0,2.0,1.0,0.0,2.0,,yes,no,,40.0,"{""30TH PL"": {""osm_lanes_max"": null, ""left_turn_lane"": """", ""bike_lane"": ""no"", ""divided"": ""no"", ""one_way"": """", ""speed_mph"": null}, ""34TH ST"": {""osm_lanes_max"": 2, ""left_turn_lane"": """", ""bike_lane"": ""yes"", ""divided"": ""no"", ""one_way"": """", ""speed_mph"": 40}}"
NW 23RD AVE & NW 55TH ST,True,15.9,1,29.6741138,-82.4014983,2.0,yes,7.0,0.0,3.0,0.0,5.0,yes,yes,yes,,45.0,"{""23RD AVE"": {""osm_lanes_max"": 5, ""left_turn_lane"": ""yes"", ""bike_lane"": ""yes"", ""divided"": ""yes"", ""one_way"": """", ""speed_mph"": 45}, ""55TH ST"": {""osm_lanes_max"": 3, ""left_turn_lane"": ""yes"", ""bike_lane"": ""yes"", ""divided"": ""no"", ""one_way"": """", ""speed_mph"": null}}"
SE 4TH AVE & SE 7TH ST,False,,0,,,,,,,,,,,,,,,
SW 12TH AVE & SW 13TH ST,False,,0,,,,,,,,,,,,,,,
NE 1ST AVE & NE WALDO RD,True,21.6,1,29.6528659,-82.3109375,2.0,,4.0,1.0,1.0,0.0,4.0,yes,,yes,,45.0,"{""1ST AVE"": {""osm_lanes_max"": null, ""left_turn_lane"": """", ""bike_lane"": """", ""divided"": ""no"", ""one_way"": """", ""speed_mph"": null}, ""WALDO RD"": {""osm_lanes_max"": 4, ""left_turn_lane"": ""yes"", ""bike_lane"": """", ""divided"": ""yes"", ""one_way"": """", ""speed_mph"": 45}}"
NE 16TH AVE & NE 2ND ST,True,14.8,1,29.6665992,-82.3230847,2.0,,1.0,0.0,1.0,0.0,2.0,,,no,,,"{""16TH AVE"": {""osm_lanes_max"": 2, ""left_turn_lane"": """", ""bike_lane"": """", ""divided"": ""no"", ""one_way"": """", ""speed_mph"": null}, ""2ND ST"": {""osm_lanes_max"": null, ""left_turn_lane"": """", ""bike_lane"": """", ""divided"": ""no"", ""one_way"": """", ""speed_mph"": null}}"
SW 13TH ST & SW 1ST AVE,True,20.2,1,29.6511744,-82.3392701,2.0,,3.0,1.0,2.0,0.0,5.0,yes,no,yes,,30.0,"{""13TH ST"": {""osm_lanes_max"": 5, ""left_turn_lane"": ""yes"", ""bike_lane"": ""no"", ""divided"": ""yes"", ""one_way"": """", ""speed_mph"": 30}, ""1ST AVE"": {""osm_lanes_max"": null, ""left_turn_lane"": """", ""bike_lane"": ""no"", ""divided"": ""no"", ""one_way"": """", ""speed_mph"": null}}"
NW 38TH ST & NW 8TH AVE,True,10.0,1,29.659531,-82.38075,2.0,,3.0,2.0,1.0,0.0,4.0,,yes,no,,,"{""38TH ST"": {""osm_lanes_max"": 2, ""left_turn_lane"": """", ""bike_lane"": ""yes"", ""divided"": ""no"", ""one_way"": """", ""speed_mph"": null}, ""8TH AVE"": {""osm_lanes_max"": 4, ""left_turn_lane"": """", ""bike_lane"": """", ""divided"": ""no"", ""one_way"": """", ""speed_mph"": null}}"
NW 20TH ST & NW 8TH AVE,True,13.6,1,29.6594279,-82.3492983,2.0,,3.0,2.0,1.0,0.0,3.0,yes,,no,,,"{""20TH ST"": {""osm_lanes_max"": null, ""left_turn_lane"": """", ""bike_lane"": """", ""divided"": ""no"", ""one_way"": """", ""speed_mph"": null}, ""8TH AVE"": {""osm_lanes_max"": 3, ""left_turn_lane"": ""yes"", ""bike_lane"": """", ""divided"": ""no"", ""one_way"": """", ""speed_mph"": null}}"
SE 11TH AVE & SE 15TH ST,True,16.1,1,29.6410222,-82.3058768,2.0,,4.0,3.0,1.0,0.0,2.0,,yes,no,,,"{""11TH AVE"": {""osm_lanes_max"": null, ""left_turn_lane"": """", ""bike_lane"": """", ""divided"": ""no"", ""one_way"": """", ""speed_mph"": null}, ""15TH ST"": {""osm_lanes_max"": 2, ""left_turn_lane"": """", ""bike_lane"": ""yes"", ""divided"": ""no"", ""one_way"": """", ""speed_mph"": null}}"
SW 5TH AVE & SW 6TH ST,True,13.1,1,29.6471902,-82.3312696,2.0,,5.0,5.0,0.0,0.0,4.0,yes,yes,no,,,"{""5TH AVE"": {""osm_lanes_max"": null, ""left_turn_lane"": """", ""bike_lane"": """", ""divided"": ""no"", ""one_way"": """", ""speed_mph"": null}, ""6TH ST"": {""osm_lanes_max"": 4, ""left_turn_lane"": ""yes"", ""bike_lane"": ""yes"", ""divided"": ""no"", ""one_way"": """", ""speed_mph"": null}}"
SW 13TH ST & SW 25TH PL,True,9.2,3,29.6286586,-82.3393174,2.0,,3.0,2.0,1.0,0.0,3.0,yes,yes,yes,,45.0,"{""13TH ST"": {""osm_lanes_max"": 3, ""left_turn_lane"": ""yes"", ""bike_lane"": ""yes"", ""divided"": ""yes"", ""one_way"": """", ""speed_mph"": 45}, ""25TH PL"": {""osm_lanes_max"": null, ""left_turn_lane"": """", ""bike_lane"": """", ""divided"": ""no"", ""one_way"": """", ""speed_mph"": null}}"
NW 16TH TER & NW 23RD AVE,True,12.3,2,29.6740122,-82.343214,2.0,yes,3.0,2.0,1.0,0.0,3.0,yes,yes,yes,,35.0,"{""16TH TER"": {""osm_lanes_max"": 3, ""left_turn_lane"": ""yes"", ""bike_lane"": """", ""divided"": ""no"", ""one_way"": """", ""speed_mph"": 30}, ""23RD AVE"": {""osm_lanes_max"": 2, ""left_turn_lane"": ""yes"", ""bike_lane"": ""yes"", ""divided"": ""yes"", ""one_way"": """", ""speed_mph"": 35}}"
NW 23RD ST & NW 62ND AVE,True,8.9,2,29.7115254,-82.3563829,2.0,,4.0,0.0,0.0,0.0,3.0,yes,yes,yes,,,"{""23RD ST"": {""osm_lanes_max"": 3, ""left_turn_lane"": ""yes"", ""bike_lane"": ""yes"", ""divided"": ""yes"", ""one_way"": """", ""speed_mph"": null}, ""62ND AVE"": {""osm_lanes_max"": 3, ""left_turn_lane"": ""yes"", ""bike_lane"": """", ""divided"": ""no"", ""one_way"": """", ""speed_mph"": null}}"
NE 3RD AVE & NE 9TH ST,True,16.7,2,29.6538444,-82.3147624,2.0,,3.0,2.0,1.0,0.0,4.0,yes,,yes,,,"{""3RD AVE"": {""osm_lanes_max"": null, ""left_turn_lane"": """", ""bike_lane"": """", ""divided"": ""yes"", ""one_way"": """", ""speed_mph"": null}, ""9TH ST"": {""osm_lanes_max"": 4, ""left_turn_lane"": ""yes"", ""bike_lane"": """", ""divided"": ""no"", ""one_way"": """", ""speed_mph"": null}}"
N MAIN ST & NE 31ST AVE,True,16.6,1,29.6814356,-82.3193703,2.0,,2.0,0.0,1.0,0.0,4.0,,yes,no,,,"{""31ST AVE"": {""osm_lanes_max"": 2, ""left_turn_lane"": """", ""bike_lane"": """", ""divided"": ""no"", ""one_way"": """", ""speed_mph"": null}, ""MAIN ST"": {""osm_lanes_max"": 4, ""left_turn_lane"": """", ""bike_lane"": ""yes"", ""divided"": ""no"", ""one_way"": """", ""speed_mph"": null}}"
NW 19TH PL & NW 43RD ST,True,17.6,2,29.6700024,-82.388991,3.0,,3.0,0.0,3.0,0.0,5.0,yes,yes,yes,,45.0,"{""19TH AVE"": {""osm_lanes_max"": null, ""left_turn_lane"": """", ""bike_lane"": """", ""divided"": ""no"", ""one_way"": """", ""speed_mph"": null}, ""19TH PL"": {""osm_lanes_max"": null, ""left_turn_lane"": """", ""bike_lane"": """", ""divided"": ""yes"", ""one_way"": """", ""speed_mph"": null}, ""43RD ST"": {""osm_lanes_max"": 5, ""left_turn_lane"": ""yes"", ""bike_lane"": ""yes"", ""divided"": ""no"", ""one_way"": """", ""speed_mph"": 45}}"
NW 16TH AVE & NW 27TH TER,True,10.2,2,29.6667564,-82.3634404,2.0,,2.0,0.0,0.0,0.0,2.0,,yes,yes,,40.0,"{""16TH AVE"": {""osm_lanes_max"": 2, ""left_turn_lane"": """", ""bike_lane"": ""yes"", ""divided"": ""yes"", ""one_way"": """", ""speed_mph"": 40}, ""27TH TER"": {""osm_lanes_max"": null, ""left_turn_lane"": """", ""bike_lane"": ""no"", ""divided"": ""no"", ""one_way"": """", ""speed_mph"": null}}"
NW 26TH ST & W UNIVERSITY AVE,True,15.2,1,29.651989,-82.361533,2.0,,2.0,2.0,0.0,0.0,3.0,,yes,no,,35.0,"{""26TH ST"": {""osm_lanes_max"": null, ""left_turn_lane"": """", ""bike_lane"": """", ""divided"": ""no"", ""one_way"": """", ""speed_mph"": null}, ""UNIVERSITY AVE"": {""osm_lanes_max"": 3, ""left_turn_lane"": """", ""bike_lane"": ""yes"", ""divided"": ""no"", ""one_way"": """", ""speed_mph"": 35}}"
S MAIN ST & SE 10TH AVE,False,,0,,,,,,,,,,,,,,,
SE 5TH ST & SE WILLISTON RD,True,8.5,2,29.6362989,-82.3157896,2.0,,1.0,0.0,1.0,0.0,3.0,yes,yes,yes,,45.0,"{""5TH ST"": {""osm_lanes_max"": null, ""left_turn_lane"": """", ""bike_lane"": """", ""divided"": ""no"", ""one_way"": """", ""speed_mph"": null}, ""WILLISTON RD"": {""osm_lanes_max"": 3, ""left_turn_lane"": ""yes"", ""bike_lane"": ""yes"", ""divided"": ""yes"", ""one_way"": """", ""speed_mph"": 45}}"
NW 34TH BLVD & NW 54TH AVE,True,15.8,1,29.703953,-82.3623614,2.0,,1.0,0.0,1.0,0.0,3.0,yes,yes,no,,40.0,"{""34TH BLVD"": {""osm_lanes_max"": 3, ""left_turn_lane"": ""yes"", ""bike_lane"": ""yes"", ""divided"": ""no"", ""one_way"": """", ""speed_mph"": 40}, ""54TH AVE"": {""osm_lanes_max"": null, ""left_turn_lane"": """", ""bike_lane"": """", ""divided"": ""no"", ""one_way"": """", ""speed_mph"": null}}"
NW 28TH LN & NW 43RD ST,True,13.3,1,29.679565,-82.38896,2.0,yes,3.0,1.0,0.0,0.0,5.0,yes,yes,no,,45.0,"{""28TH LN"": {""osm_lanes_max"": null, ""left_turn_lane"": """", ""bike_lane"": """", ""divided"": ""no"", ""one_way"": """", ""speed_mph"": null}, ""43RD ST"": {""osm_lanes_max"": 5, ""left_turn_lane"": ""yes"", ""bike_lane"": ""yes"", ""divided"": ""no"", ""one_way"": """", ""speed_mph"": 45}}"
N MAIN ST & NE 28TH AVE,True,15.7,1,29.6776302,-82.3196008,2.0,,2.0,0.0,1.0,0.0,4.0,,yes,no,,,"{""28TH AVE"": {""osm_lanes_max"": null, ""left_turn_lane"": """", ""bike_lane"": """", ""divided"": ""no"", ""one_way"": """", ""speed_mph"": null}, ""MAIN ST"": {""osm_lanes_max"": 4, ""left_turn_lane"": """", ""bike_lane"": ""yes"", ""divided"": ""no"", ""one_way"": """", ""speed_mph"": null}}"
NW 10TH PL & NW 64TH TER,True,16.0,1,29.662714,-82.4111532,2.0,,1.0,0.0,0.0,0.0,,,,no,,,"{""10TH PL"": {""osm_lanes_max"": null, ""left_turn_lane"": """", ""bike_lane"": """", ""divided"": ""no"", ""one_way"": """", ""speed_mph"": null}, ""64TH TER"": {""osm_lanes_max"": null, ""left_turn_lane"": """", ""bike_lane"": """", ""divided"": ""no"", ""one_way"": """", ""speed_mph"": null}}"
SE 7TH AVE & SE 9TH ST,True,15.0,1,29.6457939,-82.3151163,2.0,,2.0,2.0,0.0,0.0,2.0,,,no,,,"{""7TH AVE"": {""osm_lanes_max"": 2, ""left_turn_lane"": """", ""bike_lane"": """", ""divided"": ""no"", ""one_way"": """", ""speed_mph"": null}, ""9TH ST"": {""osm_lanes_max"": null, ""left_turn_lane"": """", ""bike_lane"": """", ""divided"": ""no"", ""one_way"": """", ""speed_mph"": null}}"
SW 33RD PL & SW 42ND ST,True,15.4,1,29.623095,-82.386755,2.0,,4.0,2.0,1.0,0.0,2.0,,yes,no,,25.0,"{""33RD PL"": {""osm_lanes_max"": 2, ""left_turn_lane"": """", ""bike_lane"": ""yes"", ""divided"": ""no"", ""one_way"": """", ""speed_mph"": 25}, ""42ND ST"": {""osm_lanes_max"": 2, ""left_turn_lane"": """", ""bike_lane"": """", ""divided"": ""no"", ""one_way"": """", ""speed_mph"": 25}}"
NW 19TH ST & NW 3RD AVE,True,15.4,1,29.6539759,-82.34781,2.0,,3.0,3.0,0.0,0.0,,,no,no,,,"{""19TH ST"": {""osm_lanes_max"": null, ""left_turn_lane"": """", ""bike_lane"": """", ""divided"": ""no"", ""one_way"": """", ""speed_mph"": null}, ""3RD AVE"": {""osm_lanes_max"": null, ""left_turn_lane"": """", ""bike_lane"": ""no"", ""divided"": ""no"", ""one_way"": """", ""speed_mph"": null}}"
NW 13TH ST & NW 42ND AVE,True,9.6,6,29.6922425,-82.3390227,2.0,,5.0,1.0,2.0,0.0,3.0,yes,yes,yes,,45.0,"{""13TH ST"": {""osm_lanes_max"": 3, ""left_turn_lane"": ""yes"", ""bike_lane"": ""yes"", ""divided"": ""yes"", ""one_way"": """", ""speed_mph"": 45}, ""42ND AVE"": {""osm_lanes_max"": null, ""left_turn_lane"": """", ""bike_lane"": """", ""divided"": ""no"", ""one_way"": """", ""speed_mph"": null}}"
NW 15TH ST & NW 8TH AVE,True,18.1,1,29.6593923,-82.3418393,2.0,,1.0,0.0,1.0,0.0,3.0,yes,yes,no,,,"{""15TH ST"": {""osm_lanes_max"": null, ""left_turn_lane"": """", ""bike_lane"": """", ""divided"": ""no"", ""one_way"": """", ""speed_mph"": null}, ""8TH AVE"": {""osm_lanes_max"": 3, ""left_turn_lane"": ""yes"", ""bike_lane"": ""yes"", ""divided"": ""no"", ""one_way"": """", ""speed_mph"": null}}"
NE 1ST ST & NE 4TH AVE,True,7.1,2,29.6546796,-82.323961,2.0,,6.0,0.0,0.0,0.0,,,,yes,,,"{""1ST ST"": {""osm_lanes_max"": null, ""left_turn_lane"": """", ""bike_lane"": """", ""divided"": ""yes"", ""one_way"": """", ""speed_mph"": null}, ""4TH AVE"": {""osm_lanes_max"": null, ""left_turn_lane"": """", ""bike_lane"": """", ""divided"": ""no"", ""one_way"": """", ""speed_mph"": null}}"
NW 45TH AVE & NW 6TH ST,True,14.7,1,29.6958307,-82.3352801,2.0,,0.0,0.0,0.0,0.0,4.0,,yes,no,,35.0,"{""45TH AVE"": {""osm_lanes_max"": 2, ""left_turn_lane"": """", ""bike_lane"": ""yes"", ""divided"": ""no"", ""one_way"": """", ""speed_mph"": null}, ""6TH ST"": {""osm_lanes_max"": 4, ""left_turn_lane"": """", ""bike_lane"": """", ""divided"": ""no"", ""one_way"": """", ""speed_mph"": 35}}"
NW 13TH ST & NW 36TH PL,True,8.3,2,29.6861198,-82.3390361,2.0,,1.0,1.0,0.0,0.0,3.0,yes,yes,yes,,45.0,"{""13TH ST"": {""osm_lanes_max"": 3, ""left_turn_lane"": ""yes"", ""bike_lane"": ""yes"", ""divided"": ""yes"", ""one_way"": """", ""speed_mph"": 45}, ""36TH PL"": {""osm_lanes_max"": 3, ""left_turn_lane"": ""yes"", ""bike_lane"": """", ""divided"": ""no"", ""one_way"": """", ""speed_mph"": null}}"
NW 16TH AVE & NW 31ST DR,True,11.3,2,29.6667628,-82.3693429,2.0,,2.0,2.0,0.0,0.0,2.0,,yes,yes,,40.0,"{""16TH AVE"": {""osm_lanes_max"": 2, ""left_turn_lane"": """", ""bike_lane"": ""yes"", ""divided"": ""yes"", ""one_way"": """", ""speed_mph"": 40}, ""31ST DR"": {""osm_lanes_max"": null, ""left_turn_lane"": """", ""bike_lane"": """", ""divided"": ""no"", ""one_way"": """", ""speed_mph"": null}}"
NW 13TH ST & NW 84TH PL,False,,0,,,,,,,,,,,,,,,
SW 13TH ST & SW 18TH PL,True,6.2,2,29.6346195,-82.3393535,2.0,,5.0,0.0,5.0,0.0,3.0,yes,yes,yes,,45.0,"{""13TH ST"": {""osm_lanes_max"": 3, ""left_turn_lane"": ""yes"", ""bike_lane"": ""yes"", ""divided"": ""yes"", ""one_way"": """", ""speed_mph"": 45}, ""18TH PL"": {""osm_lanes_max"": null, ""left_turn_lane"": """", ""bike_lane"": """", ""divided"": ""no"", ""one_way"": """", ""speed_mph"": null}}"
SR 93 & SW WILLISTON RD,False,,0,,,,,,,,,,,,,,,
NW 14TH ST & NW 5TH AVE,True,14.8,1,29.6557441,-82.34051,2.0,,2.0,2.0,0.0,0.0,,,yes,no,yes,25.0,"{""14TH ST"": {""osm_lanes_max"": null, ""left_turn_lane"": """", ""bike_lane"": ""yes"", ""divided"": ""no"", ""one_way"": ""yes"", ""speed_mph"": 25}, ""5TH AVE"": {""osm_lanes_max"": null, ""left_turn_lane"": """", ""bike_lane"": """", ""divided"": ""no"", ""one_way"": """", ""speed_mph"": null}}"
SW 32ND WAY & SW WILLISTON RD,True,7.2,2,29.6222105,-82.326829,2.0,,1.0,0.0,1.0,0.0,2.0,,yes,yes,,45.0,"{""32ND WAY"": {""osm_lanes_max"": null, ""left_turn_lane"": """", ""bike_lane"": """", ""divided"": ""no"", ""one_way"": """", ""speed_mph"": null}, ""WILLISTON RD"": {""osm_lanes_max"": 2, ""left_turn_lane"": """", ""bike_lane"": ""yes"", ""divided"": ""yes"", ""one_way"": """", ""speed_mph"": 45}}"
SW 2ND AVE & SW 2ND ST,True,9.4,2,29.65027,-82.3265851,2.0,,6.0,3.0,2.0,0.0,2.0,yes,yes,yes,,,"{""2ND AVE"": {""osm_lanes_max"": 2, ""left_turn_lane"": ""yes"", ""bike_lane"": ""yes"", ""divided"": ""yes"", ""one_way"": """", ""speed_mph"": null}, ""2ND ST"": {""osm_lanes_max"": null, ""left_turn_lane"": """", ""bike_lane"": """", ""divided"": ""no"", ""one_way"": """", ""speed_mph"": null}}"
NW 13TH ST & NW 4TH AVE,True,10.5,3,29.6545992,-82.3392489,4.0,,5.0,1.0,4.0,0.0,3.0,yes,,yes,yes,30.0,"{""13TH ST"": {""osm_lanes_max"": 3, ""left_turn_lane"": ""yes"", ""bike_lane"": """", ""divided"": ""yes"", ""one_way"": """", ""speed_mph"": 30}, ""3RD PL"": {""osm_lanes_max"": null, ""left_turn_lane"": """", ""bike_lane"": """", ""divided"": ""no"", ""one_way"": """", ""speed_mph"": null}, ""4TH AVE"": {""osm_lanes_max"": null, ""left_turn_lane"": """", ""bike_lane"": """", ""divided"": ""no"", ""one_way"": """", ""speed_mph"": null}, ""4TH PL"": {""osm_lanes_max"": null, ""left_turn_lane"": """", ""bike_lane"": """", ""divided"": ""no"", ""one_way"": ""yes"", ""speed_mph"": null}}"
SW 12TH ST & SW 1ST AVE,True,14.8,1,29.6511584,-82.3371275,2.0,,4.0,2.0,2.0,0.0,,,no,no,yes,,"{""12TH ST"": {""osm_lanes_max"": null, ""left_turn_lane"": """", ""bike_lane"": ""no"", ""divided"": ""no"", ""one_way"": ""yes"", ""speed_mph"": null}, ""1ST AVE"": {""osm_lanes_max"": null, ""left_turn_lane"": """", ""bike_lane"": ""no"", ""divided"": ""no"", ""one_way"": """", ""speed_mph"": null}}"
NE 12TH ST & NE 16TH AVE,True,13.4,1,29.6665297,-82.3102728,2.0,,4.0,4.0,0.0,0.0,2.0,,yes,no,,,"{""12TH ST"": {""osm_lanes_max"": null, ""left_turn_lane"": """", ""bike_lane"": """", ""divided"": ""no"", ""one_way"": """", ""speed_mph"": null}, ""16TH AVE"": {""osm_lanes_max"": 2, ""left_turn_lane"": """", ""bike_lane"": ""yes"", ""divided"": ""no"", ""one_way"": """", ""speed_mph"": null}}"
NW 25TH TER & NW 34TH BLVD,True,15.4,1,29.7050768,-82.3598225,2.0,,1.0,0.0,1.0,0.0,3.0,yes,yes,no,,40.0,"{""25TH TER"": {""osm_lanes_max"": null, ""left_turn_lane"": """", ""bike_lane"": """", ""divided"": ""no"", ""one_way"": """", ""speed_mph"": null}, ""34TH BLVD"": {""osm_lanes_max"": 3, ""left_turn_lane"": ""yes"", ""bike_lane"": ""yes"", ""divided"": ""no"", ""one_way"": """", ""speed_mph"": 40}}"
NW 23RD AVE & NW 2ND ST,True,11.2,1,29.6739205,-82.3266412,2.0,yes,4.0,0.0,0.0,0.0,4.0,,,no,,40.0,"{""23RD AVE"": {""osm_lanes_max"": 4, ""left_turn_lane"": """", ""bike_lane"": """", ""divided"": ""no"", ""one_way"": """", ""speed_mph"": 40}, ""2ND ST"": {""osm_lanes_max"": null, ""left_turn_lane"": """", ""bike_lane"": """", ""divided"": ""no"", ""one_way"": """", ""speed_mph"": null}}"
NE 23RD AVE & NE 9TH ST,True,14.3,1,29.673856,-82.314821,2.0,yes,1.0,0.0,0.0,0.0,4.0,,yes,no,,40.0,"{""23RD AVE"": {""osm_lanes_max"": 4, ""left_turn_lane"": """", ""bike_lane"": """", ""divided"": ""no"", ""one_way"": """", ""speed_mph"": 40}, ""9TH ST"": {""osm_lanes_max"": 2, ""left_turn_lane"": """", ""bike_lane"": ""yes"", ""divided"": ""no"", ""one_way"": """", ""speed_mph"": null}}"
NW 51ST TER & NW 8TH AVE,True,15.7,1,29.659589,-82.397868,2.0,,4.0,0.0,4.0,0.0,4.0,,,no,,,"{""51ST TER"": {""osm_lanes_max"": null, ""left_turn_lane"": """", ""bike_lane"": """", ""divided"": ""no"", ""one_way"": """", ""speed_mph"": null}, ""8TH AVE"": {""osm_lanes_max"": 4, ""left_turn_lane"": """", ""bike_lane"": """", ""divided"": ""no"", ""one_way"": """", ""speed_mph"": null}}"
NW 43RD ST & NW 93RD AVE,True,15.3,1,29.739307,-82.388776,2.0,,0.0,0.0,0.0,0.0,2.0,,yes,no,,,"{""43RD ST"": {""osm_lanes_max"": 2, ""left_turn_lane"": """", ""bike_lane"": ""yes"", ""divided"": ""no"", ""one_way"": """", ""speed_mph"": null}, ""93RD AVE"": {""osm_lanes_max"": null, ""left_turn_lane"": """", ""bike_lane"": """", ""divided"": ""no"", ""one_way"": """", ""speed_mph"": null}}"
SW 2ND AVE & SW 36TH ST,False,,0,,,,,,,,,,,,,,,
SW 2ND AVE & SW 5TH ST,True,10.3,2,29.6502571,-82.3295412,2.0,,4.0,1.0,1.0,0.0,2.0,,yes,yes,,,"{""2ND AVE"": {""osm_lanes_max"": 2, ""left_turn_lane"": """", ""bike_lane"": ""yes"", ""divided"": ""yes"", ""one_way"": """", ""speed_mph"": null}, ""5TH ST"": {""osm_lanes_max"": null, ""left_turn_lane"": """", ""bike_lane"": """", ""divided"": ""no"", ""one_way"": """", ""speed_mph"": null}}"
HULL RD & SW 38TH TER,True,12.5,4,29.6373848,-82.3808441,2.0,,1.0,1.0,0.0,0.0,,,,yes,,35.0,"{""38TH TER"": {""osm_lanes_max"": null, ""left_turn_lane"": """", ""bike_lane"": """", ""divided"": ""yes"", ""one_way"": """", ""speed_mph"": null}, ""HULL RD"": {""osm_lanes_max"": null, ""left_turn_lane"": """", ""bike_lane"": """", ""divided"": ""yes"", ""one_way"": """", ""speed_mph"": 35}}"
E UNIVERSITY AVE & NE 7TH ST,True,13.4,7,29.6519366,-82.3177326,2.0,yes,1.0,1.0,0.0,0.0,5.0,yes,,yes,,35.0,"{""7TH ST"": {""osm_lanes_max"": null, ""left_turn_lane"": """", ""bike_lane"": """", ""divided"": ""no"", ""one_way"": """", ""speed_mph"": null}, ""UNIVERSITY AVE"": {""osm_lanes_max"": 5, ""left_turn_lane"": ""yes"", ""bike_lane"": """", ""divided"": ""yes"", ""one_way"": """", ""speed_mph"": 35}}"
NW 19TH AVE & NW 6TH ST,True,12.9,1,29.6693679,-82.330847,2.0,,2.0,2.0,0.0,0.0,4.0,,no,no,,35.0,"{""19TH AVE"": {""osm_lanes_max"": null, ""left_turn_lane"": """", ""bike_lane"": """", ""divided"": ""no"", ""one_way"": """", ""speed_mph"": null}, ""6TH ST"": {""osm_lanes_max"": 4, ""left_turn_lane"": """", ""bike_lane"": ""no"", ""divided"": ""no"", ""one_way"": """", ""speed_mph"": 35}}"
NW 13TH ST & NW 74TH PL,False,,0,,,,,,,,,,,,,,,
NE 35TH AVE & NE 4TH ST,True,15.3,1,29.68478,-82.320509,2.0,,0.0,0.0,0.0,0.0,,,,no,,,"{""35TH AVE"": {""osm_lanes_max"": null, ""left_turn_lane"": """", ""bike_lane"": """", ""divided"": ""no"", ""one_way"": """", ""speed_mph"": null}, ""4TH ST"": {""osm_lanes_max"": null, ""left_turn_lane"": """", ""bike_lane"": """", ""divided"": ""no"", ""one_way"": """", ""speed_mph"": null}}"
NW 55TH TER & W NEWBERRY RD,True,9.1,5,29.6594846,-82.4022794,2.0,,1.0,1.0,0.0,0.0,4.0,yes,,yes,,45.0,"{""55TH TER"": {""osm_lanes_max"": null, ""left_turn_lane"": """", ""bike_lane"": """", ""divided"": ""no"", ""one_way"": """", ""speed_mph"": null}, ""NEWBERRY RD"": {""osm_lanes_max"": 4, ""left_turn_lane"": ""yes"", ""bike_lane"": """", ""divided"": ""yes"", ""one_way"": """", ""speed_mph"": 45}}"
NW 16TH AVE & NW 7TH ST,True,13.8,1,29.6666297,-82.3318975,2.0,,2.0,1.0,1.0,0.0,2.0,,,no,,,"{""16TH AVE"": {""osm_lanes_max"": 2, ""left_turn_lane"": """", ""bike_lane"": """", ""divided"": ""no"", ""one_way"": """", ""speed_mph"": null}, ""7TH ST"": {""osm_lanes_max"": null, ""left_turn_lane"": """", ""bike_lane"": """", ""divided"": ""no"", ""one_way"": """", ""speed_mph"": null}}"
NW 9TH TER & W UNIVERSITY AVE,True,15.4,1,29.652059,-82.3342994,2.0,,4.0,2.0,2.0,0.0,5.0,yes,,no,,30.0,"{""9TH TER"": {""osm_lanes_max"": null, ""left_turn_lane"": """", ""bike_lane"": """", ""divided"": ""no"", ""one_way"": """", ""speed_mph"": null}, ""UNIVERSITY AVE"": {""osm_lanes_max"": 5, ""left_turn_lane"": ""yes"", ""bike_lane"": """", ""divided"": ""no"", ""one_way"": """", ""speed_mph"": 30}}"
NW 27TH LN & NW 43RD ST,True,18.8,1,29.677985,-82.388971,2.0,,1.0,0.0,1.0,0.0,5.0,yes,yes,no,,45.0,"{""27TH LN"": {""osm_lanes_max"": null, ""left_turn_lane"": """", ""bike_lane"": """", ""divided"": ""no"", ""one_way"": """", ""speed_mph"": null}, ""43RD ST"": {""osm_lanes_max"": 5, ""left_turn_lane"": ""yes"", ""bike_lane"": ""yes"", ""divided"": ""no"", ""one_way"": """", ""speed_mph"": 45}}"
NW 27TH ST & W UNIVERSITY AVE,True,15.3,1,29.652,-82.362853,2.0,,3.0,1.0,2.0,0.0,3.0,,yes,no,,35.0,"{""27TH ST"": {""osm_lanes_max"": null, ""left_turn_lane"": """", ""bike_lane"": """", ""divided"": ""no"", ""one_way"": """", ""speed_mph"": null}, ""UNIVERSITY AVE"": {""osm_lanes_max"": 3, ""left_turn_lane"": """", ""bike_lane"": ""yes"", ""divided"": ""no"", ""one_way"": """", ""speed_mph"": 35}}"
NW 10TH ST & NW 3RD AVE,True,16.3,1,29.6538797,-82.3350069,2.0,,0.0,0.0,0.0,0.0,,,no,no,,,"{""10TH ST"": {""osm_lanes_max"": null, ""left_turn_lane"": """", ""bike_lane"": """", ""divided"": ""no"", ""one_way"": """", ""speed_mph"": null}, ""3RD AVE"": {""osm_lanes_max"": null, ""left_turn_lane"": """", ""bike_lane"": ""no"", ""divided"": ""no"", ""one_way"": """", ""speed_mph"": null}}"
SW 12TH ST & SW 2ND AVE,False,,0,,,,,,,,,,,,,,,
NW 5TH AVE & NW 6TH ST,True,13.6,2,29.6556455,-82.3306768,2.0,yes,14.0,7.0,0.0,0.0,3.0,yes,,no,,,"{""5TH AVE"": {""osm_lanes_max"": null, ""left_turn_lane"": """", ""bike_lane"": """", ""divided"": ""no"", ""one_way"": """", ""speed_mph"": null}, ""6TH ST"": {""osm_lanes_max"": 3, ""left_turn_lane"": ""yes"", ""bike_lane"": """", ""divided"": ""no"", ""one_way"": """", ""speed_mph"": null}}"
NW 23RD TER & NW 62ND AVE,True,15.3,1,29.711725,-82.3602977,2.0,,0.0,0.0,0.0,0.0,,,,no,,25.0,"{""23RD TER"": {""osm_lanes_max"": null, ""left_turn_lane"": """", ""bike_lane"": """", ""divided"": ""no"", ""one_way"": """", ""speed_mph"": 25}, ""62ND AVE"": {""osm_lanes_max"": null, ""left_turn_lane"": """", ""bike_lane"": """", ""divided"": ""no"", ""one_way"": """", ""speed_mph"": null}}"
SE 4TH ST & SE DEPOT AVE,False,,0,,,,,,,,,,,,,,,
SE 4TH AVE & SE 9TH ST,True,15.0,1,29.648232,-82.315106,2.0,,0.0,0.0,0.0,0.0,2.0,,yes,no,,,"{""4TH AVE"": {""osm_lanes_max"": 2, ""left_turn_lane"": """", ""bike_lane"": ""yes"", ""divided"": ""no"", ""one_way"": """", ""speed_mph"": null}, ""9TH ST"": {""osm_lanes_max"": 2, ""left_turn_lane"": """", ""bike_lane"": """", ""divided"": ""no"", ""one_way"": """", ""speed_mph"": null}}"
SE 18TH ST & SE HAWTHORNE RD,True,14.8,3,29.6491621,-82.3017732,3.0,yes,2.0,2.0,0.0,2.0,2.0,,yes,yes,,35.0,"{""18TH ST"": {""osm_lanes_max"": null, ""left_turn_lane"": """", ""bike_lane"": """", ""divided"": ""no"", ""one_way"": """", ""speed_mph"": null}, ""3RD AVE"": {""osm_lanes_max"": 2, ""left_turn_lane"": """", ""bike_lane"": ""yes"", ""divided"": ""no"", ""one_way"": """", ""speed_mph"": null}, ""HAWTHORNE RD"": {""osm_lanes_max"": 2, ""left_turn_lane"": """", ""bike_lane"": ""yes"", ""divided"": ""yes"", ""one_way"": """", ""speed_mph"": 35}}"
NW 31ST AVE & NW 43RD ST,True,20.3,1,29.6814521,-82.3889705,2.0,,2.0,0.0,2.0,0.0,5.0,yes,yes,no,,45.0,"{""31ST AVE"": {""osm_lanes_max"": 1, ""left_turn_lane"": """", ""bike_lane"": """", ""divided"": ""no"", ""one_way"": """", ""speed_mph"": null}, ""43RD ST"": {""osm_lanes_max"": 5, ""left_turn_lane"": ""yes"", ""bike_lane"": ""yes"", ""divided"": ""no"", ""one_way"": """", ""speed_mph"": 45}}"
NW 2ND ST & NW 8TH AVE,True,10.7,1,29.6591952,-82.3266129,2.0,,7.0,1.0,6.0,0.0,5.0,yes,yes,no,,30.0,"{""2ND ST"": {""osm_lanes_max"": null, ""left_turn_lane"": """", ""bike_lane"": """", ""divided"": ""no"", ""one_way"": """", ""speed_mph"": null}, ""8TH AVE"": {""osm_lanes_max"": 5, ""left_turn_lane"": ""yes"", ""bike_lane"": ""yes"", ""divided"": ""no"", ""one_way"": """", ""speed_mph"": 30}}"
NW 16TH ST & NW 1ST AVE,True,11.9,1,29.6527949,-82.34324,2.0,,5.0,2.0,3.0,0.0,2.0,,,no,,25.0,"{""16TH ST"": {""osm_lanes_max"": null, ""left_turn_lane"": """", ""bike_lane"": """", ""divided"": ""no"", ""one_way"": """", ""speed_mph"": null}, ""1ST AVE"": {""osm_lanes_max"": 2, ""left_turn_lane"": """", ""bike_lane"": """", ""divided"": ""no"", ""one_way"": """", ""speed_mph"": 25}}"
NE 15TH ST & NE 31ST AVE,True,13.4,1,29.6814121,-82.3058079,2.0,,1.0,1.0,0.0,0.0,2.0,,,no,,,"{""15TH ST"": {""osm_lanes_max"": 2, ""left_turn_lane"": """", ""bike_lane"": """", ""divided"": ""no"", ""one_way"": """", ""speed_mph"": null}, ""31ST AVE"": {""osm_lanes_max"": 2, ""left_turn_lane"": """", ""bike_lane"": """", ""divided"": ""no"", ""one_way"": """", ""speed_mph"": null}}"
SW 35TH TER & W UNIVERSITY AVE,True,9.0,3,29.6519056,-82.375515,3.0,,4.0,2.0,2.0,0.0,3.0,yes,yes,yes,,35.0,"{""1ST CT"": {""osm_lanes_max"": null, ""left_turn_lane"": """", ""bike_lane"": """", ""divided"": ""no"", ""one_way"": """", ""speed_mph"": null}, ""35TH TER"": {""osm_lanes_max"": null, ""left_turn_lane"": """", ""bike_lane"": """", ""divided"": ""no"", ""one_way"": """", ""speed_mph"": null}, ""UNIVERSITY AVE"": {""osm_lanes_max"": 3, ""left_turn_lane"": ""yes"", ""bike_lane"": ""yes"", ""divided"": ""yes"", ""one_way"": """", ""speed_mph"": 35}}"
SW 37TH BLVD & SW 38TH ST,False,,0,,,,,,,,,,,,,,,
NW 13TH ST & NW 26TH AVE,False,,0,,,,,,,,,,,,,,,
71ST ST & W NEWBERRY RD,True,29.7,2,29.6596422,-82.4195247,1.0,,1.0,1.0,0.0,0.0,5.0,yes,,yes,,35.0,"{""NEWBERRY RD"": {""osm_lanes_max"": 5, ""left_turn_lane"": ""yes"", ""bike_lane"": """", ""divided"": ""yes"", ""one_way"": """", ""speed_mph"": 35}}"
NW 50TH TER & NW 8TH AVE,True,16.0,2,29.6595897,-82.3962326,2.0,,4.0,3.0,1.0,0.0,4.0,,,yes,,,"{""50TH TER"": {""osm_lanes_max"": 1, ""left_turn_lane"": """", ""bike_lane"": """", ""divided"": ""yes"", ""one_way"": """", ""speed_mph"": null}, ""8TH AVE"": {""osm_lanes_max"": 4, ""left_turn_lane"": """", ""bike_lane"": """", ""divided"": ""no"", ""one_way"": """", ""speed_mph"": null}}"
NW 17TH ST & NW 5TH AVE,True,15.3,1,29.6558082,-82.3446414,2.0,,1.0,1.0,0.0,0.0,2.0,,yes,no,,,"{""17TH ST"": {""osm_lanes_max"": 2, ""left_turn_lane"": """", ""bike_lane"": ""yes"", ""divided"": ""no"", ""one_way"": """", ""speed_mph"": null}, ""5TH AVE"": {""osm_lanes_max"": null, ""left_turn_lane"": """", ""bike_lane"": """", ""divided"": ""no"", ""one_way"": """", ""speed_mph"": null}}"
NW 21ST ST & NW 8TH AVE,True,12.7,1,29.6594326,-82.3514991,2.0,,4.0,1.0,3.0,0.0,3.0,yes,,no,,,"{""21ST ST"": {""osm_lanes_max"": null, ""left_turn_lane"": """", ""bike_lane"": """", ""divided"": ""no"", ""one_way"": """", ""speed_mph"": null}, ""8TH AVE"": {""osm_lanes_max"": 3, ""left_turn_lane"": ""yes"", ""bike_lane"": """", ""divided"": ""no"", ""one_way"": """", ""speed_mph"": null}}"
NW 13TH ST & NW 93RD AVE,True,14.7,3,29.7394176,-82.3841461,1.0,,0.0,0.0,0.0,0.0,,,,no,,,"{""93RD AVE"": {""osm_lanes_max"": null, ""left_turn_lane"": """", ""bike_lane"": """", ""divided"": ""no"", ""one_way"": """", ""speed_mph"": null}}"
NW 21ST ST & W UNIVERSITY AVE,True,7.2,3,29.6520932,-82.3515948,2.0,yes,3.0,2.0,1.0,0.0,3.0,yes,yes,yes,,35.0,"{""21ST ST"": {""osm_lanes_max"": null, ""left_turn_lane"": """", ""bike_lane"": """", ""divided"": ""no"", ""one_way"": """", ""speed_mph"": null}, ""UNIVERSITY AVE"": {""osm_lanes_max"": 3, ""left_turn_lane"": ""yes"", ""bike_lane"": ""yes"", ""divided"": ""yes"", ""one_way"": """", ""speed_mph"": 35}}"
NE 54TH AVE & NE WALDO RD,True,4.6,2,29.7046664,-82.2758964,2.0,,0.0,0.0,0.0,0.0,4.0,yes,yes,yes,,45.0,"{""54TH AVE"": {""osm_lanes_max"": null, ""left_turn_lane"": """", ""bike_lane"": """", ""divided"": ""no"", ""one_way"": """", ""speed_mph"": null}, ""WALDO RD"": {""osm_lanes_max"": 4, ""left_turn_lane"": ""yes"", ""bike_lane"": ""yes"", ""divided"": ""yes"", ""one_way"": """", ""speed_mph"": 45}}"
E UNIVERSITY AVE & SE 24TH ST,True,8.2,2,29.6518924,-82.2933698,2.0,,2.0,2.0,0.0,0.0,2.0,,yes,yes,,45.0,"{""24TH ST"": {""osm_lanes_max"": 2, ""left_turn_lane"": """", ""bike_lane"": ""yes"", ""divided"": ""no"", ""one_way"": """", ""speed_mph"": null}, ""UNIVERSITY AVE"": {""osm_lanes_max"": 2, ""left_turn_lane"": """", ""bike_lane"": """", ""divided"": ""yes"", ""one_way"": """", ""speed_mph"": 45}}"
NW 34TH BLVD & NW 49TH AVE,False,,0,,,,,,,,,,,,,,,
N MAIN ST & NE 1ST BLVD,True,16.5,1,29.6712967,-82.3229853,2.0,,0.0,0.0,0.0,0.0,4.0,,,no,,,"{""1ST BLVD"": {""osm_lanes_max"": null, ""left_turn_lane"": """", ""bike_lane"": """", ""divided"": ""no"", ""one_way"": """", ""speed_mph"": null}, ""MAIN ST"": {""osm_lanes_max"": 4, ""left_turn_lane"": """", ""bike_lane"": """", ""divided"": ""no"", ""one_way"": """", ""speed_mph"": null}}"
NW 32ND ST & NW 39TH AVE,True,13.8,1,29.6886271,-82.3696928,2.0,,1.0,0.0,1.0,0.0,5.0,yes,yes,no,,45.0,"{""32ND ST"": {""osm_lanes_max"": null, ""left_turn_lane"": """", ""bike_lane"": """", ""divided"": ""no"", ""one_way"": """", ""speed_mph"": null}, ""39TH AVE"": {""osm_lanes_max"": 5, ""left_turn_lane"": ""yes"", ""bike_lane"": ""yes"", ""divided"": ""no"", ""one_way"": """", ""speed_mph"": 45}}"
N MAIN ST & NW 9TH AVE,True,13.2,1,29.6598963,-82.3246103,2.0,,4.0,2.0,1.0,0.0,3.0,yes,,no,,,"{""9TH AVE"": {""osm_lanes_max"": null, ""left_turn_lane"": """", ""bike_lane"": """", ""divided"": ""no"", ""one_way"": """", ""speed_mph"": null}, ""MAIN ST"": {""osm_lanes_max"": 3, ""left_turn_lane"": ""yes"", ""bike_lane"": """", ""divided"": ""no"", ""one_way"": """", ""speed_mph"": null}}"
NW 36TH AVE & NW 43RD ST,True,13.2,1,29.686386,-82.388938,2.0,,1.0,0.0,1.0,0.0,5.0,yes,yes,no,,45.0,"{""36TH AVE"": {""osm_lanes_max"": null, ""left_turn_lane"": """", ""bike_lane"": """", ""divided"": ""no"", ""one_way"": """", ""speed_mph"": null}, ""43RD ST"": {""osm_lanes_max"": 5, ""left_turn_lane"": ""yes"", ""bike_lane"": ""yes"", ""divided"": ""no"", ""one_way"": """", ""speed_mph"": 45}}"
NW 43RD ST & NW 58TH AVE,True,15.3,1,29.707622,-82.388886,2.0,,3.0,1.0,0.0,0.0,4.0,yes,yes,no,,45.0,"{""43RD ST"": {""osm_lanes_max"": 4, ""left_turn_lane"": ""yes"", ""bike_lane"": ""yes"", ""divided"": ""no"", ""one_way"": """", ""speed_mph"": 45}, ""58TH AVE"": {""osm_lanes_max"": null, ""left_turn_lane"": """", ""bike_lane"": """", ""divided"": ""no"", ""one_way"": """", ""speed_mph"": null}}"
NE 27TH AVE & NE WALDO RD,True,9.7,2,29.6760602,-82.2952865,2.0,,2.0,1.0,1.0,0.0,3.0,yes,,yes,,45.0,"{""27TH AVE"": {""osm_lanes_max"": null, ""left_turn_lane"": """", ""bike_lane"": """", ""divided"": ""no"", ""one_way"": """", ""speed_mph"": null}, ""WALDO RD"": {""osm_lanes_max"": 3, ""left_turn_lane"": ""yes"", ""bike_lane"": """", ""divided"": ""yes"", ""one_way"": """", ""speed_mph"": 45}}"
NW 36TH ST & NW 39TH AVE,True,9.3,2,29.68866,-82.3759427,2.0,,1.0,0.0,1.0,0.0,3.0,yes,yes,yes,,45.0,"{""36TH ST"": {""osm_lanes_max"": null, ""left_turn_lane"": """", ""bike_lane"": """", ""divided"": ""no"", ""one_way"": """", ""speed_mph"": null}, ""39TH AVE"": {""osm_lanes_max"": 3, ""left_turn_lane"": ""yes"", ""bike_lane"": ""yes"", ""divided"": ""yes"", ""one_way"": """", ""speed_mph"": 45}}"
NW 37TH ST & NW 39TH AVE,True,7.8,1,29.6886022,-82.3782201,2.0,,2.0,0.0,2.0,0.0,3.0,yes,yes,yes,,45.0,"{""37TH ST"": {""osm_lanes_max"": null, ""left_turn_lane"": """", ""bike_lane"": """", ""divided"": ""no"", ""one_way"": """", ""speed_mph"": null}, ""39TH AVE"": {""osm_lanes_max"": 3, ""left_turn_lane"": ""yes"", ""bike_lane"": ""yes"", ""divided"": ""yes"", ""one_way"": """", ""speed_mph"": 45}}"
SW 9TH ST & SW DEPOT AVE,True,8.2,1,29.6430606,-82.3335754,2.0,,4.0,3.0,1.0,0.0,2.0,,yes,no,yes,25.0,"{""9TH ST"": {""osm_lanes_max"": null, ""left_turn_lane"": """", ""bike_lane"": """", ""divided"": ""no"", ""one_way"": """", ""speed_mph"": null}, ""DEPOT AVE"": {""osm_lanes_max"": 2, ""left_turn_lane"": """", ""bike_lane"": ""yes"", ""divided"": ""no"", ""one_way"": ""yes"", ""speed_mph"": 25}}"
NW 30TH TER & NW 34TH BLVD,True,13.3,1,29.701505,-82.367884,3.0,,2.0,1.0,1.0,0.0,2.0,,yes,no,,40.0,"{""30TH TER"": {""osm_lanes_max"": null, ""left_turn_lane"": """", ""bike_lane"": """", ""divided"": ""no"", ""one_way"": """", ""speed_mph"": null}, ""34TH ST"": {""osm_lanes_max"": 2, ""left_turn_lane"": """", ""bike_lane"": ""yes"", ""divided"": ""no"", ""one_way"": """", ""speed_mph"": 40}, ""52ND PL"": {""osm_lanes_max"": null, ""left_turn_lane"": """", ""bike_lane"": """", ""divided"": ""no"", ""one_way"": """", ""speed_mph"": null}}"
NW 28TH TER & W UNIVERSITY AVE,True,16.3,1,29.652198,-82.365323,2.0,,2.0,2.0,0.0,0.0,3.0,,yes,no,,35.0,"{""28TH TER"": {""osm_lanes_max"": null, ""left_turn_lane"": """", ""bike_lane"": """", ""divided"": ""no"", ""one_way"": """", ""speed_mph"": null}, ""UNIVERSITY AVE"": {""osm_lanes_max"": 3, ""left_turn_lane"": """", ""bike_lane"": ""yes"", ""divided"": ""no"", ""one_way"": """", ""speed_mph"": 35}}"
SW 28TH PL & SW ARCHER RD,True,13.7,1,29.630291,-82.365077,3.0,,2.0,2.0,0.0,0.0,4.0,yes,,yes,,45.0,"{""28TH PL"": {""osm_lanes_max"": null, ""left_turn_lane"": """", ""bike_lane"": """", ""divided"": ""no"", ""one_way"": """", ""speed_mph"": null}, ""ARCHER RD"": {""osm_lanes_max"": 4, ""left_turn_lane"": ""yes"", ""bike_lane"": """", ""divided"": ""yes"", ""one_way"": """", ""speed_mph"": 45}, ""OLD ARCHER RD"": {""osm_lanes_max"": 2, ""left_turn_lane"": """", ""bike_lane"": """", ""divided"": ""no"", ""one_way"": """", ""speed_mph"": null}}"
NW 13TH ST & NW 30TH AVE,True,9.0,9,29.6801045,-82.3390935,2.0,,4.0,1.0,3.0,0.0,3.0,yes,yes,yes,,45.0,"{""13TH ST"": {""osm_lanes_max"": 3, ""left_turn_lane"": ""yes"", ""bike_lane"": ""yes"", ""divided"": ""yes"", ""one_way"": """", ""speed_mph"": 45}, ""30TH AVE"": {""osm_lanes_max"": null, ""left_turn_lane"": """", ""bike_lane"": """", ""divided"": ""no"", ""one_way"": """", ""speed_mph"": null}}"
NW 12TH TER & W UNIVERSITY AVE,True,14.4,1,29.6520651,-82.3376433,2.0,,5.0,2.0,2.0,1.0,4.0,,,yes,,30.0,"{""12TH TER"": {""osm_lanes_max"": null, ""left_turn_lane"": """", ""bike_lane"": """", ""divided"": ""no"", ""one_way"": """", ""speed_mph"": null}, ""UNIVERSITY AVE"": {""osm_lanes_max"": 4, ""left_turn_lane"": """", ""bike_lane"": """", ""divided"": ""yes"", ""one_way"": """", ""speed_mph"": 30}}"
NW 15TH ST & NW 7TH AVE,True,15.1,1,29.6575577,-82.3417988,2.0,,1.0,1.0,0.0,0.0,,,,no,,,"{""15TH ST"": {""osm_lanes_max"": null, ""left_turn_lane"": """", ""bike_lane"": """", ""divided"": ""no"", ""one_way"": """", ""speed_mph"": null}, ""7TH AVE"": {""osm_lanes_max"": null, ""left_turn_lane"": """", ""bike_lane"": """", ""divided"": ""no"", ""one_way"": """", ""speed_mph"": null}}"
SW 7TH ST & W UNIVERSITY AVE,True,15.8,1,29.6520541,-82.3316311,2.0,,3.0,2.0,1.0,0.0,5.0,yes,,no,,30.0,"{""7TH ST"": {""osm_lanes_max"": null, ""left_turn_lane"": """", ""bike_lane"": """", ""divided"": ""no"", ""one_way"": """", ""speed_mph"": null}, ""UNIVERSITY AVE"": {""osm_lanes_max"": 5, ""left_turn_lane"": ""yes"", ""bike_lane"": """", ""divided"": ""no"", ""one_way"": """", ""speed_mph"": 30}}"
NW 13TH ST & NW 18TH AVE,True,10.1,2,29.6684112,-82.3390946,2.0,,2.0,0.0,1.0,0.0,2.0,,,yes,,35.0,"{""13TH ST"": {""osm_lanes_max"": 2, ""left_turn_lane"": """", ""bike_lane"": """", ""divided"": ""yes"", ""one_way"": """", ""speed_mph"": 35}, ""18TH AVE"": {""osm_lanes_max"": 1, ""left_turn_lane"": """", ""bike_lane"": """", ""divided"": ""no"", ""one_way"": """", ""speed_mph"": null}}"
SE 13TH AVE & SE WILLISTON RD,True,10.0,2,29.6386826,-82.3126923,2.0,,1.0,0.0,1.0,0.0,2.0,,yes,yes,,45.0,"{""13TH AVE"": {""osm_lanes_max"": null, ""left_turn_lane"": """", ""bike_lane"": """", ""divided"": ""no"", ""one_way"": """", ""speed_mph"": null}, ""WILLISTON RD"": {""osm_lanes_max"": 2, ""left_turn_lane"": """", ""bike_lane"": ""yes"", ""divided"": ""yes"", ""one_way"": """", ""speed_mph"": 45}}"
NW 13TH ST & NW 33RD AVE,True,9.1,6,29.6830424,-82.3390609,2.0,,4.0,2.0,0.0,0.0,3.0,yes,yes,yes,,45.0,"{""13TH ST"": {""osm_lanes_max"": 3, ""left_turn_lane"": ""yes"", ""bike_lane"": ""yes"", ""divided"": ""yes"", ""one_way"": """", ""speed_mph"": 45}, ""33RD AVE"": {""osm_lanes_max"": null, ""left_turn_lane"": """", ""bike_lane"": """", ""divided"": ""no"", ""one_way"": """", ""speed_mph"": null}}"
NW 16TH BLVD & NW 40TH TER,True,11.7,2,29.6723432,-82.3851844,2.0,,3.0,2.0,1.0,0.0,3.0,yes,yes,yes,,,"{""16TH BLVD"": {""osm_lanes_max"": 3, ""left_turn_lane"": ""yes"", ""bike_lane"": ""yes"", ""divided"": ""yes"", ""one_way"": """", ""speed_mph"": null}, ""40TH TER"": {""osm_lanes_max"": null, ""left_turn_lane"": """", ""bike_lane"": """", ""divided"": ""no"", ""one_way"": """", ""speed_mph"": null}}"
NW 43RD ST & NW 48TH PL,True,18.5,1,29.6992078,-82.3889041,2.0,,3.0,1.0,2.0,0.0,5.0,yes,yes,yes,,45.0,"{""43RD ST"": {""osm_lanes_max"": 5, ""left_turn_lane"": ""yes"", ""bike_lane"": ""yes"", ""divided"": ""yes"", ""one_way"": """", ""speed_mph"": 45}, ""48TH PL"": {""osm_lanes_max"": null, ""left_turn_lane"": """", ""bike_lane"": """", ""divided"": ""no"", ""one_way"": """", ""speed_mph"": null}}"
SW 11TH ST & SW 8TH AVE,True,12.7,1,29.6448987,-82.3357744,2.0,,7.0,3.0,2.0,0.0,2.0,,no,no,,,"{""11TH ST"": {""osm_lanes_max"": null, ""left_turn_lane"": """", ""bike_lane"": ""no"", ""divided"": ""no"", ""one_way"": """", ""speed_mph"": null}, ""8TH AVE"": {""osm_lanes_max"": 2, ""left_turn_lane"": """", ""bike_lane"": ""no"", ""divided"": ""no"", ""one_way"": """", ""speed_mph"": null}}"
SE 11TH ST & SE 1ST AVE,True,8.4,3,29.6510519,-82.3114956,2.0,,3.0,3.0,0.0,0.0,3.0,yes,yes,yes,,35.0,"{""11TH ST"": {""osm_lanes_max"": 3, ""left_turn_lane"": ""yes"", ""bike_lane"": ""yes"", ""divided"": ""yes"", ""one_way"": """", ""speed_mph"": 35}, ""1ST AVE"": {""osm_lanes_max"": null, ""left_turn_lane"": """", ""bike_lane"": """", ""divided"": ""no"", ""one_way"": """", ""speed_mph"": null}}"
NW 4TH BLVD & NW 75TH ST,True,14.7,1,29.6561942,-82.422391,2.0,yes,4.0,0.0,0.0,0.0,6.0,yes,yes,yes,,,"{""4TH BLVD"": {""osm_lanes_max"": null, ""left_turn_lane"": """", ""bike_lane"": """", ""divided"": ""yes"", ""one_way"": """", ""speed_mph"": null}, ""75TH ST"": {""osm_lanes_max"": 6, ""left_turn_lane"": ""yes"", ""bike_lane"": ""yes"", ""divided"": ""no"", ""one_way"": """", ""speed_mph"": null}}"
NW 31ST TER & NW 39TH AVE,True,15.0,2,29.688625,-82.3686648,2.0,,1.0,0.0,1.0,0.0,5.0,yes,yes,no,,45.0,"{""31ST TER"": {""osm_lanes_max"": null, ""left_turn_lane"": """", ""bike_lane"": """", ""divided"": ""no"", ""one_way"": """", ""speed_mph"": null}, ""39TH AVE"": {""osm_lanes_max"": 5, ""left_turn_lane"": ""yes"", ""bike_lane"": ""yes"", ""divided"": ""no"", ""one_way"": """", ""speed_mph"": 45}}"
NW 61ST TER & W NEWBERRY RD,True,8.5,1,29.6596752,-82.4081534,2.0,,2.0,1.0,1.0,0.0,4.0,yes,,yes,,35.0,"{""61ST TER"": {""osm_lanes_max"": null, ""left_turn_lane"": """", ""bike_lane"": """", ""divided"": ""no"", ""one_way"": """", ""speed_mph"": null}, ""NEWBERRY RD"": {""osm_lanes_max"": 4, ""left_turn_lane"": ""yes"", ""bike_lane"": """", ""divided"": ""yes"", ""one_way"": """", ""speed_mph"": 35}}"
SW 12TH DR & SW 16TH AVE,False,,0,,,,,,,,,,,,,,,
SW 28TH TER & SW 37TH PL,True,13.5,1,29.616677,-82.36536,2.0,,0.0,0.0,0.0,0.0,,,,no,,,"{""28TH TER"": {""osm_lanes_max"": null, ""left_turn_lane"": """", ""bike_lane"": """", ""divided"": ""no"", ""one_way"": """", ""speed_mph"": null}, ""37TH PL"": {""osm_lanes_max"": null, ""left_turn_lane"": """", ""bike_lane"": """", ""divided"": ""no"", ""one_way"": """", ""speed_mph"": null}}"
SW 2ND AVE & SW 3RD ST,True,9.8,4,29.6502644,-82.3279209,2.0,,4.0,4.0,0.0,0.0,2.0,yes,yes,yes,,,"{""2ND AVE"": {""osm_lanes_max"": 2, ""left_turn_lane"": ""yes"", ""bike_lane"": ""yes"", ""divided"": ""yes"", ""one_way"": """", ""speed_mph"": null}, ""3RD ST"": {""osm_lanes_max"": null, ""left_turn_lane"": """", ""bike_lane"": """", ""divided"": ""no"", ""one_way"": """", ""speed_mph"": null}}"
NE 31ST AVE & NE WALDO RD,True,12.7,2,29.6812943,-82.29174,2.0,,1.0,1.0,0.0,0.0,3.0,yes,,yes,,45.0,"{""31ST AVE"": {""osm_lanes_max"": 2, ""left_turn_lane"": """", ""bike_lane"": """", ""divided"": ""no"", ""one_way"": """", ""speed_mph"": null}, ""WALDO RD"": {""osm_lanes_max"": 3, ""left_turn_lane"": ""yes"", ""bike_lane"": """", ""divided"": ""yes"", ""one_way"": """", ""speed_mph"": 45}}"
NW 14TH ST & NW 3RD AVE,True,16.2,1,29.6539213,-82.3405068,2.0,,4.0,4.0,0.0,0.0,,,yes,no,yes,25.0,"{""14TH ST"": {""osm_lanes_max"": null, ""left_turn_lane"": """", ""bike_lane"": ""yes"", ""divided"": ""no"", ""one_way"": ""yes"", ""speed_mph"": 25}, ""3RD AVE"": {""osm_lanes_max"": null, ""left_turn_lane"": """", ""bike_lane"": ""no"", ""divided"": ""no"", ""one_way"": """", ""speed_mph"": null}}"
NW 13TH ST & NW 14TH AVE,True,15.6,2,29.6649951,-82.339161,2.0,,3.0,2.0,1.0,0.0,5.0,,,no,,35.0,"{""13TH ST"": {""osm_lanes_max"": 5, ""left_turn_lane"": """", ""bike_lane"": """", ""divided"": ""no"", ""one_way"": """", ""speed_mph"": 35}, ""14TH AVE"": {""osm_lanes_max"": null, ""left_turn_lane"": """", ""bike_lane"": """", ""divided"": ""no"", ""one_way"": """", ""speed_mph"": null}}"
SE 15TH ST & SE 22ND AVE,False,,0,,,,,,,,,,,,,,,
NW 1ST TER & NW 39TH AVE,False,,0,,,,,,,,,,,,,,,
NW 39TH AVE & NW 46TH TER,False,,0,,,,,,,,,,,,,,,
SW 62ND BLVD & SW 9TH PL,True,14.6,1,29.643686,-82.398576,2.0,,1.0,0.0,1.0,0.0,3.0,yes,,no,,,"{""62ND BLVD"": {""osm_lanes_max"": 3, ""left_turn_lane"": ""yes"", ""bike_lane"": """", ""divided"": ""no"", ""one_way"": """", ""speed_mph"": null}, ""9TH PL"": {""osm_lanes_max"": null, ""left_turn_lane"": """", ""bike_lane"": """", ""divided"": ""no"", ""one_way"": """", ""speed_mph"": null}}"
NE 10TH AVE & NE 9TH ST,True,15.5,1,29.6607793,-82.314777,2.0,,2.0,2.0,0.0,0.0,2.0,,yes,no,,,"{""10TH AVE"": {""osm_lanes_max"": null, ""left_turn_lane"": """", ""bike_lane"": """", ""divided"": ""no"", ""one_way"": """", ""speed_mph"": null}, ""9TH ST"": {""osm_lanes_max"": 2, ""left_turn_lane"": """", ""bike_lane"": ""yes"", ""divided"": ""no"", ""one_way"": """", ""speed_mph"": null}}"
SE 1ST AVE & SE 1ST ST,True,8.6,1,29.6510464,-82.3239589,2.0,,4.0,4.0,0.0,0.0,,,,no,,,"{""1ST AVE"": {""osm_lanes_max"": null, ""left_turn_lane"": """", ""bike_lane"": """", ""divided"": ""no"", ""one_way"": """", ""speed_mph"": null}, ""1ST ST"": {""osm_lanes_max"": null, ""left_turn_lane"": """", ""bike_lane"": """", ""divided"": ""no"", ""one_way"": """", ""speed_mph"": null}}"
NE 12TH ST & NE 23RD AVE,True,16.6,2,29.6738381,-82.310363,2.0,,2.0,0.0,0.0,0.0,4.0,,,no,,40.0,"{""12TH ST"": {""osm_lanes_max"": null, ""left_turn_lane"": """", ""bike_lane"": """", ""divided"": ""no"", ""one_way"": """", ""speed_mph"": null}, ""23RD AVE"": {""osm_lanes_max"": 4, ""left_turn_lane"": """", ""bike_lane"": """", ""divided"": ""no"", ""one_way"": """", ""speed_mph"": 40}}"
NW 13TH ST & NW 41ST AVE,True,9.1,2,29.6901374,-82.3390157,2.0,,4.0,1.0,2.0,0.0,3.0,yes,yes,yes,,45.0,"{""13TH ST"": {""osm_lanes_max"": 3, ""left_turn_lane"": ""yes"", ""bike_lane"": ""yes"", ""divided"": ""yes"", ""one_way"": """", ""speed_mph"": 45}, ""41ST AVE"": {""osm_lanes_max"": null, ""left_turn_lane"": """", ""bike_lane"": """", ""divided"": ""no"", ""one_way"": """", ""speed_mph"": null}}"
SW 10TH ST & SW 6TH AVE,True,15.0,1,29.6467075,-82.3350247,2.0,,6.0,4.0,1.0,0.0,1.0,,yes,no,yes,25.0,"{""10TH ST"": {""osm_lanes_max"": 1, ""left_turn_lane"": """", ""bike_lane"": ""yes"", ""divided"": ""no"", ""one_way"": ""yes"", ""speed_mph"": 25}, ""6TH AVE"": {""osm_lanes_max"": null, ""left_turn_lane"": """", ""bike_lane"": """", ""divided"": ""no"", ""one_way"": """", ""speed_mph"": null}}"
NW 25TH AVE & NW 6TH ST,True,14.5,2,29.6758056,-82.3307656,2.0,,3.0,1.0,1.0,0.0,4.0,,no,no,,35.0,"{""25TH AVE"": {""osm_lanes_max"": null, ""left_turn_lane"": """", ""bike_lane"": """", ""divided"": ""no"", ""one_way"": """", ""speed_mph"": null}, ""6TH ST"": {""osm_lanes_max"": 4, ""left_turn_lane"": """", ""bike_lane"": ""no"", ""divided"": ""no"", ""one_way"": """", ""speed_mph"": 35}}"
NE 19TH PL & NE 9TH ST,True,19.2,1,29.6700307,-82.3147922,2.0,,1.0,1.0,0.0,0.0,2.0,,yes,no,,,"{""19TH PL"": {""osm_lanes_max"": null, ""left_turn_lane"": """", ""bike_lane"": """", ""divided"": ""no"", ""one_way"": """", ""speed_mph"": null}, ""9TH ST"": {""osm_lanes_max"": 2, ""left_turn_lane"": """", ""bike_lane"": ""yes"", ""divided"": ""no"", ""one_way"": """", ""speed_mph"": null}}"
NW 10TH AVE & NW 34TH ST,True,15.1,1,29.6617558,-82.372397,2.0,,2.0,2.0,0.0,0.0,3.0,,,no,,35.0,"{""10TH AVE"": {""osm_lanes_max"": null, ""left_turn_lane"": """", ""bike_lane"": """", ""divided"": ""no"", ""one_way"": """", ""speed_mph"": null}, ""34TH ST"": {""osm_lanes_max"": 3, ""left_turn_lane"": """", ""bike_lane"": """", ""divided"": ""no"", ""one_way"": """", ""speed_mph"": 35}}"
NW 16TH AVE & NW 17TH TER,True,7.6,1,29.666653,-82.3455497,2.0,,3.0,3.0,0.0,0.0,3.0,yes,yes,yes,,40.0,"{""16TH AVE"": {""osm_lanes_max"": 3, ""left_turn_lane"": ""yes"", ""bike_lane"": ""yes"", ""divided"": ""yes"", ""one_way"": """", ""speed_mph"": 40}, ""17TH TER"": {""osm_lanes_max"": null, ""left_turn_lane"": """", ""bike_lane"": """", ""divided"": ""no"", ""one_way"": """", ""speed_mph"": null}}"
NW 19TH TER & NW 8TH AVE,True,13.9,1,29.6594275,-82.3484071,2.0,,1.0,0.0,1.0,0.0,3.0,yes,,no,,,"{""19TH TER"": {""osm_lanes_max"": null, ""left_turn_lane"": """", ""bike_lane"": """", ""divided"": ""no"", ""one_way"": """", ""speed_mph"": null}, ""8TH AVE"": {""osm_lanes_max"": 3, ""left_turn_lane"": ""yes"", ""bike_lane"": """", ""divided"": ""no"", ""one_way"": """", ""speed_mph"": null}}"
NW 8TH AVE & NW 8TH ST,True,12.0,1,29.6593986,-82.3329064,2.0,,1.0,1.0,0.0,0.0,3.0,yes,yes,no,,,"{""8TH AVE"": {""osm_lanes_max"": 3, ""left_turn_lane"": ""yes"", ""bike_lane"": ""yes"", ""divided"": ""no"", ""one_way"": """", ""speed_mph"": null}, ""8TH ST"": {""osm_lanes_max"": null, ""left_turn_lane"": """", ""bike_lane"": """", ""divided"": ""no"", ""one_way"": """", ""speed_mph"": null}}"
E UNIVERSITY AVE & SE 3RD ST,True,15.1,1,29.6519603,-82.3224076,2.0,yes,4.0,4.0,0.0,4.0,5.0,yes,no,yes,,30.0,"{""3RD ST"": {""osm_lanes_max"": 2, ""left_turn_lane"": """", ""bike_lane"": """", ""divided"": ""yes"", ""one_way"": """", ""speed_mph"": null}, ""UNIVERSITY AVE"": {""osm_lanes_max"": 5, ""left_turn_lane"": ""yes"", ""bike_lane"": ""no"", ""divided"": ""yes"", ""one_way"": """", ""speed_mph"": 30}}"
SW 2ND AVE & SW 8TH ST,True,8.8,2,29.6502456,-82.3330193,2.0,,2.0,2.0,0.0,0.0,2.0,,yes,yes,,,"{""2ND AVE"": {""osm_lanes_max"": 2, ""left_turn_lane"": """", ""bike_lane"": ""yes"", ""divided"": ""yes"", ""one_way"": """", ""speed_mph"": null}, ""8TH ST"": {""osm_lanes_max"": null, ""left_turn_lane"": """", ""bike_lane"": """", ""divided"": ""no"", ""one_way"": """", ""speed_mph"": null}}"
NE 15TH ST & NE 8TH AVE,True,14.5,1,29.659233,-82.3058513,2.0,,3.0,3.0,0.0,0.0,2.0,,yes,no,,,"{""15TH ST"": {""osm_lanes_max"": 2, ""left_turn_lane"": """", ""bike_lane"": ""yes"", ""divided"": ""no"", ""one_way"": """", ""speed_mph"": null}, ""8TH AVE"": {""osm_lanes_max"": 2, ""left_turn_lane"": """", ""bike_lane"": """", ""divided"": ""no"", ""one_way"": """", ""speed_mph"": null}}"
SW 23RD TER & SW 35TH PL,False,,0,,,,,,,,,,,,,,,
NW 54TH TER & W NEWBERRY RD,True,8.6,1,29.6592514,-82.4009324,2.0,,1.0,1.0,0.0,0.0,4.0,yes,,yes,,45.0,"{""54TH TER"": {""osm_lanes_max"": null, ""left_turn_lane"": """", ""bike_lane"": """", ""divided"": ""no"", ""one_way"": """", ""speed_mph"": null}, ""NEWBERRY RD"": {""osm_lanes_max"": 4, ""left_turn_lane"": ""yes"", ""bike_lane"": """", ""divided"": ""yes"", ""one_way"": """", ""speed_mph"": 45}}"
SW 51ST TER & SW 62ND BVD,False,,0,,,,,,,,,,,,,,,
NW 34TH ST & NW 7TH PL,True,17.6,1,29.658661,-82.3724087,2.0,,6.0,1.0,5.0,0.0,3.0,,,no,,35.0,"{""34TH ST"": {""osm_lanes_max"": 3, ""left_turn_lane"": """", ""bike_lane"": """", ""divided"": ""no"", ""one_way"": """", ""speed_mph"": 35}, ""7TH PL"": {""osm_lanes_max"": null, ""left_turn_lane"": """", ""bike_lane"": """", ""divided"": ""no"", ""one_way"": """", ""speed_mph"": null}}"
NW 34TH BLVD & NW 34TH ST,True,5.5,1,29.696767,-82.372237,2.0,,1.0,1.0,0.0,0.0,3.0,yes,yes,no,,40.0,"{""34TH ST"": {""osm_lanes_max"": 3, ""left_turn_lane"": ""yes"", ""bike_lane"": ""yes"", ""divided"": ""no"", ""one_way"": """", ""speed_mph"": 40}, ""46TH AVE"": {""osm_lanes_max"": null, ""left_turn_lane"": """", ""bike_lane"": """", ""divided"": ""no"", ""one_way"": """", ""speed_mph"": null}}"
ACCESS RD TO LOWES & NW 13TH ST,False,,0,,,,,,,,,,,,,,,
NW 41ST PL & NW 43RD ST,True,51.8,1,29.6909316,-82.3895541,1.0,,1.0,1.0,0.0,0.0,5.0,yes,yes,no,,45.0,"{""43RD ST"": {""osm_lanes_max"": 5, ""left_turn_lane"": ""yes"", ""bike_lane"": ""yes"", ""divided"": ""no"", ""one_way"": """", ""speed_mph"": 45}}"
NE 28TH DR & NE 39TH AVE,True,9.6,7,29.683434,-82.2862117,2.0,,3.0,2.0,0.0,0.0,3.0,yes,yes,yes,,45.0,"{""28TH DR"": {""osm_lanes_max"": null, ""left_turn_lane"": """", ""bike_lane"": """", ""divided"": ""no"", ""one_way"": """", ""speed_mph"": null}, ""39TH AVE"": {""osm_lanes_max"": 3, ""left_turn_lane"": ""yes"", ""bike_lane"": ""yes"", ""divided"": ""yes"", ""one_way"": """", ""speed_mph"": 45}}"
NW 13TH ST & NW 35TH AVE,True,8.2,2,29.6849112,-82.3390464,2.0,,4.0,3.0,0.0,0.0,2.0,,yes,yes,,45.0,"{""13TH ST"": {""osm_lanes_max"": 2, ""left_turn_lane"": """", ""bike_lane"": ""yes"", ""divided"": ""yes"", ""one_way"": """", ""speed_mph"": 45}, ""35TH AVE"": {""osm_lanes_max"": null, ""left_turn_lane"": """", ""bike_lane"": """", ""divided"": ""no"", ""one_way"": """", ""speed_mph"": null}}"
NW 75TH ST & W NEWBERRY RD,True,7.6,2,29.6596972,-82.422381,2.0,yes,3.0,3.0,0.0,3.0,5.0,yes,yes,yes,,35.0,"{""75TH ST"": {""osm_lanes_max"": 5, ""left_turn_lane"": ""yes"", ""bike_lane"": ""yes"", ""divided"": ""no"", ""one_way"": """", ""speed_mph"": null}, ""NEWBERRY RD"": {""osm_lanes_max"": 4, ""left_turn_lane"": ""yes"", ""bike_lane"": """", ""divided"": ""yes"", ""one_way"": """", ""speed_mph"": 35}}"
E UNIVERSITY AVE & NE 11TH ST,True,19.9,4,29.6519258,-82.3114703,2.0,yes,7.0,5.0,0.0,3.0,4.0,yes,,yes,,35.0,"{""11TH ST"": {""osm_lanes_max"": 4, ""left_turn_lane"": ""yes"", ""bike_lane"": """", ""divided"": ""yes"", ""one_way"": """", ""speed_mph"": 35}, ""UNIVERSITY AVE"": {""osm_lanes_max"": 4, ""left_turn_lane"": ""yes"", ""bike_lane"": """", ""divided"": ""yes"", ""one_way"": """", ""speed_mph"": 35}}"
NW 52ND TER & W NEWBERRY RD,True,12.9,5,29.6587831,-82.3986296,2.0,,2.0,1.0,1.0,0.0,3.0,yes,yes,yes,,45.0,"{""52ND TER"": {""osm_lanes_max"": null, ""left_turn_lane"": """", ""bike_lane"": """", ""divided"": ""no"", ""one_way"": """", ""speed_mph"": null}, ""NEWBERRY RD"": {""osm_lanes_max"": 3, ""left_turn_lane"": ""yes"", ""bike_lane"": ""yes"", ""divided"": ""yes"", ""one_way"": """", ""speed_mph"": 45}}"
SW 1ST ST & SW 2ND AVE,True,17.7,1,29.6503079,-82.3258299,2.0,,4.0,2.0,0.0,0.0,2.0,,yes,yes,yes,,"{""1ST ST"": {""osm_lanes_max"": null, ""left_turn_lane"": """", ""bike_lane"": """", ""divided"": ""no"", ""one_way"": ""yes"", ""speed_mph"": null}, ""2ND AVE"": {""osm_lanes_max"": 2, ""left_turn_lane"": """", ""bike_lane"": ""yes"", ""divided"": ""yes"", ""one_way"": """", ""speed_mph"": null}}"
SW 31ST ST & SW ARCHER RD,False,,0,,,,,,,,,,,,,,,
ACSO & NE 39TH AVE,False,,0,,,,,,,,,,,,,,,
SE 2ND AVE & SE 2ND ST,True,9.7,2,29.6502727,-82.3230872,2.0,,6.0,2.0,2.0,0.0,1.0,,yes,yes,,,"{""2ND AVE"": {""osm_lanes_max"": 1, ""left_turn_lane"": """", ""bike_lane"": ""yes"", ""divided"": ""yes"", ""one_way"": """", ""speed_mph"": null}, ""2ND ST"": {""osm_lanes_max"": null, ""left_turn_lane"": """", ""bike_lane"": """", ""divided"": ""no"", ""one_way"": """", ""speed_mph"": null}}"
NW 1ST PL & SW 62ND ST,False,,0,,,,,,,,,,,,,,,
SW 12TH ST & SW 5TH AVE,True,14.8,1,29.6475828,-82.3371086,2.0,,7.0,2.0,3.0,0.0,1.0,,yes,no,yes,25.0,"{""12TH ST"": {""osm_lanes_max"": 1, ""left_turn_lane"": """", ""bike_lane"": ""yes"", ""divided"": ""no"", ""one_way"": ""yes"", ""speed_mph"": 25}, ""5TH AVE"": {""osm_lanes_max"": null, ""left_turn_lane"": """", ""bike_lane"": """", ""divided"": ""no"", ""one_way"": """", ""speed_mph"": null}}"
SW 4TH AVE & SW 6TH ST,False,,0,,,,,,,,,,,,,,,
NW 43RD ST & NW 82ND BLVD,True,17.9,2,29.7286265,-82.3888015,2.0,,2.0,2.0,0.0,0.0,3.0,yes,yes,yes,,,"{""43RD ST"": {""osm_lanes_max"": 3, ""left_turn_lane"": ""yes"", ""bike_lane"": ""yes"", ""divided"": ""no"", ""one_way"": """", ""speed_mph"": null}, ""82ND BLVD"": {""osm_lanes_max"": null, ""left_turn_lane"": """", ""bike_lane"": """", ""divided"": ""yes"", ""one_way"": """", ""speed_mph"": null}}"
N MAIN ST & NE 12TH AVE,True,15.3,1,29.6629332,-82.3245229,2.0,,3.0,1.0,2.0,0.0,2.0,,,no,,,"{""12TH AVE"": {""osm_lanes_max"": null, ""left_turn_lane"": """", ""bike_lane"": """", ""divided"": ""no"", ""one_way"": """", ""speed_mph"": null}, ""MAIN ST"": {""osm_lanes_max"": 2, ""left_turn_lane"": """", ""bike_lane"": """", ""divided"": ""no"", ""one_way"": """", ""speed_mph"": null}}"
SE 3RD ST & SE 4TH AVE,True,17.1,1,29.6483765,-82.3223599,2.0,yes,5.0,4.0,1.0,4.0,3.0,yes,,yes,,30.0,"{""3RD ST"": {""osm_lanes_max"": 3, ""left_turn_lane"": ""yes"", ""bike_lane"": """", ""divided"": ""yes"", ""one_way"": """", ""speed_mph"": 30}, ""4TH AVE"": {""osm_lanes_max"": 3, ""left_turn_lane"": ""yes"", ""bike_lane"": """", ""divided"": ""no"", ""one_way"": """", ""speed_mph"": null}}"
SW 31ST DR & SW 41ST PL,True,15.5,1,29.615771,-82.368923,2.0,,1.0,1.0,0.0,0.0,,,no,no,,,"{""31ST DR"": {""osm_lanes_max"": null, ""left_turn_lane"": """", ""bike_lane"": """", ""divided"": ""no"", ""one_way"": """", ""speed_mph"": null}, ""41ST PL"": {""osm_lanes_max"": null, ""left_turn_lane"": """", ""bike_lane"": ""no"", ""divided"": ""no"", ""one_way"": """", ""speed_mph"": null}}"
NW 17TH ST & NW 8TH AVE,True,13.0,1,29.6594011,-82.3446308,2.0,,2.0,0.0,2.0,0.0,3.0,yes,yes,no,,,"{""17TH ST"": {""osm_lanes_max"": null, ""left_turn_lane"": """", ""bike_lane"": ""yes"", ""divided"": ""no"", ""one_way"": """", ""speed_mph"": null}, ""8TH AVE"": {""osm_lanes_max"": 3, ""left_turn_lane"": ""yes"", ""bike_lane"": ""yes"", ""divided"": ""no"", ""one_way"": """", ""speed_mph"": null}}"
NW 24TH BLVD & NW 53RD AVE,True,13.4,1,29.7033286,-82.3586559,2.0,,2.0,1.0,0.0,0.0,2.0,,yes,no,,30.0,"{""24TH BLVD"": {""osm_lanes_max"": 2, ""left_turn_lane"": """", ""bike_lane"": """", ""divided"": ""no"", ""one_way"": """", ""speed_mph"": 30}, ""53RD AVE"": {""osm_lanes_max"": 2, ""left_turn_lane"": """", ""bike_lane"": ""yes"", ""divided"": ""no"", ""one_way"": """", ""speed_mph"": null}}"
OAKS MALL ENTRANCE & W NEWBERRY RD,False,,0,,,,,,,,,,,,,,,
NW 14TH AVE & NW 6TH ST,True,16.7,1,29.6648046,-82.3308751,2.0,,4.0,2.0,0.0,0.0,4.0,,,no,,35.0,"{""14TH AVE"": {""osm_lanes_max"": null, ""left_turn_lane"": """", ""bike_lane"": """", ""divided"": ""no"", ""one_way"": """", ""speed_mph"": null}, ""6TH ST"": {""osm_lanes_max"": 4, ""left_turn_lane"": """", ""bike_lane"": """", ""divided"": ""no"", ""one_way"": """", ""speed_mph"": 35}}"
NE 1ST ST & NE 6TH AVE,True,7.8,2,29.6568153,-82.3239606,2.0,,5.0,0.0,0.0,0.0,,,,yes,,,"{""1ST ST"": {""osm_lanes_max"": null, ""left_turn_lane"": """", ""bike_lane"": """", ""divided"": ""yes"", ""one_way"": """", ""speed_mph"": null}, ""6TH AVE"": {""osm_lanes_max"": null, ""left_turn_lane"": """", ""bike_lane"": """", ""divided"": ""no"", ""one_way"": """", ""speed_mph"": null}}"
NW 37TH ST & NW 53RD AVE,True,15.2,1,29.703363,-82.379283,2.0,yes,1.0,1.0,0.0,1.0,2.0,,yes,no,,,"{""37TH ST"": {""osm_lanes_max"": null, ""left_turn_lane"": """", ""bike_lane"": """", ""divided"": ""no"", ""one_way"": """", ""speed_mph"": null}, ""53RD AVE"": {""osm_lanes_max"": 2, ""left_turn_lane"": """", ""bike_lane"": ""yes"", ""divided"": ""no"", ""one_way"": """", ""speed_mph"": null}}"
NW 34TH ST & NW 49TH AVE,True,19.0,1,29.6996543,-82.372302,2.0,,0.0,0.0,0.0,0.0,,,,no,,,"{""34TH ST"": {""osm_lanes_max"": null, ""left_turn_lane"": """", ""bike_lane"": """", ""divided"": ""no"", ""one_way"": """", ""speed_mph"": null}, ""49TH AVE"": {""osm_lanes_max"": null, ""left_turn_lane"": """", ""bike_lane"": """", ""divided"": ""no"", ""one_way"": """", ""speed_mph"": null}}"
NW 16TH AVE & NW 8TH ST,True,14.3,1,29.6666276,-82.3329417,2.0,,1.0,1.0,0.0,0.0,3.0,yes,,no,,,"{""16TH AVE"": {""osm_lanes_max"": 3, ""left_turn_lane"": ""yes"", ""bike_lane"": """", ""divided"": ""no"", ""one_way"": """", ""speed_mph"": null}, ""8TH ST"": {""osm_lanes_max"": null, ""left_turn_lane"": """", ""bike_lane"": """", ""divided"": ""no"", ""one_way"": """", ""speed_mph"": null}}"
SW 27TH ST & SW 2ND AVE,True,15.8,1,29.6504016,-82.3625039,2.0,,2.0,1.0,1.0,0.0,2.0,,,yes,,35.0,"{""27TH ST"": {""osm_lanes_max"": 2, ""left_turn_lane"": """", ""bike_lane"": """", ""divided"": ""yes"", ""one_way"": """", ""speed_mph"": 20}, ""2ND AVE"": {""osm_lanes_max"": 2, ""left_turn_lane"": """", ""bike_lane"": """", ""divided"": ""no"", ""one_way"": """", ""speed_mph"": 35}}"
N MAIN ST & NE 33RD AVE,True,15.2,1,29.682426,-82.319379,2.0,,3.0,0.0,2.0,0.0,4.0,,yes,yes,,,"{""33RD AVE"": {""osm_lanes_max"": null, ""left_turn_lane"": """", ""bike_lane"": """", ""divided"": ""no"", ""one_way"": """", ""speed_mph"": null}, ""MAIN ST"": {""osm_lanes_max"": 4, ""left_turn_lane"": """", ""bike_lane"": ""yes"", ""divided"": ""yes"", ""one_way"": """", ""speed_mph"": null}}"
SE 1ST AVE & SE 3RD ST,True,13.6,1,29.6510383,-82.3223954,2.0,,6.0,4.0,2.0,0.0,2.0,,,yes,,,"{""1ST AVE"": {""osm_lanes_max"": null, ""left_turn_lane"": """", ""bike_lane"": """", ""divided"": ""no"", ""one_way"": """", ""speed_mph"": null}, ""3RD ST"": {""osm_lanes_max"": 2, ""left_turn_lane"": """", ""bike_lane"": """", ""divided"": ""yes"", ""one_way"": """", ""speed_mph"": null}}"
NE 1ST ST & NE 8TH AVE,True,13.3,3,29.659215,-82.3240087,2.0,,6.0,0.0,0.0,0.0,2.0,,,yes,,,"{""1ST ST"": {""osm_lanes_max"": null, ""left_turn_lane"": """", ""bike_lane"": """", ""divided"": ""yes"", ""one_way"": """", ""speed_mph"": null}, ""8TH AVE"": {""osm_lanes_max"": 2, ""left_turn_lane"": """", ""bike_lane"": """", ""divided"": ""yes"", ""one_way"": """", ""speed_mph"": null}}"
SE 20TH ST & SE 8TH AVE,True,15.2,1,29.644529,-82.298491,2.0,,1.0,1.0,0.0,0.0,2.0,,yes,no,,,"{""20TH ST"": {""osm_lanes_max"": null, ""left_turn_lane"": """", ""bike_lane"": """", ""divided"": ""no"", ""one_way"": """", ""speed_mph"": null}, ""8TH AVE"": {""osm_lanes_max"": 2, ""left_turn_lane"": """", ""bike_lane"": ""yes"", ""divided"": ""no"", ""one_way"": """", ""speed_mph"": null}}"
SE 15TH ST & SE 7TH AVE,True,15.3,1,29.645776,-82.305861,2.0,,4.0,4.0,0.0,0.0,2.0,,yes,no,,,"{""15TH ST"": {""osm_lanes_max"": 2, ""left_turn_lane"": """", ""bike_lane"": ""yes"", ""divided"": ""no"", ""one_way"": """", ""speed_mph"": null}, ""7TH AVE"": {""osm_lanes_max"": 2, ""left_turn_lane"": """", ""bike_lane"": """", ""divided"": ""no"", ""one_way"": """", ""speed_mph"": null}}"
N MAIN ST & NW 4TH AVE,True,16.1,1,29.6546764,-82.3250168,2.0,,7.0,2.0,0.0,0.0,3.0,yes,yes,no,,30.0,"{""4TH AVE"": {""osm_lanes_max"": null, ""left_turn_lane"": """", ""bike_lane"": """", ""divided"": ""no"", ""one_way"": """", ""speed_mph"": null}, ""MAIN ST"": {""osm_lanes_max"": 3, ""left_turn_lane"": ""yes"", ""bike_lane"": ""yes"", ""divided"": ""no"", ""one_way"": """", ""speed_mph"": 30}}"
NW 11TH AVE & NW 13TH ST,True,15.2,1,29.6621735,-82.339167,2.0,,3.0,1.0,2.0,0.0,5.0,,,no,,35.0,"{""11TH AVE"": {""osm_lanes_max"": null, ""left_turn_lane"": """", ""bike_lane"": """", ""divided"": ""no"", ""one_way"": """", ""speed_mph"": null}, ""13TH ST"": {""osm_lanes_max"": 5, ""left_turn_lane"": """", ""bike_lane"": """", ""divided"": ""no"", ""one_way"": """", ""speed_mph"": 35}}"
SW 25TH ST & SW 2ND AVE,True,13.8,1,29.6503841,-82.3605048,2.0,yes,4.0,4.0,0.0,0.0,2.0,,yes,no,,35.0,"{""2ND AVE"": {""osm_lanes_max"": 2, ""left_turn_lane"": """", ""bike_lane"": """", ""divided"": ""no"", ""one_way"": """", ""speed_mph"": 35}, ""VILLAGE DR"": {""osm_lanes_max"": 2, ""left_turn_lane"": """", ""bike_lane"": ""yes"", ""divided"": ""no"", ""one_way"": """", ""speed_mph"": 20}}"
NE 5TH AVE & NE WALDO RD,True,12.6,1,29.6556833,-82.3089395,2.0,,1.0,0.0,1.0,0.0,5.0,yes,,yes,,45.0,"{""5TH AVE"": {""osm_lanes_max"": null, ""left_turn_lane"": """", ""bike_lane"": """", ""divided"": ""no"", ""one_way"": """", ""speed_mph"": null}, ""WALDO RD"": {""osm_lanes_max"": 5, ""left_turn_lane"": ""yes"", ""bike_lane"": """", ""divided"": ""yes"", ""one_way"": """", ""speed_mph"": 45}}"
NW 3RD ST & NW 8TH AVE,True,13.2,1,29.6593868,-82.3279147,2.0,,6.0,1.0,5.0,0.0,5.0,,yes,no,yes,30.0,"{""3RD ST"": {""osm_lanes_max"": null, ""left_turn_lane"": """", ""bike_lane"": """", ""divided"": ""no"", ""one_way"": ""yes"", ""speed_mph"": null}, ""8TH AVE"": {""osm_lanes_max"": 5, ""left_turn_lane"": """", ""bike_lane"": ""yes"", ""divided"": ""no"", ""one_way"": """", ""speed_mph"": 30}}"
NW 39TH AVE & NW 40TH TER,True,9.9,2,29.688668,-82.3865602,2.0,,3.0,1.0,1.0,0.0,3.0,yes,yes,yes,,45.0,"{""39TH AVE"": {""osm_lanes_max"": 3, ""left_turn_lane"": ""yes"", ""bike_lane"": ""yes"", ""divided"": ""yes"", ""one_way"": """", ""speed_mph"": 45}, ""40TH TER"": {""osm_lanes_max"": 2, ""left_turn_lane"": """", ""bike_lane"": """", ""divided"": ""yes"", ""one_way"": """", ""speed_mph"": 25}}"
SW 2ND AVE & SW 9TH ST,False,,0,,,,,,,,,,,,,,,
SW 23RD TER & SW 31ST PL,True,15.3,1,29.623551,-82.3560764,2.0,,2.0,2.0,0.0,0.0,3.0,,yes,no,,40.0,"{""23RD TER"": {""osm_lanes_max"": 3, ""left_turn_lane"": """", ""bike_lane"": ""yes"", ""divided"": ""no"", ""one_way"": """", ""speed_mph"": 40}, ""31ST PL"": {""osm_lanes_max"": null, ""left_turn_lane"": """", ""bike_lane"": """", ""divided"": ""no"", ""one_way"": """", ""speed_mph"": null}}"
NE 39TH BLVD & NE 55TH BLVD,False,,0,,,,,,,,,,,,,,,
NW 34TH BLVD & NW 51ST PL,False,,0,,,,,,,,,,,,,,,
NE 19TH DR & NE 23RD AVE,True,13.9,1,29.6737951,-82.2996891,2.0,,2.0,1.0,1.0,0.0,4.0,,,no,,40.0,"{""19TH DR"": {""osm_lanes_max"": null, ""left_turn_lane"": """", ""bike_lane"": """", ""divided"": ""no"", ""one_way"": """", ""speed_mph"": null}, ""23RD AVE"": {""osm_lanes_max"": 4, ""left_turn_lane"": """", ""bike_lane"": """", ""divided"": ""no"", ""one_way"": """", ""speed_mph"": 40}}"
CELEBRATION POINTE AVE & SW 42ND WAY,False,,0,,,,,,,,,,,,,,,
SW 13TH AVE & SW 13TH ST,False,,0,,,,,,,,,,,,,,,
NW 16TH AVE & NW 4TH ST,True,13.8,1,29.666612,-82.3288038,2.0,,3.0,2.0,0.0,0.0,3.0,yes,no,yes,,,"{""16TH AVE"": {""osm_lanes_max"": 3, ""left_turn_lane"": ""yes"", ""bike_lane"": """", ""divided"": ""no"", ""one_way"": """", ""speed_mph"": null}, ""4TH ST"": {""osm_lanes_max"": null, ""left_turn_lane"": """", ""bike_lane"": ""no"", ""divided"": ""yes"", ""one_way"": """", ""speed_mph"": null}}"
NW 31ST AVE & NW 34TH ST,True,18.7,1,29.681349,-82.372389,2.0,,2.0,2.0,0.0,0.0,2.0,,yes,no,,40.0,"{""31ST AVE"": {""osm_lanes_max"": null, ""left_turn_lane"": """", ""bike_lane"": ""no"", ""divided"": ""no"", ""one_way"": """", ""speed_mph"": null}, ""34TH ST"": {""osm_lanes_max"": 2, ""left_turn_lane"": """", ""bike_lane"": ""yes"", ""divided"": ""no"", ""one_way"": """", ""speed_mph"": 40}}"
S MAIN ST & SE 13TH AVE,True,13.2,1,29.6383779,-82.3265356,2.0,,5.0,3.0,2.0,0.0,4.0,,yes,no,,45.0,"{""13TH AVE"": {""osm_lanes_max"": null, ""left_turn_lane"": """", ""bike_lane"": """", ""divided"": ""no"", ""one_way"": """", ""speed_mph"": null}, ""MAIN ST"": {""osm_lanes_max"": 4, ""left_turn_lane"": """", ""bike_lane"": ""yes"", ""divided"": ""no"", ""one_way"": """", ""speed_mph"": 45}}"
SW 20TH AVE & SW 58TH ST,False,,0,,,,,,,,,,,,,,,
S MAIN ST & SW 11TH PL,False,,0,,,,,,,,,,,,,,,
NW 11TH ST & NW 3RD AVE,True,15.7,1,29.6538912,-82.335998,2.0,,0.0,0.0,0.0,0.0,,,no,no,,,"{""11TH ST"": {""osm_lanes_max"": null, ""left_turn_lane"": """", ""bike_lane"": """", ""divided"": ""no"", ""one_way"": """", ""speed_mph"": null}, ""3RD AVE"": {""osm_lanes_max"": null, ""left_turn_lane"": """", ""bike_lane"": ""no"", ""divided"": ""no"", ""one_way"": """", ""speed_mph"": null}}"
SW 16TH AVE & SW 16TH CT,True,9.5,2,29.6359878,-82.3422422,2.0,,0.0,0.0,0.0,0.0,4.0,yes,,yes,,35.0,"{""16TH AVE"": {""osm_lanes_max"": 4, ""left_turn_lane"": ""yes"", ""bike_lane"": """", ""divided"": ""yes"", ""one_way"": """", ""speed_mph"": 35}, ""16TH CT"": {""osm_lanes_max"": null, ""left_turn_lane"": """", ""bike_lane"": """", ""divided"": ""no"", ""one_way"": """", ""speed_mph"": null}}"
NW 25TH TER & NW 39TH AVE,True,9.6,1,29.6885497,-82.3594889,2.0,,2.0,0.0,2.0,0.0,5.0,yes,yes,no,,45.0,"{""25TH TER"": {""osm_lanes_max"": 2, ""left_turn_lane"": """", ""bike_lane"": """", ""divided"": ""no"", ""one_way"": """", ""speed_mph"": 25}, ""39TH AVE"": {""osm_lanes_max"": 5, ""left_turn_lane"": ""yes"", ""bike_lane"": ""yes"", ""divided"": ""no"", ""one_way"": """", ""speed_mph"": 45}}"
NE 17TH ST & NE 8TH AVE,True,14.1,1,29.6592212,-82.3032911,2.0,,3.0,3.0,0.0,0.0,2.0,,,no,,,"{""17TH ST"": {""osm_lanes_max"": null, ""left_turn_lane"": """", ""bike_lane"": """", ""divided"": ""no"", ""one_way"": """", ""speed_mph"": null}, ""8TH AVE"": {""osm_lanes_max"": 2, ""left_turn_lane"": """", ""bike_lane"": """", ""divided"": ""no"", ""one_way"": """", ""speed_mph"": null}}"
NW 22ND ST & NW 77TH AVE,True,16.9,1,29.7249546,-82.3540192,1.0,,0.0,0.0,0.0,0.0,,,,no,,,"{""77TH AVE"": {""osm_lanes_max"": null, ""left_turn_lane"": """", ""bike_lane"": """", ""divided"": ""no"", ""one_way"": """", ""speed_mph"": null}}"
NW 46TH ST & W NEWBERRY RD,True,6.0,1,29.656568,-82.3926145,2.0,,2.0,2.0,0.0,0.0,2.0,,yes,yes,,45.0,"{""46TH ST"": {""osm_lanes_max"": null, ""left_turn_lane"": """", ""bike_lane"": """", ""divided"": ""no"", ""one_way"": """", ""speed_mph"": null}, ""NEWBERRY RD"": {""osm_lanes_max"": 2, ""left_turn_lane"": """", ""bike_lane"": ""yes"", ""divided"": ""yes"", ""one_way"": """", ""speed_mph"": 45}}"
NE 7TH ST & NE 9TH AVE,True,14.2,1,29.660062,-82.317406,2.0,,0.0,0.0,0.0,0.0,,,,no,,,"{""7TH ST"": {""osm_lanes_max"": null, ""left_turn_lane"": """", ""bike_lane"": """", ""divided"": ""no"", ""one_way"": """", ""speed_mph"": null}, ""9TH AVE"": {""osm_lanes_max"": null, ""left_turn_lane"": """", ""bike_lane"": """", ""divided"": ""no"", ""one_way"": """", ""speed_mph"": null}}"
SW 11TH ST & SW 9TH AVE,True,13.7,1,29.6436832,-82.3357765,2.0,,4.0,1.0,3.0,0.0,1.0,,no,yes,yes,,"{""11TH ST"": {""osm_lanes_max"": 1, ""left_turn_lane"": """", ""bike_lane"": ""no"", ""divided"": ""yes"", ""one_way"": """", ""speed_mph"": null}, ""9TH AVE"": {""osm_lanes_max"": null, ""left_turn_lane"": """", ""bike_lane"": """", ""divided"": ""no"", ""one_way"": ""yes"", ""speed_mph"": null}}"
SE 8TH AVE & SE HAWTHORNE RD,False,,0,,,,,,,,,,,,,,,
NW 19TH PL & NW 34TH ST,True,8.0,2,29.6703296,-82.3724681,2.0,,1.0,1.0,0.0,0.0,3.0,yes,yes,no,,40.0,"{""19TH PL"": {""osm_lanes_max"": null, ""left_turn_lane"": """", ""bike_lane"": """", ""divided"": ""no"", ""one_way"": """", ""speed_mph"": null}, ""34TH ST"": {""osm_lanes_max"": 3, ""left_turn_lane"": ""yes"", ""bike_lane"": ""yes"", ""divided"": ""no"", ""one_way"": """", ""speed_mph"": 40}}"
NW 13TH AVE & NW 6TH ST,True,17.1,1,29.6637466,-82.3308823,2.0,,4.0,1.0,0.0,0.0,4.0,,,no,,35.0,"{""13TH AVE"": {""osm_lanes_max"": null, ""left_turn_lane"": """", ""bike_lane"": """", ""divided"": ""no"", ""one_way"": """", ""speed_mph"": null}, ""6TH ST"": {""osm_lanes_max"": 4, ""left_turn_lane"": """", ""bike_lane"": """", ""divided"": ""no"", ""one_way"": """", ""speed_mph"": 35}}"
SW 8TH AVE & SW 9TH ST,True,12.5,3,29.6448838,-82.3336481,3.0,,4.0,4.0,0.0,0.0,2.0,,,no,,,"{""8TH AVE"": {""osm_lanes_max"": 2, ""left_turn_lane"": """", ""bike_lane"": """", ""divided"": ""no"", ""one_way"": """", ""speed_mph"": null}, ""8TH LN"": {""osm_lanes_max"": null, ""left_turn_lane"": """", ""bike_lane"": """", ""divided"": ""no"", ""one_way"": """", ""speed_mph"": null}, ""9TH ST"": {""osm_lanes_max"": null, ""left_turn_lane"": """", ""bike_lane"": """", ""divided"": ""no"", ""one_way"": """", ""speed_mph"": null}}"
NW 22ND ST & NW 71ST PL,True,15.3,1,29.719719,-82.353972,1.0,,0.0,0.0,0.0,0.0,,,,no,,,"{""71ST PL"": {""osm_lanes_max"": null, ""left_turn_lane"": """", ""bike_lane"": """", ""divided"": ""no"", ""one_way"": """", ""speed_mph"": null}}"
SW 34TH ST & SW 48TH LN,True,6.0,2,29.6068093,-82.3714012,2.0,,1.0,1.0,0.0,0.0,3.0,yes,yes,yes,,45.0,"{""34TH ST"": {""osm_lanes_max"": 3, ""left_turn_lane"": ""yes"", ""bike_lane"": ""yes"", ""divided"": ""yes"", ""one_way"": """", ""speed_mph"": 45}, ""48TH LN"": {""osm_lanes_max"": 1, ""left_turn_lane"": """", ""bike_lane"": """", ""divided"": ""yes"", ""one_way"": """", ""speed_mph"": null}}"
NE 16TH TER & NE 23RD AVE,True,14.2,1,29.6738126,-82.3040281,2.0,,3.0,2.0,0.0,0.0,4.0,,,no,,40.0,"{""16TH TER"": {""osm_lanes_max"": null, ""left_turn_lane"": """", ""bike_lane"": """", ""divided"": ""no"", ""one_way"": """", ""speed_mph"": null}, ""23RD AVE"": {""osm_lanes_max"": 4, ""left_turn_lane"": """", ""bike_lane"": """", ""divided"": ""no"", ""one_way"": """", ""speed_mph"": 40}}"
NW 25TH TER & NW 34TH ST,True,14.1,1,29.675494,-82.372328,2.0,,2.0,2.0,0.0,0.0,2.0,,yes,no,,40.0,"{""25TH AVE"": {""osm_lanes_max"": null, ""left_turn_lane"": """", ""bike_lane"": ""no"", ""divided"": ""no"", ""one_way"": """", ""speed_mph"": null}, ""34TH ST"": {""osm_lanes_max"": 2, ""left_turn_lane"": """", ""bike_lane"": ""yes"", ""divided"": ""no"", ""one_way"": """", ""speed_mph"": 40}}"
NE 39TH AVE & NE 57TH BLVD,True,15.2,1,29.673592,-82.258354,2.0,,0.0,0.0,0.0,0.0,2.0,,,no,,55.0,"{""39TH AVE"": {""osm_lanes_max"": 2, ""left_turn_lane"": """", ""bike_lane"": """", ""divided"": ""no"", ""one_way"": """", ""speed_mph"": 55}, ""57TH BLVD"": {""osm_lanes_max"": null, ""left_turn_lane"": """", ""bike_lane"": """", ""divided"": ""no"", ""one_way"": """", ""speed_mph"": null}}"
NE 39TH AVE & NE 52ND ST,True,15.3,1,29.673598,-82.261868,2.0,,0.0,0.0,0.0,0.0,2.0,,,no,,55.0,"{""39TH AVE"": {""osm_lanes_max"": 2, ""left_turn_lane"": """", ""bike_lane"": """", ""divided"": ""no"", ""one_way"": """", ""speed_mph"": 55}, ""52ND ST"": {""osm_lanes_max"": null, ""left_turn_lane"": """", ""bike_lane"": """", ""divided"": ""no"", ""one_way"": """", ""speed_mph"": null}}"
SW 16TH PL & SW 52ND ST,False,,0,,,,,,,,,,,,,,,
NW 16TH AVE & NW 5TH ST,True,11.6,1,29.6666236,-82.3298572,2.0,,1.0,1.0,0.0,0.0,2.0,,,no,,,"{""16TH AVE"": {""osm_lanes_max"": 2, ""left_turn_lane"": """", ""bike_lane"": """", ""divided"": ""no"", ""one_way"": """", ""speed_mph"": null}, ""5TH ST"": {""osm_lanes_max"": null, ""left_turn_lane"": """", ""bike_lane"": """", ""divided"": ""no"", ""one_way"": """", ""speed_mph"": null}}"
E UNIVERSITY AVE & SE 25TH TER,True,7.8,2,29.6518888,-82.2917978,3.0,yes,1.0,1.0,0.0,0.0,2.0,,yes,yes,,45.0,"{""25TH ST"": {""osm_lanes_max"": 2, ""left_turn_lane"": """", ""bike_lane"": ""yes"", ""divided"": ""no"", ""one_way"": """", ""speed_mph"": null}, ""25TH TER"": {""osm_lanes_max"": null, ""left_turn_lane"": """", ""bike_lane"": """", ""divided"": ""no"", ""one_way"": """", ""speed_mph"": null}, ""UNIVERSITY AVE"": {""osm_lanes_max"": 2, ""left_turn_lane"": """", ""bike_lane"": """", ""divided"": ""yes"", ""one_way"": """", ""speed_mph"": 45}}"
NW 39TH AVE & NW 40TH ST,True,10.2,2,29.6886784,-82.3853083,2.0,,1.0,0.0,1.0,0.0,3.0,yes,yes,yes,,45.0,"{""39TH AVE"": {""osm_lanes_max"": 3, ""left_turn_lane"": ""yes"", ""bike_lane"": ""yes"", ""divided"": ""yes"", ""one_way"": """", ""speed_mph"": 45}, ""40TH ST"": {""osm_lanes_max"": null, ""left_turn_lane"": """", ""bike_lane"": """", ""divided"": ""no"", ""one_way"": """", ""speed_mph"": null}}"
SW ARCHER RD & UNNAMED ST,False,,0,,,,,,,,,,,,,,,
NE 12TH ST & NE 39TH AVE,True,8.0,2,29.6883806,-82.310433,2.0,,1.0,1.0,0.0,0.0,3.0,yes,yes,yes,,45.0,"{""12TH ST"": {""osm_lanes_max"": null, ""left_turn_lane"": """", ""bike_lane"": """", ""divided"": ""no"", ""one_way"": """", ""speed_mph"": null}, ""39TH AVE"": {""osm_lanes_max"": 3, ""left_turn_lane"": ""yes"", ""bike_lane"": ""yes"", ""divided"": ""yes"", ""one_way"": """", ""speed_mph"": 45}}"
SW 17TH PL & SW 38TH TER,True,11.6,2,29.6358372,-82.380844,2.0,,1.0,1.0,0.0,0.0,,,,yes,,,"{""17TH PL"": {""osm_lanes_max"": null, ""left_turn_lane"": """", ""bike_lane"": """", ""divided"": ""no"", ""one_way"": """", ""speed_mph"": null}, ""38TH TER"": {""osm_lanes_max"": null, ""left_turn_lane"": """", ""bike_lane"": """", ""divided"": ""yes"", ""one_way"": """", ""speed_mph"": null}}"
NW 36TH ST & NW 5TH AVE,True,11.6,1,29.6552042,-82.3764864,2.0,,0.0,0.0,0.0,0.0,,,,no,,,"{""36TH ST"": {""osm_lanes_max"": null, ""left_turn_lane"": """", ""bike_lane"": """", ""divided"": ""no"", ""one_way"": """", ""speed_mph"": null}, ""5TH AVE"": {""osm_lanes_max"": null, ""left_turn_lane"": """", ""bike_lane"": """", ""divided"": ""no"", ""one_way"": """", ""speed_mph"": null}}"
SE 3RD ST & SE DEPOT AVE,True,8.4,2,29.6452242,-82.3223144,2.0,,4.0,4.0,0.0,0.0,3.0,yes,yes,yes,,30.0,"{""3RD ST"": {""osm_lanes_max"": 3, ""left_turn_lane"": ""yes"", ""bike_lane"": """", ""divided"": ""no"", ""one_way"": """", ""speed_mph"": 30}, ""DEPOT AVE"": {""osm_lanes_max"": 2, ""left_turn_lane"": ""yes"", ""bike_lane"": ""yes"", ""divided"": ""yes"", ""one_way"": """", ""speed_mph"": null}}"
NW 12TH ST & NW 5TH AVE,True,15.3,1,29.6557125,-82.3371292,2.0,,5.0,4.0,1.0,0.0,,,no,no,yes,,"{""12TH ST"": {""osm_lanes_max"": null, ""left_turn_lane"": """", ""bike_lane"": ""no"", ""divided"": ""no"", ""one_way"": ""yes"", ""speed_mph"": null}, ""5TH AVE"": {""osm_lanes_max"": null, ""left_turn_lane"": """", ""bike_lane"": """", ""divided"": ""no"", ""one_way"": """", ""speed_mph"": null}}"
SE 12TH ST & SE 7TH AVE,True,14.4,1,29.6457825,-82.3105216,2.0,,2.0,2.0,0.0,0.0,2.0,,,no,,,"{""12TH ST"": {""osm_lanes_max"": null, ""left_turn_lane"": """", ""bike_lane"": """", ""divided"": ""no"", ""one_way"": """", ""speed_mph"": null}, ""7TH AVE"": {""osm_lanes_max"": 2, ""left_turn_lane"": """", ""bike_lane"": """", ""divided"": ""no"", ""one_way"": """", ""speed_mph"": null}}"
NE 18TH TER & NE 23RD AVE,True,16.3,1,29.6738009,-82.3011261,2.0,,1.0,1.0,0.0,0.0,4.0,,,no,,40.0,"{""18TH TER"": {""osm_lanes_max"": null, ""left_turn_lane"": """", ""bike_lane"": """", ""divided"": ""no"", ""one_way"": """", ""speed_mph"": null}, ""23RD AVE"": {""osm_lanes_max"": 4, ""left_turn_lane"": """", ""bike_lane"": """", ""divided"": ""no"", ""one_way"": """", ""speed_mph"": 40}}"
NE 17TH PL & NE 17TH WAY,True,15.6,1,29.6677708,-82.301726,2.0,,0.0,0.0,0.0,0.0,,,,no,,,"{""17TH PL"": {""osm_lanes_max"": null, ""left_turn_lane"": """", ""bike_lane"": """", ""divided"": ""no"", ""one_way"": """", ""speed_mph"": null}, ""17TH WAY"": {""osm_lanes_max"": null, ""left_turn_lane"": """", ""bike_lane"": """", ""divided"": ""no"", ""one_way"": """", ""speed_mph"": null}}"
SW 23RD TER & SW 29TH PL,True,15.8,1,29.623941,-82.3561088,2.0,,1.0,1.0,0.0,0.0,3.0,,yes,no,,40.0,"{""23RD TER"": {""osm_lanes_max"": 3, ""left_turn_lane"": """", ""bike_lane"": ""yes"", ""divided"": ""no"", ""one_way"": """", ""speed_mph"": 40}, ""29TH PL"": {""osm_lanes_max"": null, ""left_turn_lane"": """", ""bike_lane"": """", ""divided"": ""no"", ""one_way"": """", ""speed_mph"": null}}"
SW 35TH DR & SW 47TH ST,True,15.2,1,29.608669,-82.37457,2.0,,2.0,1.0,1.0,0.0,3.0,yes,,no,,,"{""35TH DR"": {""osm_lanes_max"": null, ""left_turn_lane"": """", ""bike_lane"": """", ""divided"": ""no"", ""one_way"": """", ""speed_mph"": null}, ""47TH AVE"": {""osm_lanes_max"": 3, ""left_turn_lane"": ""yes"", ""bike_lane"": """", ""divided"": ""no"", ""one_way"": """", ""speed_mph"": null}}"
CLARK BUTLER BLVD & SW 43RD ST,True,11.6,4,29.6288509,-82.3886316,2.0,,3.0,3.0,0.0,0.0,2.0,yes,yes,yes,,,"{""43RD ST"": {""osm_lanes_max"": 2, ""left_turn_lane"": ""yes"", ""bike_lane"": ""yes"", ""divided"": ""yes"", ""one_way"": """", ""speed_mph"": null}, ""CLARK BUTLER BLVD"": {""osm_lanes_max"": 2, ""left_turn_lane"": ""no"", ""bike_lane"": ""yes"", ""divided"": ""yes"", ""one_way"": """", ""speed_mph"": null}}"
NW 13TH ST & NW 26TH ST,False,,0,,,,,,,,,,,,,,,
SW 32ND CT & SW 35TH BLVD,False,,0,,,,,,,,,,,,,,,
SW 16TH AVE & SW 17TH ST,False,,0,,,,,,,,,,,,,,,
NW 20TH WAY & NW 55TH AVE,True,15.2,1,29.7044017,-82.3511566,3.0,,0.0,0.0,0.0,0.0,,,,no,,,"{""20TH WAY"": {""osm_lanes_max"": null, ""left_turn_lane"": """", ""bike_lane"": """", ""divided"": ""no"", ""one_way"": """", ""speed_mph"": null}, ""55TH AVE"": {""osm_lanes_max"": null, ""left_turn_lane"": """", ""bike_lane"": """", ""divided"": ""no"", ""one_way"": """", ""speed_mph"": null}, ""55TH BLVD"": {""osm_lanes_max"": null, ""left_turn_lane"": """", ""bike_lane"": """", ""divided"": ""no"", ""one_way"": """", ""speed_mph"": null}}"
NW 19TH AVE & NW 2ND ST,True,22.5,1,29.6692945,-82.3266323,2.0,,2.0,1.0,0.0,0.0,,,,no,,,"{""19TH AVE"": {""osm_lanes_max"": null, ""left_turn_lane"": """", ""bike_lane"": """", ""divided"": ""no"", ""one_way"": """", ""speed_mph"": null}, ""2ND ST"": {""osm_lanes_max"": null, ""left_turn_lane"": """", ""bike_lane"": """", ""divided"": ""no"", ""one_way"": """", ""speed_mph"": null}}"
NW 19TH ST & NW 4TH AVE,True,16.0,1,29.6548809,-82.3478045,2.0,,3.0,0.0,3.0,0.0,,,,no,,,"{""19TH ST"": {""osm_lanes_max"": null, ""left_turn_lane"": """", ""bike_lane"": """", ""divided"": ""no"", ""one_way"": """", ""speed_mph"": null}, ""4TH AVE"": {""osm_lanes_max"": null, ""left_turn_lane"": """", ""bike_lane"": """", ""divided"": ""no"", ""one_way"": """", ""speed_mph"": null}}"
N MAIN ST & NW 3RD AVE,True,16.4,1,29.6540026,-82.3250167,2.0,,4.0,0.0,0.0,0.0,3.0,yes,yes,no,yes,30.0,"{""3RD AVE"": {""osm_lanes_max"": null, ""left_turn_lane"": """", ""bike_lane"": """", ""divided"": ""no"", ""one_way"": ""yes"", ""speed_mph"": null}, ""MAIN ST"": {""osm_lanes_max"": 3, ""left_turn_lane"": ""yes"", ""bike_lane"": ""yes"", ""divided"": ""no"", ""one_way"": """", ""speed_mph"": 30}}"
NW 12TH ST & NW 39TH AVE,True,13.0,1,29.6885198,-82.3368883,2.0,,5.0,2.0,3.0,0.0,5.0,,yes,no,,45.0,"{""12TH ST"": {""osm_lanes_max"": null, ""left_turn_lane"": """", ""bike_lane"": """", ""divided"": ""no"", ""one_way"": """", ""speed_mph"": null}, ""39TH AVE"": {""osm_lanes_max"": 5, ""left_turn_lane"": """", ""bike_lane"": ""yes"", ""divided"": ""no"", ""one_way"": """", ""speed_mph"": 45}}"
SE 2ND AVE & SE 9TH ST,True,7.3,2,29.6500562,-82.3151116,2.0,,2.0,2.0,0.0,0.0,3.0,yes,yes,yes,,30.0,"{""2ND AVE"": {""osm_lanes_max"": 3, ""left_turn_lane"": """", ""bike_lane"": ""yes"", ""divided"": ""yes"", ""one_way"": """", ""speed_mph"": 30}, ""9TH ST"": {""osm_lanes_max"": 3, ""left_turn_lane"": ""yes"", ""bike_lane"": """", ""divided"": ""no"", ""one_way"": """", ""speed_mph"": null}}"
OLD ARCHER RD & UN NAMED RD,False,,0,,,,,,,,,,,,,,,
SR 24 & SW 37TH BLVD,True,7.9,5,29.6208071,-82.379539,0.0,,2.0,2.0,0.0,0.0,,,,,,,{}
NW 13TH ST & NW 44TH AVE,True,9.8,2,29.6945803,-82.339024,2.0,,6.0,1.0,4.0,0.0,3.0,yes,yes,yes,,45.0,"{""13TH ST"": {""osm_lanes_max"": 3, ""left_turn_lane"": ""yes"", ""bike_lane"": ""yes"", ""divided"": ""yes"", ""one_way"": """", ""speed_mph"": 45}, ""44TH AVE"": {""osm_lanes_max"": null, ""left_turn_lane"": """", ""bike_lane"": """", ""divided"": ""no"", ""one_way"": """", ""speed_mph"": null}}"
NW 13TH ST & NW 86TH BLVD,False,,0,,,,,,,,,,,,,,,
NW 20TH TER & NW 8TH AVE,True,11.9,1,29.659428,-82.3501492,2.0,,3.0,0.0,3.0,0.0,3.0,yes,,no,,,"{""20TH TER"": {""osm_lanes_max"": null, ""left_turn_lane"": """", ""bike_lane"": """", ""divided"": ""no"", ""one_way"": """", ""speed_mph"": null}, ""8TH AVE"": {""osm_lanes_max"": 3, ""left_turn_lane"": ""yes"", ""bike_lane"": """", ""divided"": ""no"", ""one_way"": """", ""speed_mph"": null}}"
NW 21ST AVE & NW 6TH ST,True,12.8,2,29.6718744,-82.3308178,2.0,,4.0,1.0,0.0,0.0,4.0,,no,yes,,35.0,"{""21ST AVE"": {""osm_lanes_max"": null, ""left_turn_lane"": """", ""bike_lane"": """", ""divided"": ""yes"", ""one_way"": """", ""speed_mph"": null}, ""6TH ST"": {""osm_lanes_max"": 4, ""left_turn_lane"": """", ""bike_lane"": ""no"", ""divided"": ""no"", ""one_way"": """", ""speed_mph"": 35}}"
NW 43RD ST & NW 73RD AVE,True,15.2,1,29.721795,-82.388446,2.0,,0.0,0.0,0.0,0.0,3.0,yes,yes,no,,,"{""43RD ST"": {""osm_lanes_max"": 3, ""left_turn_lane"": ""yes"", ""bike_lane"": ""yes"", ""divided"": ""no"", ""one_way"": """", ""speed_mph"": null}, ""73RD AVE"": {""osm_lanes_max"": null, ""left_turn_lane"": """", ""bike_lane"": """", ""divided"": ""no"", ""one_way"": """", ""speed_mph"": null}}"
NE 1ST ST & NE 3RD AVE,True,7.0,2,29.6540087,-82.3239644,2.0,,5.0,0.0,0.0,0.0,,,,yes,yes,,"{""1ST ST"": {""osm_lanes_max"": null, ""left_turn_lane"": """", ""bike_lane"": """", ""divided"": ""yes"", ""one_way"": """", ""speed_mph"": null}, ""3RD AVE"": {""osm_lanes_max"": null, ""left_turn_lane"": """", ""bike_lane"": """", ""divided"": ""no"", ""one_way"": ""yes"", ""speed_mph"": null}}"
NW 55TH ST & W UNIVERSITY AVE,False,,0,,,,,,,,,,,,,,,
NW 9TH ST & W UNIVERSITY AVE,True,16.2,5,29.6520588,-82.3339409,2.0,,6.0,2.0,4.0,0.0,5.0,yes,,no,,30.0,"{""9TH ST"": {""osm_lanes_max"": null, ""left_turn_lane"": """", ""bike_lane"": """", ""divided"": ""no"", ""one_way"": """", ""speed_mph"": null}, ""UNIVERSITY AVE"": {""osm_lanes_max"": 5, ""left_turn_lane"": ""yes"", ""bike_lane"": """", ""divided"": ""no"", ""one_way"": """", ""speed_mph"": 30}}"
NW 16TH AVE & NW 9TH ST,True,12.0,1,29.6666383,-82.3340777,2.0,,1.0,1.0,0.0,0.0,2.0,,,no,,,"{""16TH AVE"": {""osm_lanes_max"": 2, ""left_turn_lane"": """", ""bike_lane"": """", ""divided"": ""no"", ""one_way"": """", ""speed_mph"": null}, ""9TH ST"": {""osm_lanes_max"": null, ""left_turn_lane"": """", ""bike_lane"": """", ""divided"": ""no"", ""one_way"": """", ""speed_mph"": null}}"
NW 16TH BLVD & NW 38TH DR,True,15.1,2,29.6710961,-82.3823086,2.0,,4.0,4.0,0.0,0.0,3.0,yes,yes,yes,,,"{""16TH BLVD"": {""osm_lanes_max"": 3, ""left_turn_lane"": ""yes"", ""bike_lane"": ""yes"", ""divided"": ""yes"", ""one_way"": """", ""speed_mph"": null}, ""38TH DR"": {""osm_lanes_max"": null, ""left_turn_lane"": """", ""bike_lane"": """", ""divided"": ""no"", ""one_way"": """", ""speed_mph"": null}}"
NW 16TH ST & NW 2ND AVE,True,16.0,1,29.653498,-82.343232,2.0,,5.0,4.0,1.0,0.0,,,no,no,,,"{""16TH ST"": {""osm_lanes_max"": null, ""left_turn_lane"": """", ""bike_lane"": ""no"", ""divided"": ""no"", ""one_way"": """", ""speed_mph"": null}, ""2ND AVE"": {""osm_lanes_max"": null, ""left_turn_lane"": """", ""bike_lane"": """", ""divided"": ""no"", ""one_way"": """", ""speed_mph"": null}}"
NW 12TH AVE & NW 13TH ST,True,15.1,1,29.663053,-82.339163,2.0,,2.0,1.0,1.0,0.0,5.0,,,no,,35.0,"{""12TH AVE"": {""osm_lanes_max"": null, ""left_turn_lane"": """", ""bike_lane"": """", ""divided"": ""no"", ""one_way"": """", ""speed_mph"": null}, ""13TH ST"": {""osm_lanes_max"": 5, ""left_turn_lane"": """", ""bike_lane"": """", ""divided"": ""no"", ""one_way"": """", ""speed_mph"": 35}}"
S MAIN ST & SE 2ND PL,True,15.4,1,29.6496533,-82.3249964,2.0,,2.0,1.0,1.0,0.0,3.0,yes,yes,no,yes,30.0,"{""2ND PL"": {""osm_lanes_max"": null, ""left_turn_lane"": """", ""bike_lane"": """", ""divided"": ""no"", ""one_way"": ""yes"", ""speed_mph"": null}, ""MAIN ST"": {""osm_lanes_max"": 3, ""left_turn_lane"": ""yes"", ""bike_lane"": ""yes"", ""divided"": ""no"", ""one_way"": """", ""speed_mph"": 30}}"
S MAIN ST & SE 6TH AVE,True,14.1,1,29.6464769,-82.3249729,2.0,,4.0,2.0,0.0,0.0,3.0,yes,yes,no,,35.0,"{""6TH AVE"": {""osm_lanes_max"": null, ""left_turn_lane"": """", ""bike_lane"": """", ""divided"": ""no"", ""one_way"": """", ""speed_mph"": null}, ""MAIN ST"": {""osm_lanes_max"": 3, ""left_turn_lane"": ""yes"", ""bike_lane"": ""yes"", ""divided"": ""no"", ""one_way"": """", ""speed_mph"": 35}}"
SE 10TH AVE & SE 11TH ST,True,5.8,2,29.6421962,-82.3115226,2.0,,2.0,2.0,0.0,0.0,3.0,yes,yes,yes,,35.0,"{""10TH AVE"": {""osm_lanes_max"": null, ""left_turn_lane"": """", ""bike_lane"": """", ""divided"": ""no"", ""one_way"": """", ""speed_mph"": null}, ""11TH ST"": {""osm_lanes_max"": 3, ""left_turn_lane"": ""yes"", ""bike_lane"": ""yes"", ""divided"": ""yes"", ""one_way"": """", ""speed_mph"": 35}}"
NW 24TH ST & W UNIVERSITY AVE,True,15.4,1,29.652237,-82.3594445,2.0,,3.0,2.0,1.0,0.0,3.0,,yes,no,,35.0,"{""24TH ST"": {""osm_lanes_max"": null, ""left_turn_lane"": """", ""bike_lane"": """", ""divided"": ""no"", ""one_way"": """", ""speed_mph"": null}, ""UNIVERSITY AVE"": {""osm_lanes_max"": 3, ""left_turn_lane"": """", ""bike_lane"": ""yes"", ""divided"": ""no"", ""one_way"": """", ""speed_mph"": 35}}"
NW 24TH TER & NW 34TH ST,True,12.5,1,29.674594,-82.372314,2.0,,2.0,1.0,1.0,0.0,2.0,,yes,no,,40.0,"{""24TH AVE"": {""osm_lanes_max"": null, ""left_turn_lane"": """", ""bike_lane"": ""no"", ""divided"": ""no"", ""one_way"": """", ""speed_mph"": null}, ""34TH ST"": {""osm_lanes_max"": 2, ""left_turn_lane"": """", ""bike_lane"": ""yes"", ""divided"": ""no"", ""one_way"": """", ""speed_mph"": 40}}"
SE 11TH ST & SE 3RD AVE,True,7.0,2,29.6491302,-82.3114954,2.0,,2.0,2.0,0.0,0.0,2.0,,yes,yes,,35.0,"{""11TH ST"": {""osm_lanes_max"": 2, ""left_turn_lane"": """", ""bike_lane"": ""yes"", ""divided"": ""yes"", ""one_way"": """", ""speed_mph"": 35}, ""3RD AVE"": {""osm_lanes_max"": null, ""left_turn_lane"": """", ""bike_lane"": """", ""divided"": ""no"", ""one_way"": """", ""speed_mph"": null}}"
SE 12TH AVE & SE 15TH ST,True,16.2,1,29.6402746,-82.3058793,2.0,,1.0,1.0,0.0,0.0,2.0,,yes,no,,,"{""12TH AVE"": {""osm_lanes_max"": null, ""left_turn_lane"": """", ""bike_lane"": """", ""divided"": ""no"", ""one_way"": """", ""speed_mph"": null}, ""15TH ST"": {""osm_lanes_max"": 2, ""left_turn_lane"": """", ""bike_lane"": ""yes"", ""divided"": ""no"", ""one_way"": """", ""speed_mph"": null}}"
SE 13TH ST & SE 2ND AVE,True,16.8,1,29.6500553,-82.308692,2.0,,1.0,0.0,1.0,0.0,,,,no,,,"{""13TH ST"": {""osm_lanes_max"": null, ""left_turn_lane"": """", ""bike_lane"": """", ""divided"": ""no"", ""one_way"": """", ""speed_mph"": null}, ""2ND AVE"": {""osm_lanes_max"": null, ""left_turn_lane"": """", ""bike_lane"": """", ""divided"": ""no"", ""one_way"": """", ""speed_mph"": null}}"
NE 16TH AVE & NE 7TH ST,True,15.3,1,29.6665632,-82.317378,2.0,,2.0,2.0,0.0,0.0,2.0,,yes,no,,,"{""16TH AVE"": {""osm_lanes_max"": 2, ""left_turn_lane"": """", ""bike_lane"": ""yes"", ""divided"": ""no"", ""one_way"": """", ""speed_mph"": null}, ""7TH ST"": {""osm_lanes_max"": null, ""left_turn_lane"": """", ""bike_lane"": """", ""divided"": ""no"", ""one_way"": """", ""speed_mph"": null}}"
NE 16TH AVE & NE 16TH TER,True,16.3,2,29.6665004,-82.3040608,3.0,,2.0,1.0,1.0,0.0,2.0,,yes,no,,,"{""16TH AVE"": {""osm_lanes_max"": 2, ""left_turn_lane"": """", ""bike_lane"": ""yes"", ""divided"": ""no"", ""one_way"": """", ""speed_mph"": null}, ""16TH ST"": {""osm_lanes_max"": null, ""left_turn_lane"": """", ""bike_lane"": """", ""divided"": ""no"", ""one_way"": """", ""speed_mph"": null}, ""16TH TER"": {""osm_lanes_max"": null, ""left_turn_lane"": """", ""bike_lane"": """", ""divided"": ""no"", ""one_way"": """", ""speed_mph"": null}}"
SE 1ST ST & SE 2ND PL,True,15.8,1,29.6496595,-82.323949,2.0,,5.0,5.0,0.0,0.0,,,,no,yes,,"{""1ST ST"": {""osm_lanes_max"": null, ""left_turn_lane"": """", ""bike_lane"": """", ""divided"": ""no"", ""one_way"": """", ""speed_mph"": null}, ""2ND PL"": {""osm_lanes_max"": null, ""left_turn_lane"": """", ""bike_lane"": """", ""divided"": ""no"", ""one_way"": ""yes"", ""speed_mph"": null}}"
SE 20TH PL & SE 4TH ST,True,16.9,2,29.6329074,-82.3154406,2.0,,1.0,0.0,1.0,0.0,2.0,,,yes,,,"{""20TH PL"": {""osm_lanes_max"": null, ""left_turn_lane"": """", ""bike_lane"": """", ""divided"": ""yes"", ""one_way"": """", ""speed_mph"": null}, ""4TH ST"": {""osm_lanes_max"": 2, ""left_turn_lane"": """", ""bike_lane"": """", ""divided"": ""no"", ""one_way"": """", ""speed_mph"": null}}"
SE 20TH ST & SE HAWTHORNE RD,True,6.0,2,29.647846,-82.2991765,2.0,,2.0,2.0,0.0,0.0,2.0,,yes,yes,,45.0,"{""20TH ST"": {""osm_lanes_max"": null, ""left_turn_lane"": """", ""bike_lane"": """", ""divided"": ""no"", ""one_way"": """", ""speed_mph"": null}, ""HAWTHORNE RD"": {""osm_lanes_max"": 2, ""left_turn_lane"": """", ""bike_lane"": ""yes"", ""divided"": ""yes"", ""one_way"": """", ""speed_mph"": 45}}"
NW 16TH AVE & NW 19TH ST,True,8.0,2,29.6667162,-82.3476606,2.0,,1.0,1.0,0.0,0.0,3.0,yes,yes,yes,,40.0,"{""16TH AVE"": {""osm_lanes_max"": 3, ""left_turn_lane"": ""yes"", ""bike_lane"": ""yes"", ""divided"": ""yes"", ""one_way"": """", ""speed_mph"": 40}, ""19TH ST"": {""osm_lanes_max"": null, ""left_turn_lane"": """", ""bike_lane"": """", ""divided"": ""no"", ""one_way"": """", ""speed_mph"": null}}"
NW 16TH AVE & NW 25TH TER,True,8.9,2,29.6667569,-82.3610322,2.0,,3.0,1.0,2.0,0.0,3.0,yes,yes,yes,,40.0,"{""16TH AVE"": {""osm_lanes_max"": 3, ""left_turn_lane"": ""yes"", ""bike_lane"": ""yes"", ""divided"": ""yes"", ""one_way"": """", ""speed_mph"": 40}, ""25TH TER"": {""osm_lanes_max"": null, ""left_turn_lane"": """", ""bike_lane"": """", ""divided"": ""no"", ""one_way"": """", ""speed_mph"": null}}"
NW 16TH AVE & NW 30TH TER,False,,0,,,,,,,,,,,,,,,
NW 25TH CIR & NW 41ST ST,True,16.7,2,29.6764351,-82.38666,2.0,,0.0,0.0,0.0,0.0,,,,no,,,"{""25TH PL"": {""osm_lanes_max"": null, ""left_turn_lane"": """", ""bike_lane"": """", ""divided"": ""no"", ""one_way"": """", ""speed_mph"": null}, ""41ST ST"": {""osm_lanes_max"": null, ""left_turn_lane"": """", ""bike_lane"": """", ""divided"": ""no"", ""one_way"": """", ""speed_mph"": null}}"
NW 26TH AVE & NW 6TH ST,True,11.9,1,29.6765648,-82.3307628,2.0,,3.0,2.0,0.0,0.0,4.0,,no,no,,35.0,"{""26TH AVE"": {""osm_lanes_max"": null, ""left_turn_lane"": """", ""bike_lane"": """", ""divided"": ""no"", ""one_way"": """", ""speed_mph"": null}, ""6TH ST"": {""osm_lanes_max"": 4, ""left_turn_lane"": """", ""bike_lane"": ""no"", ""divided"": ""no"", ""one_way"": """", ""speed_mph"": 35}}"
NW 26TH TER & NW 39TH AVE,True,11.1,2,29.6885685,-82.361235,2.0,,5.0,0.0,5.0,0.0,5.0,,yes,yes,,45.0,"{""26TH TER"": {""osm_lanes_max"": 2, ""left_turn_lane"": """", ""bike_lane"": """", ""divided"": ""yes"", ""one_way"": """", ""speed_mph"": 25}, ""39TH AVE"": {""osm_lanes_max"": 5, ""left_turn_lane"": """", ""bike_lane"": ""yes"", ""divided"": ""no"", ""one_way"": """", ""speed_mph"": 45}}"
NW 26TH TER & NW 62ND AVE,True,15.3,1,29.711732,-82.361886,2.0,,0.0,0.0,0.0,0.0,,,,no,,,"{""26TH TER"": {""osm_lanes_max"": null, ""left_turn_lane"": """", ""bike_lane"": """", ""divided"": ""no"", ""one_way"": """", ""speed_mph"": null}, ""62ND AVE"": {""osm_lanes_max"": null, ""left_turn_lane"": """", ""bike_lane"": """", ""divided"": ""no"", ""one_way"": """", ""speed_mph"": null}}"
NE 55TH PL & NE WALDO RD,True,5.8,2,29.7057104,-82.2751892,2.0,,0.0,0.0,0.0,0.0,4.0,yes,,yes,,55.0,"{""55TH PL"": {""osm_lanes_max"": null, ""left_turn_lane"": """", ""bike_lane"": """", ""divided"": ""no"", ""one_way"": """", ""speed_mph"": null}, ""WALDO RD"": {""osm_lanes_max"": 4, ""left_turn_lane"": ""yes"", ""bike_lane"": """", ""divided"": ""yes"", ""one_way"": """", ""speed_mph"": 55}}"
NW 29TH ST & W UNIVERSITY AVE,True,15.3,1,29.65224,-82.366368,2.0,,3.0,1.0,2.0,0.0,3.0,,yes,no,,35.0,"{""29TH ST"": {""osm_lanes_max"": null, ""left_turn_lane"": """", ""bike_lane"": """", ""divided"": ""no"", ""one_way"": """", ""speed_mph"": null}, ""UNIVERSITY AVE"": {""osm_lanes_max"": 3, ""left_turn_lane"": """", ""bike_lane"": ""yes"", ""divided"": ""no"", ""one_way"": """", ""speed_mph"": 35}}"
NW 34TH AVE & NW 6TH ST,True,14.0,1,29.684036,-82.3307582,2.0,,0.0,0.0,0.0,0.0,4.0,,no,no,,35.0,"{""34TH AVE"": {""osm_lanes_max"": null, ""left_turn_lane"": """", ""bike_lane"": """", ""divided"": ""no"", ""one_way"": """", ""speed_mph"": null}, ""6TH ST"": {""osm_lanes_max"": 4, ""left_turn_lane"": """", ""bike_lane"": ""no"", ""divided"": ""no"", ""one_way"": """", ""speed_mph"": 35}}"
NW 17TH ST & NW 2ND AVE,True,15.7,1,29.6534915,-82.3447493,2.0,,5.0,5.0,0.0,0.0,1.0,,yes,no,yes,,"{""17TH ST"": {""osm_lanes_max"": 1, ""left_turn_lane"": """", ""bike_lane"": ""yes"", ""divided"": ""no"", ""one_way"": ""yes"", ""speed_mph"": null}, ""2ND AVE"": {""osm_lanes_max"": null, ""left_turn_lane"": """", ""bike_lane"": """", ""divided"": ""no"", ""one_way"": """", ""speed_mph"": null}}"
NW 17TH ST & NW 3RD AVE,True,15.5,1,29.6539594,-82.3447531,2.0,,5.0,2.0,2.0,0.0,2.0,,yes,no,,,"{""17TH ST"": {""osm_lanes_max"": 2, ""left_turn_lane"": """", ""bike_lane"": ""yes"", ""divided"": ""no"", ""one_way"": """", ""speed_mph"": null}, ""3RD AVE"": {""osm_lanes_max"": null, ""left_turn_lane"": """", ""bike_lane"": ""no"", ""divided"": ""no"", ""one_way"": """", ""speed_mph"": null}}"
NW 17TH ST & NW 3RD PL,True,14.3,1,29.6545843,-82.3446437,2.0,,5.0,1.0,1.0,0.0,2.0,,yes,no,,,"{""17TH ST"": {""osm_lanes_max"": 2, ""left_turn_lane"": """", ""bike_lane"": ""yes"", ""divided"": ""no"", ""one_way"": """", ""speed_mph"": null}, ""3RD PL"": {""osm_lanes_max"": null, ""left_turn_lane"": """", ""bike_lane"": """", ""divided"": ""no"", ""one_way"": """", ""speed_mph"": null}}"
NW 10TH ST & NW 5TH AVE,True,14.6,1,29.6556904,-82.3350144,2.0,,1.0,1.0,0.0,0.0,,,,no,yes,,"{""10TH ST"": {""osm_lanes_max"": null, ""left_turn_lane"": """", ""bike_lane"": """", ""divided"": ""no"", ""one_way"": ""yes"", ""speed_mph"": null}, ""5TH AVE"": {""osm_lanes_max"": null, ""left_turn_lane"": """", ""bike_lane"": """", ""divided"": ""no"", ""one_way"": """", ""speed_mph"": null}}"
NW 18TH ST & NW 8TH AVE,True,17.8,1,29.6594144,-82.3465444,2.0,,1.0,0.0,1.0,0.0,3.0,yes,,no,,,"{""18TH ST"": {""osm_lanes_max"": null, ""left_turn_lane"": """", ""bike_lane"": """", ""divided"": ""no"", ""one_way"": """", ""speed_mph"": null}, ""8TH AVE"": {""osm_lanes_max"": 3, ""left_turn_lane"": ""yes"", ""bike_lane"": """", ""divided"": ""no"", ""one_way"": """", ""speed_mph"": null}}"
NW 19TH LN & NW 6TH ST,True,13.4,1,29.6702876,-82.3308407,2.0,,2.0,1.0,0.0,0.0,4.0,,no,no,,35.0,"{""19TH LN"": {""osm_lanes_max"": null, ""left_turn_lane"": """", ""bike_lane"": """", ""divided"": ""no"", ""one_way"": """", ""speed_mph"": null}, ""6TH ST"": {""osm_lanes_max"": 4, ""left_turn_lane"": """", ""bike_lane"": ""no"", ""divided"": ""no"", ""one_way"": """", ""speed_mph"": 35}}"
NW 35TH ST & NW 39TH AVE,True,10.6,2,29.688659,-82.3747772,2.0,,2.0,0.0,2.0,0.0,3.0,yes,yes,yes,,45.0,"{""35TH ST"": {""osm_lanes_max"": null, ""left_turn_lane"": """", ""bike_lane"": """", ""divided"": ""yes"", ""one_way"": """", ""speed_mph"": null}, ""39TH AVE"": {""osm_lanes_max"": 3, ""left_turn_lane"": ""yes"", ""bike_lane"": ""yes"", ""divided"": ""yes"", ""one_way"": """", ""speed_mph"": 45}}"
NE 28TH AVE & NE 9TH ST,True,13.7,1,29.677573,-82.3147863,2.0,,1.0,1.0,0.0,0.0,2.0,,,no,,,"{""28TH AVE"": {""osm_lanes_max"": null, ""left_turn_lane"": """", ""bike_lane"": """", ""divided"": ""no"", ""one_way"": """", ""speed_mph"": null}, ""9TH ST"": {""osm_lanes_max"": 2, ""left_turn_lane"": """", ""bike_lane"": """", ""divided"": ""no"", ""one_way"": """", ""speed_mph"": null}}"
SE 7TH AVE & SE 7TH ST,False,,0,,,,,,,,,,,,,,,
NW 13TH ST & NW 9TH AVE,True,15.3,1,29.6602919,-82.3391716,2.0,,6.0,1.0,5.0,0.0,5.0,,,no,,35.0,"{""13TH ST"": {""osm_lanes_max"": 5, ""left_turn_lane"": """", ""bike_lane"": """", ""divided"": ""no"", ""one_way"": """", ""speed_mph"": 35}, ""9TH AVE"": {""osm_lanes_max"": null, ""left_turn_lane"": """", ""bike_lane"": """", ""divided"": ""no"", ""one_way"": """", ""speed_mph"": null}}"
NW 14TH ST & NW 39TH AVE,True,12.5,1,29.6885248,-82.3405454,2.0,,2.0,1.0,1.0,0.0,5.0,yes,yes,no,,45.0,"{""14TH ST"": {""osm_lanes_max"": null, ""left_turn_lane"": """", ""bike_lane"": """", ""divided"": ""no"", ""one_way"": """", ""speed_mph"": null}, ""39TH AVE"": {""osm_lanes_max"": 5, ""left_turn_lane"": ""yes"", ""bike_lane"": ""yes"", ""divided"": ""no"", ""one_way"": """", ""speed_mph"": 45}}"
NW 15TH ST & NW 1ST AVE,True,16.6,2,29.6527062,-82.3417938,3.0,,4.0,0.0,4.0,0.0,,,yes,no,,,"{""15TH ST"": {""osm_lanes_max"": null, ""left_turn_lane"": """", ""bike_lane"": ""yes"", ""divided"": ""no"", ""one_way"": """", ""speed_mph"": null}, ""1ST AVE"": {""osm_lanes_max"": null, ""left_turn_lane"": """", ""bike_lane"": """", ""divided"": ""no"", ""one_way"": """", ""speed_mph"": null}, ""1ST LN"": {""osm_lanes_max"": null, ""left_turn_lane"": """", ""bike_lane"": """", ""divided"": ""no"", ""one_way"": """", ""speed_mph"": null}}"
NW 15TH ST & NW 39TH AVE,True,11.8,1,29.6885275,-82.3416944,2.0,,5.0,2.0,3.0,0.0,5.0,yes,yes,no,,45.0,"{""15TH ST"": {""osm_lanes_max"": null, ""left_turn_lane"": """", ""bike_lane"": """", ""divided"": ""no"", ""one_way"": """", ""speed_mph"": null}, ""39TH AVE"": {""osm_lanes_max"": 5, ""left_turn_lane"": ""yes"", ""bike_lane"": ""yes"", ""divided"": ""no"", ""one_way"": """", ""speed_mph"": 45}}"
SHEALY DR & SW ARCHER RD,True,5.3,1,29.636242,-82.3514761,2.0,,1.0,1.0,0.0,0.0,4.0,yes,,yes,,35.0,"{""ARCHER RD"": {""osm_lanes_max"": 4, ""left_turn_lane"": ""yes"", ""bike_lane"": """", ""divided"": ""yes"", ""one_way"": """", ""speed_mph"": 35}, ""SHEALY DR"": {""osm_lanes_max"": null, ""left_turn_lane"": """", ""bike_lane"": """", ""divided"": ""no"", ""one_way"": """", ""speed_mph"": null}}"
SR 222 & US 441,False,,0,,,,,,,,,,,,,,,
SURGE AREA DR & SW ARCHER RD,True,5.7,2,29.6303164,-82.3658558,2.0,,1.0,1.0,0.0,0.0,4.0,yes,,yes,,45.0,"{""ARCHER RD"": {""osm_lanes_max"": 4, ""left_turn_lane"": ""yes"", ""bike_lane"": """", ""divided"": ""yes"", ""one_way"": """", ""speed_mph"": 45}, ""SURGE AREA DR"": {""osm_lanes_max"": 2, ""left_turn_lane"": """", ""bike_lane"": """", ""divided"": ""no"", ""one_way"": """", ""speed_mph"": 20}}"
SW 10TH ST & SW 1ST AVE,True,17.8,1,29.6511577,-82.335063,2.0,,5.0,4.0,1.0,0.0,,,no,no,,,"{""10TH ST"": {""osm_lanes_max"": null, ""left_turn_lane"": """", ""bike_lane"": """", ""divided"": ""no"", ""one_way"": """", ""speed_mph"": null}, ""1ST AVE"": {""osm_lanes_max"": null, ""left_turn_lane"": """", ""bike_lane"": ""no"", ""divided"": ""no"", ""one_way"": """", ""speed_mph"": null}}"
NE 14TH ST & NE 23RD AVE,True,13.8,1,29.6738269,-82.3075831,2.0,,2.0,1.0,0.0,0.0,4.0,,,no,,40.0,"{""14TH ST"": {""osm_lanes_max"": null, ""left_turn_lane"": """", ""bike_lane"": """", ""divided"": ""no"", ""one_way"": """", ""speed_mph"": null}, ""23RD AVE"": {""osm_lanes_max"": 4, ""left_turn_lane"": """", ""bike_lane"": """", ""divided"": ""no"", ""one_way"": """", ""speed_mph"": 40}}"
NE 14TH ST & NE 39TH AVE,True,9.6,2,29.6883748,-82.3076296,2.0,,3.0,3.0,0.0,0.0,3.0,yes,yes,yes,,45.0,"{""14TH ST"": {""osm_lanes_max"": null, ""left_turn_lane"": """", ""bike_lane"": """", ""divided"": ""no"", ""one_way"": """", ""speed_mph"": null}, ""39TH AVE"": {""osm_lanes_max"": 3, ""left_turn_lane"": ""yes"", ""bike_lane"": ""yes"", ""divided"": ""yes"", ""one_way"": """", ""speed_mph"": 45}}"
NE 14TH ST & NE 3RD AVE,True,10.8,1,29.653811,-82.307258,2.0,,0.0,0.0,0.0,0.0,,,,no,,,"{""14TH ST"": {""osm_lanes_max"": null, ""left_turn_lane"": """", ""bike_lane"": """", ""divided"": ""no"", ""one_way"": """", ""speed_mph"": null}, ""3RD AVE"": {""osm_lanes_max"": null, ""left_turn_lane"": """", ""bike_lane"": """", ""divided"": ""no"", ""one_way"": """", ""speed_mph"": null}}"
SW 10TH ST & SW 3RD AVE,True,18.2,1,29.6492901,-82.3350617,2.0,,5.0,4.0,1.0,0.0,1.0,,yes,no,yes,25.0,"{""10TH ST"": {""osm_lanes_max"": 1, ""left_turn_lane"": """", ""bike_lane"": ""yes"", ""divided"": ""no"", ""one_way"": ""yes"", ""speed_mph"": 25}, ""3RD AVE"": {""osm_lanes_max"": null, ""left_turn_lane"": """", ""bike_lane"": """", ""divided"": ""no"", ""one_way"": """", ""speed_mph"": null}}"
NE 17TH TER & NE 23RD AVE,True,14.5,1,29.6738088,-82.303101,2.0,,2.0,2.0,0.0,0.0,4.0,,,no,,40.0,"{""17TH TER"": {""osm_lanes_max"": null, ""left_turn_lane"": """", ""bike_lane"": """", ""divided"": ""no"", ""one_way"": """", ""speed_mph"": null}, ""23RD AVE"": {""osm_lanes_max"": 4, ""left_turn_lane"": """", ""bike_lane"": """", ""divided"": ""no"", ""one_way"": """", ""speed_mph"": 40}}"
SE 11TH ST & SE 12TH AVE,False,,0,,,,,,,,,,,,,,,
NE 12TH ST & NE 8TH AVE,True,20.8,2,29.6593178,-82.3099585,2.0,,3.0,2.0,0.0,0.0,2.0,,,no,,,"{""12TH ST"": {""osm_lanes_max"": null, ""left_turn_lane"": """", ""bike_lane"": """", ""divided"": ""no"", ""one_way"": """", ""speed_mph"": null}, ""8TH AVE"": {""osm_lanes_max"": 2, ""left_turn_lane"": """", ""bike_lane"": """", ""divided"": ""no"", ""one_way"": """", ""speed_mph"": null}}"
SW 13TH ST & SW WILLISTON RD,True,22.9,2,29.6148602,-82.3407847,2.0,yes,8.0,4.0,4.0,0.0,4.0,yes,yes,yes,,45.0,"{""13TH ST"": {""osm_lanes_max"": 4, ""left_turn_lane"": ""yes"", ""bike_lane"": ""yes"", ""divided"": ""yes"", ""one_way"": """", ""speed_mph"": 45}, ""WILLISTON RD"": {""osm_lanes_max"": 4, ""left_turn_lane"": ""yes"", ""bike_lane"": ""yes"", ""divided"": ""yes"", ""one_way"": """", ""speed_mph"": 35}}"
SW 16TH AVE & VA HOSPITAL,False,,0,,,,,,,,,,,,,,,
SW 17TH PL & SW 37TH ST,True,32.3,1,29.635835,-82.3782272,2.0,,1.0,0.0,1.0,0.0,,,,no,,,"{""17TH PL"": {""osm_lanes_max"": null, ""left_turn_lane"": """", ""bike_lane"": """", ""divided"": ""no"", ""one_way"": """", ""speed_mph"": null}, ""37TH ST"": {""osm_lanes_max"": null, ""left_turn_lane"": """", ""bike_lane"": """", ""divided"": ""no"", ""one_way"": """", ""speed_mph"": null}}"
SW 17TH RD & SW 74TH DR,True,12.1,3,29.6368327,-82.4124674,2.0,,2.0,2.0,0.0,0.0,,,,yes,,,"{""17TH RD"": {""osm_lanes_max"": null, ""left_turn_lane"": """", ""bike_lane"": """", ""divided"": ""yes"", ""one_way"": """", ""speed_mph"": null}, ""66TH DR"": {""osm_lanes_max"": null, ""left_turn_lane"": """", ""bike_lane"": """", ""divided"": ""no"", ""one_way"": """", ""speed_mph"": null}}"
SW 17TH RD & SW 75TH ST,False,,0,,,,,,,,,,,,,,,
NE 11TH TER & NE 23RD AVE,True,14.5,1,29.6738425,-82.3113164,2.0,,1.0,1.0,0.0,0.0,4.0,,,no,,40.0,"{""11TH TER"": {""osm_lanes_max"": null, ""left_turn_lane"": """", ""bike_lane"": """", ""divided"": ""no"", ""one_way"": """", ""speed_mph"": null}, ""23RD AVE"": {""osm_lanes_max"": 4, ""left_turn_lane"": """", ""bike_lane"": """", ""divided"": ""no"", ""one_way"": """", ""speed_mph"": 40}}"
SW 20TH AVE & SW 42ND WAY,True,14.1,1,29.6358347,-82.3885602,2.0,,0.0,0.0,0.0,0.0,4.0,yes,yes,no,,40.0,"{""20TH AVE"": {""osm_lanes_max"": 4, ""left_turn_lane"": ""yes"", ""bike_lane"": ""yes"", ""divided"": ""no"", ""one_way"": """", ""speed_mph"": 40}, ""42ND WAY"": {""osm_lanes_max"": 2, ""left_turn_lane"": """", ""bike_lane"": """", ""divided"": ""no"", ""one_way"": """", ""speed_mph"": null}}"
SW 20TH LN & SW 43RD ST,True,22.3,2,29.6336472,-82.3892952,2.0,,1.0,1.0,0.0,0.0,2.0,,yes,no,,,"{""20TH LN"": {""osm_lanes_max"": null, ""left_turn_lane"": """", ""bike_lane"": """", ""divided"": ""no"", ""one_way"": """", ""speed_mph"": null}, ""43RD ST"": {""osm_lanes_max"": 2, ""left_turn_lane"": """", ""bike_lane"": ""yes"", ""divided"": ""no"", ""one_way"": """", ""speed_mph"": null}}"
SW 22ND RD & SW 38TH TER,False,,0,,,,,,,,,,,,,,,
NW 13TH ST & NW 68TH AVE,False,,0,,,,,,,,,,,,,,,
NW 13TH ST & NW 6TH PL,True,12.3,1,29.6569327,-82.3391934,2.0,,5.0,1.0,4.0,0.0,5.0,yes,,no,,30.0,"{""13TH ST"": {""osm_lanes_max"": 5, ""left_turn_lane"": ""yes"", ""bike_lane"": """", ""divided"": ""no"", ""one_way"": """", ""speed_mph"": 30}, ""6TH PL"": {""osm_lanes_max"": null, ""left_turn_lane"": """", ""bike_lane"": """", ""divided"": ""no"", ""one_way"": """", ""speed_mph"": null}}"
SE 3RD ST & SE 5TH AVE,True,17.2,1,29.6471276,-82.3223398,2.0,,3.0,3.0,0.0,0.0,3.0,yes,,no,,30.0,"{""3RD ST"": {""osm_lanes_max"": 3, ""left_turn_lane"": ""yes"", ""bike_lane"": """", ""divided"": ""no"", ""one_way"": """", ""speed_mph"": 30}, ""5TH AVE"": {""osm_lanes_max"": null, ""left_turn_lane"": """", ""bike_lane"": """", ""divided"": ""no"", ""one_way"": """", ""speed_mph"": null}}"
N MAIN ST & NE 28TH PL,True,14.2,1,29.6781273,-82.3194743,2.0,,3.0,2.0,1.0,0.0,4.0,,yes,no,,,"{""28TH PL"": {""osm_lanes_max"": null, ""left_turn_lane"": """", ""bike_lane"": """", ""divided"": ""no"", ""one_way"": """", ""speed_mph"": null}, ""MAIN ST"": {""osm_lanes_max"": 4, ""left_turn_lane"": """", ""bike_lane"": ""yes"", ""divided"": ""no"", ""one_way"": """", ""speed_mph"": null}}"
N MAIN ST & NE 34TH PL,True,12.3,1,29.6840602,-82.3193787,2.0,,2.0,1.0,0.0,0.0,4.0,,yes,no,,,"{""34TH PL"": {""osm_lanes_max"": null, ""left_turn_lane"": """", ""bike_lane"": """", ""divided"": ""no"", ""one_way"": """", ""speed_mph"": null}, ""MAIN ST"": {""osm_lanes_max"": 4, ""left_turn_lane"": """", ""bike_lane"": ""yes"", ""divided"": ""no"", ""one_way"": """", ""speed_mph"": null}}"
N MAIN ST & NE 7TH AVE,True,17.3,1,29.658025,-82.3250234,2.0,,2.0,0.0,0.0,0.0,3.0,yes,yes,no,,30.0,"{""7TH AVE"": {""osm_lanes_max"": null, ""left_turn_lane"": """", ""bike_lane"": """", ""divided"": ""no"", ""one_way"": """", ""speed_mph"": null}, ""MAIN ST"": {""osm_lanes_max"": 3, ""left_turn_lane"": ""yes"", ""bike_lane"": ""yes"", ""divided"": ""no"", ""one_way"": """", ""speed_mph"": 30}}"
SW 26TH ST & SW 2ND AVE,True,14.3,1,29.6503988,-82.3615216,2.0,,1.0,1.0,0.0,0.0,2.0,,,no,,35.0,"{""26TH ST"": {""osm_lanes_max"": null, ""left_turn_lane"": """", ""bike_lane"": """", ""divided"": ""no"", ""one_way"": """", ""speed_mph"": null}, ""2ND AVE"": {""osm_lanes_max"": 2, ""left_turn_lane"": """", ""bike_lane"": """", ""divided"": ""no"", ""one_way"": """", ""speed_mph"": 35}}"
SW 27TH ST & SW 38TH PL,True,16.2,1,29.61523,-82.362398,2.0,,2.0,0.0,2.0,0.0,2.0,,no,no,,30.0,"{""27TH ST"": {""osm_lanes_max"": 2, ""left_turn_lane"": """", ""bike_lane"": ""no"", ""divided"": ""no"", ""one_way"": """", ""speed_mph"": 30}, ""38TH PL"": {""osm_lanes_max"": null, ""left_turn_lane"": """", ""bike_lane"": """", ""divided"": ""no"", ""one_way"": """", ""speed_mph"": 25}}"
SW 2ND AVE & SW 7TH ST,True,10.0,2,29.6502566,-82.331599,2.0,,1.0,1.0,0.0,0.0,1.0,,yes,yes,,,"{""2ND AVE"": {""osm_lanes_max"": 1, ""left_turn_lane"": """", ""bike_lane"": ""yes"", ""divided"": ""yes"", ""one_way"": """", ""speed_mph"": null}, ""7TH ST"": {""osm_lanes_max"": null, ""left_turn_lane"": """", ""bike_lane"": """", ""divided"": ""no"", ""one_way"": """", ""speed_mph"": null}}"
E UNIVERSITY AVE & NE BLVD,True,8.3,2,29.6519432,-82.3203751,2.0,,2.0,1.0,1.0,0.0,3.0,yes,,yes,,35.0,"{""BLVD"": {""osm_lanes_max"": null, ""left_turn_lane"": """", ""bike_lane"": """", ""divided"": ""no"", ""one_way"": """", ""speed_mph"": null}, ""UNIVERSITY AVE"": {""osm_lanes_max"": 3, ""left_turn_lane"": ""yes"", ""bike_lane"": """", ""divided"": ""yes"", ""one_way"": """", ""speed_mph"": 35}}"
SW 30TH WAY & SW 35TH PL,True,15.3,1,29.620895,-82.368323,2.0,,2.0,2.0,0.0,0.0,3.0,yes,yes,no,,30.0,"{""30TH WAY"": {""osm_lanes_max"": null, ""left_turn_lane"": """", ""bike_lane"": """", ""divided"": ""no"", ""one_way"": """", ""speed_mph"": null}, ""35TH PL"": {""osm_lanes_max"": 3, ""left_turn_lane"": ""yes"", ""bike_lane"": ""yes"", ""divided"": ""no"", ""one_way"": """", ""speed_mph"": 30}}"
E UNIVERSITY AVE & NE 17TH ST,True,9.9,2,29.6519206,-82.3030199,2.0,,2.0,2.0,0.0,0.0,2.0,,,yes,,35.0,"{""17TH ST"": {""osm_lanes_max"": null, ""left_turn_lane"": """", ""bike_lane"": """", ""divided"": ""no"", ""one_way"": """", ""speed_mph"": null}, ""UNIVERSITY AVE"": {""osm_lanes_max"": 2, ""left_turn_lane"": """", ""bike_lane"": """", ""divided"": ""yes"", ""one_way"": """", ""speed_mph"": 35}}"
E UNIVERSITY AVE & NE 4TH ST,True,14.8,1,29.6519593,-82.3216051,2.0,,2.0,1.0,0.0,0.0,5.0,yes,,yes,,30.0,"{""4TH ST"": {""osm_lanes_max"": null, ""left_turn_lane"": """", ""bike_lane"": """", ""divided"": ""no"", ""one_way"": """", ""speed_mph"": null}, ""UNIVERSITY AVE"": {""osm_lanes_max"": 5, ""left_turn_lane"": ""yes"", ""bike_lane"": """", ""divided"": ""yes"", ""one_way"": """", ""speed_mph"": 30}}"
CR 231 & NW 34TH ST,False,,0,,,,,,,,,,,,,,,
CR 231 & SR 121,True,6.1,6,29.7573521,-82.35718,0.0,,0.0,0.0,0.0,0.0,,,,,,,{}
NW 13TH ST & NW 36TH RD,True,8.4,4,29.6852847,-82.339044,2.0,,2.0,2.0,0.0,0.0,3.0,yes,yes,yes,,45.0,"{""13TH ST"": {""osm_lanes_max"": 3, ""left_turn_lane"": ""yes"", ""bike_lane"": ""yes"", ""divided"": ""yes"", ""one_way"": """", ""speed_mph"": 45}, ""36TH RD"": {""osm_lanes_max"": null, ""left_turn_lane"": """", ""bike_lane"": """", ""divided"": ""no"", ""one_way"": """", ""speed_mph"": null}}"
NW 13TH ST & NW 43RD ST,False,,0,,,,,,,,,,,,,,,
NW 21ST DR & NW 39TH AVE,True,10.2,1,29.6885064,-82.3531273,2.0,,3.0,2.0,1.0,0.0,5.0,yes,yes,no,,45.0,"{""21ST DR"": {""osm_lanes_max"": null, ""left_turn_lane"": """", ""bike_lane"": """", ""divided"": ""no"", ""one_way"": """", ""speed_mph"": null}, ""39TH AVE"": {""osm_lanes_max"": 5, ""left_turn_lane"": ""yes"", ""bike_lane"": ""yes"", ""divided"": ""no"", ""one_way"": """", ""speed_mph"": 45}}"
NW 21ST DR & NW 53RD AVE,True,15.9,1,29.703307,-82.3534207,2.0,,0.0,0.0,0.0,0.0,2.0,,yes,yes,,,"{""21ST DR"": {""osm_lanes_max"": null, ""left_turn_lane"": """", ""bike_lane"": """", ""divided"": ""yes"", ""one_way"": """", ""speed_mph"": null}, ""53RD AVE"": {""osm_lanes_max"": 2, ""left_turn_lane"": """", ""bike_lane"": ""yes"", ""divided"": ""no"", ""one_way"": """", ""speed_mph"": null}}"
NW 10TH AVE & NW 12TH ST,True,15.1,1,29.6611947,-82.3371902,2.0,,2.0,2.0,0.0,0.0,2.0,,no,no,,,"{""10TH AVE"": {""osm_lanes_max"": null, ""left_turn_lane"": """", ""bike_lane"": """", ""divided"": ""no"", ""one_way"": """", ""speed_mph"": null}, ""12TH ST"": {""osm_lanes_max"": 2, ""left_turn_lane"": """", ""bike_lane"": ""no"", ""divided"": ""no"", ""one_way"": """", ""speed_mph"": null}}"
NW 10TH AVE & NW 2ND ST,True,15.4,1,29.6611141,-82.32661,2.0,,5.0,3.0,0.0,0.0,,,,no,,,"{""10TH AVE"": {""osm_lanes_max"": null, ""left_turn_lane"": """", ""bike_lane"": """", ""divided"": ""no"", ""one_way"": """", ""speed_mph"": null}, ""2ND ST"": {""osm_lanes_max"": null, ""left_turn_lane"": """", ""bike_lane"": """", ""divided"": ""no"", ""one_way"": """", ""speed_mph"": null}}"
NW 21ST ST & NW 39TH AVE,True,9.2,1,29.6885089,-82.3514644,2.0,,2.0,2.0,0.0,0.0,5.0,yes,yes,no,,45.0,"{""21ST ST"": {""osm_lanes_max"": 2, ""left_turn_lane"": """", ""bike_lane"": """", ""divided"": ""no"", ""one_way"": """", ""speed_mph"": null}, ""39TH AVE"": {""osm_lanes_max"": 5, ""left_turn_lane"": ""yes"", ""bike_lane"": ""yes"", ""divided"": ""no"", ""one_way"": """", ""speed_mph"": 45}}"
NW 22ND ST & NW 66TH CT,False,,0,,,,,,,,,,,,,,,
NW 22ND ST & NW 7TH PL,True,14.4,1,29.6589455,-82.3536398,2.0,,2.0,1.0,0.0,0.0,2.0,,,no,,,"{""22ND ST"": {""osm_lanes_max"": 2, ""left_turn_lane"": """", ""bike_lane"": """", ""divided"": ""no"", ""one_way"": """", ""speed_mph"": null}, ""7TH PL"": {""osm_lanes_max"": null, ""left_turn_lane"": """", ""bike_lane"": """", ""divided"": ""no"", ""one_way"": """", ""speed_mph"": null}}"
NE 8TH AVE & NE BLVD,True,16.5,3,29.6592344,-82.3213521,3.0,,5.0,0.0,0.0,0.0,2.0,,,yes,,,"{""4TH ST"": {""osm_lanes_max"": null, ""left_turn_lane"": """", ""bike_lane"": """", ""divided"": ""no"", ""one_way"": """", ""speed_mph"": null}, ""8TH AVE"": {""osm_lanes_max"": 2, ""left_turn_lane"": """", ""bike_lane"": """", ""divided"": ""no"", ""one_way"": """", ""speed_mph"": null}, ""BLVD"": {""osm_lanes_max"": null, ""left_turn_lane"": """", ""bike_lane"": """", ""divided"": ""yes"", ""one_way"": """", ""speed_mph"": null}}"
NW 19TH ST & NW 1ST AVE,True,14.6,1,29.6528187,-82.3478122,2.0,,1.0,1.0,0.0,0.0,2.0,,,no,,25.0,"{""19TH ST"": {""osm_lanes_max"": null, ""left_turn_lane"": """", ""bike_lane"": """", ""divided"": ""no"", ""one_way"": """", ""speed_mph"": null}, ""1ST AVE"": {""osm_lanes_max"": 2, ""left_turn_lane"": """", ""bike_lane"": """", ""divided"": ""no"", ""one_way"": """", ""speed_mph"": 25}}"
NW 10TH ST & NW 16TH AVE,True,17.1,2,29.666647,-82.3349648,2.0,,2.0,2.0,0.0,0.0,2.0,,,no,,,"{""10TH ST"": {""osm_lanes_max"": null, ""left_turn_lane"": """", ""bike_lane"": """", ""divided"": ""no"", ""one_way"": """", ""speed_mph"": null}, ""16TH AVE"": {""osm_lanes_max"": 2, ""left_turn_lane"": """", ""bike_lane"": """", ""divided"": ""no"", ""one_way"": """", ""speed_mph"": null}}"
NW 10TH ST & NW 39TH AVE,True,12.9,1,29.6885229,-82.3347117,2.0,,4.0,1.0,3.0,0.0,5.0,yes,yes,no,,45.0,"{""10TH ST"": {""osm_lanes_max"": null, ""left_turn_lane"": """", ""bike_lane"": """", ""divided"": ""no"", ""one_way"": """", ""speed_mph"": null}, ""39TH AVE"": {""osm_lanes_max"": 5, ""left_turn_lane"": ""yes"", ""bike_lane"": ""yes"", ""divided"": ""no"", ""one_way"": """", ""speed_mph"": 45}}"
NW 1ST ST & NW 4TH AVE,True,15.3,1,29.6546812,-82.3258462,2.0,,7.0,0.0,0.0,0.0,,,,no,,,"{""1ST ST"": {""osm_lanes_max"": null, ""left_turn_lane"": """", ""bike_lane"": """", ""divided"": ""no"", ""one_way"": """", ""speed_mph"": null}, ""4TH AVE"": {""osm_lanes_max"": null, ""left_turn_lane"": """", ""bike_lane"": """", ""divided"": ""no"", ""one_way"": """", ""speed_mph"": null}}"
NW 23RD BLVD & NW 31ST AVE,True,8.4,3,29.6811509,-82.3516701,4.0,,2.0,1.0,0.0,0.0,2.0,,,no,,35.0,"{""21ST ST"": {""osm_lanes_max"": 2, ""left_turn_lane"": """", ""bike_lane"": """", ""divided"": ""no"", ""one_way"": """", ""speed_mph"": 25}, ""21ST TER"": {""osm_lanes_max"": null, ""left_turn_lane"": """", ""bike_lane"": """", ""divided"": ""no"", ""one_way"": """", ""speed_mph"": null}, ""23RD BLVD"": {""osm_lanes_max"": 2, ""left_turn_lane"": """", ""bike_lane"": """", ""divided"": ""no"", ""one_way"": """", ""speed_mph"": 35}, ""31ST AVE"": {""osm_lanes_max"": 2, ""left_turn_lane"": """", ""bike_lane"": """", ""divided"": ""no"", ""one_way"": """", ""speed_mph"": null}}"
NW 13TH ST & NW 32ND AVE,True,8.8,4,29.6821346,-82.3390711,2.0,,2.0,2.0,0.0,0.0,3.0,yes,yes,yes,,45.0,"{""13TH ST"": {""osm_lanes_max"": 3, ""left_turn_lane"": ""yes"", ""bike_lane"": ""yes"", ""divided"": ""yes"", ""one_way"": """", ""speed_mph"": 45}, ""32ND AVE"": {""osm_lanes_max"": null, ""left_turn_lane"": """", ""bike_lane"": """", ""divided"": ""no"", ""one_way"": """", ""speed_mph"": null}}"
SW 41ST PL & SW 71ST TER,True,17.6,1,29.61629,-82.418879,2.0,,0.0,0.0,0.0,0.0,2.0,,,no,,30.0,"{""41ST PL"": {""osm_lanes_max"": 2, ""left_turn_lane"": """", ""bike_lane"": """", ""divided"": ""no"", ""one_way"": """", ""speed_mph"": 30}, ""71ST TER"": {""osm_lanes_max"": null, ""left_turn_lane"": """", ""bike_lane"": """", ""divided"": ""no"", ""one_way"": """", ""speed_mph"": null}}"
NW 19TH ST & NW 5TH AVE,True,14.2,1,29.6558247,-82.3478064,2.0,,5.0,4.0,0.0,0.0,,,,no,,,"{""19TH ST"": {""osm_lanes_max"": null, ""left_turn_lane"": """", ""bike_lane"": """", ""divided"": ""no"", ""one_way"": """", ""speed_mph"": null}, ""5TH AVE"": {""osm_lanes_max"": null, ""left_turn_lane"": """", ""bike_lane"": """", ""divided"": ""no"", ""one_way"": """", ""speed_mph"": null}}"
SW 10TH ST & SW 5TH AVE,True,16.1,1,29.647573,-82.335037,2.0,,6.0,4.0,2.0,0.0,1.0,,yes,no,yes,25.0,"{""10TH ST"": {""osm_lanes_max"": 1, ""left_turn_lane"": """", ""bike_lane"": ""yes"", ""divided"": ""no"", ""one_way"": ""yes"", ""speed_mph"": 25}, ""5TH AVE"": {""osm_lanes_max"": null, ""left_turn_lane"": """", ""bike_lane"": """", ""divided"": ""no"", ""one_way"": """", ""speed_mph"": null}}"
SW 10TH ST & SW 8TH AVE,True,14.1,1,29.6449046,-82.3349714,2.0,,6.0,4.0,0.0,0.0,2.0,,yes,no,,25.0,"{""10TH ST"": {""osm_lanes_max"": 1, ""left_turn_lane"": """", ""bike_lane"": ""yes"", ""divided"": ""no"", ""one_way"": """", ""speed_mph"": 25}, ""8TH AVE"": {""osm_lanes_max"": 2, ""left_turn_lane"": """", ""bike_lane"": """", ""divided"": ""no"", ""one_way"": """", ""speed_mph"": null}}"
NW 16TH ST & NW 3RD AVE,True,15.5,2,29.6539886,-82.3432338,2.0,,3.0,3.0,0.0,0.0,,,no,no,,,"{""16TH ST"": {""osm_lanes_max"": null, ""left_turn_lane"": """", ""bike_lane"": ""no"", ""divided"": ""no"", ""one_way"": """", ""speed_mph"": null}, ""3RD AVE"": {""osm_lanes_max"": null, ""left_turn_lane"": """", ""bike_lane"": ""no"", ""divided"": ""no"", ""one_way"": """", ""speed_mph"": null}}"
NW 4TH BLVD & UNNAMED ST,False,,0,,,,,,,,,,,,,,,
SW 38TH ST & SW 39TH BLVD,False,,0,,,,,,,,,,,,,,,
THE OAKS MALL WEST ENTRANCE & W NEWBERRY RD,False,,0,,,,,,,,,,,,,,,
NW 43RD ST & NW 44TH AVE,True,18.2,2,29.6951408,-82.3889194,2.0,,2.0,2.0,0.0,0.0,4.0,,yes,yes,,45.0,"{""43RD ST"": {""osm_lanes_max"": 4, ""left_turn_lane"": """", ""bike_lane"": ""yes"", ""divided"": ""no"", ""one_way"": """", ""speed_mph"": 45}, ""44TH AVE"": {""osm_lanes_max"": 1, ""left_turn_lane"": """", ""bike_lane"": """", ""divided"": ""yes"", ""one_way"": """", ""speed_mph"": null}}"
NW 42ND TER & NW 8TH AVE,True,11.1,1,29.6595737,-82.387794,2.0,,1.0,0.0,1.0,0.0,4.0,,,no,,,"{""42ND TER"": {""osm_lanes_max"": null, ""left_turn_lane"": """", ""bike_lane"": """", ""divided"": ""no"", ""one_way"": """", ""speed_mph"": null}, ""8TH AVE"": {""osm_lanes_max"": 4, ""left_turn_lane"": """", ""bike_lane"": """", ""divided"": ""no"", ""one_way"": """", ""speed_mph"": null}}"
NW 41ST PL & NW 6TH ST,False,,0,,,,,,,,,,,,,,,
NW 43RD ST & NW 9TH PL,True,15.3,1,29.6610263,-82.3890656,2.0,,2.0,0.0,2.0,0.0,5.0,yes,yes,no,,45.0,"{""43RD ST"": {""osm_lanes_max"": 5, ""left_turn_lane"": ""yes"", ""bike_lane"": ""yes"", ""divided"": ""no"", ""one_way"": """", ""speed_mph"": 45}, ""9TH PL"": {""osm_lanes_max"": null, ""left_turn_lane"": """", ""bike_lane"": """", ""divided"": ""no"", ""one_way"": """", ""speed_mph"": null}}"
NW 43RD ST & NW 65TH AVE,True,15.2,1,29.714966,-82.385766,2.0,,1.0,0.0,0.0,0.0,3.0,yes,yes,no,,,"{""43RD ST"": {""osm_lanes_max"": 3, ""left_turn_lane"": ""yes"", ""bike_lane"": ""yes"", ""divided"": ""no"", ""one_way"": """", ""speed_mph"": null}, ""65TH AVE"": {""osm_lanes_max"": null, ""left_turn_lane"": """", ""bike_lane"": """", ""divided"": ""no"", ""one_way"": """", ""speed_mph"": null}}"
NE 20TH ST & NE 8TH AVE,True,11.5,1,29.6592204,-82.299062,2.0,,3.0,2.0,0.0,0.0,2.0,,,no,,,"{""20TH ST"": {""osm_lanes_max"": 2, ""left_turn_lane"": """", ""bike_lane"": """", ""divided"": ""no"", ""one_way"": """", ""speed_mph"": null}, ""8TH AVE"": {""osm_lanes_max"": 2, ""left_turn_lane"": """", ""bike_lane"": """", ""divided"": ""no"", ""one_way"": """", ""speed_mph"": null}}"
NW 41ST AVE & NW 6TH ST,True,17.4,1,29.6902812,-82.3317313,2.0,,0.0,0.0,0.0,0.0,4.0,,,no,,35.0,"{""41ST AVE"": {""osm_lanes_max"": null, ""left_turn_lane"": """", ""bike_lane"": """", ""divided"": ""no"", ""one_way"": """", ""speed_mph"": null}, ""6TH ST"": {""osm_lanes_max"": 4, ""left_turn_lane"": """", ""bike_lane"": """", ""divided"": ""no"", ""one_way"": """", ""speed_mph"": 35}}"
SE 13TH ST & SE 3RD AVE,True,15.3,1,29.649155,-82.308685,2.0,,2.0,2.0,0.0,0.0,2.0,,yes,no,,,"{""13TH ST"": {""osm_lanes_max"": null, ""left_turn_lane"": """", ""bike_lane"": """", ""divided"": ""no"", ""one_way"": """", ""speed_mph"": null}, ""3RD AVE"": {""osm_lanes_max"": 2, ""left_turn_lane"": """", ""bike_lane"": ""yes"", ""divided"": ""no"", ""one_way"": """", ""speed_mph"": null}}"
NW 32ND AVE & NW 43RD ST,True,18.7,3,29.682079,-82.3889661,2.0,,1.0,0.0,1.0,0.0,5.0,yes,yes,no,,45.0,"{""32ND AVE"": {""osm_lanes_max"": null, ""left_turn_lane"": """", ""bike_lane"": """", ""divided"": ""no"", ""one_way"": """", ""speed_mph"": null}, ""43RD ST"": {""osm_lanes_max"": 5, ""left_turn_lane"": ""yes"", ""bike_lane"": ""yes"", ""divided"": ""no"", ""one_way"": """", ""speed_mph"": 45}}"
SE 11TH ST & SE 6TH AVE,True,7.9,2,29.646427,-82.3115184,2.0,,2.0,2.0,0.0,0.0,3.0,yes,yes,yes,,35.0,"{""11TH ST"": {""osm_lanes_max"": 3, ""left_turn_lane"": ""yes"", ""bike_lane"": ""yes"", ""divided"": ""yes"", ""one_way"": """", ""speed_mph"": 35}, ""6TH AVE"": {""osm_lanes_max"": null, ""left_turn_lane"": """", ""bike_lane"": """", ""divided"": ""no"", ""one_way"": """", ""speed_mph"": null}}"
SE 15TH ST & SE 3RD AVE,True,15.2,1,29.649171,-82.305844,2.0,yes,4.0,4.0,0.0,0.0,2.0,,yes,no,,,"{""15TH ST"": {""osm_lanes_max"": 2, ""left_turn_lane"": """", ""bike_lane"": ""yes"", ""divided"": ""no"", ""one_way"": """", ""speed_mph"": null}, ""3RD AVE"": {""osm_lanes_max"": 2, ""left_turn_lane"": """", ""bike_lane"": ""yes"", ""divided"": ""no"", ""one_way"": """", ""speed_mph"": null}}"
NW 33RD AVE & NW 6TH ST,True,13.5,2,29.6830856,-82.3307592,2.0,,1.0,1.0,0.0,0.0,4.0,,no,no,,35.0,"{""33RD AVE"": {""osm_lanes_max"": null, ""left_turn_lane"": """", ""bike_lane"": """", ""divided"": ""no"", ""one_way"": """", ""speed_mph"": null}, ""6TH ST"": {""osm_lanes_max"": 4, ""left_turn_lane"": """", ""bike_lane"": ""no"", ""divided"": ""no"", ""one_way"": """", ""speed_mph"": 35}}"
NW 33RD CT & NW 43RD ST,True,15.3,1,29.683804,-82.388962,2.0,,1.0,0.0,1.0,0.0,5.0,yes,yes,no,,45.0,"{""33RD CT"": {""osm_lanes_max"": null, ""left_turn_lane"": """", ""bike_lane"": """", ""divided"": ""no"", ""one_way"": """", ""speed_mph"": null}, ""43RD ST"": {""osm_lanes_max"": 5, ""left_turn_lane"": ""yes"", ""bike_lane"": ""yes"", ""divided"": ""no"", ""one_way"": """", ""speed_mph"": 45}}"
SE 18TH TER & SE 8TH AVE,True,15.2,1,29.644528,-82.301077,2.0,,1.0,1.0,0.0,0.0,2.0,,yes,no,,,"{""18TH TER"": {""osm_lanes_max"": null, ""left_turn_lane"": """", ""bike_lane"": """", ""divided"": ""no"", ""one_way"": """", ""speed_mph"": null}, ""8TH AVE"": {""osm_lanes_max"": 2, ""left_turn_lane"": """", ""bike_lane"": ""yes"", ""divided"": ""no"", ""one_way"": """", ""speed_mph"": null}}"
SE 19TH PL & SE 1ST TER,True,15.2,1,29.632775,-82.31856,2.0,,4.0,0.0,1.0,0.0,,,,no,,,"{""19TH PL"": {""osm_lanes_max"": null, ""left_turn_lane"": """", ""bike_lane"": """", ""divided"": ""no"", ""one_way"": """", ""speed_mph"": null}, ""1ST TER"": {""osm_lanes_max"": null, ""left_turn_lane"": """", ""bike_lane"": """", ""divided"": ""no"", ""one_way"": """", ""speed_mph"": null}}"
SW 2ND ST & SW 3RD AVE,True,10.8,1,29.6489851,-82.3265759,2.0,,4.0,2.0,2.0,0.0,,,,no,,,"{""2ND ST"": {""osm_lanes_max"": null, ""left_turn_lane"": """", ""bike_lane"": """", ""divided"": ""no"", ""one_way"": """", ""speed_mph"": null}, ""3RD AVE"": {""osm_lanes_max"": null, ""left_turn_lane"": """", ""bike_lane"": """", ""divided"": ""no"", ""one_way"": """", ""speed_mph"": null}}"
NW 16TH AVE & NW 31ST ST,True,8.2,2,29.6667614,-82.3682343,2.0,,2.0,1.0,1.0,0.0,3.0,yes,yes,yes,,40.0,"{""16TH AVE"": {""osm_lanes_max"": 3, ""left_turn_lane"": ""yes"", ""bike_lane"": ""yes"", ""divided"": ""yes"", ""one_way"": """", ""speed_mph"": 40}, ""31ST ST"": {""osm_lanes_max"": null, ""left_turn_lane"": """", ""bike_lane"": """", ""divided"": ""no"", ""one_way"": """", ""speed_mph"": null}}"
NW 37TH ST & NW 62ND PL,True,15.3,1,29.711429,-82.378484,2.0,,0.0,0.0,0.0,0.0,,,,yes,,,"{""37TH ST"": {""osm_lanes_max"": null, ""left_turn_lane"": """", ""bike_lane"": """", ""divided"": ""no"", ""one_way"": """", ""speed_mph"": null}, ""62ND PL"": {""osm_lanes_max"": null, ""left_turn_lane"": """", ""bike_lane"": """", ""divided"": ""yes"", ""one_way"": """", ""speed_mph"": null}}"
NW 37TH TER & NW 39TH AVE,True,8.2,2,29.6886723,-82.3790938,2.0,,2.0,0.0,2.0,0.0,3.0,yes,yes,yes,,45.0,"{""37TH TER"": {""osm_lanes_max"": null, ""left_turn_lane"": """", ""bike_lane"": """", ""divided"": ""no"", ""one_way"": """", ""speed_mph"": null}, ""39TH AVE"": {""osm_lanes_max"": 3, ""left_turn_lane"": ""yes"", ""bike_lane"": ""yes"", ""divided"": ""yes"", ""one_way"": """", ""speed_mph"": 45}}"
NE 17TH PL & NE WALDO RD,True,10.8,2,29.6674517,-82.3011221,2.0,,0.0,0.0,0.0,0.0,3.0,yes,,yes,,45.0,"{""17TH PL"": {""osm_lanes_max"": null, ""left_turn_lane"": """", ""bike_lane"": """", ""divided"": ""no"", ""one_way"": """", ""speed_mph"": null}, ""WALDO RD"": {""osm_lanes_max"": 3, ""left_turn_lane"": ""yes"", ""bike_lane"": """", ""divided"": ""yes"", ""one_way"": """", ""speed_mph"": 45}}"
SW 2ND TER & SW DEPOT AVE,True,8.3,2,29.644187,-82.3272792,2.0,,1.0,1.0,0.0,0.0,1.0,,yes,yes,,25.0,"{""2ND TER"": {""osm_lanes_max"": null, ""left_turn_lane"": """", ""bike_lane"": """", ""divided"": ""no"", ""one_way"": """", ""speed_mph"": null}, ""DEPOT AVE"": {""osm_lanes_max"": 1, ""left_turn_lane"": """", ""bike_lane"": ""yes"", ""divided"": ""yes"", ""one_way"": """", ""speed_mph"": 25}}"
NW 15TH ST & NW 2ND PL,True,20.7,2,29.6534366,-82.3417908,4.0,,3.0,0.0,2.0,0.0,,,,no,yes,,"{""15TH ST"": {""osm_lanes_max"": null, ""left_turn_lane"": """", ""bike_lane"": """", ""divided"": ""no"", ""one_way"": ""yes"", ""speed_mph"": null}, ""1ST PL"": {""osm_lanes_max"": null, ""left_turn_lane"": """", ""bike_lane"": """", ""divided"": ""no"", ""one_way"": """", ""speed_mph"": null}, ""2ND AVE"": {""osm_lanes_max"": null, ""left_turn_lane"": """", ""bike_lane"": """", ""divided"": ""no"", ""one_way"": """", ""speed_mph"": null}, ""2ND PL"": {""osm_lanes_max"": null, ""left_turn_lane"": """", ""bike_lane"": """", ""divided"": ""no"", ""one_way"": """", ""speed_mph"": null}}"
NW 15TH ST & NW 4TH AVE,True,16.3,1,29.6549396,-82.3417927,2.0,,5.0,1.0,3.0,0.0,,,,no,yes,,"{""15TH ST"": {""osm_lanes_max"": null, ""left_turn_lane"": """", ""bike_lane"": """", ""divided"": ""no"", ""one_way"": ""yes"", ""speed_mph"": null}, ""4TH AVE"": {""osm_lanes_max"": null, ""left_turn_lane"": """", ""bike_lane"": """", ""divided"": ""no"", ""one_way"": """", ""speed_mph"": null}}"
NW 31ST AVE & NW 31ST TER,True,20.1,3,29.6814344,-82.3684032,3.0,,4.0,1.0,3.0,0.0,2.0,,no,yes,,35.0,"{""31ST AVE"": {""osm_lanes_max"": 2, ""left_turn_lane"": """", ""bike_lane"": ""no"", ""divided"": ""no"", ""one_way"": """", ""speed_mph"": 35}, ""31ST ST"": {""osm_lanes_max"": null, ""left_turn_lane"": """", ""bike_lane"": ""no"", ""divided"": ""no"", ""one_way"": """", ""speed_mph"": null}, ""31ST TER"": {""osm_lanes_max"": null, ""left_turn_lane"": """", ""bike_lane"": ""no"", ""divided"": ""yes"", ""one_way"": """", ""speed_mph"": null}}"
SE 23RD ST & SE 8TH AVE,True,11.2,1,29.644922,-82.294706,3.0,,1.0,1.0,0.0,0.0,2.0,,yes,no,,,"{""23RD ST"": {""osm_lanes_max"": null, ""left_turn_lane"": """", ""bike_lane"": """", ""divided"": ""no"", ""one_way"": """", ""speed_mph"": null}, ""24TH ST"": {""osm_lanes_max"": 2, ""left_turn_lane"": """", ""bike_lane"": ""yes"", ""divided"": ""no"", ""one_way"": """", ""speed_mph"": null}, ""8TH AVE"": {""osm_lanes_max"": 2, ""left_turn_lane"": """", ""bike_lane"": ""yes"", ""divided"": ""no"", ""one_way"": """", ""speed_mph"": null}}"
NW 29TH ST & NW 34TH ST,False,,0,,,,,,,,,,,,,,,
NE 16TH AVE & NE 16TH WAY,True,13.9,1,29.6664957,-82.3034218,2.0,,2.0,1.0,0.0,0.0,2.0,,yes,no,,,"{""16TH AVE"": {""osm_lanes_max"": 2, ""left_turn_lane"": """", ""bike_lane"": ""yes"", ""divided"": ""no"", ""one_way"": """", ""speed_mph"": null}, ""16TH WAY"": {""osm_lanes_max"": null, ""left_turn_lane"": """", ""bike_lane"": """", ""divided"": ""no"", ""one_way"": """", ""speed_mph"": null}}"
SE 2ND ST & SE DEPOT AVE,True,5.1,2,29.645136,-82.3230152,2.0,,4.0,4.0,0.0,0.0,2.0,yes,yes,yes,,,"{""2ND ST"": {""osm_lanes_max"": null, ""left_turn_lane"": """", ""bike_lane"": """", ""divided"": ""no"", ""one_way"": """", ""speed_mph"": null}, ""DEPOT AVE"": {""osm_lanes_max"": 2, ""left_turn_lane"": ""yes"", ""bike_lane"": ""yes"", ""divided"": ""yes"", ""one_way"": """", ""speed_mph"": null}}"
SE 1ST ST & SE 4TH AVE,True,13.7,1,29.6483701,-82.3239956,2.0,,3.0,0.0,1.0,0.0,3.0,yes,,no,,,"{""1ST ST"": {""osm_lanes_max"": null, ""left_turn_lane"": """", ""bike_lane"": """", ""divided"": ""no"", ""one_way"": """", ""speed_mph"": null}, ""4TH AVE"": {""osm_lanes_max"": 3, ""left_turn_lane"": ""yes"", ""bike_lane"": """", ""divided"": ""no"", ""one_way"": """", ""speed_mph"": null}}"
NW 16TH BLVD & NW 43RD AVE,False,,0,,,,,,,,,,,,,,,
NW 12TH DR & NW 5TH AVE,True,14.7,1,29.655726,-82.3384805,2.0,,0.0,0.0,0.0,0.0,,,,no,,,"{""12TH DR"": {""osm_lanes_max"": null, ""left_turn_lane"": """", ""bike_lane"": """", ""divided"": ""no"", ""one_way"": """", ""speed_mph"": null}, ""5TH AVE"": {""osm_lanes_max"": null, ""left_turn_lane"": """", ""bike_lane"": """", ""divided"": ""no"", ""one_way"": """", ""speed_mph"": null}}"
HULL RD & SW 37TH ST,False,,0,,,,,,,,,,,,,,,
SE 1ST ST & SE WILLISTON RD,True,9.6,2,29.6323038,-82.3207131,2.0,,1.0,0.0,1.0,0.0,2.0,,yes,yes,,45.0,"{""1ST ST"": {""osm_lanes_max"": null, ""left_turn_lane"": """", ""bike_lane"": """", ""divided"": ""no"", ""one_way"": """", ""speed_mph"": null}, ""WILLISTON RD"": {""osm_lanes_max"": 2, ""left_turn_lane"": """", ""bike_lane"": ""yes"", ""divided"": ""yes"", ""one_way"": """", ""speed_mph"": 45}}"
NW 16TH AVE & NW 17TH ST,True,8.2,2,29.6667062,-82.3444162,2.0,,3.0,1.0,2.0,0.0,3.0,yes,yes,yes,,40.0,"{""16TH AVE"": {""osm_lanes_max"": 3, ""left_turn_lane"": ""yes"", ""bike_lane"": ""yes"", ""divided"": ""yes"", ""one_way"": """", ""speed_mph"": 40}, ""17TH ST"": {""osm_lanes_max"": null, ""left_turn_lane"": """", ""bike_lane"": """", ""divided"": ""no"", ""one_way"": """", ""speed_mph"": null}}"
NW 16TH AVE & NW 18TH ST,True,6.9,2,29.6667092,-82.346684,2.0,,1.0,1.0,0.0,0.0,2.0,,yes,yes,,40.0,"{""16TH AVE"": {""osm_lanes_max"": 2, ""left_turn_lane"": """", ""bike_lane"": ""yes"", ""divided"": ""yes"", ""one_way"": """", ""speed_mph"": 40}, ""18TH ST"": {""osm_lanes_max"": null, ""left_turn_lane"": """", ""bike_lane"": """", ""divided"": ""no"", ""one_way"": """", ""speed_mph"": null}}"
NW 16TH AVE & NW 20TH WAY,True,8.6,2,29.6667233,-82.3499418,2.0,,1.0,1.0,0.0,0.0,2.0,,yes,yes,,40.0,"{""16TH AVE"": {""osm_lanes_max"": 2, ""left_turn_lane"": """", ""bike_lane"": ""yes"", ""divided"": ""yes"", ""one_way"": """", ""speed_mph"": 40}, ""20TH WAY"": {""osm_lanes_max"": null, ""left_turn_lane"": """", ""bike_lane"": """", ""divided"": ""no"", ""one_way"": """", ""speed_mph"": null}}"
NW 16TH AVE & NW 23RD TER,True,11.4,3,29.6667322,-82.357752,2.0,,3.0,1.0,1.0,0.0,2.0,,yes,yes,,40.0,"{""16TH AVE"": {""osm_lanes_max"": 2, ""left_turn_lane"": """", ""bike_lane"": ""yes"", ""divided"": ""yes"", ""one_way"": """", ""speed_mph"": 40}, ""23RD TER"": {""osm_lanes_max"": null, ""left_turn_lane"": """", ""bike_lane"": """", ""divided"": """", ""one_way"": """", ""speed_mph"": null}}"
SE 10TH ST & SE 12TH AVE,True,18.4,1,29.639804,-82.3137,2.0,,0.0,0.0,0.0,0.0,,,,no,,,"{""10TH ST"": {""osm_lanes_max"": null, ""left_turn_lane"": """", ""bike_lane"": """", ""divided"": ""no"", ""one_way"": """", ""speed_mph"": null}, ""12TH AVE"": {""osm_lanes_max"": null, ""left_turn_lane"": """", ""bike_lane"": """", ""divided"": ""no"", ""one_way"": """", ""speed_mph"": null}}"
S MAIN ST & SW 5TH AVE,True,6.9,1,29.6471515,-82.324979,2.0,yes,3.0,2.0,0.0,0.0,3.0,yes,yes,no,,35.0,"{""5TH AVE"": {""osm_lanes_max"": null, ""left_turn_lane"": """", ""bike_lane"": """", ""divided"": ""no"", ""one_way"": """", ""speed_mph"": null}, ""MAIN ST"": {""osm_lanes_max"": 3, ""left_turn_lane"": ""yes"", ""bike_lane"": ""yes"", ""divided"": ""no"", ""one_way"": """", ""speed_mph"": 35}}"
NE 47TH AVE & NE WALDO RD,False,,0,,,,,,,,,,,,,,,
NE 5TH AVE & NE 9TH ST,True,16.1,1,29.6556928,-82.3147765,2.0,,3.0,2.0,1.0,0.0,2.0,,yes,no,,,"{""5TH AVE"": {""osm_lanes_max"": null, ""left_turn_lane"": """", ""bike_lane"": """", ""divided"": ""no"", ""one_way"": """", ""speed_mph"": null}, ""9TH ST"": {""osm_lanes_max"": 2, ""left_turn_lane"": """", ""bike_lane"": ""yes"", ""divided"": ""no"", ""one_way"": """", ""speed_mph"": null}}"
SW 10TH ST & SW 1ST PL,False,,0,,,,,,,,,,,,,,,
SE 4TH ST & SW WILLISTON RD,False,,0,,,,,,,,,,,,,,,
NW 24TH TER & NW 34TH BLVD,True,15.3,1,29.705521,-82.358819,2.0,,1.0,1.0,0.0,0.0,3.0,yes,yes,no,,40.0,"{""24TH TER"": {""osm_lanes_max"": null, ""left_turn_lane"": """", ""bike_lane"": """", ""divided"": ""no"", ""one_way"": """", ""speed_mph"": null}, ""34TH BLVD"": {""osm_lanes_max"": 3, ""left_turn_lane"": ""yes"", ""bike_lane"": ""yes"", ""divided"": ""no"", ""one_way"": """", ""speed_mph"": 40}}"
NW 23RD TER & NW 58TH AVE,True,16.6,1,29.7081331,-82.358397,2.0,,0.0,0.0,0.0,0.0,,,,no,,,"{""23RD TER"": {""osm_lanes_max"": null, ""left_turn_lane"": """", ""bike_lane"": """", ""divided"": ""no"", ""one_way"": """", ""speed_mph"": null}, ""58TH AVE"": {""osm_lanes_max"": null, ""left_turn_lane"": """", ""bike_lane"": """", ""divided"": ""no"", ""one_way"": """", ""speed_mph"": null}}"
SE 7TH AVE & SE 8TH AVE,True,15.3,1,29.645796,-82.316508,2.0,,1.0,1.0,0.0,0.0,2.0,,,no,,,"{""7TH AVE"": {""osm_lanes_max"": 2, ""left_turn_lane"": """", ""bike_lane"": """", ""divided"": ""no"", ""one_way"": """", ""speed_mph"": null}, ""8TH ST"": {""osm_lanes_max"": null, ""left_turn_lane"": """", ""bike_lane"": """", ""divided"": ""no"", ""one_way"": """", ""speed_mph"": null}}"
SW 12TH ST & SW 4TH AVE,True,15.3,1,29.6484442,-82.3371176,2.0,,4.0,1.0,3.0,0.0,2.0,,yes,no,yes,25.0,"{""12TH ST"": {""osm_lanes_max"": 1, ""left_turn_lane"": """", ""bike_lane"": ""yes"", ""divided"": ""no"", ""one_way"": ""yes"", ""speed_mph"": 25}, ""4TH AVE"": {""osm_lanes_max"": 2, ""left_turn_lane"": """", ""bike_lane"": """", ""divided"": ""no"", ""one_way"": """", ""speed_mph"": null}}"
NW 12TH AVE & NW 6TH ST,True,17.8,2,29.6629528,-82.3308876,2.0,,3.0,1.0,0.0,0.0,4.0,,,yes,,35.0,"{""12TH AVE"": {""osm_lanes_max"": null, ""left_turn_lane"": """", ""bike_lane"": """", ""divided"": ""yes"", ""one_way"": """", ""speed_mph"": null}, ""6TH ST"": {""osm_lanes_max"": 4, ""left_turn_lane"": """", ""bike_lane"": """", ""divided"": ""no"", ""one_way"": """", ""speed_mph"": 35}}"
NW 16TH TER & NW 23RD BLVD,False,,0,,,,,,,,,,,,,,,
NW 15TH ST & NW 5TH AVE,True,16.8,1,29.6557734,-82.3417869,2.0,,6.0,4.0,1.0,0.0,,,,no,,,"{""15TH ST"": {""osm_lanes_max"": null, ""left_turn_lane"": """", ""bike_lane"": """", ""divided"": ""no"", ""one_way"": """", ""speed_mph"": null}, ""5TH AVE"": {""osm_lanes_max"": null, ""left_turn_lane"": """", ""bike_lane"": """", ""divided"": ""no"", ""one_way"": """", ""speed_mph"": null}}"
E UNIVERSITY AVE & NE 20TH ST,True,21.9,1,29.6519684,-82.299102,2.0,,2.0,1.0,0.0,0.0,2.0,,,yes,,45.0,"{""20TH ST"": {""osm_lanes_max"": 2, ""left_turn_lane"": """", ""bike_lane"": """", ""divided"": ""no"", ""one_way"": """", ""speed_mph"": null}, ""UNIVERSITY AVE"": {""osm_lanes_max"": 2, ""left_turn_lane"": """", ""bike_lane"": """", ""divided"": ""yes"", ""one_way"": """", ""speed_mph"": 45}}"
E UNIVERSITY AVE & NE 22ND ST,True,7.8,2,29.6519006,-82.2958877,2.0,,2.0,2.0,0.0,0.0,2.0,,,yes,,45.0,"{""22ND ST"": {""osm_lanes_max"": null, ""left_turn_lane"": """", ""bike_lane"": """", ""divided"": ""no"", ""one_way"": """", ""speed_mph"": null}, ""UNIVERSITY AVE"": {""osm_lanes_max"": 2, ""left_turn_lane"": """", ""bike_lane"": """", ""divided"": ""yes"", ""one_way"": """", ""speed_mph"": 45}}"
NE 3RD ST & NE 6TH AVE,False,,0,,,,,,,,,,,,,,,
NW 2ND ST & NW 3RD AVE,True,14.3,1,29.6540159,-82.3266079,2.0,,2.0,0.0,2.0,0.0,,,,no,yes,,"{""2ND ST"": {""osm_lanes_max"": null, ""left_turn_lane"": """", ""bike_lane"": """", ""divided"": ""no"", ""one_way"": ""yes"", ""speed_mph"": null}, ""3RD AVE"": {""osm_lanes_max"": null, ""left_turn_lane"": """", ""bike_lane"": """", ""divided"": ""no"", ""one_way"": ""yes"", ""speed_mph"": null}}"
NE 16TH AVE & NE 21ST PL,False,,0,,,,,,,,,,,,,,,
NW 23RD AVE & UNNAMED ST,False,,0,,,,,,,,,,,,,,,
NW 23RD DR & W UNIVERSITY AVE,True,15.2,2,29.6522065,-82.3586455,2.0,,3.0,2.0,1.0,0.0,3.0,,yes,no,,35.0,"{""23RD DR"": {""osm_lanes_max"": null, ""left_turn_lane"": """", ""bike_lane"": """", ""divided"": ""no"", ""one_way"": """", ""speed_mph"": null}, ""UNIVERSITY AVE"": {""osm_lanes_max"": 3, ""left_turn_lane"": """", ""bike_lane"": ""yes"", ""divided"": ""no"", ""one_way"": """", ""speed_mph"": 35}}"
NW 23RD TER & NW 31ST AVE,False,,0,,,,,,,,,,,,,,,
NW 23RD TER & NW 39TH AVE,True,10.8,1,29.6885173,-82.3562293,2.0,,4.0,1.0,0.0,0.0,5.0,,yes,no,,45.0,"{""23RD TER"": {""osm_lanes_max"": 2, ""left_turn_lane"": """", ""bike_lane"": """", ""divided"": ""no"", ""one_way"": """", ""speed_mph"": 10}, ""39TH AVE"": {""osm_lanes_max"": 5, ""left_turn_lane"": """", ""bike_lane"": ""yes"", ""divided"": ""no"", ""one_way"": """", ""speed_mph"": 45}}"
NE 7TH TER & NE 8TH AVE,True,15.6,2,29.6593594,-82.3165668,2.0,,2.0,2.0,0.0,0.0,2.0,,,no,,,"{""7TH TER"": {""osm_lanes_max"": null, ""left_turn_lane"": """", ""bike_lane"": """", ""divided"": ""no"", ""one_way"": """", ""speed_mph"": null}, ""8TH AVE"": {""osm_lanes_max"": 2, ""left_turn_lane"": """", ""bike_lane"": """", ""divided"": ""no"", ""one_way"": """", ""speed_mph"": null}}"
NW 17TH ST & NW 6TH AVE,True,15.9,1,29.6566742,-82.3446437,2.0,,1.0,0.0,1.0,0.0,,,yes,no,,,"{""17TH ST"": {""osm_lanes_max"": null, ""left_turn_lane"": """", ""bike_lane"": ""yes"", ""divided"": ""no"", ""one_way"": """", ""speed_mph"": null}, ""6TH AVE"": {""osm_lanes_max"": null, ""left_turn_lane"": """", ""bike_lane"": """", ""divided"": ""no"", ""one_way"": """", ""speed_mph"": null}}"
NW 17TH ST & NW 7TH AVE,True,15.6,1,29.6575703,-82.3446354,2.0,,1.0,1.0,0.0,0.0,,,yes,no,,,"{""17TH ST"": {""osm_lanes_max"": null, ""left_turn_lane"": """", ""bike_lane"": ""yes"", ""divided"": ""no"", ""one_way"": """", ""speed_mph"": null}, ""7TH AVE"": {""osm_lanes_max"": null, ""left_turn_lane"": """", ""bike_lane"": """", ""divided"": ""no"", ""one_way"": """", ""speed_mph"": null}}"
NW 11TH ST & NW 42ND AVE,True,18.8,1,29.6922027,-82.3360173,2.0,,0.0,0.0,0.0,0.0,,,,no,,,"{""11TH ST"": {""osm_lanes_max"": null, ""left_turn_lane"": """", ""bike_lane"": """", ""divided"": ""no"", ""one_way"": """", ""speed_mph"": null}, ""42ND AVE"": {""osm_lanes_max"": null, ""left_turn_lane"": """", ""bike_lane"": """", ""divided"": ""no"", ""one_way"": """", ""speed_mph"": null}}"
SW 2ND AVE & US 441,True,26.0,2,29.5106126,-82.276568,0.0,,0.0,0.0,0.0,0.0,,,,,,,{}
SW 10TH ST & SW 7TH AVE,True,14.5,1,29.6457419,-82.3350192,2.0,,6.0,3.0,3.0,0.0,1.0,,yes,no,yes,25.0,"{""10TH ST"": {""osm_lanes_max"": 1, ""left_turn_lane"": """", ""bike_lane"": ""yes"", ""divided"": ""no"", ""one_way"": ""yes"", ""speed_mph"": 25}, ""7TH AVE"": {""osm_lanes_max"": null, ""left_turn_lane"": """", ""bike_lane"": """", ""divided"": ""no"", ""one_way"": """", ""speed_mph"": null}}"
NW 28TH ST & W UNIVERSITY AVE,True,15.3,1,29.652042,-82.364531,2.0,,2.0,1.0,1.0,0.0,3.0,,yes,no,,35.0,"{""28TH ST"": {""osm_lanes_max"": null, ""left_turn_lane"": """", ""bike_lane"": """", ""divided"": ""no"", ""one_way"": """", ""speed_mph"": null}, ""UNIVERSITY AVE"": {""osm_lanes_max"": 3, ""left_turn_lane"": """", ""bike_lane"": ""yes"", ""divided"": ""no"", ""one_way"": """", ""speed_mph"": 35}}"
NW 28TH TER & NW 55TH BLVD,True,15.2,1,29.705163,-82.364563,2.0,,0.0,0.0,0.0,0.0,,,,no,,,"{""28TH TER"": {""osm_lanes_max"": null, ""left_turn_lane"": """", ""bike_lane"": """", ""divided"": ""no"", ""one_way"": """", ""speed_mph"": null}, ""55TH BLVD"": {""osm_lanes_max"": null, ""left_turn_lane"": """", ""bike_lane"": """", ""divided"": ""no"", ""one_way"": """", ""speed_mph"": null}}"
NE 15TH ST & NE 30TH AVE,True,16.8,1,29.6805948,-82.3058099,2.0,,1.0,1.0,0.0,0.0,2.0,,,no,,,"{""15TH ST"": {""osm_lanes_max"": 2, ""left_turn_lane"": """", ""bike_lane"": """", ""divided"": ""no"", ""one_way"": """", ""speed_mph"": null}, ""30TH AVE"": {""osm_lanes_max"": null, ""left_turn_lane"": """", ""bike_lane"": """", ""divided"": ""no"", ""one_way"": """", ""speed_mph"": null}}"
SE 4TH ST & SE 8TH PL,True,11.5,1,29.643361,-82.320763,2.0,,3.0,2.0,1.0,0.0,2.0,,,no,,,"{""4TH ST"": {""osm_lanes_max"": 2, ""left_turn_lane"": """", ""bike_lane"": """", ""divided"": ""no"", ""one_way"": """", ""speed_mph"": null}, ""8TH PL"": {""osm_lanes_max"": null, ""left_turn_lane"": """", ""bike_lane"": """", ""divided"": ""no"", ""one_way"": """", ""speed_mph"": null}}"
SE 25TH ST & SE HAWTHORNE RD,True,9.9,2,29.6438446,-82.2912758,2.0,,1.0,1.0,0.0,0.0,3.0,yes,yes,yes,,45.0,"{""26TH ST"": {""osm_lanes_max"": null, ""left_turn_lane"": """", ""bike_lane"": """", ""divided"": ""no"", ""one_way"": """", ""speed_mph"": null}, ""HAWTHORNE RD"": {""osm_lanes_max"": 3, ""left_turn_lane"": ""yes"", ""bike_lane"": ""yes"", ""divided"": ""yes"", ""one_way"": """", ""speed_mph"": 45}}"
NW 27TH TER & NW 46TH PL,True,13.9,1,29.6971553,-82.363166,2.0,,0.0,0.0,0.0,0.0,,,,no,,30.0,"{""27TH TER"": {""osm_lanes_max"": null, ""left_turn_lane"": """", ""bike_lane"": """", ""divided"": ""no"", ""one_way"": """", ""speed_mph"": 30}, ""46TH PL"": {""osm_lanes_max"": null, ""left_turn_lane"": """", ""bike_lane"": """", ""divided"": ""no"", ""one_way"": """", ""speed_mph"": null}}"
NW 22ND ST & NW 73RD PL,True,15.2,1,29.721456,-82.354068,1.0,,0.0,0.0,0.0,0.0,,,,no,,,"{""73RD PL"": {""osm_lanes_max"": null, ""left_turn_lane"": """", ""bike_lane"": """", ""divided"": ""no"", ""one_way"": """", ""speed_mph"": null}}"
NW 22ND ST & US 441,False,,0,,,,,,,,,,,,,,,
NO NAMED ST & OLD ARCHER RD,False,,0,,,,,,,,,,,,,,,
NW 1ST ST & NW 8TH AVE,True,14.4,1,29.6591849,-82.325845,2.0,,10.0,0.0,8.0,0.0,5.0,yes,yes,no,,30.0,"{""1ST ST"": {""osm_lanes_max"": null, ""left_turn_lane"": """", ""bike_lane"": """", ""divided"": ""no"", ""one_way"": """", ""speed_mph"": null}, ""8TH AVE"": {""osm_lanes_max"": 5, ""left_turn_lane"": ""yes"", ""bike_lane"": ""yes"", ""divided"": ""no"", ""one_way"": """", ""speed_mph"": 30}}"
NW 10TH AVE & NW 10TH ST,True,15.1,1,29.661179,-82.3351122,2.0,,2.0,2.0,0.0,0.0,,,,no,,,"{""10TH AVE"": {""osm_lanes_max"": null, ""left_turn_lane"": """", ""bike_lane"": """", ""divided"": ""no"", ""one_way"": """", ""speed_mph"": null}, ""10TH ST"": {""osm_lanes_max"": null, ""left_turn_lane"": """", ""bike_lane"": """", ""divided"": ""no"", ""one_way"": """", ""speed_mph"": null}}"
NW 10TH AVE & NW 4TH ST,True,16.0,1,29.6611317,-82.3288094,2.0,,5.0,2.0,2.0,0.0,,,,yes,,,"{""10TH AVE"": {""osm_lanes_max"": null, ""left_turn_lane"": """", ""bike_lane"": """", ""divided"": ""no"", ""one_way"": """", ""speed_mph"": null}, ""4TH ST"": {""osm_lanes_max"": null, ""left_turn_lane"": """", ""bike_lane"": """", ""divided"": ""yes"", ""one_way"": """", ""speed_mph"": null}}"
NW 10TH AVE & NW 8TH ST,True,15.0,1,29.6611603,-82.3329539,2.0,,2.0,2.0,0.0,0.0,,,,no,,,"{""10TH AVE"": {""osm_lanes_max"": null, ""left_turn_lane"": """", ""bike_lane"": """", ""divided"": ""no"", ""one_way"": """", ""speed_mph"": null}, ""8TH ST"": {""osm_lanes_max"": null, ""left_turn_lane"": """", ""bike_lane"": """", ""divided"": ""no"", ""one_way"": """", ""speed_mph"": null}}"
NW 21ST PL & SR 121,True,16.8,1,29.672173,-82.372326,1.0,,1.0,1.0,0.0,0.0,,,,no,,,"{""21ST PL"": {""osm_lanes_max"": null, ""left_turn_lane"": """", ""bike_lane"": """", ""divided"": ""no"", ""one_way"": """", ""speed_mph"": null}}"
SW 17TH RD & SW 68TH TER,False,,0,,,,,,,,,,,,,,,
NW 11TH AVE & NW 22ND ST,True,15.3,1,29.662408,-82.353628,2.0,,0.0,0.0,0.0,0.0,2.0,,,no,,,"{""11TH AVE"": {""osm_lanes_max"": null, ""left_turn_lane"": """", ""bike_lane"": """", ""divided"": ""no"", ""one_way"": """", ""speed_mph"": null}, ""22ND ST"": {""osm_lanes_max"": 2, ""left_turn_lane"": """", ""bike_lane"": """", ""divided"": ""no"", ""one_way"": """", ""speed_mph"": null}}"
NW 16TH BLVD & NW 35TH TER,True,7.8,2,29.6673856,-82.3742664,2.0,,1.0,1.0,0.0,0.0,3.0,yes,yes,yes,,,"{""16TH BLVD"": {""osm_lanes_max"": 3, ""left_turn_lane"": ""yes"", ""bike_lane"": ""yes"", ""divided"": ""yes"", ""one_way"": """", ""speed_mph"": null}, ""35TH TER"": {""osm_lanes_max"": null, ""left_turn_lane"": """", ""bike_lane"": """", ""divided"": ""no"", ""one_way"": """", ""speed_mph"": null}}"
NW 16TH BLVD & NW 35TH WAY,True,10.3,2,29.6678628,-82.3752622,2.0,,2.0,2.0,0.0,0.0,3.0,yes,yes,yes,,,"{""16TH BLVD"": {""osm_lanes_max"": 3, ""left_turn_lane"": ""yes"", ""bike_lane"": ""yes"", ""divided"": ""yes"", ""one_way"": """", ""speed_mph"": null}, ""35TH WAY"": {""osm_lanes_max"": null, ""left_turn_lane"": """", ""bike_lane"": """", ""divided"": ""no"", ""one_way"": """", ""speed_mph"": null}}"
SW 28TH ST & SW 2ND AVE,False,,0,,,,,,,,,,,,,,,
SW 12TH ST & SW 6TH AVE,True,11.3,1,29.6467155,-82.3370943,2.0,,3.0,1.0,2.0,0.0,1.0,,yes,no,yes,25.0,"{""12TH ST"": {""osm_lanes_max"": 1, ""left_turn_lane"": """", ""bike_lane"": ""yes"", ""divided"": ""no"", ""one_way"": ""yes"", ""speed_mph"": 25}, ""6TH AVE"": {""osm_lanes_max"": null, ""left_turn_lane"": """", ""bike_lane"": """", ""divided"": ""no"", ""one_way"": """", ""speed_mph"": null}}"
NE 13TH ST & NE 23RD AVE,False,,0,,,,,,,,,,,,,,,
NW 23RD AVE & NW 51ST TER,True,14.9,1,29.6741157,-82.397756,2.0,yes,3.0,1.0,1.0,0.0,5.0,yes,yes,no,,45.0,"{""23RD AVE"": {""osm_lanes_max"": 5, ""left_turn_lane"": ""yes"", ""bike_lane"": ""yes"", ""divided"": ""no"", ""one_way"": """", ""speed_mph"": 45}, ""51ST TER"": {""osm_lanes_max"": null, ""left_turn_lane"": """", ""bike_lane"": """", ""divided"": ""no"", ""one_way"": """", ""speed_mph"": null}}"
SW 15TH PL & SW 42ND ST,True,13.8,1,29.638009,-82.387182,2.0,,0.0,0.0,0.0,0.0,,,,no,,,"{""15TH PL"": {""osm_lanes_max"": null, ""left_turn_lane"": """", ""bike_lane"": """", ""divided"": ""no"", ""one_way"": """", ""speed_mph"": null}, ""42ND ST"": {""osm_lanes_max"": null, ""left_turn_lane"": """", ""bike_lane"": """", ""divided"": ""no"", ""one_way"": """", ""speed_mph"": null}}"
SW 16TH AVE & SW WILLISTON RD,False,,0,,,,,,,,,,,,,,,
NW 21ST AVE & NW 4TH ST,True,15.2,1,29.671905,-82.328213,3.0,,0.0,0.0,0.0,0.0,,,,no,,,"{""21ST AVE"": {""osm_lanes_max"": null, ""left_turn_lane"": """", ""bike_lane"": """", ""divided"": ""no"", ""one_way"": """", ""speed_mph"": null}, ""3RD TER"": {""osm_lanes_max"": null, ""left_turn_lane"": """", ""bike_lane"": """", ""divided"": ""no"", ""one_way"": """", ""speed_mph"": null}, ""4TH ST"": {""osm_lanes_max"": null, ""left_turn_lane"": """", ""bike_lane"": """", ""divided"": ""no"", ""one_way"": """", ""speed_mph"": null}}"
NW 19TH ST & NW 53RD AVE,True,12.0,1,29.7032417,-82.3472739,2.0,yes,2.0,2.0,0.0,2.0,2.0,,yes,no,,,"{""19TH ST"": {""osm_lanes_max"": null, ""left_turn_lane"": """", ""bike_lane"": """", ""divided"": ""no"", ""one_way"": """", ""speed_mph"": null}, ""53RD AVE"": {""osm_lanes_max"": 2, ""left_turn_lane"": """", ""bike_lane"": ""yes"", ""divided"": ""no"", ""one_way"": """", ""speed_mph"": null}}"
NE 11TH ST & NE 8TH AVE,True,15.1,2,29.6593277,-82.311639,2.0,,2.0,2.0,0.0,0.0,2.0,,,no,,,"{""11TH ST"": {""osm_lanes_max"": null, ""left_turn_lane"": """", ""bike_lane"": """", ""divided"": ""no"", ""one_way"": """", ""speed_mph"": null}, ""8TH AVE"": {""osm_lanes_max"": 2, ""left_turn_lane"": """", ""bike_lane"": """", ""divided"": ""no"", ""one_way"": """", ""speed_mph"": null}}"
NE 10TH AVE & NE 2ND ST,True,15.2,1,29.660775,-82.32311,2.0,,1.0,0.0,0.0,0.0,,,,no,yes,,"{""10TH AVE"": {""osm_lanes_max"": null, ""left_turn_lane"": """", ""bike_lane"": """", ""divided"": ""no"", ""one_way"": ""yes"", ""speed_mph"": null}, ""2ND ST"": {""osm_lanes_max"": null, ""left_turn_lane"": """", ""bike_lane"": """", ""divided"": ""no"", ""one_way"": """", ""speed_mph"": null}}"
NW 19TH ST & NW 42ND AVE,False,,0,,,,,,,,,,,,,,,
N MAIN ST & NE 6TH AVE,True,16.6,1,29.6568191,-82.3250184,2.0,,4.0,0.0,0.0,0.0,3.0,yes,yes,no,,30.0,"{""6TH AVE"": {""osm_lanes_max"": null, ""left_turn_lane"": """", ""bike_lane"": """", ""divided"": ""no"", ""one_way"": """", ""speed_mph"": null}, ""MAIN ST"": {""osm_lanes_max"": 3, ""left_turn_lane"": ""yes"", ""bike_lane"": ""yes"", ""divided"": ""no"", ""one_way"": """", ""speed_mph"": 30}}"
NW 20TH DR & W UNIVERSITY AVE,True,17.0,3,29.6521023,-82.3509268,2.0,,3.0,2.0,1.0,0.0,5.0,no,yes,yes,,30.0,"{""20TH DR"": {""osm_lanes_max"": null, ""left_turn_lane"": """", ""bike_lane"": """", ""divided"": ""no"", ""one_way"": """", ""speed_mph"": null}, ""UNIVERSITY AVE"": {""osm_lanes_max"": 5, ""left_turn_lane"": ""no"", ""bike_lane"": ""yes"", ""divided"": ""yes"", ""one_way"": """", ""speed_mph"": 30}}"
NW 10TH PL & NW 66TH ST,True,43.7,1,29.6615537,-82.412663,2.0,,4.0,4.0,0.0,0.0,,,,no,,10.0,"{""10TH PL"": {""osm_lanes_max"": null, ""left_turn_lane"": """", ""bike_lane"": """", ""divided"": ""no"", ""one_way"": """", ""speed_mph"": null}, ""66TH ST"": {""osm_lanes_max"": null, ""left_turn_lane"": """", ""bike_lane"": """", ""divided"": ""no"", ""one_way"": """", ""speed_mph"": 10}}"
SW 11TH AVE & SW 11TH ST,False,,0,,,,,,,,,,,,,,,
NE 8TH AVE & SR 24,False,,0,,,,,,,,,,,,,,,
NW 23RD AVE & NW 3RD TER,True,11.2,1,29.6739256,-82.3281858,2.0,,2.0,1.0,0.0,0.0,4.0,,,no,,40.0,"{""23RD AVE"": {""osm_lanes_max"": 4, ""left_turn_lane"": """", ""bike_lane"": """", ""divided"": ""no"", ""one_way"": """", ""speed_mph"": 40}, ""3RD TER"": {""osm_lanes_max"": null, ""left_turn_lane"": """", ""bike_lane"": """", ""divided"": ""no"", ""one_way"": """", ""speed_mph"": null}}"
NE 11TH TER & NE 8TH AVE,True,15.2,1,29.6593227,-82.310808,2.0,,1.0,1.0,0.0,0.0,2.0,,,no,,,"{""11TH TER"": {""osm_lanes_max"": null, ""left_turn_lane"": """", ""bike_lane"": """", ""divided"": ""no"", ""one_way"": """", ""speed_mph"": null}, ""8TH AVE"": {""osm_lanes_max"": 2, ""left_turn_lane"": """", ""bike_lane"": """", ""divided"": ""no"", ""one_way"": """", ""speed_mph"": null}}"
NE 12TH AVE & NE 9TH ST,True,17.0,1,29.6629166,-82.3147852,2.0,,2.0,1.0,1.0,0.0,2.0,,yes,no,,,"{""12TH AVE"": {""osm_lanes_max"": null, ""left_turn_lane"": """", ""bike_lane"": """", ""divided"": ""no"", ""one_way"": """", ""speed_mph"": null}, ""9TH ST"": {""osm_lanes_max"": 2, ""left_turn_lane"": """", ""bike_lane"": ""yes"", ""divided"": ""no"", ""one_way"": """", ""speed_mph"": null}}"
NE 12TH ST & NE 37TH PL,True,15.3,1,29.686941,-82.310408,2.0,,0.0,0.0,0.0,0.0,,,,no,,,"{""12TH ST"": {""osm_lanes_max"": null, ""left_turn_lane"": """", ""bike_lane"": """", ""divided"": ""no"", ""one_way"": """", ""speed_mph"": null}, ""37TH PL"": {""osm_lanes_max"": null, ""left_turn_lane"": """", ""bike_lane"": """", ""divided"": ""no"", ""one_way"": """", ""speed_mph"": null}}"
NW 14TH TER & NW 5TH AVE,True,15.4,1,29.6557534,-82.340916,2.0,,4.0,2.0,1.0,0.0,,,,no,,,"{""14TH TER"": {""osm_lanes_max"": null, ""left_turn_lane"": """", ""bike_lane"": """", ""divided"": ""no"", ""one_way"": """", ""speed_mph"": null}, ""5TH AVE"": {""osm_lanes_max"": null, ""left_turn_lane"": """", ""bike_lane"": """", ""divided"": ""no"", ""one_way"": """", ""speed_mph"": null}}"
NW 15TH AVE & NW 6TH ST,True,16.7,1,29.6657091,-82.330869,2.0,,4.0,2.0,0.0,0.0,5.0,yes,,no,,35.0,"{""15TH AVE"": {""osm_lanes_max"": null, ""left_turn_lane"": """", ""bike_lane"": """", ""divided"": ""no"", ""one_way"": """", ""speed_mph"": null}, ""6TH ST"": {""osm_lanes_max"": 5, ""left_turn_lane"": ""yes"", ""bike_lane"": """", ""divided"": ""no"", ""one_way"": """", ""speed_mph"": 35}}"
NW 12TH ST & NW 4TH AVE,True,13.0,1,29.6545419,-82.3371121,2.0,,2.0,2.0,0.0,0.0,,,no,no,yes,,"{""12TH ST"": {""osm_lanes_max"": null, ""left_turn_lane"": """", ""bike_lane"": ""no"", ""divided"": ""no"", ""one_way"": ""yes"", ""speed_mph"": null}, ""4TH AVE"": {""osm_lanes_max"": null, ""left_turn_lane"": """", ""bike_lane"": """", ""divided"": ""no"", ""one_way"": """", ""speed_mph"": null}}"
SW 37TH ST & SW 38TH ST,True,15.4,1,29.6167351,-82.3810127,2.0,,0.0,0.0,0.0,0.0,,,,no,,,"{""37TH ST"": {""osm_lanes_max"": null, ""left_turn_lane"": """", ""bike_lane"": """", ""divided"": ""no"", ""one_way"": """", ""speed_mph"": null}, ""38TH ST"": {""osm_lanes_max"": null, ""left_turn_lane"": """", ""bike_lane"": """", ""divided"": ""no"", ""one_way"": """", ""speed_mph"": null}}"
ALLIGATOR ALLEY & SW 10TH ST,False,,0,,,,,,,,,,,,,,,
ALLIGATOR ALLEY & SW 13TH ST,False,,0,,,,,,,,,,,,,,,
NW 5TH AVE & US 441,True,5.5,3,29.5126375,-82.2859644,0.0,,0.0,0.0,0.0,0.0,,,,,,,{}
NW 3RD AVE & NW 9TH TER,True,16.5,2,29.6538721,-82.3340964,3.0,,0.0,0.0,0.0,0.0,,,no,no,,,"{""3RD AVE"": {""osm_lanes_max"": null, ""left_turn_lane"": """", ""bike_lane"": ""no"", ""divided"": ""no"", ""one_way"": """", ""speed_mph"": null}, ""9TH ST"": {""osm_lanes_max"": null, ""left_turn_lane"": """", ""bike_lane"": """", ""divided"": ""no"", ""one_way"": """", ""speed_mph"": null}, ""9TH TER"": {""osm_lanes_max"": null, ""left_turn_lane"": """", ""bike_lane"": """", ""divided"": ""no"", ""one_way"": """", ""speed_mph"": null}}"
NW 40TH DR & NW 8TH AVE,True,12.3,1,29.659569,-82.38653,2.0,,1.0,1.0,0.0,0.0,4.0,,,no,,,"{""40TH DR"": {""osm_lanes_max"": null, ""left_turn_lane"": """", ""bike_lane"": """", ""divided"": ""no"", ""one_way"": """", ""speed_mph"": null}, ""8TH AVE"": {""osm_lanes_max"": 4, ""left_turn_lane"": """", ""bike_lane"": """", ""divided"": ""no"", ""one_way"": """", ""speed_mph"": null}}"
NW 60TH ST & W UNIVERSITY AVE,False,,0,,,,,,,,,,,,,,,
NW 18TH ST & NW 1ST AVE,True,17.5,1,29.6528118,-82.346294,2.0,,4.0,1.0,1.0,0.0,2.0,,yes,no,yes,25.0,"{""18TH ST"": {""osm_lanes_max"": 1, ""left_turn_lane"": """", ""bike_lane"": ""yes"", ""divided"": ""no"", ""one_way"": ""yes"", ""speed_mph"": null}, ""1ST AVE"": {""osm_lanes_max"": 2, ""left_turn_lane"": """", ""bike_lane"": """", ""divided"": ""no"", ""one_way"": """", ""speed_mph"": 25}}"
NW 18TH ST & NW 2ND AVE,True,11.8,1,29.6535004,-82.3462904,2.0,,6.0,0.0,3.0,0.0,1.0,,yes,no,yes,,"{""18TH ST"": {""osm_lanes_max"": 1, ""left_turn_lane"": """", ""bike_lane"": ""yes"", ""divided"": ""no"", ""one_way"": ""yes"", ""speed_mph"": null}, ""2ND AVE"": {""osm_lanes_max"": null, ""left_turn_lane"": """", ""bike_lane"": """", ""divided"": ""no"", ""one_way"": """", ""speed_mph"": null}}"
NW 17TH AVE & NW 43RD ST,True,15.2,1,29.6675845,-82.3890023,2.0,,2.0,0.0,2.0,0.0,5.0,,yes,no,,45.0,"{""17TH AVE"": {""osm_lanes_max"": null, ""left_turn_lane"": """", ""bike_lane"": """", ""divided"": ""no"", ""one_way"": """", ""speed_mph"": null}, ""43RD ST"": {""osm_lanes_max"": 5, ""left_turn_lane"": """", ""bike_lane"": ""yes"", ""divided"": ""no"", ""one_way"": """", ""speed_mph"": 45}}"
SW 24TH ST & SW 35TH PL,True,16.1,1,29.620106,-82.3579883,2.0,,1.0,0.0,1.0,0.0,2.0,,yes,no,,30.0,"{""24TH ST"": {""osm_lanes_max"": null, ""left_turn_lane"": """", ""bike_lane"": """", ""divided"": ""no"", ""one_way"": """", ""speed_mph"": null}, ""35TH PL"": {""osm_lanes_max"": 2, ""left_turn_lane"": """", ""bike_lane"": ""yes"", ""divided"": ""no"", ""one_way"": """", ""speed_mph"": 30}}"
NW 17TH ST & NW 39TH AVE,True,12.4,1,29.6885247,-82.3444546,2.0,,2.0,1.0,1.0,0.0,5.0,,yes,no,,45.0,"{""17TH ST"": {""osm_lanes_max"": null, ""left_turn_lane"": """", ""bike_lane"": """", ""divided"": ""no"", ""one_way"": """", ""speed_mph"": null}, ""39TH AVE"": {""osm_lanes_max"": 5, ""left_turn_lane"": """", ""bike_lane"": ""yes"", ""divided"": ""no"", ""one_way"": """", ""speed_mph"": 45}}"
NE 10TH ST & NE 8TH AVE,True,15.1,2,29.6593426,-82.3133609,2.0,,2.0,2.0,0.0,0.0,2.0,,,no,,,"{""10TH ST"": {""osm_lanes_max"": null, ""left_turn_lane"": """", ""bike_lane"": """", ""divided"": ""no"", ""one_way"": """", ""speed_mph"": null}, ""8TH AVE"": {""osm_lanes_max"": 2, ""left_turn_lane"": """", ""bike_lane"": """", ""divided"": ""no"", ""one_way"": """", ""speed_mph"": null}}"
NW 10TH ST & NW 23RD AVE,True,14.4,1,29.6739541,-82.3349858,2.0,,3.0,2.0,0.0,0.0,4.0,,,no,,35.0,"{""10TH ST"": {""osm_lanes_max"": null, ""left_turn_lane"": """", ""bike_lane"": """", ""divided"": ""no"", ""one_way"": """", ""speed_mph"": null}, ""23RD AVE"": {""osm_lanes_max"": 4, ""left_turn_lane"": """", ""bike_lane"": """", ""divided"": ""no"", ""one_way"": """", ""speed_mph"": 35}}"
SW 23RD WAY & SW 2ND AVE,True,12.3,1,29.6503631,-82.3580851,2.0,,3.0,3.0,0.0,0.0,2.0,,,no,,35.0,"{""23RD WAY"": {""osm_lanes_max"": null, ""left_turn_lane"": """", ""bike_lane"": """", ""divided"": ""no"", ""one_way"": """", ""speed_mph"": null}, ""2ND AVE"": {""osm_lanes_max"": 2, ""left_turn_lane"": """", ""bike_lane"": """", ""divided"": ""no"", ""one_way"": """", ""speed_mph"": 35}}"
SW 6TH ST & SW 7TH AVE,False,,0,,,,,,,,,,,,,,,
NW 3RD AVE & NW 3RD ST,True,16.2,1,29.6540187,-82.327946,2.0,,0.0,0.0,0.0,0.0,,,,no,yes,,"{""3RD AVE"": {""osm_lanes_max"": null, ""left_turn_lane"": """", ""bike_lane"": """", ""divided"": ""no"", ""one_way"": ""yes"", ""speed_mph"": null}, ""3RD ST"": {""osm_lanes_max"": null, ""left_turn_lane"": """", ""bike_lane"": """", ""divided"": ""no"", ""one_way"": ""yes"", ""speed_mph"": null}}"
NW 3RD AVE & NW 5TH ST,False,,0,,,,,,,,,,,,,,,
NW 7TH ST & NW 8TH AVE,False,,0,,,,,,,,,,,,,,,
NE 23RD AVE & NE 7TH ST,True,14.6,1,29.6738664,-82.3173843,2.0,,3.0,1.0,2.0,0.0,4.0,,,no,,40.0,"{""23RD AVE"": {""osm_lanes_max"": 4, ""left_turn_lane"": """", ""bike_lane"": """", ""divided"": ""no"", ""one_way"": """", ""speed_mph"": 40}, ""7TH ST"": {""osm_lanes_max"": null, ""left_turn_lane"": """", ""bike_lane"": """", ""divided"": ""no"", ""one_way"": """", ""speed_mph"": null}}"
SE 10TH AVE & SE 20TH ST,False,,0,,,,,,,,,,,,,,,
SE 16TH AVE & SR 226,True,15.4,5,29.6303972,-82.3241712,1.0,,2.0,2.0,0.0,0.0,2.0,,,no,,35.0,"{""16TH AVE"": {""osm_lanes_max"": 2, ""left_turn_lane"": """", ""bike_lane"": """", ""divided"": ""no"", ""one_way"": """", ""speed_mph"": 35}}"
SE 24TH ST & SE 2ND AVE,True,16.5,1,29.650025,-82.2933117,2.0,,1.0,1.0,0.0,0.0,2.0,,yes,no,,,"{""24TH ST"": {""osm_lanes_max"": 2, ""left_turn_lane"": """", ""bike_lane"": ""yes"", ""divided"": ""no"", ""one_way"": """", ""speed_mph"": null}, ""2ND AVE"": {""osm_lanes_max"": null, ""left_turn_lane"": """", ""bike_lane"": """", ""divided"": ""no"", ""one_way"": """", ""speed_mph"": null}}"
SW 12TH ST & SW 16TH AVE,False,,0,,,,,,,,,,,,,,,
NW 23RD TER & NW 25TH TER,True,20.3,1,29.7097012,-82.359788,2.0,,0.0,0.0,0.0,0.0,,,,no,,,"{""23RD TER"": {""osm_lanes_max"": null, ""left_turn_lane"": """", ""bike_lane"": """", ""divided"": ""no"", ""one_way"": """", ""speed_mph"": null}, ""25TH TER"": {""osm_lanes_max"": null, ""left_turn_lane"": """", ""bike_lane"": """", ""divided"": ""no"", ""one_way"": """", ""speed_mph"": null}}"
NW 20TH AVE & NW 6TH ST,True,12.4,1,29.6708379,-82.3308324,2.0,,4.0,1.0,0.0,0.0,4.0,,no,no,,35.0,"{""20TH AVE"": {""osm_lanes_max"": null, ""left_turn_lane"": """", ""bike_lane"": """", ""divided"": ""no"", ""one_way"": """", ""speed_mph"": null}, ""6TH ST"": {""osm_lanes_max"": 4, ""left_turn_lane"": """", ""bike_lane"": ""no"", ""divided"": ""no"", ""one_way"": """", ""speed_mph"": 35}}"
NW 10TH AVE & NW 18TH ST,True,13.8,1,29.6611223,-82.3016022,2.0,,0.0,0.0,0.0,0.0,,,,no,,,"{""10TH AVE"": {""osm_lanes_max"": null, ""left_turn_lane"": """", ""bike_lane"": """", ""divided"": ""no"", ""one_way"": """", ""speed_mph"": null}, ""18TH ST"": {""osm_lanes_max"": null, ""left_turn_lane"": """", ""bike_lane"": """", ""divided"": ""no"", ""one_way"": """", ""speed_mph"": null}}"
SW 20TH AVE & SW 64ST ST,False,,0,,,,,,,,,,,,,,,
NW 11TH RD & NW 13TH ST,True,15.7,1,29.6625399,-82.339165,2.0,,2.0,2.0,0.0,0.0,5.0,,,no,,35.0,"{""11TH RD"": {""osm_lanes_max"": null, ""left_turn_lane"": """", ""bike_lane"": """", ""divided"": ""no"", ""one_way"": """", ""speed_mph"": null}, ""13TH ST"": {""osm_lanes_max"": 5, ""left_turn_lane"": """", ""bike_lane"": """", ""divided"": ""no"", ""one_way"": """", ""speed_mph"": 35}}"
SW 25TH DR & SW 31ST PL,False,,0,,,,,,,,,,,,,,,
SW 16TH ST & SW 17TH CT,False,,0,,,,,,,,,,,,,,,
SW 24TH AVE & SW 36TH TER,False,,0,,,,,,,,,,,,,,,
NW 39TH DR & NW 8TH AVE,True,13.9,1,29.659543,-82.382621,2.0,,1.0,1.0,0.0,0.0,4.0,,,no,,,"{""39TH DR"": {""osm_lanes_max"": null, ""left_turn_lane"": """", ""bike_lane"": """", ""divided"": ""no"", ""one_way"": """", ""speed_mph"": null}, ""8TH AVE"": {""osm_lanes_max"": 4, ""left_turn_lane"": """", ""bike_lane"": """", ""divided"": ""no"", ""one_way"": """", ""speed_mph"": null}}"
SW 47TH ST & SW 62ND BLVD,False,,0,,,,,,,,,,,,,,,
51ST & NW 43RD ST,False,,0,,,,,,,,,,,,,,,
NW 4TH BLVD & W UNIVERSITY AVE,True,15.3,1,29.653218,-82.414406,2.0,,0.0,0.0,0.0,0.0,2.0,,,no,,,"{""4TH BLVD"": {""osm_lanes_max"": null, ""left_turn_lane"": """", ""bike_lane"": """", ""divided"": ""no"", ""one_way"": """", ""speed_mph"": null}, ""UNIVERSITY AVE"": {""osm_lanes_max"": 2, ""left_turn_lane"": """", ""bike_lane"": """", ""divided"": ""no"", ""one_way"": """", ""speed_mph"": null}}"
9TH ST & E UNIVERSITY AVE,False,,0,,,,,,,,,,,,,,,
NE 10TH AVE & NE 23RD ST,True,12.3,1,29.6610765,-82.294445,2.0,,0.0,0.0,0.0,0.0,,,,no,,,"{""10TH AVE"": {""osm_lanes_max"": null, ""left_turn_lane"": """", ""bike_lane"": """", ""divided"": ""no"", ""one_way"": """", ""speed_mph"": null}, ""23RD ST"": {""osm_lanes_max"": null, ""left_turn_lane"": """", ""bike_lane"": """", ""divided"": ""no"", ""one_way"": """", ""speed_mph"": null}}"
SW 43RD ST & SW 62ND BLVD,False,,0,,,,,,,,,,,,,,,
S MAIN ST & SW 29TH PL,True,16.8,2,29.6250127,-82.3309256,2.0,,1.0,0.0,1.0,0.0,2.0,,,yes,,45.0,"{""29TH PL"": {""osm_lanes_max"": null, ""left_turn_lane"": """", ""bike_lane"": """", ""divided"": ""no"", ""one_way"": """", ""speed_mph"": null}, ""MAIN ST"": {""osm_lanes_max"": 2, ""left_turn_lane"": """", ""bike_lane"": """", ""divided"": ""yes"", ""one_way"": """", ""speed_mph"": 45}}"
NE 18TH ST & NE 8TH AVE,True,10.7,1,29.6591888,-82.3016447,2.0,,3.0,3.0,0.0,0.0,2.0,,,no,,,"{""18TH ST"": {""osm_lanes_max"": null, ""left_turn_lane"": """", ""bike_lane"": """", ""divided"": ""no"", ""one_way"": """", ""speed_mph"": null}, ""8TH AVE"": {""osm_lanes_max"": 2, ""left_turn_lane"": """", ""bike_lane"": """", ""divided"": ""no"", ""one_way"": """", ""speed_mph"": null}}"
NW 39TH RD & W UNIVERSITY AVE,False,,0,,,,,,,,,,,,,,,
NW 39TH AVE & NW 39TH WAY,True,10.6,2,29.6886878,-82.3832561,2.0,,1.0,0.0,1.0,0.0,3.0,yes,yes,yes,,45.0,"{""39TH AVE"": {""osm_lanes_max"": 3, ""left_turn_lane"": ""yes"", ""bike_lane"": ""yes"", ""divided"": ""yes"", ""one_way"": """", ""speed_mph"": 45}, ""39TH WAY"": {""osm_lanes_max"": null, ""left_turn_lane"": """", ""bike_lane"": """", ""divided"": ""no"", ""one_way"": """", ""speed_mph"": null}}"
NE 17TH DR & NE 8TH AVE,True,11.0,1,29.6591929,-82.302295,2.0,,2.0,1.0,0.0,0.0,2.0,,,no,,,"{""17TH DR"": {""osm_lanes_max"": null, ""left_turn_lane"": """", ""bike_lane"": """", ""divided"": ""no"", ""one_way"": """", ""speed_mph"": null}, ""8TH AVE"": {""osm_lanes_max"": 2, ""left_turn_lane"": """", ""bike_lane"": """", ""divided"": ""no"", ""one_way"": """", ""speed_mph"": null}}"
NW 14TH ST & NW 2ND AVE,True,17.6,1,29.6533239,-82.3405071,2.0,,3.0,0.0,2.0,0.0,,,yes,no,yes,25.0,"{""14TH ST"": {""osm_lanes_max"": null, ""left_turn_lane"": """", ""bike_lane"": ""yes"", ""divided"": ""no"", ""one_way"": ""yes"", ""speed_mph"": 25}, ""2ND AVE"": {""osm_lanes_max"": null, ""left_turn_lane"": """", ""bike_lane"": """", ""divided"": ""no"", ""one_way"": """", ""speed_mph"": null}}"
SW 35TH DR & SW 37TH BLVD,False,,0,,,,,,,,,,,,,,,
NW 14TH ST & NW 3RD PL,True,16.1,2,29.6545113,-82.3405082,2.0,,4.0,2.0,2.0,0.0,,,yes,no,yes,25.0,"{""14TH ST"": {""osm_lanes_max"": null, ""left_turn_lane"": """", ""bike_lane"": ""yes"", ""divided"": ""no"", ""one_way"": ""yes"", ""speed_mph"": 25}, ""3RD PL"": {""osm_lanes_max"": null, ""left_turn_lane"": """", ""bike_lane"": """", ""divided"": ""no"", ""one_way"": """", ""speed_mph"": null}}"
NE 27TH AVE & NE 55TH BLVD,True,15.2,1,29.675861,-82.238247,2.0,,0.0,0.0,0.0,0.0,2.0,,yes,no,,60.0,"{""27TH AVE"": {""osm_lanes_max"": null, ""left_turn_lane"": """", ""bike_lane"": """", ""divided"": ""no"", ""one_way"": """", ""speed_mph"": null}, ""55TH BLVD"": {""osm_lanes_max"": 2, ""left_turn_lane"": """", ""bike_lane"": ""yes"", ""divided"": ""no"", ""one_way"": """", ""speed_mph"": 60}}"
NW 36TH ST & W UNIVERSITY AVE,True,11.0,3,29.651894,-82.3765222,2.0,yes,5.0,5.0,0.0,4.0,3.0,yes,yes,yes,,35.0,"{""36TH ST"": {""osm_lanes_max"": null, ""left_turn_lane"": """", ""bike_lane"": """", ""divided"": ""yes"", ""one_way"": """", ""speed_mph"": null}, ""UNIVERSITY AVE"": {""osm_lanes_max"": 3, ""left_turn_lane"": ""yes"", ""bike_lane"": ""yes"", ""divided"": ""yes"", ""one_way"": """", ""speed_mph"": 35}}"
NW 36TH TER & NW 8TH AVE,True,12.4,1,29.659508,-82.377066,2.0,,2.0,1.0,1.0,0.0,4.0,,,no,,,"{""36TH TER"": {""osm_lanes_max"": null, ""left_turn_lane"": """", ""bike_lane"": """", ""divided"": ""no"", ""one_way"": """", ""speed_mph"": null}, ""8TH AVE"": {""osm_lanes_max"": 4, ""left_turn_lane"": """", ""bike_lane"": """", ""divided"": ""no"", ""one_way"": """", ""speed_mph"": null}}"
NE 2ND AVE & NE 3RD ST,True,13.0,3,29.653341,-82.3223889,2.0,,4.0,3.0,1.0,0.0,,,,yes,,,"{""2ND AVE"": {""osm_lanes_max"": null, ""left_turn_lane"": """", ""bike_lane"": """", ""divided"": ""yes"", ""one_way"": """", ""speed_mph"": null}, ""3RD ST"": {""osm_lanes_max"": null, ""left_turn_lane"": """", ""bike_lane"": """", ""divided"": ""yes"", ""one_way"": """", ""speed_mph"": null}}"
NW 34TH PL & NW 43RD ST,True,15.4,2,29.6847478,-82.3889526,2.0,,3.0,0.0,3.0,0.0,4.0,,yes,no,,45.0,"{""34TH PL"": {""osm_lanes_max"": null, ""left_turn_lane"": """", ""bike_lane"": """", ""divided"": ""no"", ""one_way"": """", ""speed_mph"": null}, ""43RD ST"": {""osm_lanes_max"": 4, ""left_turn_lane"": """", ""bike_lane"": ""yes"", ""divided"": ""no"", ""one_way"": """", ""speed_mph"": 45}}"
NW 15TH TER & NW 3RD AVE,True,16.0,1,29.6540227,-82.3426713,2.0,,1.0,1.0,0.0,0.0,,,no,no,,,"{""15TH TER"": {""osm_lanes_max"": null, ""left_turn_lane"": """", ""bike_lane"": """", ""divided"": ""no"", ""one_way"": """", ""speed_mph"": null}, ""3RD AVE"": {""osm_lanes_max"": null, ""left_turn_lane"": """", ""bike_lane"": ""no"", ""divided"": ""no"", ""one_way"": """", ""speed_mph"": null}}"
NW 15TH TER & W UNIVERSITY AVE,True,9.6,1,29.6521221,-82.3426987,2.0,,2.0,2.0,0.0,0.0,3.0,yes,,yes,,25.0,"{""15TH TER"": {""osm_lanes_max"": null, ""left_turn_lane"": """", ""bike_lane"": """", ""divided"": ""no"", ""one_way"": """", ""speed_mph"": null}, ""UNIVERSITY AVE"": {""osm_lanes_max"": 3, ""left_turn_lane"": ""yes"", ""bike_lane"": """", ""divided"": ""yes"", ""one_way"": """", ""speed_mph"": 25}}"
NW 4TH AVE & NW 6TH ST,True,15.3,1,29.6546864,-82.330826,2.0,,1.0,0.0,1.0,0.0,2.0,,,no,,,"{""4TH AVE"": {""osm_lanes_max"": null, ""left_turn_lane"": """", ""bike_lane"": """", ""divided"": ""no"", ""one_way"": """", ""speed_mph"": null}, ""6TH ST"": {""osm_lanes_max"": 2, ""left_turn_lane"": """", ""bike_lane"": """", ""divided"": ""no"", ""one_way"": """", ""speed_mph"": null}}"
NE 23RD ST & NE 8TH AVE,True,15.7,1,29.659222,-82.2944372,2.0,,1.0,1.0,0.0,0.0,2.0,,,no,,,"{""23RD ST"": {""osm_lanes_max"": null, ""left_turn_lane"": """", ""bike_lane"": """", ""divided"": ""no"", ""one_way"": """", ""speed_mph"": null}, ""8TH AVE"": {""osm_lanes_max"": 2, ""left_turn_lane"": """", ""bike_lane"": """", ""divided"": ""no"", ""one_way"": """", ""speed_mph"": null}}"
NW 50TH BLVD & W NEWBERRY RD,True,8.9,2,29.6579472,-82.3961602,2.0,,2.0,1.0,1.0,0.0,3.0,yes,yes,yes,,45.0,"{""50TH BLVD"": {""osm_lanes_max"": null, ""left_turn_lane"": """", ""bike_lane"": """", ""divided"": ""no"", ""one_way"": """", ""speed_mph"": null}, ""NEWBERRY RD"": {""osm_lanes_max"": 3, ""left_turn_lane"": ""yes"", ""bike_lane"": ""yes"", ""divided"": ""yes"", ""one_way"": """", ""speed_mph"": 45}}"
NE 20TH TER & NE 3RD AVE,True,15.3,1,29.653804,-82.304417,2.0,,0.0,0.0,0.0,0.0,,,,no,,,"{""16TH ST"": {""osm_lanes_max"": null, ""left_turn_lane"": """", ""bike_lane"": """", ""divided"": ""no"", ""one_way"": """", ""speed_mph"": null}, ""3RD AVE"": {""osm_lanes_max"": null, ""left_turn_lane"": """", ""bike_lane"": """", ""divided"": ""no"", ""one_way"": """", ""speed_mph"": null}}"
NE 20TH WAY & NE 27TH AVE,True,26.7,1,29.676996,-82.298085,2.0,,0.0,0.0,0.0,0.0,,,,no,,,"{""20TH WAY"": {""osm_lanes_max"": null, ""left_turn_lane"": """", ""bike_lane"": """", ""divided"": ""no"", ""one_way"": """", ""speed_mph"": null}, ""27TH AVE"": {""osm_lanes_max"": null, ""left_turn_lane"": """", ""bike_lane"": """", ""divided"": ""no"", ""one_way"": """", ""speed_mph"": null}}"
NE 1ST ST & NE 7TH AVE,True,9.0,2,29.6580357,-82.3239682,2.0,,4.0,0.0,0.0,0.0,,,,yes,,,"{""1ST ST"": {""osm_lanes_max"": null, ""left_turn_lane"": """", ""bike_lane"": """", ""divided"": ""yes"", ""one_way"": """", ""speed_mph"": null}, ""7TH AVE"": {""osm_lanes_max"": null, ""left_turn_lane"": """", ""bike_lane"": """", ""divided"": ""no"", ""one_way"": """", ""speed_mph"": null}}"
SW 3TTH BLVD & SW ARCHER RD,False,,0,,,,,,,,,,,,,,,
NW 13TH ST & NW 24TH AVE,False,,0,,,,,,,,,,,,,,,
NW 13TH ST & NW 33RD PL,True,8.7,2,29.6838038,-82.3390552,2.0,,3.0,1.0,1.0,0.0,3.0,yes,yes,yes,,45.0,"{""13TH ST"": {""osm_lanes_max"": 3, ""left_turn_lane"": ""yes"", ""bike_lane"": ""yes"", ""divided"": ""yes"", ""one_way"": """", ""speed_mph"": 45}, ""33RD PL"": {""osm_lanes_max"": null, ""left_turn_lane"": """", ""bike_lane"": """", ""divided"": ""no"", ""one_way"": """", ""speed_mph"": null}}"
NW 13TH ST & NW 34TH PL,True,9.7,4,29.6844356,-82.3390505,3.0,,4.0,3.0,0.0,0.0,3.0,yes,yes,yes,,45.0,"{""13TH ST"": {""osm_lanes_max"": 3, ""left_turn_lane"": ""yes"", ""bike_lane"": ""yes"", ""divided"": ""yes"", ""one_way"": """", ""speed_mph"": 45}, ""34TH PL"": {""osm_lanes_max"": null, ""left_turn_lane"": """", ""bike_lane"": """", ""divided"": ""no"", ""one_way"": """", ""speed_mph"": null}, ""34TH RD"": {""osm_lanes_max"": null, ""left_turn_lane"": """", ""bike_lane"": """", ""divided"": ""no"", ""one_way"": """", ""speed_mph"": null}}"
NW 13TH AVE & NW 43RD ST,True,9.8,4,29.6645761,-82.3890335,2.0,,2.0,0.0,2.0,0.0,,,yes,yes,,45.0,"{""13TH AVE"": {""osm_lanes_max"": null, ""left_turn_lane"": """", ""bike_lane"": """", ""divided"": ""yes"", ""one_way"": """", ""speed_mph"": null}, ""43RD ST"": {""osm_lanes_max"": null, ""left_turn_lane"": """", ""bike_lane"": ""yes"", ""divided"": ""yes"", ""one_way"": """", ""speed_mph"": 45}}"
NW 13TH AVE & NW 53RD AVE,False,,0,,,,,,,,,,,,,,,
NW 13TH AVE & NW 55TH ST,True,13.8,1,29.664575,-82.401522,2.0,,3.0,0.0,3.0,0.0,2.0,,yes,no,,,"{""13TH AVE"": {""osm_lanes_max"": null, ""left_turn_lane"": """", ""bike_lane"": """", ""divided"": ""no"", ""one_way"": """", ""speed_mph"": null}, ""55TH ST"": {""osm_lanes_max"": 2, ""left_turn_lane"": """", ""bike_lane"": ""yes"", ""divided"": ""no"", ""one_way"": """", ""speed_mph"": null}}"
NW 13TH PL & NW 43RD ST,True,14.2,2,29.6649452,-82.3890338,2.0,,2.0,0.0,2.0,0.0,,,yes,yes,,45.0,"{""13TH PL"": {""osm_lanes_max"": null, ""left_turn_lane"": """", ""bike_lane"": """", ""divided"": ""no"", ""one_way"": """", ""speed_mph"": null}, ""43RD ST"": {""osm_lanes_max"": null, ""left_turn_lane"": """", ""bike_lane"": ""yes"", ""divided"": ""yes"", ""one_way"": """", ""speed_mph"": 45}}"
20TH AVE & SW 42ND ST,False,,0,,,,,,,,,,,,,,,
NE 20TH WAY & NE 31ST AVE,True,15.3,1,29.681374,-82.295259,2.0,,0.0,0.0,0.0,0.0,2.0,,,no,,,"{""20TH WAY"": {""osm_lanes_max"": null, ""left_turn_lane"": """", ""bike_lane"": """", ""divided"": ""no"", ""one_way"": """", ""speed_mph"": null}, ""31ST AVE"": {""osm_lanes_max"": 2, ""left_turn_lane"": """", ""bike_lane"": """", ""divided"": ""no"", ""one_way"": """", ""speed_mph"": null}}"
NW 44TH AVE & NW 6TH ST,True,9.4,1,29.694846,-82.3346488,2.0,,0.0,0.0,0.0,0.0,4.0,,,no,,35.0,"{""44TH AVE"": {""osm_lanes_max"": null, ""left_turn_lane"": """", ""bike_lane"": """", ""divided"": ""no"", ""one_way"": """", ""speed_mph"": null}, ""6TH ST"": {""osm_lanes_max"": 4, ""left_turn_lane"": """", ""bike_lane"": """", ""divided"": ""no"", ""one_way"": """", ""speed_mph"": 35}}"
ACCESS RD BEHIND CHEVRON & ACCESS RD NEXT TO BAKERY,False,,0,,,,,,,,,,,,,,,
SW 62ND BLVD & SW 7TH AVE,False,,0,,,,,,,,,,,,,,,
NW 4TH PL & NW 52ND TER,True,15.0,1,29.656579,-82.398617,2.0,,0.0,0.0,0.0,0.0,,,,no,,,"{""4TH PL"": {""osm_lanes_max"": null, ""left_turn_lane"": """", ""bike_lane"": """", ""divided"": ""no"", ""one_way"": """", ""speed_mph"": null}, ""52ND TER"": {""osm_lanes_max"": null, ""left_turn_lane"": """", ""bike_lane"": """", ""divided"": ""no"", ""one_way"": """", ""speed_mph"": null}}"
NW 45TH ST & W NEWBERRY RD,True,9.4,2,29.6562256,-82.3914624,2.0,,2.0,1.0,1.0,0.0,2.0,,yes,yes,,45.0,"{""45TH ST"": {""osm_lanes_max"": null, ""left_turn_lane"": """", ""bike_lane"": """", ""divided"": ""no"", ""one_way"": """", ""speed_mph"": null}, ""NEWBERRY RD"": {""osm_lanes_max"": 2, ""left_turn_lane"": """", ""bike_lane"": ""yes"", ""divided"": ""yes"", ""one_way"": """", ""speed_mph"": 45}}"
NW 46TH TER & NW 53RD AVE,True,15.4,1,29.70327,-82.392344,2.0,,1.0,0.0,1.0,0.0,2.0,,yes,no,,40.0,"{""46TH TER"": {""osm_lanes_max"": null, ""left_turn_lane"": """", ""bike_lane"": """", ""divided"": ""no"", ""one_way"": """", ""speed_mph"": null}, ""53RD AVE"": {""osm_lanes_max"": 2, ""left_turn_lane"": """", ""bike_lane"": ""yes"", ""divided"": ""no"", ""one_way"": """", ""speed_mph"": 40}}"
SW 47TH AVE & SW ARCHER RD,True,22.9,1,29.6133302,-82.3939705,2.0,,3.0,2.0,0.0,0.0,3.0,yes,yes,yes,,45.0,"{""47TH ST"": {""osm_lanes_max"": null, ""left_turn_lane"": """", ""bike_lane"": """", ""divided"": ""no"", ""one_way"": """", ""speed_mph"": null}, ""ARCHER RD"": {""osm_lanes_max"": 3, ""left_turn_lane"": ""yes"", ""bike_lane"": ""yes"", ""divided"": ""yes"", ""one_way"": """", ""speed_mph"": 45}}"
SW 4TH AVE & SW 5TH ST,True,14.0,1,29.6483203,-82.3295499,2.0,,4.0,0.0,4.0,0.0,2.0,,,no,,,"{""4TH AVE"": {""osm_lanes_max"": 2, ""left_turn_lane"": """", ""bike_lane"": """", ""divided"": ""no"", ""one_way"": """", ""speed_mph"": null}, ""5TH ST"": {""osm_lanes_max"": null, ""left_turn_lane"": """", ""bike_lane"": """", ""divided"": ""no"", ""one_way"": """", ""speed_mph"": null}}"
NW 51ST DR & NW 82ND BLVD,True,18.3,1,29.7300621,-82.3971738,2.0,,1.0,1.0,0.0,0.0,,,,no,,,"{""51ST DR"": {""osm_lanes_max"": null, ""left_turn_lane"": """", ""bike_lane"": """", ""divided"": ""no"", ""one_way"": """", ""speed_mph"": null}, ""82ND BLVD"": {""osm_lanes_max"": null, ""left_turn_lane"": """", ""bike_lane"": """", ""divided"": ""no"", ""one_way"": """", ""speed_mph"": null}}"
NW 10TH ST & NW 1ST PL,False,,0,,,,,,,,,,,,,,,
NW 1ST PL & SW 13TH ST,False,,0,,,,,,,,,,,,,,,
NW 1ST PL & SW 62ND BLVD,False,,0,,,,,,,,,,,,,,,
NW 19TH ST & NW 43RD PL,True,11.9,1,29.6943644,-82.3472647,2.0,,3.0,2.0,1.0,0.0,2.0,,,no,,,"{""19TH ST"": {""osm_lanes_max"": null, ""left_turn_lane"": """", ""bike_lane"": """", ""divided"": ""no"", ""one_way"": """", ""speed_mph"": null}, ""43RD PL"": {""osm_lanes_max"": 2, ""left_turn_lane"": """", ""bike_lane"": """", ""divided"": ""no"", ""one_way"": """", ""speed_mph"": null}}"
NW 19TH ST & NW 45TH AVE,False,,0,,,,,,,,,,,,,,,
NE 10TH AVE & NE 7TH ST,True,15.7,1,29.660778,-82.317407,2.0,,0.0,0.0,0.0,0.0,,,,no,,,"{""10TH AVE"": {""osm_lanes_max"": null, ""left_turn_lane"": """", ""bike_lane"": """", ""divided"": ""no"", ""one_way"": """", ""speed_mph"": null}, ""7TH ST"": {""osm_lanes_max"": null, ""left_turn_lane"": """", ""bike_lane"": """", ""divided"": ""no"", ""one_way"": """", ""speed_mph"": null}}"
NE 10TH AVE & NE 7TH TER,True,15.9,1,29.6607783,-82.31668,2.0,,0.0,0.0,0.0,0.0,,,,no,,,"{""10TH AVE"": {""osm_lanes_max"": null, ""left_turn_lane"": """", ""bike_lane"": """", ""divided"": ""no"", ""one_way"": """", ""speed_mph"": null}, ""7TH TER"": {""osm_lanes_max"": null, ""left_turn_lane"": """", ""bike_lane"": """", ""divided"": ""no"", ""one_way"": """", ""speed_mph"": null}}"
NE 10TH ST & NE 6TH AVE,True,15.2,1,29.657109,-82.313232,2.0,,0.0,0.0,0.0,0.0,,,,no,,,"{""10TH ST"": {""osm_lanes_max"": null, ""left_turn_lane"": """", ""bike_lane"": """", ""divided"": ""no"", ""one_way"": """", ""speed_mph"": null}, ""6TH AVE"": {""osm_lanes_max"": null, ""left_turn_lane"": """", ""bike_lane"": """", ""divided"": ""no"", ""one_way"": """", ""speed_mph"": null}}"
NE 10TH ST & NE 7TH AVE,True,15.9,1,29.657841,-82.313228,2.0,,0.0,0.0,0.0,0.0,,,,no,,,"{""10TH ST"": {""osm_lanes_max"": null, ""left_turn_lane"": """", ""bike_lane"": """", ""divided"": ""no"", ""one_way"": """", ""speed_mph"": null}, ""7TH AVE"": {""osm_lanes_max"": null, ""left_turn_lane"": """", ""bike_lane"": """", ""divided"": ""no"", ""one_way"": """", ""speed_mph"": null}}"
SW 23RD ST & SW 32ND PL,False,,0,,,,,,,,,,,,,,,
SW 21ST LN & SW 38TH DR,False,,0,,,,,,,,,,,,,,,
SW 21ST LN & SW 43RD ST,True,10.7,1,29.63221,-82.3893,2.0,,1.0,1.0,0.0,0.0,3.0,yes,yes,no,,,"{""21ST LN"": {""osm_lanes_max"": null, ""left_turn_lane"": """", ""bike_lane"": """", ""divided"": ""no"", ""one_way"": """", ""speed_mph"": null}, ""43RD ST"": {""osm_lanes_max"": 3, ""left_turn_lane"": ""yes"", ""bike_lane"": ""yes"", ""divided"": ""no"", ""one_way"": """", ""speed_mph"": null}}"
NW 1ST AVE & NW 20TH ST,True,11.2,1,29.6528458,-82.3492999,2.0,,1.0,0.0,1.0,0.0,2.0,,,no,,25.0,"{""1ST AVE"": {""osm_lanes_max"": 2, ""left_turn_lane"": """", ""bike_lane"": """", ""divided"": ""no"", ""one_way"": """", ""speed_mph"": 25}, ""20TH ST"": {""osm_lanes_max"": 2, ""left_turn_lane"": """", ""bike_lane"": """", ""divided"": ""no"", ""one_way"": """", ""speed_mph"": 25}}"
SW 26TH TER & SW 33RD PL,True,10.9,1,29.620794,-82.360908,2.0,,0.0,0.0,0.0,0.0,,,,no,,,"{""26TH TER"": {""osm_lanes_max"": null, ""left_turn_lane"": """", ""bike_lane"": """", ""divided"": ""no"", ""one_way"": """", ""speed_mph"": null}, ""33RD PL"": {""osm_lanes_max"": null, ""left_turn_lane"": """", ""bike_lane"": """", ""divided"": ""no"", ""one_way"": """", ""speed_mph"": null}}"
NW 1ST AVE & NW 22ND ST,True,15.9,1,29.6528682,-82.3536404,2.0,,0.0,0.0,0.0,0.0,2.0,,,no,,,"{""1ST AVE"": {""osm_lanes_max"": null, ""left_turn_lane"": """", ""bike_lane"": """", ""divided"": ""no"", ""one_way"": """", ""speed_mph"": null}, ""22ND ST"": {""osm_lanes_max"": 2, ""left_turn_lane"": """", ""bike_lane"": """", ""divided"": ""no"", ""one_way"": """", ""speed_mph"": null}}"
NW 1ST AVE & NW 2ND ST,True,10.5,1,29.6526945,-82.326587,2.0,,8.0,0.0,0.0,0.0,,,,no,yes,,"{""1ST AVE"": {""osm_lanes_max"": null, ""left_turn_lane"": """", ""bike_lane"": """", ""divided"": ""no"", ""one_way"": """", ""speed_mph"": null}, ""2ND ST"": {""osm_lanes_max"": null, ""left_turn_lane"": """", ""bike_lane"": """", ""divided"": ""no"", ""one_way"": ""yes"", ""speed_mph"": null}}"
NW 1ST AVE & NW 8TH ST,False,,0,,,,,,,,,,,,,,,
SW 1ST AVE & SW 8TH ST,True,10.9,1,29.6511552,-82.3330127,2.0,,2.0,2.0,0.0,0.0,,,no,no,,,"{""1ST AVE"": {""osm_lanes_max"": null, ""left_turn_lane"": """", ""bike_lane"": ""no"", ""divided"": ""no"", ""one_way"": """", ""speed_mph"": null}, ""8TH ST"": {""osm_lanes_max"": null, ""left_turn_lane"": """", ""bike_lane"": """", ""divided"": ""no"", ""one_way"": """", ""speed_mph"": null}}"
SW 1ST AVE & SW 9TH ST,False,,0,,,,,,,,,,,,,,,
NW 20TH CT & NW 55TH AVE,True,15.6,1,29.704738,-82.3500813,2.0,,0.0,0.0,0.0,0.0,,,,no,,,"{""20TH CT"": {""osm_lanes_max"": null, ""left_turn_lane"": """", ""bike_lane"": """", ""divided"": ""no"", ""one_way"": """", ""speed_mph"": null}, ""55TH AVE"": {""osm_lanes_max"": null, ""left_turn_lane"": """", ""bike_lane"": """", ""divided"": ""no"", ""one_way"": """", ""speed_mph"": null}}"
NW 20TH DR & NW 45TH AVE,True,17.7,1,29.695822,-82.3506089,2.0,,2.0,2.0,0.0,0.0,2.0,,yes,no,,,"{""20TH DR"": {""osm_lanes_max"": 2, ""left_turn_lane"": """", ""bike_lane"": """", ""divided"": ""no"", ""one_way"": """", ""speed_mph"": null}, ""45TH AVE"": {""osm_lanes_max"": 2, ""left_turn_lane"": """", ""bike_lane"": ""yes"", ""divided"": ""no"", ""one_way"": """", ""speed_mph"": null}}"
NW 20TH ST & NW 2ND AVE,True,15.2,1,29.653511,-82.349316,2.0,,1.0,1.0,0.0,0.0,2.0,,,no,,25.0,"{""20TH ST"": {""osm_lanes_max"": 2, ""left_turn_lane"": """", ""bike_lane"": """", ""divided"": ""no"", ""one_way"": """", ""speed_mph"": 25}, ""2ND AVE"": {""osm_lanes_max"": null, ""left_turn_lane"": """", ""bike_lane"": """", ""divided"": ""no"", ""one_way"": """", ""speed_mph"": null}}"
NW 20TH ST & NW 31ST PL,True,11.8,1,29.6819885,-82.3494701,2.0,,0.0,0.0,0.0,0.0,,,,no,,,"{""20TH ST"": {""osm_lanes_max"": null, ""left_turn_lane"": """", ""bike_lane"": """", ""divided"": ""no"", ""one_way"": """", ""speed_mph"": null}, ""31ST PL"": {""osm_lanes_max"": null, ""left_turn_lane"": """", ""bike_lane"": """", ""divided"": ""no"", ""one_way"": """", ""speed_mph"": null}}"
NW 20TH ST & NW 35TH AVE,True,11.6,1,29.6848108,-82.3494556,2.0,,0.0,0.0,0.0,0.0,,,,no,,,"{""20TH ST"": {""osm_lanes_max"": null, ""left_turn_lane"": """", ""bike_lane"": """", ""divided"": ""no"", ""one_way"": """", ""speed_mph"": null}, ""35TH AVE"": {""osm_lanes_max"": null, ""left_turn_lane"": """", ""bike_lane"": """", ""divided"": ""no"", ""one_way"": """", ""speed_mph"": null}}"
NW 18TH TER & NW 7TH PL,True,13.5,1,29.6586845,-82.3471891,2.0,,1.0,1.0,0.0,0.0,,,,no,,,"{""18TH TER"": {""osm_lanes_max"": null, ""left_turn_lane"": """", ""bike_lane"": """", ""divided"": ""no"", ""one_way"": """", ""speed_mph"": null}, ""7TH PL"": {""osm_lanes_max"": null, ""left_turn_lane"": """", ""bike_lane"": """", ""divided"": ""no"", ""one_way"": """", ""speed_mph"": null}}"
SW 21ST RD & SW 39TH WAY,False,,0,,,,,,,,,,,,,,,
SW 22ND LN & SW 43RD ST,False,,0,,,,,,,,,,,,,,,
SW 23RD DR & SW 35TH PL,True,14.3,2,29.6201432,-82.3575202,2.0,,1.0,0.0,1.0,0.0,2.0,,yes,yes,,30.0,"{""23RD DR"": {""osm_lanes_max"": 1, ""left_turn_lane"": """", ""bike_lane"": """", ""divided"": ""yes"", ""one_way"": """", ""speed_mph"": null}, ""35TH PL"": {""osm_lanes_max"": 2, ""left_turn_lane"": """", ""bike_lane"": ""yes"", ""divided"": ""no"", ""one_way"": """", ""speed_mph"": 30}}"
NE 10TH AVE & NE 19TH TER,True,22.0,1,29.6611165,-82.2998387,2.0,,2.0,2.0,0.0,0.0,2.0,,yes,yes,,,"{""10TH AVE"": {""osm_lanes_max"": null, ""left_turn_lane"": """", ""bike_lane"": """", ""divided"": ""no"", ""one_way"": """", ""speed_mph"": null}, ""19TH TER"": {""osm_lanes_max"": 2, ""left_turn_lane"": """", ""bike_lane"": ""yes"", ""divided"": ""yes"", ""one_way"": """", ""speed_mph"": null}}"
SW 24TH AVE & SW 37TH ST,True,24.3,1,29.6302828,-82.377505,2.0,,1.0,1.0,0.0,0.0,1.0,,yes,yes,,,"{""24TH AVE"": {""osm_lanes_max"": 1, ""left_turn_lane"": """", ""bike_lane"": ""yes"", ""divided"": ""yes"", ""one_way"": """", ""speed_mph"": null}, ""37TH ST"": {""osm_lanes_max"": null, ""left_turn_lane"": """", ""bike_lane"": """", ""divided"": ""no"", ""one_way"": """", ""speed_mph"": null}}"
SW 62ND BLVD & SWS 20TH AVE,False,,0,,,,,,,,,,,,,,,
SW 62ND ST & W 1ST PL,False,,0,,,,,,,,,,,,,,,
SW 7TH AVE & SW 9TH ST,True,15.2,2,29.645587,-82.3336558,2.0,,4.0,1.0,3.0,0.0,,,,no,,,"{""7TH AVE"": {""osm_lanes_max"": null, ""left_turn_lane"": """", ""bike_lane"": """", ""divided"": ""no"", ""one_way"": """", ""speed_mph"": null}, ""9TH ST"": {""osm_lanes_max"": null, ""left_turn_lane"": """", ""bike_lane"": """", ""divided"": ""no"", ""one_way"": """", ""speed_mph"": null}}"
SW 51ST TER & SW 62ND AVE,True,12.1,1,29.596773,-82.398146,2.0,,0.0,0.0,0.0,0.0,2.0,,,no,,,"{""51ST TER"": {""osm_lanes_max"": null, ""left_turn_lane"": """", ""bike_lane"": """", ""divided"": ""no"", ""one_way"": """", ""speed_mph"": null}, ""62ND AVE"": {""osm_lanes_max"": 2, ""left_turn_lane"": """", ""bike_lane"": """", ""divided"": ""no"", ""one_way"": """", ""speed_mph"": null}}"
BUTLER PLAZA WEST & SW 37TH BLVD,False,,0,,,,,,,,,,,,,,,
NW 14TH AVE & NW 2ND ST,True,15.5,1,29.664786,-82.3266088,2.0,,2.0,2.0,0.0,0.0,,,yes,yes,,,"{""14TH AVE"": {""osm_lanes_max"": null, ""left_turn_lane"": """", ""bike_lane"": ""yes"", ""divided"": ""yes"", ""one_way"": """", ""speed_mph"": null}, ""2ND ST"": {""osm_lanes_max"": null, ""left_turn_lane"": """", ""bike_lane"": """", ""divided"": ""no"", ""one_way"": """", ""speed_mph"": null}}"
NW 19TH AVE & NW 9TH ST,True,12.9,1,29.6693998,-82.3340672,2.0,,0.0,0.0,0.0,0.0,,,,no,,,"{""19TH AVE"": {""osm_lanes_max"": null, ""left_turn_lane"": """", ""bike_lane"": """", ""divided"": ""no"", ""one_way"": """", ""speed_mph"": null}, ""9TH ST"": {""osm_lanes_max"": null, ""left_turn_lane"": """", ""bike_lane"": """", ""divided"": ""no"", ""one_way"": """", ""speed_mph"": null}}"
NW 19TH ST & NW 2ND AVE,True,15.6,1,29.6535002,-82.3478134,2.0,,5.0,4.0,0.0,0.0,,,,no,,,"{""19TH ST"": {""osm_lanes_max"": null, ""left_turn_lane"": """", ""bike_lane"": """", ""divided"": ""no"", ""one_way"": """", ""speed_mph"": null}, ""2ND AVE"": {""osm_lanes_max"": null, ""left_turn_lane"": """", ""bike_lane"": """", ""divided"": ""no"", ""one_way"": """", ""speed_mph"": null}}"
NW 19TH ST & NW 31ST AVE,True,12.7,1,29.681241,-82.3474475,2.0,,0.0,0.0,0.0,0.0,,,,no,,,"{""19TH ST"": {""osm_lanes_max"": null, ""left_turn_lane"": """", ""bike_lane"": """", ""divided"": ""no"", ""one_way"": """", ""speed_mph"": null}, ""31ST AVE"": {""osm_lanes_max"": null, ""left_turn_lane"": """", ""bike_lane"": """", ""divided"": ""no"", ""one_way"": """", ""speed_mph"": null}}"
NW 10TH ST & NW 44TH AVE,True,16.7,1,29.6945416,-82.3357419,2.0,,0.0,0.0,0.0,0.0,,,,no,,,"{""10TH ST"": {""osm_lanes_max"": null, ""left_turn_lane"": """", ""bike_lane"": """", ""divided"": ""no"", ""one_way"": """", ""speed_mph"": null}, ""44TH AVE"": {""osm_lanes_max"": null, ""left_turn_lane"": """", ""bike_lane"": """", ""divided"": ""no"", ""one_way"": """", ""speed_mph"": null}}"
NW 10TH ST & NW 6TH AVE,True,21.7,2,29.6564409,-82.3350153,2.0,,0.0,0.0,0.0,0.0,,,,no,yes,,"{""10TH ST"": {""osm_lanes_max"": null, ""left_turn_lane"": """", ""bike_lane"": """", ""divided"": ""no"", ""one_way"": ""yes"", ""speed_mph"": null}, ""6TH AVE"": {""osm_lanes_max"": null, ""left_turn_lane"": """", ""bike_lane"": """", ""divided"": ""no"", ""one_way"": """", ""speed_mph"": null}}"
NW 10TH ST & NW 7TH AVE,True,11.0,1,29.6575103,-82.335014,2.0,,2.0,0.0,2.0,0.0,,,,no,,,"{""10TH ST"": {""osm_lanes_max"": null, ""left_turn_lane"": """", ""bike_lane"": """", ""divided"": ""no"", ""one_way"": """", ""speed_mph"": null}, ""7TH AVE"": {""osm_lanes_max"": null, ""left_turn_lane"": """", ""bike_lane"": """", ""divided"": ""no"", ""one_way"": """", ""speed_mph"": null}}"
NE 10TH AVE & NE 6TH ST,True,14.8,1,29.6608,-82.318848,2.0,,2.0,1.0,1.0,0.0,,,,no,,,"{""10TH AVE"": {""osm_lanes_max"": null, ""left_turn_lane"": """", ""bike_lane"": """", ""divided"": ""no"", ""one_way"": """", ""speed_mph"": null}, ""6TH ST"": {""osm_lanes_max"": null, ""left_turn_lane"": """", ""bike_lane"": """", ""divided"": ""no"", ""one_way"": """", ""speed_mph"": null}}"
SW 26TH DR & SW 40TH PL,True,12.3,1,29.6135293,-82.3611099,2.0,,0.0,0.0,0.0,0.0,2.0,,no,no,,,"{""26TH DR"": {""osm_lanes_max"": null, ""left_turn_lane"": """", ""bike_lane"": """", ""divided"": ""no"", ""one_way"": """", ""speed_mph"": null}, ""40TH PL"": {""osm_lanes_max"": 2, ""left_turn_lane"": """", ""bike_lane"": ""no"", ""divided"": ""no"", ""one_way"": """", ""speed_mph"": null}}"
SW 26TH TER & SW 31ST PL,True,17.5,1,29.622628,-82.3610746,2.0,,0.0,0.0,0.0,0.0,,,,no,,,"{""26TH TER"": {""osm_lanes_max"": null, ""left_turn_lane"": """", ""bike_lane"": """", ""divided"": ""no"", ""one_way"": """", ""speed_mph"": null}, ""31ST PL"": {""osm_lanes_max"": null, ""left_turn_lane"": """", ""bike_lane"": """", ""divided"": ""no"", ""one_way"": """", ""speed_mph"": null}}"
NW 11TH AVE & NW 6TH ST,True,12.4,1,29.662092,-82.3308934,2.0,,5.0,1.0,0.0,0.0,4.0,,,no,,35.0,"{""11TH AVE"": {""osm_lanes_max"": null, ""left_turn_lane"": """", ""bike_lane"": """", ""divided"": ""no"", ""one_way"": """", ""speed_mph"": null}, ""6TH ST"": {""osm_lanes_max"": 4, ""left_turn_lane"": """", ""bike_lane"": """", ""divided"": ""no"", ""one_way"": """", ""speed_mph"": 35}}"
NW 17TH PL & NW 43RD ST,True,15.5,1,29.668111,-82.389001,2.0,,2.0,0.0,1.0,0.0,5.0,,yes,no,,45.0,"{""17TH PL"": {""osm_lanes_max"": null, ""left_turn_lane"": """", ""bike_lane"": """", ""divided"": ""no"", ""one_way"": """", ""speed_mph"": null}, ""43RD ST"": {""osm_lanes_max"": 5, ""left_turn_lane"": """", ""bike_lane"": ""yes"", ""divided"": ""no"", ""one_way"": """", ""speed_mph"": 45}}"
N MAIN ST & UNNAMED ST,False,,0,,,,,,,,,,,,,,,
SW 24TH ST & SW 2ND AVE,True,13.3,1,29.6503783,-82.3594586,2.0,,1.0,1.0,0.0,0.0,2.0,,,no,,35.0,"{""24TH ST"": {""osm_lanes_max"": null, ""left_turn_lane"": """", ""bike_lane"": """", ""divided"": ""no"", ""one_way"": """", ""speed_mph"": null}, ""2ND AVE"": {""osm_lanes_max"": 2, ""left_turn_lane"": """", ""bike_lane"": """", ""divided"": ""no"", ""one_way"": """", ""speed_mph"": 35}}"
SW 20TH AVE & SW 24TH AVE,False,,0,,,,,,,,,,,,,,,
NE 10TH TER & NE 28TH AVE,True,15.3,1,29.677563,-82.313037,2.0,,0.0,0.0,0.0,0.0,,,,no,,,"{""10TH TER"": {""osm_lanes_max"": null, ""left_turn_lane"": """", ""bike_lane"": """", ""divided"": ""no"", ""one_way"": """", ""speed_mph"": null}, ""28TH AVE"": {""osm_lanes_max"": null, ""left_turn_lane"": """", ""bike_lane"": """", ""divided"": ""no"", ""one_way"": """", ""speed_mph"": null}}"
NE 11TH PL & NE 25TH ST,True,10.7,1,29.663144,-82.291996,2.0,,0.0,0.0,0.0,0.0,,,,no,,,"{""11TH PL"": {""osm_lanes_max"": null, ""left_turn_lane"": """", ""bike_lane"": """", ""divided"": ""no"", ""one_way"": """", ""speed_mph"": null}, ""25TH ST"": {""osm_lanes_max"": null, ""left_turn_lane"": """", ""bike_lane"": """", ""divided"": ""no"", ""one_way"": """", ""speed_mph"": null}}"
NE 10TH AVE & NE 24TH ST,True,14.6,1,29.661078,-82.29365,2.0,,0.0,0.0,0.0,0.0,,,,no,,,"{""10TH AVE"": {""osm_lanes_max"": null, ""left_turn_lane"": """", ""bike_lane"": """", ""divided"": ""no"", ""one_way"": """", ""speed_mph"": null}, ""24TH ST"": {""osm_lanes_max"": null, ""left_turn_lane"": """", ""bike_lane"": """", ""divided"": ""no"", ""one_way"": """", ""speed_mph"": null}}"
NE 11TH ST & NE 28TH AVE,True,15.3,1,29.677557,-82.312187,2.0,,0.0,0.0,0.0,0.0,,,,no,,,"{""11TH ST"": {""osm_lanes_max"": null, ""left_turn_lane"": """", ""bike_lane"": """", ""divided"": ""no"", ""one_way"": """", ""speed_mph"": null}, ""28TH AVE"": {""osm_lanes_max"": null, ""left_turn_lane"": """", ""bike_lane"": """", ""divided"": ""no"", ""one_way"": """", ""speed_mph"": null}}"
NW 10TH ST & NW 15TH AVE,True,13.7,1,29.6657408,-82.3351171,2.0,,0.0,0.0,0.0,0.0,,,,no,,,"{""10TH ST"": {""osm_lanes_max"": null, ""left_turn_lane"": """", ""bike_lane"": """", ""divided"": ""no"", ""one_way"": """", ""speed_mph"": null}, ""15TH AVE"": {""osm_lanes_max"": null, ""left_turn_lane"": """", ""bike_lane"": """", ""divided"": ""no"", ""one_way"": """", ""speed_mph"": null}}"
SW 20TH AVE & SW 37TH WAY,False,,0,,,,,,,,,,,,,,,
NE 10TH AVE & NE 4TH ST,True,16.3,1,29.660792,-82.32126,2.0,,4.0,0.0,0.0,0.0,,,,no,,,"{""10TH AVE"": {""osm_lanes_max"": null, ""left_turn_lane"": """", ""bike_lane"": """", ""divided"": ""no"", ""one_way"": """", ""speed_mph"": null}, ""4TH ST"": {""osm_lanes_max"": null, ""left_turn_lane"": """", ""bike_lane"": """", ""divided"": ""no"", ""one_way"": """", ""speed_mph"": null}}"
NE 10TH AVE & NE 5TH ST,True,15.8,1,29.660796,-82.320433,2.0,,6.0,0.0,0.0,0.0,,,,no,,,"{""10TH AVE"": {""osm_lanes_max"": null, ""left_turn_lane"": """", ""bike_lane"": """", ""divided"": ""no"", ""one_way"": """", ""speed_mph"": null}, ""5TH ST"": {""osm_lanes_max"": null, ""left_turn_lane"": """", ""bike_lane"": """", ""divided"": ""no"", ""one_way"": """", ""speed_mph"": null}}"
NW 18TH TER & NW 5TH AVE,True,13.6,1,29.6558204,-82.3471964,2.0,,1.0,1.0,0.0,0.0,,,,no,,,"{""18TH TER"": {""osm_lanes_max"": null, ""left_turn_lane"": """", ""bike_lane"": """", ""divided"": ""no"", ""one_way"": """", ""speed_mph"": null}, ""5TH AVE"": {""osm_lanes_max"": null, ""left_turn_lane"": """", ""bike_lane"": """", ""divided"": ""no"", ""one_way"": """", ""speed_mph"": null}}"
NW 18TH TER & NW 7TH AVE,True,12.7,1,29.6575756,-82.3471994,2.0,,2.0,2.0,0.0,0.0,,,,no,,,"{""18TH TER"": {""osm_lanes_max"": null, ""left_turn_lane"": """", ""bike_lane"": """", ""divided"": ""no"", ""one_way"": """", ""speed_mph"": null}, ""7TH AVE"": {""osm_lanes_max"": null, ""left_turn_lane"": """", ""bike_lane"": """", ""divided"": ""no"", ""one_way"": """", ""speed_mph"": null}}"
NE 10TH AVE & NE 12TH ST,True,15.2,1,29.6607501,-82.3101155,2.0,,0.0,0.0,0.0,0.0,,,,no,,,"{""10TH AVE"": {""osm_lanes_max"": null, ""left_turn_lane"": """", ""bike_lane"": """", ""divided"": ""no"", ""one_way"": """", ""speed_mph"": null}, ""12TH ST"": {""osm_lanes_max"": null, ""left_turn_lane"": """", ""bike_lane"": """", ""divided"": ""no"", ""one_way"": """", ""speed_mph"": null}}"
NE WALDO RD & UNNAMED ST,False,,0,,,,,,,,,,,,,,,
NW 21ST LN & NW 6TH ST,True,18.4,1,29.672497,-82.3308064,2.0,,2.0,1.0,0.0,0.0,4.0,,no,no,,35.0,"{""21ST LN"": {""osm_lanes_max"": null, ""left_turn_lane"": """", ""bike_lane"": """", ""divided"": ""no"", ""one_way"": """", ""speed_mph"": null}, ""6TH ST"": {""osm_lanes_max"": 4, ""left_turn_lane"": """", ""bike_lane"": ""no"", ""divided"": ""no"", ""one_way"": """", ""speed_mph"": 35}}"
NW 1ST ST & NW 7TH AVE,True,15.3,1,29.6580246,-82.32585,2.0,,0.0,0.0,0.0,0.0,,,,no,,,"{""1ST ST"": {""osm_lanes_max"": null, ""left_turn_lane"": """", ""bike_lane"": """", ""divided"": ""no"", ""one_way"": """", ""speed_mph"": null}, ""7TH AVE"": {""osm_lanes_max"": null, ""left_turn_lane"": """", ""bike_lane"": """", ""divided"": ""no"", ""one_way"": """", ""speed_mph"": null}}"
NW 21ST ST & NW 31ST AVE,True,13.1,1,29.6812343,-82.3515338,2.0,,1.0,0.0,0.0,0.0,2.0,,,no,,25.0,"{""21ST ST"": {""osm_lanes_max"": 2, ""left_turn_lane"": """", ""bike_lane"": """", ""divided"": ""no"", ""one_way"": """", ""speed_mph"": 25}, ""31ST AVE"": {""osm_lanes_max"": 2, ""left_turn_lane"": """", ""bike_lane"": """", ""divided"": ""no"", ""one_way"": """", ""speed_mph"": null}}"
NW 21ST ST & NW 33RD AVE,True,11.6,1,29.683428,-82.3515286,2.0,,0.0,0.0,0.0,0.0,,,,no,,25.0,"{""21ST ST"": {""osm_lanes_max"": null, ""left_turn_lane"": """", ""bike_lane"": """", ""divided"": ""no"", ""one_way"": """", ""speed_mph"": 25}, ""33RD AVE"": {""osm_lanes_max"": null, ""left_turn_lane"": """", ""bike_lane"": """", ""divided"": ""no"", ""one_way"": """", ""speed_mph"": null}}"
NW 20TH ST & NW 4TH AVE,True,16.2,1,29.6548769,-82.3493069,2.0,,1.0,1.0,0.0,0.0,2.0,,,no,,25.0,"{""20TH ST"": {""osm_lanes_max"": 2, ""left_turn_lane"": """", ""bike_lane"": """", ""divided"": ""no"", ""one_way"": """", ""speed_mph"": 25}, ""4TH AVE"": {""osm_lanes_max"": null, ""left_turn_lane"": """", ""bike_lane"": """", ""divided"": ""no"", ""one_way"": """", ""speed_mph"": null}}"
NW 20TH ST & NW 5TH AVE,True,15.3,1,29.6558317,-82.3493062,2.0,,2.0,2.0,0.0,0.0,2.0,,,no,,25.0,"{""20TH ST"": {""osm_lanes_max"": 2, ""left_turn_lane"": """", ""bike_lane"": """", ""divided"": ""no"", ""one_way"": """", ""speed_mph"": 25}, ""5TH AVE"": {""osm_lanes_max"": null, ""left_turn_lane"": """", ""bike_lane"": """", ""divided"": ""no"", ""one_way"": """", ""speed_mph"": null}}"
NW 20TH ST & NW 7TH AVE,True,14.4,1,29.6575795,-82.3492895,2.0,,0.0,0.0,0.0,0.0,,,,no,,,"{""20TH ST"": {""osm_lanes_max"": null, ""left_turn_lane"": """", ""bike_lane"": """", ""divided"": ""no"", ""one_way"": """", ""speed_mph"": null}, ""7TH AVE"": {""osm_lanes_max"": null, ""left_turn_lane"": """", ""bike_lane"": """", ""divided"": ""no"", ""one_way"": """", ""speed_mph"": null}}"
SW 16TH ST & SW 6TH ST,False,,0,,,,,,,,,,,,,,,
NW 10TH PL & NWS 66TH ST,False,,0,,,,,,,,,,,,,,,
SW 1ST ST & SW 3RD AVE,True,15.6,1,29.6489959,-82.3258164,2.0,,5.0,3.0,2.0,0.0,,,,no,,,"{""1ST ST"": {""osm_lanes_max"": null, ""left_turn_lane"": """", ""bike_lane"": """", ""divided"": ""no"", ""one_way"": """", ""speed_mph"": null}, ""3RD AVE"": {""osm_lanes_max"": null, ""left_turn_lane"": """", ""bike_lane"": """", ""divided"": ""no"", ""one_way"": """", ""speed_mph"": null}}"
SW 20TH AVE & SW 42ND DR,True,19.6,1,29.6353103,-82.3875452,2.0,,1.0,1.0,0.0,0.0,2.0,,yes,no,,40.0,"{""20TH AVE"": {""osm_lanes_max"": 2, ""left_turn_lane"": """", ""bike_lane"": ""yes"", ""divided"": ""no"", ""one_way"": """", ""speed_mph"": 40}, ""42ND DR"": {""osm_lanes_max"": null, ""left_turn_lane"": """", ""bike_lane"": """", ""divided"": ""no"", ""one_way"": """", ""speed_mph"": null}}"
SW 20TH AVE & SW 66TH DR,False,,0,,,,,,,,,,,,,,,
SW 23RD TER & SW 2ND AVE,True,12.6,1,29.650349,-82.356939,2.0,,4.0,1.0,3.0,0.0,2.0,,,no,,35.0,"{""23RD TER"": {""osm_lanes_max"": null, ""left_turn_lane"": """", ""bike_lane"": """", ""divided"": ""no"", ""one_way"": """", ""speed_mph"": null}, ""2ND AVE"": {""osm_lanes_max"": 2, ""left_turn_lane"": """", ""bike_lane"": """", ""divided"": ""no"", ""one_way"": """", ""speed_mph"": 35}}"
SW 23RD TER & UNNAMED ST,False,,0,,,,,,,,,,,,,,,
SW 23RD TER & W UNIVERSITY AVE,True,15.2,1,29.652148,-82.357366,2.0,,2.0,1.0,1.0,0.0,3.0,,yes,no,,35.0,"{""23RD TER"": {""osm_lanes_max"": null, ""left_turn_lane"": """", ""bike_lane"": """", ""divided"": ""no"", ""one_way"": """", ""speed_mph"": null}, ""UNIVERSITY AVE"": {""osm_lanes_max"": 3, ""left_turn_lane"": """", ""bike_lane"": ""yes"", ""divided"": ""no"", ""one_way"": """", ""speed_mph"": 35}}"
NW 22ND TER & NW 8TH AVE,False,,0,,,,,,,,,,,,,,,
NW 22ST & NW 66TH CT,False,,0,,,,,,,,,,,,,,,
SW 17TH RD & SW 73RD ST,False,,0,,,,,,,,,,,,,,,
SW 18TH PL & SW 51ST TER,False,,0,,,,,,,,,,,,,,,
SW 19TH PL & SW 52ND ST,False,,0,,,,,,,,,,,,,,,
SW 1ST AVE & SW 1ST ST,True,9.8,1,29.6510437,-82.3258343,2.0,,7.0,4.0,1.0,0.0,,,,no,yes,,"{""1ST AVE"": {""osm_lanes_max"": null, ""left_turn_lane"": """", ""bike_lane"": """", ""divided"": ""no"", ""one_way"": """", ""speed_mph"": null}, ""1ST ST"": {""osm_lanes_max"": null, ""left_turn_lane"": """", ""bike_lane"": """", ""divided"": ""no"", ""one_way"": ""yes"", ""speed_mph"": null}}"
NE 11TH TER & NE 28TH AVE,True,15.2,1,29.677556,-82.311297,2.0,,0.0,0.0,0.0,0.0,,,,no,,,"{""11TH TER"": {""osm_lanes_max"": null, ""left_turn_lane"": """", ""bike_lane"": """", ""divided"": ""no"", ""one_way"": """", ""speed_mph"": null}, ""28TH AVE"": {""osm_lanes_max"": null, ""left_turn_lane"": """", ""bike_lane"": """", ""divided"": ""no"", ""one_way"": """", ""speed_mph"": null}}"
NE 11TH TER & NE 31ST AVE,True,15.3,1,29.681434,-82.311278,2.0,,1.0,1.0,0.0,0.0,2.0,,,no,,,"{""11TH TER"": {""osm_lanes_max"": null, ""left_turn_lane"": """", ""bike_lane"": """", ""divided"": ""no"", ""one_way"": """", ""speed_mph"": null}, ""31ST AVE"": {""osm_lanes_max"": 2, ""left_turn_lane"": """", ""bike_lane"": """", ""divided"": ""no"", ""one_way"": """", ""speed_mph"": null}}"
NE 11TH TER & NE 39TH AVE,True,6.4,2,29.6883868,-82.3112636,2.0,,1.0,1.0,0.0,0.0,3.0,yes,yes,yes,,45.0,"{""11TH TER"": {""osm_lanes_max"": null, ""left_turn_lane"": """", ""bike_lane"": """", ""divided"": ""no"", ""one_way"": """", ""speed_mph"": null}, ""39TH AVE"": {""osm_lanes_max"": 3, ""left_turn_lane"": ""yes"", ""bike_lane"": ""yes"", ""divided"": ""yes"", ""one_way"": """", ""speed_mph"": 45}}"
NW 21ST ST & NW 5TH AVE,True,16.9,1,29.6558201,-82.3515106,2.0,,0.0,0.0,0.0,0.0,,,,no,,,"{""21ST ST"": {""osm_lanes_max"": null, ""left_turn_lane"": """", ""bike_lane"": """", ""divided"": ""no"", ""one_way"": """", ""speed_mph"": null}, ""5TH AVE"": {""osm_lanes_max"": null, ""left_turn_lane"": """", ""bike_lane"": """", ""divided"": ""no"", ""one_way"": """", ""speed_mph"": null}}"
NW 21ST ST & NW 7TH PL,True,11.0,1,29.6589409,-82.3514533,2.0,,2.0,1.0,1.0,0.0,,,,no,,,"{""21ST ST"": {""osm_lanes_max"": null, ""left_turn_lane"": """", ""bike_lane"": """", ""divided"": ""no"", ""one_way"": """", ""speed_mph"": null}, ""7TH PL"": {""osm_lanes_max"": null, ""left_turn_lane"": """", ""bike_lane"": """", ""divided"": ""no"", ""one_way"": """", ""speed_mph"": null}}"
NW 21ST TER & NW 39TH AVE,True,11.7,1,29.6885059,-82.3523022,2.0,,3.0,1.0,2.0,0.0,5.0,yes,yes,no,,45.0,"{""21ST TER"": {""osm_lanes_max"": null, ""left_turn_lane"": """", ""bike_lane"": """", ""divided"": ""no"", ""one_way"": """", ""speed_mph"": null}, ""39TH AVE"": {""osm_lanes_max"": 5, ""left_turn_lane"": ""yes"", ""bike_lane"": ""yes"", ""divided"": ""no"", ""one_way"": """", ""speed_mph"": 45}}"
NW 22ND AVE & NW 3RD TER,True,15.2,1,29.673222,-82.328197,2.0,,0.0,0.0,0.0,0.0,,,,no,,,"{""22ND AVE"": {""osm_lanes_max"": null, ""left_turn_lane"": """", ""bike_lane"": """", ""divided"": ""no"", ""one_way"": """", ""speed_mph"": null}, ""3RD TER"": {""osm_lanes_max"": null, ""left_turn_lane"": """", ""bike_lane"": """", ""divided"": ""no"", ""one_way"": """", ""speed_mph"": null}}"
NW 20TH TER & NW 39TH AVE,True,10.7,1,29.6885136,-82.3498171,2.0,,1.0,1.0,0.0,0.0,5.0,,yes,no,,45.0,"{""20TH TER"": {""osm_lanes_max"": 2, ""left_turn_lane"": """", ""bike_lane"": """", ""divided"": ""no"", ""one_way"": """", ""speed_mph"": null}, ""39TH AVE"": {""osm_lanes_max"": 5, ""left_turn_lane"": """", ""bike_lane"": ""yes"", ""divided"": ""no"", ""one_way"": """", ""speed_mph"": 45}}"
NW 21ST AVE & NW 2ND ST,True,10.9,1,29.671877,-82.326652,2.0,,0.0,0.0,0.0,0.0,,,,no,,,"{""21ST AVE"": {""osm_lanes_max"": null, ""left_turn_lane"": """", ""bike_lane"": """", ""divided"": ""no"", ""one_way"": """", ""speed_mph"": null}, ""2ND ST"": {""osm_lanes_max"": null, ""left_turn_lane"": """", ""bike_lane"": """", ""divided"": ""no"", ""one_way"": """", ""speed_mph"": null}}"
NE 11TH ST & NE 5TH AVE,True,15.2,1,29.655692,-82.311724,2.0,,0.0,0.0,0.0,0.0,,,,no,,,"{""11TH ST"": {""osm_lanes_max"": null, ""left_turn_lane"": """", ""bike_lane"": """", ""divided"": ""no"", ""one_way"": """", ""speed_mph"": null}, ""5TH AVE"": {""osm_lanes_max"": null, ""left_turn_lane"": """", ""bike_lane"": """", ""divided"": ""no"", ""one_way"": """", ""speed_mph"": null}}"
SW 13TH RD & SW 74TH DR,False,,0,,,,,,,,,,,,,,,
SW 11TH AVE & SW 11TH TER,False,,0,,,,,,,,,,,,,,,
NE 8TH ST & NE 9TH ST,False,,0,,,,,,,,,,,,,,,
NE 9TH AVE & NE 9TH ST,True,15.8,1,29.660067,-82.314783,2.0,,2.0,2.0,0.0,0.0,2.0,,yes,yes,,,"{""9TH AVE"": {""osm_lanes_max"": null, ""left_turn_lane"": """", ""bike_lane"": """", ""divided"": ""no"", ""one_way"": """", ""speed_mph"": null}, ""9TH ST"": {""osm_lanes_max"": 2, ""left_turn_lane"": """", ""bike_lane"": ""yes"", ""divided"": ""yes"", ""one_way"": """", ""speed_mph"": null}}"
NE 9TH AVE & NE WALDO RD,True,8.9,4,29.6635729,-82.3037497,2.0,yes,5.0,5.0,0.0,3.0,3.0,yes,yes,yes,,45.0,"{""12TH AVE"": {""osm_lanes_max"": 3, ""left_turn_lane"": ""yes"", ""bike_lane"": ""yes"", ""divided"": ""yes"", ""one_way"": """", ""speed_mph"": null}, ""WALDO RD"": {""osm_lanes_max"": 3, ""left_turn_lane"": ""yes"", ""bike_lane"": """", ""divided"": ""yes"", ""one_way"": """", ""speed_mph"": 45}}"
NW 23RD AVE & NW 45TH ST,True,13.3,1,29.6741086,-82.3909517,2.0,,2.0,0.0,1.0,0.0,5.0,,yes,no,,,"{""23RD AVE"": {""osm_lanes_max"": 5, ""left_turn_lane"": """", ""bike_lane"": ""yes"", ""divided"": ""no"", ""one_way"": """", ""speed_mph"": null}, ""45TH ST"": {""osm_lanes_max"": null, ""left_turn_lane"": """", ""bike_lane"": """", ""divided"": ""no"", ""one_way"": """", ""speed_mph"": null}}"
NW 23RD AVE & NW 48TH TER,True,14.9,1,29.674115,-82.394619,2.0,,3.0,2.0,1.0,0.0,5.0,yes,yes,no,,,"{""23RD AVE"": {""osm_lanes_max"": 5, ""left_turn_lane"": ""yes"", ""bike_lane"": ""yes"", ""divided"": ""no"", ""one_way"": """", ""speed_mph"": null}, ""48TH TER"": {""osm_lanes_max"": null, ""left_turn_lane"": """", ""bike_lane"": """", ""divided"": ""no"", ""one_way"": """", ""speed_mph"": null}}"
NE 11TH TER & NE 9TH AVE,True,15.3,1,29.660031,-82.31081,2.0,,1.0,1.0,0.0,0.0,,,,no,,,"{""11TH TER"": {""osm_lanes_max"": null, ""left_turn_lane"": """", ""bike_lane"": """", ""divided"": ""no"", ""one_way"": """", ""speed_mph"": null}, ""9TH AVE"": {""osm_lanes_max"": null, ""left_turn_lane"": """", ""bike_lane"": """", ""divided"": ""no"", ""one_way"": """", ""speed_mph"": null}}"
NE 12TH AVE & NE 19TH TER,False,,0,,,,,,,,,,,,,,,
NE 12TH CT & NE 5TH AVE,True,17.5,1,29.6557015,-82.3102164,2.0,,0.0,0.0,0.0,0.0,,,,no,,,"{""12TH CT"": {""osm_lanes_max"": null, ""left_turn_lane"": """", ""bike_lane"": """", ""divided"": ""no"", ""one_way"": """", ""speed_mph"": null}, ""5TH AVE"": {""osm_lanes_max"": null, ""left_turn_lane"": """", ""bike_lane"": """", ""divided"": ""no"", ""one_way"": """", ""speed_mph"": null}}"
SW 14TH ST & SW 16TH AVE,True,4.7,1,29.6363827,-82.3402374,2.0,,2.0,0.0,2.0,0.0,5.0,yes,yes,yes,,35.0,"{""14TH ST"": {""osm_lanes_max"": null, ""left_turn_lane"": """", ""bike_lane"": """", ""divided"": ""no"", ""one_way"": """", ""speed_mph"": null}, ""16TH AVE"": {""osm_lanes_max"": 5, ""left_turn_lane"": ""yes"", ""bike_lane"": ""yes"", ""divided"": ""yes"", ""one_way"": """", ""speed_mph"": 35}}"
NE 12TH ST & NE 31ST AVE,True,15.3,1,29.681431,-82.310454,2.0,,1.0,1.0,0.0,0.0,2.0,,,no,,,"{""12TH ST"": {""osm_lanes_max"": null, ""left_turn_lane"": """", ""bike_lane"": """", ""divided"": ""no"", ""one_way"": """", ""speed_mph"": null}, ""31ST AVE"": {""osm_lanes_max"": 2, ""left_turn_lane"": """", ""bike_lane"": """", ""divided"": ""no"", ""one_way"": """", ""speed_mph"": null}}"
NE 12TH ST & NE 35TH AVE,True,19.2,2,29.6849095,-82.310432,2.0,,0.0,0.0,0.0,0.0,,,,no,,,"{""12TH ST"": {""osm_lanes_max"": null, ""left_turn_lane"": """", ""bike_lane"": """", ""divided"": ""no"", ""one_way"": """", ""speed_mph"": null}, ""35TH AVE"": {""osm_lanes_max"": null, ""left_turn_lane"": """", ""bike_lane"": """", ""divided"": ""no"", ""one_way"": """", ""speed_mph"": null}}"
SW 1ST ST & SW 4TH AVE,True,10.3,1,29.6483499,-82.3258211,2.0,,6.0,1.0,3.0,0.0,3.0,yes,,no,,,"{""1ST ST"": {""osm_lanes_max"": null, ""left_turn_lane"": """", ""bike_lane"": """", ""divided"": ""no"", ""one_way"": """", ""speed_mph"": null}, ""4TH AVE"": {""osm_lanes_max"": 3, ""left_turn_lane"": ""yes"", ""bike_lane"": """", ""divided"": ""no"", ""one_way"": """", ""speed_mph"": null}}"
SW 20 TH AVE & SW 43RD ST,False,,0,,,,,,,,,,,,,,,
SW 26TH TER & SW 38TH PL,True,15.2,1,29.615355,-82.36049,2.0,,0.0,0.0,0.0,0.0,,,,no,,,"{""26TH TER"": {""osm_lanes_max"": null, ""left_turn_lane"": """", ""bike_lane"": """", ""divided"": ""no"", ""one_way"": """", ""speed_mph"": null}, ""38TH PL"": {""osm_lanes_max"": null, ""left_turn_lane"": """", ""bike_lane"": """", ""divided"": ""no"", ""one_way"": """", ""speed_mph"": null}}"
NE 13TH AVE & NE 7TH ST,True,16.8,1,29.6634816,-82.317403,2.0,,0.0,0.0,0.0,0.0,,,,no,,,"{""13TH AVE"": {""osm_lanes_max"": null, ""left_turn_lane"": """", ""bike_lane"": """", ""divided"": ""no"", ""one_way"": """", ""speed_mph"": null}, ""7TH ST"": {""osm_lanes_max"": null, ""left_turn_lane"": """", ""bike_lane"": """", ""divided"": ""no"", ""one_way"": """", ""speed_mph"": null}}"
NE 13TH ST & NE 16TH AVE,True,9.5,1,29.6665215,-82.3084511,2.0,,1.0,1.0,0.0,0.0,2.0,,yes,no,,,"{""13TH ST"": {""osm_lanes_max"": null, ""left_turn_lane"": """", ""bike_lane"": """", ""divided"": ""no"", ""one_way"": """", ""speed_mph"": null}, ""16TH AVE"": {""osm_lanes_max"": 2, ""left_turn_lane"": """", ""bike_lane"": ""yes"", ""divided"": ""no"", ""one_way"": """", ""speed_mph"": null}}"
SW 12TH ST & SW 8TH AVE,True,13.5,1,29.6449031,-82.3370821,2.0,,6.0,3.0,2.0,0.0,2.0,,no,no,yes,,"{""12TH ST"": {""osm_lanes_max"": null, ""left_turn_lane"": """", ""bike_lane"": ""no"", ""divided"": ""no"", ""one_way"": ""yes"", ""speed_mph"": null}, ""8TH AVE"": {""osm_lanes_max"": 2, ""left_turn_lane"": """", ""bike_lane"": ""no"", ""divided"": ""no"", ""one_way"": """", ""speed_mph"": null}}"
NW 17TH ST & NW 4TH AVE,True,15.8,1,29.6549689,-82.344643,2.0,,2.0,1.0,0.0,0.0,2.0,,yes,no,,,"{""17TH ST"": {""osm_lanes_max"": 2, ""left_turn_lane"": """", ""bike_lane"": ""yes"", ""divided"": ""no"", ""one_way"": """", ""speed_mph"": null}, ""4TH AVE"": {""osm_lanes_max"": null, ""left_turn_lane"": """", ""bike_lane"": """", ""divided"": ""no"", ""one_way"": """", ""speed_mph"": null}}"
NW 17TH TER & NW 39TH AVE,True,12.3,1,29.688523,-82.345397,2.0,,4.0,1.0,3.0,0.0,5.0,,yes,no,,45.0,"{""17TH TER"": {""osm_lanes_max"": null, ""left_turn_lane"": """", ""bike_lane"": """", ""divided"": ""no"", ""one_way"": """", ""speed_mph"": null}, ""39TH AVE"": {""osm_lanes_max"": 5, ""left_turn_lane"": """", ""bike_lane"": ""yes"", ""divided"": ""no"", ""one_way"": """", ""speed_mph"": 45}}"
NW 18TH AVE & NW 9TH ST,True,15.2,1,29.668426,-82.33407,2.0,,0.0,0.0,0.0,0.0,,,,no,,,"{""18TH AVE"": {""osm_lanes_max"": null, ""left_turn_lane"": """", ""bike_lane"": """", ""divided"": ""no"", ""one_way"": """", ""speed_mph"": null}, ""9TH ST"": {""osm_lanes_max"": null, ""left_turn_lane"": """", ""bike_lane"": """", ""divided"": ""no"", ""one_way"": """", ""speed_mph"": null}}"
NW 18TH DR & NW 67TH PL,True,15.2,1,29.7158482,-82.3470188,2.0,,0.0,0.0,0.0,0.0,,,,no,,30.0,"{""18TH DR"": {""osm_lanes_max"": null, ""left_turn_lane"": """", ""bike_lane"": """", ""divided"": ""no"", ""one_way"": """", ""speed_mph"": 30}, ""67TH PL"": {""osm_lanes_max"": null, ""left_turn_lane"": """", ""bike_lane"": """", ""divided"": ""no"", ""one_way"": """", ""speed_mph"": 30}}"
NW 11TH ST & NW 32ND AVE,True,12.0,1,29.6821158,-82.3358384,2.0,,0.0,0.0,0.0,0.0,,,,no,,,"{""11TH ST"": {""osm_lanes_max"": null, ""left_turn_lane"": """", ""bike_lane"": """", ""divided"": ""no"", ""one_way"": """", ""speed_mph"": null}, ""32ND AVE"": {""osm_lanes_max"": null, ""left_turn_lane"": """", ""bike_lane"": """", ""divided"": ""no"", ""one_way"": """", ""speed_mph"": null}}"
NW 11TH ST & NW 4TH AVE,True,14.3,1,29.6545057,-82.3359916,2.0,,0.0,0.0,0.0,0.0,,,,no,,,"{""11TH ST"": {""osm_lanes_max"": null, ""left_turn_lane"": """", ""bike_lane"": """", ""divided"": ""no"", ""one_way"": """", ""speed_mph"": null}, ""4TH AVE"": {""osm_lanes_max"": null, ""left_turn_lane"": """", ""bike_lane"": """", ""divided"": ""no"", ""one_way"": """", ""speed_mph"": null}}"
NW 128TH RD & SR 121,True,15.2,1,29.771701,-82.368472,1.0,,0.0,0.0,0.0,0.0,,,,no,,,"{""128TH RD"": {""osm_lanes_max"": null, ""left_turn_lane"": """", ""bike_lane"": """", ""divided"": ""no"", ""one_way"": """", ""speed_mph"": null}}"
SW 26TH DR & SW 31ST PL,True,17.0,1,29.622576,-82.36187,2.0,,1.0,1.0,0.0,0.0,,,,no,,,"{""26TH DR"": {""osm_lanes_max"": null, ""left_turn_lane"": """", ""bike_lane"": """", ""divided"": ""no"", ""one_way"": """", ""speed_mph"": null}, ""31ST PL"": {""osm_lanes_max"": null, ""left_turn_lane"": """", ""bike_lane"": """", ""divided"": ""no"", ""one_way"": """", ""speed_mph"": null}}"
N MAIN ST & NE 35TH AVE,True,15.3,1,29.684815,-82.319377,2.0,,2.0,0.0,1.0,0.0,4.0,,yes,no,,,"{""35TH AVE"": {""osm_lanes_max"": null, ""left_turn_lane"": """", ""bike_lane"": """", ""divided"": ""no"", ""one_way"": """", ""speed_mph"": null}, ""MAIN ST"": {""osm_lanes_max"": 4, ""left_turn_lane"": """", ""bike_lane"": ""yes"", ""divided"": ""no"", ""one_way"": """", ""speed_mph"": null}}"
SW 27TH AVE & SW 28TH PL,False,,0,,,,,,,,,,,,,,,
NW 22ND AVE & NW 6TH ST,True,13.1,2,29.6731336,-82.3307956,2.0,,2.0,2.0,0.0,0.0,5.0,yes,no,no,,35.0,"{""22ND AVE"": {""osm_lanes_max"": null, ""left_turn_lane"": """", ""bike_lane"": """", ""divided"": ""no"", ""one_way"": """", ""speed_mph"": null}, ""6TH ST"": {""osm_lanes_max"": 5, ""left_turn_lane"": ""yes"", ""bike_lane"": ""no"", ""divided"": ""no"", ""one_way"": """", ""speed_mph"": 35}}"
NW 22ND DR & NW 55TH BLVD,True,13.6,1,29.7026545,-82.3551663,2.0,,9.0,0.0,9.0,0.0,2.0,,,no,,,"{""22ND DR"": {""osm_lanes_max"": 2, ""left_turn_lane"": """", ""bike_lane"": """", ""divided"": ""no"", ""one_way"": """", ""speed_mph"": null}, ""52ND PL"": {""osm_lanes_max"": 2, ""left_turn_lane"": """", ""bike_lane"": """", ""divided"": ""no"", ""one_way"": """", ""speed_mph"": null}}"
NE BLVD & NW 8TH AVE,False,,0,,,,,,,,,,,,,,,
NW 24TH BLVD & NW ALPINE DR,True,13.7,3,29.691135,-82.3581052,3.0,,3.0,3.0,0.0,0.0,2.0,,,yes,,30.0,"{""24TH BLVD"": {""osm_lanes_max"": 2, ""left_turn_lane"": """", ""bike_lane"": """", ""divided"": ""no"", ""one_way"": """", ""speed_mph"": 30}, ""41ST AVE"": {""osm_lanes_max"": null, ""left_turn_lane"": """", ""bike_lane"": """", ""divided"": ""yes"", ""one_way"": """", ""speed_mph"": null}, ""ALPINE DR"": {""osm_lanes_max"": null, ""left_turn_lane"": """", ""bike_lane"": """", ""divided"": ""no"", ""one_way"": """", ""speed_mph"": null}}"
NE 5TH AVE & NE 6TH ST,True,16.0,1,29.6557072,-82.31855,2.0,,0.0,0.0,0.0,0.0,,,,no,,,"{""5TH AVE"": {""osm_lanes_max"": null, ""left_turn_lane"": """", ""bike_lane"": """", ""divided"": ""no"", ""one_way"": """", ""speed_mph"": null}, ""6TH ST"": {""osm_lanes_max"": null, ""left_turn_lane"": """", ""bike_lane"": """", ""divided"": ""no"", ""one_way"": """", ""speed_mph"": null}}"
NE 13TH ST & NW 21ST AVE,False,,0,,,,,,,,,,,,,,,
NE 14TH AVE & NE 2ND ST,False,,0,,,,,,,,,,,,,,,
NW 23RD AVE & NW 49TH TER,True,15.0,1,29.674115,-82.3949837,2.0,,2.0,2.0,0.0,0.0,5.0,yes,yes,no,,,"{""23RD AVE"": {""osm_lanes_max"": 5, ""left_turn_lane"": ""yes"", ""bike_lane"": ""yes"", ""divided"": ""no"", ""one_way"": """", ""speed_mph"": null}, ""49TH TER"": {""osm_lanes_max"": null, ""left_turn_lane"": """", ""bike_lane"": """", ""divided"": ""no"", ""one_way"": """", ""speed_mph"": null}}"
NW 22ND ST & NW 3RD PL,True,17.5,1,29.6544486,-82.3536361,2.0,,1.0,1.0,0.0,0.0,2.0,,,no,,,"{""22ND ST"": {""osm_lanes_max"": 2, ""left_turn_lane"": """", ""bike_lane"": """", ""divided"": ""no"", ""one_way"": """", ""speed_mph"": null}, ""3RD PL"": {""osm_lanes_max"": null, ""left_turn_lane"": """", ""bike_lane"": """", ""divided"": ""no"", ""one_way"": """", ""speed_mph"": null}}"
NW 23RD BLVD & NW 28TH CIR,True,15.5,2,29.6796708,-82.3503002,2.0,,2.0,2.0,0.0,0.0,2.0,,,yes,,35.0,"{""23RD BLVD"": {""osm_lanes_max"": 2, ""left_turn_lane"": """", ""bike_lane"": """", ""divided"": ""no"", ""one_way"": """", ""speed_mph"": 35}, ""28TH CIR"": {""osm_lanes_max"": null, ""left_turn_lane"": """", ""bike_lane"": """", ""divided"": ""yes"", ""one_way"": """", ""speed_mph"": null}}"
NW 23RD BLVD & UNNAMED ST,False,,0,,,,,,,,,,,,,,,
NW 23RD TER & NW 34TH ST,False,,0,,,,,,,,,,,,,,,
NW 23RD TER & NW 40TH PL,True,16.4,1,29.689784,-82.356562,2.0,,0.0,0.0,0.0,0.0,,,,no,,,"{""23RD TER"": {""osm_lanes_max"": null, ""left_turn_lane"": """", ""bike_lane"": """", ""divided"": ""no"", ""one_way"": """", ""speed_mph"": null}, ""40TH PL"": {""osm_lanes_max"": null, ""left_turn_lane"": """", ""bike_lane"": """", ""divided"": ""no"", ""one_way"": """", ""speed_mph"": null}}"
NW 23RD TER & NW 57TH PL,True,13.6,1,29.7077011,-82.3580138,2.0,,0.0,0.0,0.0,0.0,,,,no,,,"{""23RD TER"": {""osm_lanes_max"": null, ""left_turn_lane"": """", ""bike_lane"": """", ""divided"": ""no"", ""one_way"": """", ""speed_mph"": null}, ""57TH PL"": {""osm_lanes_max"": null, ""left_turn_lane"": """", ""bike_lane"": """", ""divided"": ""no"", ""one_way"": """", ""speed_mph"": null}}"
NE 7TH AVE & NE 9TH ST,True,16.1,1,29.6578475,-82.3147862,2.0,,2.0,2.0,0.0,0.0,2.0,,yes,no,,,"{""7TH AVE"": {""osm_lanes_max"": null, ""left_turn_lane"": """", ""bike_lane"": """", ""divided"": ""no"", ""one_way"": """", ""speed_mph"": null}, ""9TH ST"": {""osm_lanes_max"": 2, ""left_turn_lane"": """", ""bike_lane"": ""yes"", ""divided"": ""no"", ""one_way"": """", ""speed_mph"": null}}"
SW 11TH ST & SW 11TH TER,True,13.5,1,29.6420741,-82.33583,2.0,,3.0,2.0,0.0,0.0,1.0,,,yes,,,"{""11TH ST"": {""osm_lanes_max"": 1, ""left_turn_lane"": """", ""bike_lane"": """", ""divided"": ""yes"", ""one_way"": """", ""speed_mph"": null}, ""11TH TER"": {""osm_lanes_max"": null, ""left_turn_lane"": """", ""bike_lane"": """", ""divided"": ""no"", ""one_way"": """", ""speed_mph"": null}}"
NW 22ND ST & NW 5TH PL,True,15.2,1,29.6562634,-82.3536394,2.0,,1.0,1.0,0.0,0.0,2.0,,,no,,,"{""22ND ST"": {""osm_lanes_max"": 2, ""left_turn_lane"": """", ""bike_lane"": """", ""divided"": ""no"", ""one_way"": """", ""speed_mph"": null}, ""5TH PL"": {""osm_lanes_max"": null, ""left_turn_lane"": """", ""bike_lane"": """", ""divided"": ""no"", ""one_way"": """", ""speed_mph"": null}}"
NW 22ND ST & NW 6TH PL,True,14.6,1,29.6571661,-82.3536453,2.0,,1.0,0.0,0.0,0.0,2.0,,,no,,,"{""22ND ST"": {""osm_lanes_max"": 2, ""left_turn_lane"": """", ""bike_lane"": """", ""divided"": ""no"", ""one_way"": """", ""speed_mph"": null}, ""6TH PL"": {""osm_lanes_max"": null, ""left_turn_lane"": """", ""bike_lane"": """", ""divided"": ""no"", ""one_way"": """", ""speed_mph"": null}}"
NW 22ND ST & NW 72ND PL,False,,0,,,,,,,,,,,,,,,
NW 16TH TER & NW 19TH LN,True,15.2,3,29.6707466,-82.3432269,3.0,,2.0,1.0,1.0,0.0,2.0,,,yes,,30.0,"{""16TH TER"": {""osm_lanes_max"": 2, ""left_turn_lane"": """", ""bike_lane"": """", ""divided"": ""no"", ""one_way"": """", ""speed_mph"": 30}, ""19TH CIR"": {""osm_lanes_max"": null, ""left_turn_lane"": """", ""bike_lane"": """", ""divided"": ""yes"", ""one_way"": """", ""speed_mph"": null}, ""19TH LN"": {""osm_lanes_max"": null, ""left_turn_lane"": """", ""bike_lane"": """", ""divided"": ""no"", ""one_way"": """", ""speed_mph"": null}}"
NW 16TH TER & NW 21ST AVE,True,15.2,1,29.672071,-82.343215,2.0,,1.0,1.0,0.0,0.0,2.0,,,no,,30.0,"{""16TH TER"": {""osm_lanes_max"": 2, ""left_turn_lane"": """", ""bike_lane"": """", ""divided"": ""no"", ""one_way"": """", ""speed_mph"": 30}, ""21ST AVE"": {""osm_lanes_max"": null, ""left_turn_lane"": """", ""bike_lane"": """", ""divided"": ""no"", ""one_way"": """", ""speed_mph"": null}}"
NW 16TH TER & NW 22ND CIR,True,16.0,2,29.6730469,-82.3432128,2.0,,3.0,1.0,0.0,0.0,2.0,,,yes,,30.0,"{""16TH TER"": {""osm_lanes_max"": 2, ""left_turn_lane"": """", ""bike_lane"": """", ""divided"": ""no"", ""one_way"": """", ""speed_mph"": 30}, ""22ND CIR"": {""osm_lanes_max"": null, ""left_turn_lane"": """", ""bike_lane"": """", ""divided"": ""yes"", ""one_way"": """", ""speed_mph"": null}}"
NW 16TH TER & NW 42ND PL,True,20.8,1,29.6930369,-82.3438645,2.0,,0.0,0.0,0.0,0.0,,,,no,,,"{""16TH TER"": {""osm_lanes_max"": null, ""left_turn_lane"": """", ""bike_lane"": """", ""divided"": ""no"", ""one_way"": """", ""speed_mph"": null}, ""42ND PL"": {""osm_lanes_max"": null, ""left_turn_lane"": """", ""bike_lane"": """", ""divided"": ""no"", ""one_way"": """", ""speed_mph"": null}}"
NW 16TH BLVD & NW 36TH DR,True,7.0,2,29.669201,-82.3781098,2.0,,3.0,1.0,2.0,0.0,3.0,yes,yes,yes,,,"{""16TH BLVD"": {""osm_lanes_max"": 3, ""left_turn_lane"": ""yes"", ""bike_lane"": ""yes"", ""divided"": ""yes"", ""one_way"": """", ""speed_mph"": null}, ""36TH DR"": {""osm_lanes_max"": null, ""left_turn_lane"": """", ""bike_lane"": """", ""divided"": ""no"", ""one_way"": """", ""speed_mph"": null}}"
SW 27TH ST & SW 40TH PL,True,19.6,1,29.6134409,-82.3622158,2.0,,2.0,1.0,1.0,0.0,2.0,,no,no,,30.0,"{""27TH ST"": {""osm_lanes_max"": 2, ""left_turn_lane"": """", ""bike_lane"": ""no"", ""divided"": ""no"", ""one_way"": """", ""speed_mph"": 30}, ""40TH PL"": {""osm_lanes_max"": 2, ""left_turn_lane"": """", ""bike_lane"": ""no"", ""divided"": ""no"", ""one_way"": """", ""speed_mph"": null}}"
NW 15TH ST & NW 6TH AVE,True,16.0,2,29.6565119,-82.3417953,2.0,,3.0,2.0,1.0,0.0,,,,no,,,"{""15TH ST"": {""osm_lanes_max"": null, ""left_turn_lane"": """", ""bike_lane"": """", ""divided"": ""no"", ""one_way"": """", ""speed_mph"": null}, ""6TH AVE"": {""osm_lanes_max"": null, ""left_turn_lane"": """", ""bike_lane"": """", ""divided"": ""no"", ""one_way"": """", ""speed_mph"": null}}"
NW 15TH ST & NW 7TH PL,True,15.3,1,29.6584821,-82.3417763,2.0,,1.0,0.0,1.0,0.0,,,,no,,,"{""15TH ST"": {""osm_lanes_max"": null, ""left_turn_lane"": """", ""bike_lane"": """", ""divided"": ""no"", ""one_way"": """", ""speed_mph"": null}, ""7TH PL"": {""osm_lanes_max"": null, ""left_turn_lane"": """", ""bike_lane"": """", ""divided"": ""no"", ""one_way"": """", ""speed_mph"": null}}"
NW 16TH BLVD & NW 36TH WAY,True,7.8,2,29.6688581,-82.3773864,2.0,,3.0,2.0,1.0,0.0,2.0,,yes,yes,,,"{""16TH BLVD"": {""osm_lanes_max"": 2, ""left_turn_lane"": """", ""bike_lane"": ""yes"", ""divided"": ""yes"", ""one_way"": """", ""speed_mph"": null}, ""36TH WAY"": {""osm_lanes_max"": null, ""left_turn_lane"": """", ""bike_lane"": """", ""divided"": ""no"", ""one_way"": """", ""speed_mph"": null}}"
NW 16TH BLVD & NW 38TH ST,True,5.0,2,29.6703844,-82.3806418,2.0,,2.0,1.0,1.0,0.0,3.0,yes,yes,yes,,,"{""16TH BLVD"": {""osm_lanes_max"": 3, ""left_turn_lane"": ""yes"", ""bike_lane"": ""yes"", ""divided"": ""yes"", ""one_way"": """", ""speed_mph"": null}, ""38TH ST"": {""osm_lanes_max"": 2, ""left_turn_lane"": """", ""bike_lane"": ""yes"", ""divided"": ""no"", ""one_way"": """", ""speed_mph"": null}}"
SW 12TH ST & SW 7TH AVE,True,13.6,1,29.6457428,-82.3370849,2.0,,4.0,2.0,2.0,0.0,1.0,,yes,no,yes,25.0,"{""12TH ST"": {""osm_lanes_max"": 1, ""left_turn_lane"": """", ""bike_lane"": ""yes"", ""divided"": ""no"", ""one_way"": ""yes"", ""speed_mph"": 25}, ""7TH AVE"": {""osm_lanes_max"": null, ""left_turn_lane"": """", ""bike_lane"": """", ""divided"": ""no"", ""one_way"": """", ""speed_mph"": null}}"
NW 23TH AVE & NW 51TH ST,False,,0,,,,,,,,,,,,,,,
NW 24TH BLVD & NW 44TH PL,True,15.8,1,29.695275,-82.357648,2.0,,1.0,1.0,0.0,0.0,2.0,,,no,,30.0,"{""24TH BLVD"": {""osm_lanes_max"": 2, ""left_turn_lane"": """", ""bike_lane"": """", ""divided"": ""no"", ""one_way"": """", ""speed_mph"": 30}, ""44TH PL"": {""osm_lanes_max"": null, ""left_turn_lane"": """", ""bike_lane"": """", ""divided"": ""no"", ""one_way"": """", ""speed_mph"": null}}"
NW 24TH BLVD & NW 45TH AVE,True,14.9,1,29.696102,-82.357094,2.0,,3.0,0.0,0.0,0.0,2.0,,,no,,30.0,"{""24TH BLVD"": {""osm_lanes_max"": 2, ""left_turn_lane"": """", ""bike_lane"": """", ""divided"": ""no"", ""one_way"": """", ""speed_mph"": 30}, ""45TH AVE"": {""osm_lanes_max"": 2, ""left_turn_lane"": """", ""bike_lane"": """", ""divided"": ""no"", ""one_way"": """", ""speed_mph"": null}}"
SW 27TH LN & SW 34TH TER,False,,0,,,,,,,,,,,,,,,
NW 12TH AVE & NW 34TH ST,False,,0,,,,,,,,,,,,,,,
NE 15TH ST & NE 19TH PL,True,13.6,1,29.6699865,-82.3058333,2.0,,2.0,2.0,0.0,0.0,2.0,,,no,,,"{""15TH ST"": {""osm_lanes_max"": 2, ""left_turn_lane"": """", ""bike_lane"": """", ""divided"": ""no"", ""one_way"": """", ""speed_mph"": null}, ""19TH PL"": {""osm_lanes_max"": null, ""left_turn_lane"": """", ""bike_lane"": """", ""divided"": ""no"", ""one_way"": """", ""speed_mph"": null}}"
NE 15TH ST & NE 1ST AVE,True,16.2,1,29.652886,-82.3058468,2.0,,1.0,0.0,1.0,0.0,2.0,,yes,no,,,"{""15TH ST"": {""osm_lanes_max"": 2, ""left_turn_lane"": """", ""bike_lane"": ""yes"", ""divided"": ""no"", ""one_way"": """", ""speed_mph"": null}, ""1ST AVE"": {""osm_lanes_max"": null, ""left_turn_lane"": """", ""bike_lane"": """", ""divided"": ""no"", ""one_way"": """", ""speed_mph"": null}}"
NE 14TH ST & NE 26TH AVE,True,17.3,1,29.6763315,-82.3075462,2.0,,0.0,0.0,0.0,0.0,,,,no,,,"{""14TH ST"": {""osm_lanes_max"": null, ""left_turn_lane"": """", ""bike_lane"": """", ""divided"": ""no"", ""one_way"": """", ""speed_mph"": null}, ""26TH AVE"": {""osm_lanes_max"": null, ""left_turn_lane"": """", ""bike_lane"": """", ""divided"": ""no"", ""one_way"": """", ""speed_mph"": null}}"
NE 14TH TER & NE 16TH AVE,True,12.1,1,29.666518,-82.3067244,2.0,,1.0,1.0,0.0,0.0,2.0,,yes,no,,,"{""14TH TER"": {""osm_lanes_max"": null, ""left_turn_lane"": """", ""bike_lane"": """", ""divided"": ""no"", ""one_way"": """", ""speed_mph"": null}, ""16TH AVE"": {""osm_lanes_max"": 2, ""left_turn_lane"": """", ""bike_lane"": ""yes"", ""divided"": ""no"", ""one_way"": """", ""speed_mph"": null}}"
SW 10TH ST & SW 4TH AVE,True,16.8,1,29.6484298,-82.3350484,2.0,,4.0,3.0,1.0,0.0,2.0,yes,yes,yes,yes,25.0,"{""10TH ST"": {""osm_lanes_max"": 1, ""left_turn_lane"": """", ""bike_lane"": ""yes"", ""divided"": ""no"", ""one_way"": ""yes"", ""speed_mph"": 25}, ""4TH AVE"": {""osm_lanes_max"": 2, ""left_turn_lane"": ""yes"", ""bike_lane"": """", ""divided"": ""yes"", ""one_way"": """", ""speed_mph"": null}}"
SE 4TH TER & SE WILLISTON RD,False,,0,,,,,,,,,,,,,,,
NE 5TH ST & NE 8TH AVE,True,19.6,1,29.659242,-82.320108,2.0,,4.0,0.0,0.0,0.0,2.0,,,no,,,"{""5TH ST"": {""osm_lanes_max"": null, ""left_turn_lane"": """", ""bike_lane"": """", ""divided"": ""no"", ""one_way"": """", ""speed_mph"": null}, ""8TH AVE"": {""osm_lanes_max"": 2, ""left_turn_lane"": """", ""bike_lane"": """", ""divided"": ""no"", ""one_way"": """", ""speed_mph"": null}}"
NE 5TH TER & NE 8TH AVE,True,15.1,1,29.6592297,-82.3193577,2.0,,4.0,0.0,0.0,0.0,2.0,,,no,,,"{""5TH TER"": {""osm_lanes_max"": null, ""left_turn_lane"": """", ""bike_lane"": """", ""divided"": ""no"", ""one_way"": """", ""speed_mph"": null}, ""8TH AVE"": {""osm_lanes_max"": 2, ""left_turn_lane"": """", ""bike_lane"": """", ""divided"": ""no"", ""one_way"": """", ""speed_mph"": null}}"
NE 6TH ST & NE 8TH AVE,True,14.0,1,29.6592934,-82.3185321,2.0,,1.0,0.0,1.0,0.0,2.0,,,no,,,"{""6TH ST"": {""osm_lanes_max"": null, ""left_turn_lane"": """", ""bike_lane"": """", ""divided"": ""no"", ""one_way"": """", ""speed_mph"": null}, ""8TH AVE"": {""osm_lanes_max"": 2, ""left_turn_lane"": """", ""bike_lane"": """", ""divided"": ""no"", ""one_way"": """", ""speed_mph"": null}}"
NW 25TH DR & NW 31ST AVE,False,,0,,,,,,,,,,,,,,,
NW 23RD WAY & NW 66TH CT,True,15.7,1,29.7174042,-82.3568681,2.0,,0.0,0.0,0.0,0.0,,,,no,,,"{""23RD WAY"": {""osm_lanes_max"": null, ""left_turn_lane"": """", ""bike_lane"": """", ""divided"": ""no"", ""one_way"": """", ""speed_mph"": null}, ""66TH CT"": {""osm_lanes_max"": null, ""left_turn_lane"": """", ""bike_lane"": """", ""divided"": ""no"", ""one_way"": """", ""speed_mph"": null}}"
SE 5TH ST & SE 9TH PL,True,13.5,1,29.642263,-82.319151,2.0,,0.0,0.0,0.0,0.0,,,,no,,,"{""5TH ST"": {""osm_lanes_max"": null, ""left_turn_lane"": """", ""bike_lane"": """", ""divided"": ""no"", ""one_way"": """", ""speed_mph"": null}, ""9TH PL"": {""osm_lanes_max"": null, ""left_turn_lane"": """", ""bike_lane"": """", ""divided"": ""no"", ""one_way"": """", ""speed_mph"": null}}"
SORORITY ROW ALLEY WAY & SW 8TH AVE,False,,0,,,,,,,,,,,,,,,
SW 12TH LN & SW 67TH WAY,False,,0,,,,,,,,,,,,,,,
SW 11TH ST & SW 7TH AVE,False,,0,,,,,,,,,,,,,,,
NW 21ST ST & NW 45TH AVE,True,11.9,1,29.6958249,-82.351423,2.0,,4.0,2.0,2.0,0.0,2.0,,,no,,,"{""21ST ST"": {""osm_lanes_max"": 2, ""left_turn_lane"": """", ""bike_lane"": """", ""divided"": ""no"", ""one_way"": """", ""speed_mph"": null}, ""45TH AVE"": {""osm_lanes_max"": 2, ""left_turn_lane"": """", ""bike_lane"": """", ""divided"": ""no"", ""one_way"": """", ""speed_mph"": null}}"
NW 25TH PL & NW 43RD AVE,False,,0,,,,,,,,,,,,,,,
SE 2ND AVE & SE 7TH ST,True,8.5,2,29.650126,-82.3178406,2.0,,5.0,1.0,2.0,0.0,3.0,,yes,yes,,30.0,"{""2ND AVE"": {""osm_lanes_max"": 3, ""left_turn_lane"": """", ""bike_lane"": ""yes"", ""divided"": ""yes"", ""one_way"": """", ""speed_mph"": 30}, ""7TH ST"": {""osm_lanes_max"": null, ""left_turn_lane"": """", ""bike_lane"": """", ""divided"": ""no"", ""one_way"": """", ""speed_mph"": null}}"
SE 2ND PL & SE 3RD ST,True,16.8,1,29.6496642,-82.322382,2.0,,6.0,2.0,1.0,0.0,3.0,yes,,yes,,30.0,"{""2ND PL"": {""osm_lanes_max"": null, ""left_turn_lane"": """", ""bike_lane"": """", ""divided"": ""no"", ""one_way"": """", ""speed_mph"": null}, ""3RD ST"": {""osm_lanes_max"": 3, ""left_turn_lane"": ""yes"", ""bike_lane"": """", ""divided"": ""yes"", ""one_way"": """", ""speed_mph"": 30}}"
SR 226 & SR 24,True,6.2,7,29.6348638,-82.3554267,0.0,yes,2.0,0.0,2.0,0.0,,,,,,,{}
SR 93 & SW ARCHER RD,False,,0,,,,,,,,,,,,,,,
SW 10TH LN & SW 6TH ST,True,16.0,1,29.6414428,-82.330725,2.0,,3.0,1.0,2.0,0.0,2.0,,,no,,,"{""10TH LN"": {""osm_lanes_max"": null, ""left_turn_lane"": """", ""bike_lane"": """", ""divided"": ""no"", ""one_way"": """", ""speed_mph"": null}, ""6TH ST"": {""osm_lanes_max"": 2, ""left_turn_lane"": """", ""bike_lane"": """", ""divided"": ""no"", ""one_way"": """", ""speed_mph"": null}}"
SE 4TH AVE & SE 6TH ST,True,15.5,1,29.6482464,-82.3193193,2.0,,1.0,0.0,1.0,0.0,2.0,,,no,,,"{""4TH AVE"": {""osm_lanes_max"": 2, ""left_turn_lane"": """", ""bike_lane"": """", ""divided"": ""no"", ""one_way"": """", ""speed_mph"": null}, ""6TH ST"": {""osm_lanes_max"": null, ""left_turn_lane"": """", ""bike_lane"": """", ""divided"": ""no"", ""one_way"": """", ""speed_mph"": null}}"
NE 15TH AVE & NE 2ND ST,False,,0,,,,,,,,,,,,,,,
NW 26TH AVE & NW 34TH ST,False,,0,,,,,,,,,,,,,,,
NW 26TH ST & NW 55TH BLVD,True,15.3,1,29.705294,-82.360954,2.0,,0.0,0.0,0.0,0.0,,,,no,,,"{""26TH ST"": {""osm_lanes_max"": null, ""left_turn_lane"": """", ""bike_lane"": """", ""divided"": ""no"", ""one_way"": """", ""speed_mph"": null}, ""55TH BLVD"": {""osm_lanes_max"": null, ""left_turn_lane"": """", ""bike_lane"": """", ""divided"": ""no"", ""one_way"": """", ""speed_mph"": null}}"
NW 26TH ST & NW 62ND AVE,True,14.9,1,29.711724,-82.360851,2.0,,0.0,0.0,0.0,0.0,,,,no,,,"{""26TH ST"": {""osm_lanes_max"": null, ""left_turn_lane"": """", ""bike_lane"": """", ""divided"": ""no"", ""one_way"": """", ""speed_mph"": null}, ""62ND AVE"": {""osm_lanes_max"": null, ""left_turn_lane"": """", ""bike_lane"": """", ""divided"": ""no"", ""one_way"": """", ""speed_mph"": null}}"
NW 26TH TER & NW 49TH PL,False,,0,,,,,,,,,,,,,,,
NW 27TH AVE & NW 34TH ST,True,15.5,1,29.677026,-82.372344,2.0,,3.0,1.0,2.0,0.0,2.0,,yes,no,,40.0,"{""27TH AVE"": {""osm_lanes_max"": null, ""left_turn_lane"": """", ""bike_lane"": ""no"", ""divided"": ""no"", ""one_way"": """", ""speed_mph"": null}, ""34TH ST"": {""osm_lanes_max"": 2, ""left_turn_lane"": """", ""bike_lane"": ""yes"", ""divided"": ""no"", ""one_way"": """", ""speed_mph"": 40}}"
NW 27TH LN & NW 43RD AVE,False,,0,,,,,,,,,,,,,,,
NE 5TH AVE & NE 7TH ST,True,15.2,1,29.655696,-82.317456,2.0,,0.0,0.0,0.0,0.0,,,,no,,,"{""5TH AVE"": {""osm_lanes_max"": null, ""left_turn_lane"": """", ""bike_lane"": """", ""divided"": ""no"", ""one_way"": """", ""speed_mph"": null}, ""7TH ST"": {""osm_lanes_max"": null, ""left_turn_lane"": """", ""bike_lane"": """", ""divided"": ""no"", ""one_way"": """", ""speed_mph"": null}}"
NW 24TH BLVD & NW 49TH PL,True,14.7,1,29.700043,-82.358445,2.0,,1.0,1.0,0.0,0.0,2.0,,,no,,30.0,"{""24TH BLVD"": {""osm_lanes_max"": 2, ""left_turn_lane"": """", ""bike_lane"": """", ""divided"": ""no"", ""one_way"": """", ""speed_mph"": 30}, ""49TH PL"": {""osm_lanes_max"": null, ""left_turn_lane"": """", ""bike_lane"": """", ""divided"": ""no"", ""one_way"": """", ""speed_mph"": 30}}"
SE 1ST ST & SE 6TH AVE,True,15.5,1,29.646486,-82.3237975,2.0,,0.0,0.0,0.0,0.0,,,,no,,,"{""1ST ST"": {""osm_lanes_max"": null, ""left_turn_lane"": """", ""bike_lane"": """", ""divided"": ""no"", ""one_way"": """", ""speed_mph"": null}, ""6TH AVE"": {""osm_lanes_max"": null, ""left_turn_lane"": """", ""bike_lane"": """", ""divided"": ""no"", ""one_way"": """", ""speed_mph"": null}}"
SE 1ST TER & SE WILLISTON RD,True,14.9,3,29.6338884,-82.3191752,2.0,,3.0,2.0,1.0,0.0,3.0,yes,yes,yes,,45.0,"{""1ST TER"": {""osm_lanes_max"": null, ""left_turn_lane"": """", ""bike_lane"": """", ""divided"": ""no"", ""one_way"": """", ""speed_mph"": null}, ""WILLISTON RD"": {""osm_lanes_max"": 3, ""left_turn_lane"": ""yes"", ""bike_lane"": ""yes"", ""divided"": ""yes"", ""one_way"": """", ""speed_mph"": 45}}"
NE 4TH AVE & SE 11TH ST,False,,0,,,,,,,,,,,,,,,
NE 4TH PL & NE 9TH ST,True,16.2,1,29.6552467,-82.3147745,2.0,,1.0,0.0,1.0,0.0,2.0,,yes,no,,,"{""4TH PL"": {""osm_lanes_max"": null, ""left_turn_lane"": """", ""bike_lane"": """", ""divided"": ""no"", ""one_way"": """", ""speed_mph"": null}, ""9TH ST"": {""osm_lanes_max"": 2, ""left_turn_lane"": """", ""bike_lane"": ""yes"", ""divided"": ""no"", ""one_way"": """", ""speed_mph"": null}}"
NW 28TH ST & NW 31ST AVE,False,,0,,,,,,,,,,,,,,,
NW 28TH TER & NW 39TH AVE,True,13.8,1,29.6885982,-82.3643751,2.0,,1.0,0.0,1.0,0.0,5.0,yes,yes,no,,45.0,"{""28TH TER"": {""osm_lanes_max"": null, ""left_turn_lane"": """", ""bike_lane"": ""no"", ""divided"": ""no"", ""one_way"": """", ""speed_mph"": null}, ""39TH AVE"": {""osm_lanes_max"": 5, ""left_turn_lane"": ""yes"", ""bike_lane"": ""yes"", ""divided"": ""no"", ""one_way"": """", ""speed_mph"": 45}}"
NW 28TH TER & NW 41ST PL,True,20.7,1,29.691935,-82.3644498,2.0,,0.0,0.0,0.0,0.0,,,,no,,30.0,"{""28TH TER"": {""osm_lanes_max"": null, ""left_turn_lane"": """", ""bike_lane"": """", ""divided"": ""no"", ""one_way"": """", ""speed_mph"": 30}, ""41ST PL"": {""osm_lanes_max"": null, ""left_turn_lane"": """", ""bike_lane"": """", ""divided"": ""no"", ""one_way"": """", ""speed_mph"": null}}"
NW 28TH TER & NW 45TH AVE,True,15.5,1,29.695929,-82.363992,2.0,,0.0,0.0,0.0,0.0,,,,no,,30.0,"{""28TH TER"": {""osm_lanes_max"": null, ""left_turn_lane"": """", ""bike_lane"": """", ""divided"": ""no"", ""one_way"": """", ""speed_mph"": 30}, ""45TH AVE"": {""osm_lanes_max"": null, ""left_turn_lane"": """", ""bike_lane"": """", ""divided"": ""no"", ""one_way"": """", ""speed_mph"": 30}}"
SE 20TH LN & SE 20TH PL,True,13.6,1,29.631321,-82.3188312,2.0,,1.0,1.0,0.0,0.0,,,,no,,,"{""20TH LN"": {""osm_lanes_max"": null, ""left_turn_lane"": """", ""bike_lane"": """", ""divided"": ""no"", ""one_way"": """", ""speed_mph"": null}, ""20TH PL"": {""osm_lanes_max"": null, ""left_turn_lane"": """", ""bike_lane"": """", ""divided"": ""no"", ""one_way"": """", ""speed_mph"": null}}"
NE 15TH ST & NE 21ST AVE,True,15.2,1,29.672198,-82.305832,2.0,,1.0,1.0,0.0,0.0,2.0,,,no,,,"{""15TH ST"": {""osm_lanes_max"": 2, ""left_turn_lane"": """", ""bike_lane"": """", ""divided"": ""no"", ""one_way"": """", ""speed_mph"": null}, ""21ST AVE"": {""osm_lanes_max"": null, ""left_turn_lane"": """", ""bike_lane"": """", ""divided"": ""no"", ""one_way"": """", ""speed_mph"": null}}"
NE 15TH ST & NE 22ND AVE,True,15.2,1,29.672967,-82.305848,2.0,,1.0,1.0,0.0,0.0,2.0,,,no,,,"{""15TH ST"": {""osm_lanes_max"": 2, ""left_turn_lane"": """", ""bike_lane"": """", ""divided"": ""no"", ""one_way"": """", ""speed_mph"": null}, ""22ND AVE"": {""osm_lanes_max"": null, ""left_turn_lane"": """", ""bike_lane"": """", ""divided"": ""no"", ""one_way"": """", ""speed_mph"": null}}"
NE 15TH ST & NE 26TH ST,True,15.2,1,29.67636,-82.305818,2.0,,1.0,1.0,0.0,0.0,2.0,,,no,,,"{""15TH ST"": {""osm_lanes_max"": 2, ""left_turn_lane"": """", ""bike_lane"": """", ""divided"": ""no"", ""one_way"": """", ""speed_mph"": null}, ""26TH AVE"": {""osm_lanes_max"": null, ""left_turn_lane"": """", ""bike_lane"": """", ""divided"": ""no"", ""one_way"": """", ""speed_mph"": null}}"
SE 24TH ST & SE 5TH LN,False,,0,,,,,,,,,,,,,,,
SE 2ND AVE & SE 3RD ST,True,12.7,4,29.6502871,-82.3223956,2.0,,7.0,3.0,2.0,0.0,2.0,,yes,yes,,30.0,"{""2ND AVE"": {""osm_lanes_max"": 2, ""left_turn_lane"": """", ""bike_lane"": ""yes"", ""divided"": ""yes"", ""one_way"": """", ""speed_mph"": null}, ""3RD ST"": {""osm_lanes_max"": 2, ""left_turn_lane"": """", ""bike_lane"": """", ""divided"": ""yes"", ""one_way"": """", ""speed_mph"": 30}}"
NW 28TH AVE & NW 34TH ST,True,17.5,1,29.67776,-82.372354,2.0,,2.0,2.0,0.0,0.0,2.0,,yes,no,,40.0,"{""28TH AVE"": {""osm_lanes_max"": null, ""left_turn_lane"": """", ""bike_lane"": ""no"", ""divided"": ""no"", ""one_way"": """", ""speed_mph"": null}, ""34TH ST"": {""osm_lanes_max"": 2, ""left_turn_lane"": """", ""bike_lane"": ""yes"", ""divided"": ""no"", ""one_way"": """", ""speed_mph"": 40}}"
SW 12TH ST & SW 3RD AVE,True,10.8,1,29.649299,-82.33712,2.0,,5.0,4.0,1.0,0.0,,,no,no,yes,,"{""12TH ST"": {""osm_lanes_max"": null, ""left_turn_lane"": """", ""bike_lane"": ""no"", ""divided"": ""no"", ""one_way"": ""yes"", ""speed_mph"": null}, ""3RD AVE"": {""osm_lanes_max"": null, ""left_turn_lane"": """", ""bike_lane"": """", ""divided"": ""no"", ""one_way"": """", ""speed_mph"": null}}"
NE 15TH TER & NE 19TH PL,True,15.1,1,29.669339,-82.304927,2.0,,0.0,0.0,0.0,0.0,,,,no,,,"{""15TH TER"": {""osm_lanes_max"": null, ""left_turn_lane"": """", ""bike_lane"": """", ""divided"": ""no"", ""one_way"": """", ""speed_mph"": null}, ""19TH PL"": {""osm_lanes_max"": null, ""left_turn_lane"": """", ""bike_lane"": """", ""divided"": ""no"", ""one_way"": """", ""speed_mph"": null}}"
SE 2ND PL & SE 7TH ST,True,15.8,2,29.6495455,-82.3178917,2.0,,3.0,0.0,3.0,0.0,,,,no,,,"{""2ND PL"": {""osm_lanes_max"": null, ""left_turn_lane"": """", ""bike_lane"": """", ""divided"": ""no"", ""one_way"": """", ""speed_mph"": null}, ""7TH ST"": {""osm_lanes_max"": null, ""left_turn_lane"": """", ""bike_lane"": """", ""divided"": ""no"", ""one_way"": """", ""speed_mph"": null}}"
SE 4TH AVE & SE 4TH ST,True,9.6,1,29.6483832,-82.3215987,2.0,,2.0,0.0,2.0,0.0,3.0,yes,,no,,,"{""4TH AVE"": {""osm_lanes_max"": 3, ""left_turn_lane"": ""yes"", ""bike_lane"": """", ""divided"": ""no"", ""one_way"": """", ""speed_mph"": null}, ""4TH ST"": {""osm_lanes_max"": null, ""left_turn_lane"": """", ""bike_lane"": """", ""divided"": ""no"", ""one_way"": """", ""speed_mph"": null}}"
NW 16TH BLVD & NW 38TH TER,True,11.7,2,29.6707315,-82.381454,2.0,,2.0,2.0,0.0,0.0,3.0,yes,yes,yes,,,"{""16TH BLVD"": {""osm_lanes_max"": 3, ""left_turn_lane"": ""yes"", ""bike_lane"": ""yes"", ""divided"": ""yes"", ""one_way"": """", ""speed_mph"": null}, ""38TH TER"": {""osm_lanes_max"": null, ""left_turn_lane"": """", ""bike_lane"": """", ""divided"": ""no"", ""one_way"": """", ""speed_mph"": null}}"
NW 16TH BLVD & NW 39TH DR,True,7.6,2,29.6717405,-82.3838319,2.0,,3.0,1.0,2.0,0.0,3.0,yes,yes,yes,,,"{""16TH BLVD"": {""osm_lanes_max"": 3, ""left_turn_lane"": ""yes"", ""bike_lane"": ""yes"", ""divided"": ""yes"", ""one_way"": """", ""speed_mph"": null}, ""39TH DR"": {""osm_lanes_max"": null, ""left_turn_lane"": """", ""bike_lane"": """", ""divided"": ""no"", ""one_way"": """", ""speed_mph"": null}}"
NW 16TH PL & NW 51ST TER,False,,0,,,,,,,,,,,,,,,
NW 16TH ST & NW 39TH AVE,True,12.3,1,29.6885296,-82.3430788,2.0,,1.0,0.0,1.0,0.0,5.0,,yes,no,,45.0,"{""16TH ST"": {""osm_lanes_max"": null, ""left_turn_lane"": """", ""bike_lane"": """", ""divided"": ""no"", ""one_way"": """", ""speed_mph"": null}, ""39TH AVE"": {""osm_lanes_max"": 5, ""left_turn_lane"": """", ""bike_lane"": ""yes"", ""divided"": ""no"", ""one_way"": """", ""speed_mph"": 45}}"
NW 12TH PL & NW 43RD ST,True,9.4,2,29.6634031,-82.3890417,3.0,,2.0,0.0,2.0,0.0,,,yes,yes,,45.0,"{""12TH AVE"": {""osm_lanes_max"": null, ""left_turn_lane"": """", ""bike_lane"": """", ""divided"": ""no"", ""one_way"": """", ""speed_mph"": null}, ""12TH PL"": {""osm_lanes_max"": null, ""left_turn_lane"": """", ""bike_lane"": """", ""divided"": ""no"", ""one_way"": """", ""speed_mph"": null}, ""43RD ST"": {""osm_lanes_max"": null, ""left_turn_lane"": """", ""bike_lane"": ""yes"", ""divided"": ""yes"", ""one_way"": """", ""speed_mph"": 45}}"
HAWTHORNE RD & WALDO RD,False,,0,,,,,,,,,,,,,,,
N 7TH AVE & N MAIN ST,False,,0,,,,,,,,,,,,,,,
SW 2ND AVE & SW 7TH TER,True,9.9,2,29.6502538,-82.3323407,2.0,,2.0,2.0,0.0,0.0,2.0,,yes,yes,,,"{""2ND AVE"": {""osm_lanes_max"": 2, ""left_turn_lane"": """", ""bike_lane"": ""yes"", ""divided"": ""yes"", ""one_way"": """", ""speed_mph"": null}, ""7TH TER"": {""osm_lanes_max"": null, ""left_turn_lane"": """", ""bike_lane"": """", ""divided"": ""no"", ""one_way"": """", ""speed_mph"": null}}"
E UNIVERSITY AVE & SE 26TH ST,True,8.2,2,29.6518866,-82.2903804,3.0,,2.0,2.0,0.0,0.0,2.0,,,yes,,45.0,"{""26TH ST"": {""osm_lanes_max"": null, ""left_turn_lane"": """", ""bike_lane"": """", ""divided"": ""no"", ""one_way"": """", ""speed_mph"": null}, ""26TH TER"": {""osm_lanes_max"": null, ""left_turn_lane"": """", ""bike_lane"": """", ""divided"": ""no"", ""one_way"": """", ""speed_mph"": null}, ""UNIVERSITY AVE"": {""osm_lanes_max"": 2, ""left_turn_lane"": """", ""bike_lane"": """", ""divided"": ""yes"", ""one_way"": """", ""speed_mph"": 45}}"
E UNIVERSITY AVE & SE 26TH TER,True,8.3,1,29.6518219,-82.289753,2.0,,1.0,1.0,0.0,0.0,2.0,,,yes,,45.0,"{""26TH TER"": {""osm_lanes_max"": null, ""left_turn_lane"": """", ""bike_lane"": """", ""divided"": ""no"", ""one_way"": """", ""speed_mph"": null}, ""UNIVERSITY AVE"": {""osm_lanes_max"": 2, ""left_turn_lane"": """", ""bike_lane"": """", ""divided"": ""yes"", ""one_way"": """", ""speed_mph"": 45}}"
E UNIVERSITY AVE & SE 31ST ST,True,57.0,1,29.6518135,-82.2849187,1.0,,1.0,1.0,0.0,0.0,2.0,,,yes,,45.0,"{""UNIVERSITY AVE"": {""osm_lanes_max"": 2, ""left_turn_lane"": """", ""bike_lane"": """", ""divided"": ""yes"", ""one_way"": """", ""speed_mph"": 45}}"
E UNIVERSITY AVE & SE 38TH ST,True,15.3,1,29.6518006,-82.2774176,2.0,,3.0,1.0,0.0,0.0,2.0,,,yes,,45.0,"{""38TH ST"": {""osm_lanes_max"": null, ""left_turn_lane"": """", ""bike_lane"": """", ""divided"": ""no"", ""one_way"": """", ""speed_mph"": null}, ""UNIVERSITY AVE"": {""osm_lanes_max"": 2, ""left_turn_lane"": """", ""bike_lane"": """", ""divided"": ""yes"", ""one_way"": """", ""speed_mph"": 45}}"
NE 15TH ST & NE 19TH LN,True,14.0,1,29.6703286,-82.3058362,2.0,,3.0,3.0,0.0,0.0,2.0,,,no,,,"{""15TH ST"": {""osm_lanes_max"": 2, ""left_turn_lane"": """", ""bike_lane"": """", ""divided"": ""no"", ""one_way"": """", ""speed_mph"": null}, ""19TH LN"": {""osm_lanes_max"": null, ""left_turn_lane"": """", ""bike_lane"": """", ""divided"": ""no"", ""one_way"": """", ""speed_mph"": null}}"
NW 28TH TER & NW 62ND AVE,True,15.2,1,29.711741,-82.364563,2.0,,0.0,0.0,0.0,0.0,,,,no,,,"{""28TH TER"": {""osm_lanes_max"": null, ""left_turn_lane"": """", ""bike_lane"": """", ""divided"": ""no"", ""one_way"": """", ""speed_mph"": null}, ""62ND AVE"": {""osm_lanes_max"": null, ""left_turn_lane"": """", ""bike_lane"": """", ""divided"": ""no"", ""one_way"": """", ""speed_mph"": null}}"
NW 28TH TER & NW 63RD PL,True,15.2,1,29.713007,-82.364558,2.0,,0.0,0.0,0.0,0.0,,,,no,,,"{""28TH TER"": {""osm_lanes_max"": null, ""left_turn_lane"": """", ""bike_lane"": """", ""divided"": ""no"", ""one_way"": """", ""speed_mph"": null}, ""63RD PL"": {""osm_lanes_max"": null, ""left_turn_lane"": """", ""bike_lane"": """", ""divided"": ""no"", ""one_way"": """", ""speed_mph"": null}}"
NW 28TH TER & NW 65TH PL,True,15.3,1,29.71479,-82.364555,2.0,,0.0,0.0,0.0,0.0,,,,no,,,"{""28TH TER"": {""osm_lanes_max"": null, ""left_turn_lane"": """", ""bike_lane"": """", ""divided"": ""no"", ""one_way"": """", ""speed_mph"": null}, ""65TH PL"": {""osm_lanes_max"": null, ""left_turn_lane"": """", ""bike_lane"": """", ""divided"": ""no"", ""one_way"": """", ""speed_mph"": null}}"
SE 17TH ST & SE HAWTHORNE RD,True,2.7,2,29.6498294,-82.3030484,2.0,,4.0,3.0,0.0,0.0,2.0,,yes,yes,,35.0,"{""17TH ST"": {""osm_lanes_max"": null, ""left_turn_lane"": """", ""bike_lane"": """", ""divided"": ""no"", ""one_way"": """", ""speed_mph"": null}, ""HAWTHORNE RD"": {""osm_lanes_max"": 2, ""left_turn_lane"": """", ""bike_lane"": ""yes"", ""divided"": ""yes"", ""one_way"": """", ""speed_mph"": 35}}"
SE 20TH PL & SE 3RD TER,True,15.0,1,29.6325988,-82.3162099,2.0,,2.0,0.0,1.0,0.0,,,,yes,,,"{""20TH PL"": {""osm_lanes_max"": null, ""left_turn_lane"": """", ""bike_lane"": """", ""divided"": ""yes"", ""one_way"": """", ""speed_mph"": null}, ""3RD TER"": {""osm_lanes_max"": null, ""left_turn_lane"": """", ""bike_lane"": """", ""divided"": ""no"", ""one_way"": """", ""speed_mph"": null}}"
SE 21ST AVE & SE 4TH ST,True,16.0,1,29.632347,-82.3149813,2.0,,1.0,0.0,1.0,0.0,2.0,,,no,,,"{""21ST AVE"": {""osm_lanes_max"": 2, ""left_turn_lane"": """", ""bike_lane"": """", ""divided"": ""no"", ""one_way"": """", ""speed_mph"": null}, ""4TH ST"": {""osm_lanes_max"": 2, ""left_turn_lane"": """", ""bike_lane"": """", ""divided"": ""no"", ""one_way"": """", ""speed_mph"": null}}"
SE 21ST AVE & SE 5TH ST,False,,0,,,,,,,,,,,,,,,
SE 21ST ST & SE HAWTHORNE RD,True,12.3,2,29.6470449,-82.2975657,2.0,,2.0,2.0,0.0,0.0,2.0,,yes,yes,,45.0,"{""21ST ST"": {""osm_lanes_max"": null, ""left_turn_lane"": """", ""bike_lane"": """", ""divided"": ""no"", ""one_way"": """", ""speed_mph"": null}, ""HAWTHORNE RD"": {""osm_lanes_max"": 2, ""left_turn_lane"": """", ""bike_lane"": ""yes"", ""divided"": ""yes"", ""one_way"": """", ""speed_mph"": 45}}"
NW 29TH TER & NW 62ND AVE,True,15.2,1,29.711746,-82.366342,2.0,,0.0,0.0,0.0,0.0,,,,no,,,"{""29TH TER"": {""osm_lanes_max"": null, ""left_turn_lane"": """", ""bike_lane"": """", ""divided"": ""no"", ""one_way"": """", ""speed_mph"": null}, ""62ND AVE"": {""osm_lanes_max"": null, ""left_turn_lane"": """", ""bike_lane"": """", ""divided"": ""no"", ""one_way"": """", ""speed_mph"": null}}"
NW 29TH TER & NW 65TH PL,True,15.3,1,29.714799,-82.366335,2.0,,0.0,0.0,0.0,0.0,,,,no,,,"{""29TH TER"": {""osm_lanes_max"": null, ""left_turn_lane"": """", ""bike_lane"": """", ""divided"": ""no"", ""one_way"": """", ""speed_mph"": null}, ""65TH PL"": {""osm_lanes_max"": null, ""left_turn_lane"": """", ""bike_lane"": """", ""divided"": ""no"", ""one_way"": """", ""speed_mph"": null}}"
NE 49TH TER & NE 54TH PL,True,15.2,1,29.705307,-82.264775,2.0,,0.0,0.0,0.0,0.0,,,,no,,,"{""49TH TER"": {""osm_lanes_max"": null, ""left_turn_lane"": """", ""bike_lane"": """", ""divided"": ""no"", ""one_way"": """", ""speed_mph"": null}, ""54TH PL"": {""osm_lanes_max"": null, ""left_turn_lane"": """", ""bike_lane"": """", ""divided"": ""no"", ""one_way"": """", ""speed_mph"": null}}"
NE 4TH AVE & NE 5TH ST,True,14.3,1,29.654674,-82.320869,2.0,,4.0,0.0,0.0,0.0,,,,no,,,"{""4TH AVE"": {""osm_lanes_max"": null, ""left_turn_lane"": """", ""bike_lane"": """", ""divided"": ""no"", ""one_way"": """", ""speed_mph"": null}, ""5TH ST"": {""osm_lanes_max"": null, ""left_turn_lane"": """", ""bike_lane"": """", ""divided"": ""no"", ""one_way"": """", ""speed_mph"": null}}"
NE 4TH AVE & NE 7TH ST,True,15.3,1,29.6546979,-82.3175322,2.0,,2.0,1.0,1.0,0.0,,,,no,,,"{""4TH AVE"": {""osm_lanes_max"": null, ""left_turn_lane"": """", ""bike_lane"": """", ""divided"": ""no"", ""one_way"": """", ""speed_mph"": null}, ""7TH ST"": {""osm_lanes_max"": null, ""left_turn_lane"": """", ""bike_lane"": """", ""divided"": ""no"", ""one_way"": """", ""speed_mph"": null}}"
NE 15TH ST & NE 6TH AVE,True,16.2,1,29.656829,-82.3058496,2.0,,1.0,1.0,0.0,0.0,2.0,,yes,no,,,"{""15TH ST"": {""osm_lanes_max"": 2, ""left_turn_lane"": """", ""bike_lane"": ""yes"", ""divided"": ""no"", ""one_way"": """", ""speed_mph"": null}, ""6TH AVE"": {""osm_lanes_max"": null, ""left_turn_lane"": """", ""bike_lane"": """", ""divided"": ""no"", ""one_way"": """", ""speed_mph"": null}}"
NE 15TH TER & NE 16TH AVE,True,16.8,1,29.666507,-82.3049649,2.0,,2.0,1.0,0.0,0.0,2.0,,yes,no,,,"{""15TH TER"": {""osm_lanes_max"": null, ""left_turn_lane"": """", ""bike_lane"": """", ""divided"": ""no"", ""one_way"": """", ""speed_mph"": null}, ""16TH AVE"": {""osm_lanes_max"": 2, ""left_turn_lane"": """", ""bike_lane"": ""yes"", ""divided"": ""no"", ""one_way"": """", ""speed_mph"": null}}"
NE 49TH AVE & NE 49TH TER,True,15.4,1,29.7017981,-82.2659576,2.0,,0.0,0.0,0.0,0.0,,,,no,,30.0,"{""49TH AVE"": {""osm_lanes_max"": null, ""left_turn_lane"": """", ""bike_lane"": """", ""divided"": ""no"", ""one_way"": """", ""speed_mph"": 30}, ""49TH TER"": {""osm_lanes_max"": null, ""left_turn_lane"": """", ""bike_lane"": """", ""divided"": ""no"", ""one_way"": """", ""speed_mph"": null}}"
NE 40TH TER & NE 54TH AVE,False,,0,,,,,,,,,,,,,,,
NE 46TH TER & NE 49TH AVE,False,,0,,,,,,,,,,,,,,,
NW 31ST AVE & NW 9TH ST,True,12.6,1,29.6808682,-82.3335789,2.0,,0.0,0.0,0.0,0.0,,,,no,,,"{""31ST AVE"": {""osm_lanes_max"": null, ""left_turn_lane"": """", ""bike_lane"": """", ""divided"": ""no"", ""one_way"": """", ""speed_mph"": null}, ""9TH ST"": {""osm_lanes_max"": null, ""left_turn_lane"": """", ""bike_lane"": """", ""divided"": ""no"", ""one_way"": """", ""speed_mph"": null}}"
NW 31ST PL & NW 6TH ST,True,17.0,1,29.6818714,-82.3307612,2.0,,2.0,1.0,1.0,0.0,4.0,,no,no,,35.0,"{""31ST PL"": {""osm_lanes_max"": null, ""left_turn_lane"": """", ""bike_lane"": """", ""divided"": ""no"", ""one_way"": """", ""speed_mph"": null}, ""6TH ST"": {""osm_lanes_max"": 4, ""left_turn_lane"": """", ""bike_lane"": ""no"", ""divided"": ""no"", ""one_way"": """", ""speed_mph"": 35}}"
NE 16TH WAY & NE 18TH PL,True,15.3,1,29.668926,-82.301806,2.0,,0.0,0.0,0.0,0.0,,,,no,,,"{""16TH WAY"": {""osm_lanes_max"": null, ""left_turn_lane"": """", ""bike_lane"": """", ""divided"": ""no"", ""one_way"": """", ""speed_mph"": null}, ""18TH PL"": {""osm_lanes_max"": null, ""left_turn_lane"": """", ""bike_lane"": """", ""divided"": ""no"", ""one_way"": """", ""speed_mph"": null}}"
NE 16TH WAY & NE 21ST PL,True,15.2,2,29.670877,-82.300453,2.0,,0.0,0.0,0.0,0.0,,,,no,,,"{""16TH WAY"": {""osm_lanes_max"": null, ""left_turn_lane"": """", ""bike_lane"": """", ""divided"": ""no"", ""one_way"": """", ""speed_mph"": null}, ""21ST PL"": {""osm_lanes_max"": null, ""left_turn_lane"": """", ""bike_lane"": """", ""divided"": ""no"", ""one_way"": """", ""speed_mph"": null}}"
SE 15TH AVE & SE 15TH ST,True,10.4,1,29.6373192,-82.3058703,2.0,,1.0,1.0,0.0,0.0,2.0,,,no,,,"{""15TH AVE"": {""osm_lanes_max"": null, ""left_turn_lane"": """", ""bike_lane"": """", ""divided"": ""no"", ""one_way"": """", ""speed_mph"": null}, ""15TH ST"": {""osm_lanes_max"": 2, ""left_turn_lane"": """", ""bike_lane"": """", ""divided"": ""no"", ""one_way"": """", ""speed_mph"": null}}"
SE 1ST AVE & SE 9TH ST,True,15.9,1,29.6509676,-82.3148937,2.0,,2.0,0.0,0.0,0.0,3.0,yes,,no,,,"{""1ST AVE"": {""osm_lanes_max"": null, ""left_turn_lane"": """", ""bike_lane"": """", ""divided"": ""no"", ""one_way"": """", ""speed_mph"": null}, ""9TH ST"": {""osm_lanes_max"": 3, ""left_turn_lane"": ""yes"", ""bike_lane"": """", ""divided"": ""no"", ""one_way"": """", ""speed_mph"": null}}"
SE 15TH ST & SE 4TH AVE,True,15.5,1,29.648289,-82.305852,2.0,,2.0,1.0,1.0,0.0,2.0,,yes,no,,,"{""15TH ST"": {""osm_lanes_max"": 2, ""left_turn_lane"": """", ""bike_lane"": ""yes"", ""divided"": ""no"", ""one_way"": """", ""speed_mph"": null}, ""4TH AVE"": {""osm_lanes_max"": null, ""left_turn_lane"": """", ""bike_lane"": """", ""divided"": ""no"", ""one_way"": """", ""speed_mph"": null}}"
SE 17TH ST & SE 1ST AVE,True,14.7,1,29.650988,-82.303018,2.0,,0.0,0.0,0.0,0.0,,,,no,,,"{""17TH ST"": {""osm_lanes_max"": null, ""left_turn_lane"": """", ""bike_lane"": """", ""divided"": ""no"", ""one_way"": """", ""speed_mph"": null}, ""1ST AVE"": {""osm_lanes_max"": null, ""left_turn_lane"": """", ""bike_lane"": """", ""divided"": ""no"", ""one_way"": """", ""speed_mph"": null}}"
NW 2ND ST & NW 4TH PL,True,14.1,1,29.655323,-82.3266073,2.0,,0.0,0.0,0.0,0.0,,,,no,yes,,"{""2ND ST"": {""osm_lanes_max"": null, ""left_turn_lane"": """", ""bike_lane"": """", ""divided"": ""no"", ""one_way"": ""yes"", ""speed_mph"": null}, ""4TH PL"": {""osm_lanes_max"": null, ""left_turn_lane"": """", ""bike_lane"": """", ""divided"": ""no"", ""one_way"": """", ""speed_mph"": null}}"
NW 2ND ST & NW 6TH AVE,True,14.8,2,29.6568561,-82.3266166,2.0,,0.0,0.0,0.0,0.0,,,,no,yes,,"{""2ND ST"": {""osm_lanes_max"": null, ""left_turn_lane"": """", ""bike_lane"": """", ""divided"": ""no"", ""one_way"": ""yes"", ""speed_mph"": null}, ""6TH AVE"": {""osm_lanes_max"": null, ""left_turn_lane"": """", ""bike_lane"": """", ""divided"": ""no"", ""one_way"": """", ""speed_mph"": null}}"
NW 2ND ST & NW 7TH AVE,True,14.4,2,29.6579448,-82.3266296,2.0,,0.0,0.0,0.0,0.0,,,,no,yes,,"{""2ND ST"": {""osm_lanes_max"": null, ""left_turn_lane"": """", ""bike_lane"": """", ""divided"": ""no"", ""one_way"": ""yes"", ""speed_mph"": null}, ""7TH AVE"": {""osm_lanes_max"": null, ""left_turn_lane"": """", ""bike_lane"": """", ""divided"": ""no"", ""one_way"": """", ""speed_mph"": null}}"
NW 30TH TER & NW 45TH AVE,True,20.2,1,29.6959315,-82.36764,2.0,,0.0,0.0,0.0,0.0,,,,no,,30.0,"{""30TH TER"": {""osm_lanes_max"": null, ""left_turn_lane"": """", ""bike_lane"": """", ""divided"": ""no"", ""one_way"": """", ""speed_mph"": null}, ""45TH AVE"": {""osm_lanes_max"": null, ""left_turn_lane"": """", ""bike_lane"": """", ""divided"": ""no"", ""one_way"": """", ""speed_mph"": 30}}"
NW 30TH TER & NW 65TH PL,True,15.3,1,29.714793,-82.367218,2.0,,0.0,0.0,0.0,0.0,,,,no,,,"{""30TH TER"": {""osm_lanes_max"": null, ""left_turn_lane"": """", ""bike_lane"": """", ""divided"": ""no"", ""one_way"": """", ""speed_mph"": null}, ""65TH PL"": {""osm_lanes_max"": null, ""left_turn_lane"": """", ""bike_lane"": """", ""divided"": ""no"", ""one_way"": """", ""speed_mph"": null}}"
NW 28TH TER & NW 57TH PL,True,15.3,1,29.70741,-82.36457,2.0,,0.0,0.0,0.0,0.0,,,,no,,,"{""28TH TER"": {""osm_lanes_max"": null, ""left_turn_lane"": """", ""bike_lane"": """", ""divided"": ""no"", ""one_way"": """", ""speed_mph"": null}, ""57TH PL"": {""osm_lanes_max"": null, ""left_turn_lane"": """", ""bike_lane"": """", ""divided"": ""no"", ""one_way"": """", ""speed_mph"": null}}"
SE 13TH PL & SE 15TH ST,True,15.4,1,29.6388217,-82.3058749,2.0,,1.0,1.0,0.0,0.0,2.0,,,no,,,"{""13TH PL"": {""osm_lanes_max"": null, ""left_turn_lane"": """", ""bike_lane"": """", ""divided"": ""no"", ""one_way"": """", ""speed_mph"": null}, ""15TH ST"": {""osm_lanes_max"": 2, ""left_turn_lane"": """", ""bike_lane"": """", ""divided"": ""no"", ""one_way"": """", ""speed_mph"": null}}"
SE 19TH PL & SE 4TH ST,True,16.5,2,29.6338576,-82.3159491,2.0,,3.0,2.0,1.0,0.0,2.0,,,no,,,"{""19TH PL"": {""osm_lanes_max"": null, ""left_turn_lane"": """", ""bike_lane"": """", ""divided"": ""no"", ""one_way"": """", ""speed_mph"": null}, ""4TH ST"": {""osm_lanes_max"": 2, ""left_turn_lane"": """", ""bike_lane"": """", ""divided"": ""no"", ""one_way"": """", ""speed_mph"": null}}"
SE 19TH ST & SE 8TH AVE,True,15.2,1,29.644528,-82.300226,2.0,,1.0,1.0,0.0,0.0,2.0,,yes,no,,,"{""19TH ST"": {""osm_lanes_max"": null, ""left_turn_lane"": """", ""bike_lane"": """", ""divided"": ""no"", ""one_way"": """", ""speed_mph"": null}, ""8TH AVE"": {""osm_lanes_max"": 2, ""left_turn_lane"": """", ""bike_lane"": ""yes"", ""divided"": ""no"", ""one_way"": """", ""speed_mph"": null}}"
E UNIVERSITY AVE & SE 43RD ST,True,7.7,1,29.6517922,-82.2724475,2.0,,1.0,1.0,0.0,0.0,2.0,,,yes,,45.0,"{""43RD ST"": {""osm_lanes_max"": 2, ""left_turn_lane"": """", ""bike_lane"": """", ""divided"": ""no"", ""one_way"": """", ""speed_mph"": null}, ""UNIVERSITY AVE"": {""osm_lanes_max"": 2, ""left_turn_lane"": """", ""bike_lane"": """", ""divided"": ""yes"", ""one_way"": """", ""speed_mph"": 45}}"
E UNIVERSITY AVE & SE 8TH ST,True,13.4,1,29.6519365,-82.316252,2.0,,2.0,2.0,0.0,0.0,5.0,yes,,no,,35.0,"{""8TH ST"": {""osm_lanes_max"": null, ""left_turn_lane"": """", ""bike_lane"": """", ""divided"": ""no"", ""one_way"": """", ""speed_mph"": null}, ""UNIVERSITY AVE"": {""osm_lanes_max"": 5, ""left_turn_lane"": ""yes"", ""bike_lane"": """", ""divided"": ""no"", ""one_way"": """", ""speed_mph"": 35}}"
SW 2ND ST & SW 4TH AVE,True,14.1,1,29.6483384,-82.3265722,2.0,,2.0,2.0,0.0,0.0,2.0,,,no,,,"{""2ND ST"": {""osm_lanes_max"": null, ""left_turn_lane"": """", ""bike_lane"": """", ""divided"": ""no"", ""one_way"": """", ""speed_mph"": null}, ""4TH AVE"": {""osm_lanes_max"": 2, ""left_turn_lane"": """", ""bike_lane"": """", ""divided"": ""no"", ""one_way"": """", ""speed_mph"": null}}"
SW 2ND ST & SW DEPOT AVE,True,15.8,1,29.6443469,-82.3265483,2.0,,1.0,1.0,0.0,0.0,1.0,,yes,yes,,25.0,"{""2ND ST"": {""osm_lanes_max"": null, ""left_turn_lane"": """", ""bike_lane"": """", ""divided"": ""no"", ""one_way"": """", ""speed_mph"": null}, ""DEPOT AVE"": {""osm_lanes_max"": 1, ""left_turn_lane"": """", ""bike_lane"": ""yes"", ""divided"": ""yes"", ""one_way"": """", ""speed_mph"": 25}}"
GALE LEMERAND DR & STADIUM RD,True,9.7,1,29.6486504,-82.3497329,2.0,yes,5.0,4.0,1.0,4.0,3.0,,yes,no,,20.0,"{""GALE LEMERAND DR"": {""osm_lanes_max"": 3, ""left_turn_lane"": """", ""bike_lane"": ""yes"", ""divided"": ""no"", ""one_way"": """", ""speed_mph"": 20}, ""STADIUM RD"": {""osm_lanes_max"": 3, ""left_turn_lane"": """", ""bike_lane"": ""no"", ""divided"": ""no"", ""one_way"": """", ""speed_mph"": 20}}"
NW 12TH RD & NW 13TH ST,True,15.4,1,29.6637952,-82.339163,2.0,,2.0,1.0,1.0,0.0,5.0,,,no,,35.0,"{""12TH RD"": {""osm_lanes_max"": null, ""left_turn_lane"": """", ""bike_lane"": """", ""divided"": ""no"", ""one_way"": """", ""speed_mph"": null}, ""13TH ST"": {""osm_lanes_max"": 5, ""left_turn_lane"": """", ""bike_lane"": """", ""divided"": ""no"", ""one_way"": """", ""speed_mph"": 35}}"
NW 12TH ST & NW 16TH AVE,True,12.2,1,29.666661,-82.3371931,2.0,,2.0,1.0,1.0,0.0,3.0,yes,no,no,,,"{""12TH ST"": {""osm_lanes_max"": 2, ""left_turn_lane"": """", ""bike_lane"": ""no"", ""divided"": ""no"", ""one_way"": """", ""speed_mph"": null}, ""16TH AVE"": {""osm_lanes_max"": 3, ""left_turn_lane"": ""yes"", ""bike_lane"": """", ""divided"": ""no"", ""one_way"": """", ""speed_mph"": null}}"
NW 12TH ST & NW 1ST AVE,False,,0,,,,,,,,,,,,,,,
E UNIVERSITY AVE & NE 16TH ST,True,17.0,1,29.6519938,-82.3044127,2.0,,1.0,1.0,0.0,0.0,2.0,,,yes,,35.0,"{""16TH ST"": {""osm_lanes_max"": null, ""left_turn_lane"": """", ""bike_lane"": """", ""divided"": ""no"", ""one_way"": """", ""speed_mph"": null}, ""UNIVERSITY AVE"": {""osm_lanes_max"": 2, ""left_turn_lane"": """", ""bike_lane"": """", ""divided"": ""yes"", ""one_way"": """", ""speed_mph"": 35}}"
E UNIVERSITY AVE & NE 21ST TER,False,,0,,,,,,,,,,,,,,,
NE 16TH AVE & NE 8TH ST,True,12.8,1,29.6665594,-82.315692,2.0,,2.0,2.0,0.0,0.0,2.0,,yes,no,,,"{""16TH AVE"": {""osm_lanes_max"": 2, ""left_turn_lane"": """", ""bike_lane"": ""yes"", ""divided"": ""no"", ""one_way"": """", ""speed_mph"": null}, ""8TH ST"": {""osm_lanes_max"": null, ""left_turn_lane"": """", ""bike_lane"": """", ""divided"": ""no"", ""one_way"": """", ""speed_mph"": null}}"
NE 16TH TER & NE 19TH PL,True,18.4,1,29.6693873,-82.3041512,2.0,,0.0,0.0,0.0,0.0,,,,no,,,"{""16TH TER"": {""osm_lanes_max"": null, ""left_turn_lane"": """", ""bike_lane"": """", ""divided"": ""no"", ""one_way"": """", ""speed_mph"": null}, ""19TH PL"": {""osm_lanes_max"": null, ""left_turn_lane"": """", ""bike_lane"": """", ""divided"": ""no"", ""one_way"": """", ""speed_mph"": null}}"
NE 16TH TER & NE 5TH PL,True,11.4,1,29.6561548,-82.3037713,2.0,,0.0,0.0,0.0,0.0,,,,no,,,"{""16TH TER"": {""osm_lanes_max"": null, ""left_turn_lane"": """", ""bike_lane"": """", ""divided"": ""no"", ""one_way"": """", ""speed_mph"": null}, ""5TH PL"": {""osm_lanes_max"": null, ""left_turn_lane"": """", ""bike_lane"": """", ""divided"": ""no"", ""one_way"": """", ""speed_mph"": null}}"
SE 12TH AVE & SE 17TH TER,True,16.1,1,29.6402678,-82.3030246,2.0,,0.0,0.0,0.0,0.0,,,,no,,,"{""12TH AVE"": {""osm_lanes_max"": null, ""left_turn_lane"": """", ""bike_lane"": """", ""divided"": ""no"", ""one_way"": """", ""speed_mph"": null}, ""17TH TER"": {""osm_lanes_max"": null, ""left_turn_lane"": """", ""bike_lane"": """", ""divided"": ""no"", ""one_way"": """", ""speed_mph"": null}}"
SE 12TH ST & SE 22ND AVE,False,,0,,,,,,,,,,,,,,,
NE 17TH ST & NE 9TH AVE,False,,0,,,,,,,,,,,,,,,
NE 17TH WAY & NE 20TH PL,True,13.8,1,29.6703295,-82.2999671,2.0,,0.0,0.0,0.0,0.0,,,,no,,,"{""17TH WAY"": {""osm_lanes_max"": null, ""left_turn_lane"": """", ""bike_lane"": """", ""divided"": ""no"", ""one_way"": """", ""speed_mph"": null}, ""21ST PL"": {""osm_lanes_max"": null, ""left_turn_lane"": """", ""bike_lane"": """", ""divided"": ""no"", ""one_way"": """", ""speed_mph"": null}}"
SE 15TH ST & SE 2ND AVE,True,15.1,1,29.6500734,-82.3058455,2.0,,1.0,0.0,1.0,0.0,2.0,,yes,no,,,"{""15TH ST"": {""osm_lanes_max"": 2, ""left_turn_lane"": """", ""bike_lane"": ""yes"", ""divided"": ""no"", ""one_way"": """", ""speed_mph"": null}, ""2ND AVE"": {""osm_lanes_max"": null, ""left_turn_lane"": """", ""bike_lane"": """", ""divided"": ""no"", ""one_way"": """", ""speed_mph"": null}}"
SE 13TH ST & SE 4TH AVE,True,15.3,1,29.648271,-82.30868,2.0,,2.0,0.0,2.0,0.0,,,,no,,,"{""13TH ST"": {""osm_lanes_max"": null, ""left_turn_lane"": """", ""bike_lane"": """", ""divided"": ""no"", ""one_way"": """", ""speed_mph"": null}, ""4TH AVE"": {""osm_lanes_max"": null, ""left_turn_lane"": """", ""bike_lane"": """", ""divided"": ""no"", ""one_way"": """", ""speed_mph"": null}}"
NW 32ND ST & NW 45TH AVE,True,15.7,1,29.6959357,-82.3696535,2.0,,0.0,0.0,0.0,0.0,,,,no,,30.0,"{""32ND ST"": {""osm_lanes_max"": null, ""left_turn_lane"": """", ""bike_lane"": """", ""divided"": ""no"", ""one_way"": """", ""speed_mph"": null}, ""45TH AVE"": {""osm_lanes_max"": null, ""left_turn_lane"": """", ""bike_lane"": """", ""divided"": ""no"", ""one_way"": """", ""speed_mph"": 30}}"
NW 32ND ST & NW 62ND AVE,True,15.3,1,29.711684,-82.369472,2.0,,0.0,0.0,0.0,0.0,,,,no,,,"{""32ND ST"": {""osm_lanes_max"": null, ""left_turn_lane"": """", ""bike_lane"": """", ""divided"": ""no"", ""one_way"": """", ""speed_mph"": null}, ""62ND AVE"": {""osm_lanes_max"": null, ""left_turn_lane"": """", ""bike_lane"": """", ""divided"": ""no"", ""one_way"": """", ""speed_mph"": null}}"
NW 33RD LN & NW 34TH ST,True,19.3,1,29.683627,-82.372364,2.0,,3.0,1.0,2.0,0.0,2.0,,yes,no,,40.0,"{""33RD LN"": {""osm_lanes_max"": null, ""left_turn_lane"": """", ""bike_lane"": ""no"", ""divided"": ""no"", ""one_way"": """", ""speed_mph"": null}, ""34TH ST"": {""osm_lanes_max"": 2, ""left_turn_lane"": """", ""bike_lane"": ""yes"", ""divided"": ""no"", ""one_way"": """", ""speed_mph"": 40}}"
SE 14TH ST & SE 2ND AVE,True,11.9,1,29.6500755,-82.3072738,2.0,,4.0,0.0,4.0,0.0,,,,no,,,"{""14TH ST"": {""osm_lanes_max"": null, ""left_turn_lane"": """", ""bike_lane"": """", ""divided"": ""no"", ""one_way"": """", ""speed_mph"": null}, ""2ND AVE"": {""osm_lanes_max"": null, ""left_turn_lane"": """", ""bike_lane"": """", ""divided"": ""no"", ""one_way"": """", ""speed_mph"": null}}"
SE 14TH ST & SE 3RD AVE,True,14.6,1,29.6491566,-82.3072768,2.0,,4.0,2.0,2.0,0.0,2.0,,yes,no,,,"{""14TH ST"": {""osm_lanes_max"": null, ""left_turn_lane"": """", ""bike_lane"": """", ""divided"": ""no"", ""one_way"": """", ""speed_mph"": null}, ""3RD AVE"": {""osm_lanes_max"": 2, ""left_turn_lane"": """", ""bike_lane"": ""yes"", ""divided"": ""no"", ""one_way"": """", ""speed_mph"": null}}"
SE 14TH ST & SE 4TH AVE,True,17.7,1,29.648245,-82.3072044,2.0,,1.0,0.0,1.0,0.0,,,,no,,,"{""14TH ST"": {""osm_lanes_max"": null, ""left_turn_lane"": """", ""bike_lane"": """", ""divided"": ""no"", ""one_way"": """", ""speed_mph"": null}, ""4TH AVE"": {""osm_lanes_max"": null, ""left_turn_lane"": """", ""bike_lane"": """", ""divided"": ""no"", ""one_way"": """", ""speed_mph"": null}}"
SE 14TH TER & SE 7TH AVE,True,15.1,1,29.6457769,-82.306531,2.0,,1.0,1.0,0.0,0.0,2.0,,,no,,,"{""14TH TER"": {""osm_lanes_max"": null, ""left_turn_lane"": """", ""bike_lane"": """", ""divided"": ""no"", ""one_way"": """", ""speed_mph"": null}, ""7TH AVE"": {""osm_lanes_max"": 2, ""left_turn_lane"": """", ""bike_lane"": """", ""divided"": ""no"", ""one_way"": """", ""speed_mph"": null}}"
NE 16TH AVE & NE 6TH TER,True,15.2,1,29.666575,-82.318272,2.0,,2.0,2.0,0.0,0.0,2.0,,yes,no,,,"{""16TH AVE"": {""osm_lanes_max"": 2, ""left_turn_lane"": """", ""bike_lane"": ""yes"", ""divided"": ""no"", ""one_way"": """", ""speed_mph"": null}, ""6TH TER"": {""osm_lanes_max"": null, ""left_turn_lane"": """", ""bike_lane"": """", ""divided"": ""no"", ""one_way"": """", ""speed_mph"": null}}"
NE 16TH AVE & NE 7TH TER,True,13.0,1,29.6665636,-82.3165111,2.0,,2.0,0.0,2.0,0.0,2.0,,yes,no,,,"{""16TH AVE"": {""osm_lanes_max"": 2, ""left_turn_lane"": """", ""bike_lane"": ""yes"", ""divided"": ""no"", ""one_way"": """", ""speed_mph"": null}, ""7TH TER"": {""osm_lanes_max"": null, ""left_turn_lane"": """", ""bike_lane"": """", ""divided"": ""no"", ""one_way"": """", ""speed_mph"": null}}"
SE 13TH AVE & SE 4TH ST,True,13.4,1,29.6384306,-82.3182659,2.0,,1.0,0.0,1.0,0.0,2.0,,,no,,,"{""13TH AVE"": {""osm_lanes_max"": null, ""left_turn_lane"": """", ""bike_lane"": """", ""divided"": ""no"", ""one_way"": """", ""speed_mph"": null}, ""4TH ST"": {""osm_lanes_max"": 2, ""left_turn_lane"": """", ""bike_lane"": """", ""divided"": ""no"", ""one_way"": """", ""speed_mph"": null}}"
S MAIN ST & SW 3RD AVE,True,14.8,1,29.6490009,-82.3249924,2.0,,3.0,1.0,2.0,0.0,3.0,yes,yes,no,,30.0,"{""3RD AVE"": {""osm_lanes_max"": null, ""left_turn_lane"": """", ""bike_lane"": """", ""divided"": ""no"", ""one_way"": """", ""speed_mph"": null}, ""MAIN ST"": {""osm_lanes_max"": 3, ""left_turn_lane"": ""yes"", ""bike_lane"": ""yes"", ""divided"": ""no"", ""one_way"": """", ""speed_mph"": 30}}"
NW 34TH ST & NW 41ST AVE,True,15.2,1,29.6910287,-82.3722966,2.0,,1.0,1.0,0.0,0.0,2.0,,yes,no,,40.0,"{""34TH ST"": {""osm_lanes_max"": 2, ""left_turn_lane"": """", ""bike_lane"": ""yes"", ""divided"": ""no"", ""one_way"": """", ""speed_mph"": 40}, ""41ST AVE"": {""osm_lanes_max"": null, ""left_turn_lane"": """", ""bike_lane"": """", ""divided"": ""no"", ""one_way"": """", ""speed_mph"": null}}"
NW 34TH ST & NW 42ND AVE,False,,0,,,,,,,,,,,,,,,
NW 34TH ST & NW 44TH PL,True,15.2,1,29.695107,-82.372266,2.0,,2.0,1.0,1.0,0.0,3.0,yes,yes,yes,,40.0,"{""34TH ST"": {""osm_lanes_max"": 3, ""left_turn_lane"": ""yes"", ""bike_lane"": ""yes"", ""divided"": ""no"", ""one_way"": """", ""speed_mph"": 40}, ""44TH PL"": {""osm_lanes_max"": null, ""left_turn_lane"": ""yes"", ""bike_lane"": """", ""divided"": ""yes"", ""one_way"": """", ""speed_mph"": null}}"
NW 34TH ST & NW 45TH AVE,True,15.2,1,29.695926,-82.372268,2.0,,1.0,1.0,0.0,0.0,3.0,yes,yes,no,,40.0,"{""34TH ST"": {""osm_lanes_max"": 3, ""left_turn_lane"": ""yes"", ""bike_lane"": ""yes"", ""divided"": ""no"", ""one_way"": """", ""speed_mph"": 40}, ""45TH AVE"": {""osm_lanes_max"": null, ""left_turn_lane"": """", ""bike_lane"": """", ""divided"": ""no"", ""one_way"": """", ""speed_mph"": 30}}"
NW 34TH ST & NW 50TH AVE,False,,0,,,,,,,,,,,,,,,
NW 34TH ST & NW 51ST PL,False,,0,,,,,,,,,,,,,,,
SE 13TH PL & SE 17TH TER,True,15.2,1,29.638813,-82.302895,2.0,,0.0,0.0,0.0,0.0,,,,no,,,"{""13TH PL"": {""osm_lanes_max"": null, ""left_turn_lane"": """", ""bike_lane"": """", ""divided"": ""no"", ""one_way"": """", ""speed_mph"": null}, ""17TH TER"": {""osm_lanes_max"": null, ""left_turn_lane"": """", ""bike_lane"": """", ""divided"": ""no"", ""one_way"": """", ""speed_mph"": null}}"
SE 11TH PL & SE 4TH ST,True,15.2,1,29.6398263,-82.3189666,2.0,,2.0,0.0,2.0,0.0,2.0,,,no,,,"{""11TH PL"": {""osm_lanes_max"": null, ""left_turn_lane"": """", ""bike_lane"": """", ""divided"": ""no"", ""one_way"": """", ""speed_mph"": null}, ""4TH ST"": {""osm_lanes_max"": 2, ""left_turn_lane"": """", ""bike_lane"": """", ""divided"": ""no"", ""one_way"": """", ""speed_mph"": null}}"
NE 2ND ST & NE 35TH AVE,True,15.3,1,29.684667,-82.322396,2.0,,0.0,0.0,0.0,0.0,,,,no,,,"{""2ND ST"": {""osm_lanes_max"": null, ""left_turn_lane"": """", ""bike_lane"": """", ""divided"": ""no"", ""one_way"": """", ""speed_mph"": null}, ""35TH AVE"": {""osm_lanes_max"": null, ""left_turn_lane"": """", ""bike_lane"": """", ""divided"": ""no"", ""one_way"": """", ""speed_mph"": null}}"
NE 2ND ST & NE 4TH AVE,True,14.6,1,29.6546779,-82.323134,2.0,,7.0,1.0,0.0,0.0,,,,no,yes,,"{""2ND ST"": {""osm_lanes_max"": null, ""left_turn_lane"": """", ""bike_lane"": """", ""divided"": ""no"", ""one_way"": ""yes"", ""speed_mph"": null}, ""4TH AVE"": {""osm_lanes_max"": null, ""left_turn_lane"": """", ""bike_lane"": """", ""divided"": ""no"", ""one_way"": """", ""speed_mph"": null}}"
NE 31ST AVE & NW 15TH ST,False,,0,,,,,,,,,,,,,,,
NE 33RD AVE & NE 4TH ST,True,12.7,1,29.6824318,-82.32049,2.0,,0.0,0.0,0.0,0.0,,,,no,,,"{""33RD AVE"": {""osm_lanes_max"": null, ""left_turn_lane"": """", ""bike_lane"": """", ""divided"": ""no"", ""one_way"": """", ""speed_mph"": null}, ""4TH ST"": {""osm_lanes_max"": null, ""left_turn_lane"": """", ""bike_lane"": """", ""divided"": ""no"", ""one_way"": """", ""speed_mph"": null}}"
NW 32ND AVE & NW 6TH ST,True,14.0,1,29.6821367,-82.3307592,2.0,,2.0,1.0,1.0,0.0,4.0,,no,no,,35.0,"{""32ND AVE"": {""osm_lanes_max"": null, ""left_turn_lane"": """", ""bike_lane"": """", ""divided"": ""no"", ""one_way"": """", ""speed_mph"": null}, ""6TH ST"": {""osm_lanes_max"": 4, ""left_turn_lane"": """", ""bike_lane"": ""no"", ""divided"": ""no"", ""one_way"": """", ""speed_mph"": 35}}"
SE 11TH ST & SE 8TH AVE,True,7.9,2,29.6446222,-82.3115188,2.0,,1.0,1.0,0.0,0.0,2.0,,yes,yes,,35.0,"{""11TH ST"": {""osm_lanes_max"": 2, ""left_turn_lane"": """", ""bike_lane"": ""yes"", ""divided"": ""yes"", ""one_way"": """", ""speed_mph"": 35}, ""8TH AVE"": {""osm_lanes_max"": null, ""left_turn_lane"": """", ""bike_lane"": """", ""divided"": ""no"", ""one_way"": """", ""speed_mph"": null}}"
SE 11TH ST & SE 9TH AVE,True,6.4,1,29.6434112,-82.3114518,2.0,,3.0,3.0,0.0,0.0,3.0,yes,yes,yes,,35.0,"{""11TH ST"": {""osm_lanes_max"": 3, ""left_turn_lane"": ""yes"", ""bike_lane"": ""yes"", ""divided"": ""yes"", ""one_way"": """", ""speed_mph"": 35}, ""9TH AVE"": {""osm_lanes_max"": null, ""left_turn_lane"": """", ""bike_lane"": """", ""divided"": ""no"", ""one_way"": """", ""speed_mph"": 25}}"
NE 18TH AVE & NE 9TH ST,True,15.8,1,29.6682176,-82.3147739,2.0,,4.0,3.0,1.0,0.0,2.0,,yes,no,,,"{""18TH AVE"": {""osm_lanes_max"": null, ""left_turn_lane"": """", ""bike_lane"": """", ""divided"": ""no"", ""one_way"": """", ""speed_mph"": null}, ""9TH ST"": {""osm_lanes_max"": 2, ""left_turn_lane"": """", ""bike_lane"": ""yes"", ""divided"": ""no"", ""one_way"": """", ""speed_mph"": null}}"
NE 18TH PL & NE 20TH ST,False,,0,,,,,,,,,,,,,,,
NE 18TH PL & NE WALDO RD,True,8.4,2,29.6682566,-82.3005825,2.0,,0.0,0.0,0.0,0.0,3.0,yes,,yes,,45.0,"{""18TH PL"": {""osm_lanes_max"": null, ""left_turn_lane"": """", ""bike_lane"": """", ""divided"": ""no"", ""one_way"": """", ""speed_mph"": null}, ""WALDO RD"": {""osm_lanes_max"": 3, ""left_turn_lane"": ""yes"", ""bike_lane"": """", ""divided"": ""yes"", ""one_way"": """", ""speed_mph"": 45}}"
NE 18TH ST & NE 1ST AVE,True,15.0,1,29.6528401,-82.3016704,2.0,,1.0,1.0,0.0,0.0,,,,no,,,"{""18TH ST"": {""osm_lanes_max"": null, ""left_turn_lane"": """", ""bike_lane"": """", ""divided"": ""no"", ""one_way"": """", ""speed_mph"": null}, ""1ST AVE"": {""osm_lanes_max"": null, ""left_turn_lane"": """", ""bike_lane"": """", ""divided"": ""no"", ""one_way"": """", ""speed_mph"": null}}"
E UNIVERSITY AVE & NE 43RD TER,True,22.3,1,29.6519228,-82.2719765,2.0,,2.0,2.0,0.0,0.0,2.0,,,yes,,45.0,"{""43RD TER"": {""osm_lanes_max"": null, ""left_turn_lane"": """", ""bike_lane"": """", ""divided"": ""no"", ""one_way"": """", ""speed_mph"": null}, ""UNIVERSITY AVE"": {""osm_lanes_max"": 2, ""left_turn_lane"": """", ""bike_lane"": """", ""divided"": ""yes"", ""one_way"": """", ""speed_mph"": 45}}"
SW 2ND PL & SW 38TH ST,True,15.1,1,29.649966,-82.380906,2.0,,0.0,0.0,0.0,0.0,,,,no,,,"{""2ND PL"": {""osm_lanes_max"": null, ""left_turn_lane"": """", ""bike_lane"": """", ""divided"": ""no"", ""one_way"": """", ""speed_mph"": null}, ""38TH ST"": {""osm_lanes_max"": null, ""left_turn_lane"": """", ""bike_lane"": """", ""divided"": ""no"", ""one_way"": """", ""speed_mph"": null}}"
NW 16TH AVE & NW 21ST ST,True,8.6,2,29.6667296,-82.3513794,2.0,,1.0,1.0,0.0,0.0,3.0,yes,yes,yes,,40.0,"{""16TH AVE"": {""osm_lanes_max"": 3, ""left_turn_lane"": ""yes"", ""bike_lane"": ""yes"", ""divided"": ""yes"", ""one_way"": """", ""speed_mph"": 40}, ""21ST ST"": {""osm_lanes_max"": null, ""left_turn_lane"": """", ""bike_lane"": """", ""divided"": ""no"", ""one_way"": """", ""speed_mph"": null}}"
NW 16TH AVE & NW 24TH ST,True,9.4,2,29.6667527,-82.3584687,2.0,,1.0,1.0,0.0,0.0,3.0,yes,yes,yes,,40.0,"{""16TH AVE"": {""osm_lanes_max"": 3, ""left_turn_lane"": ""yes"", ""bike_lane"": ""yes"", ""divided"": ""yes"", ""one_way"": """", ""speed_mph"": 40}, ""24TH ST"": {""osm_lanes_max"": null, ""left_turn_lane"": """", ""bike_lane"": """", ""divided"": ""no"", ""one_way"": """", ""speed_mph"": null}}"
NW 12TH ST & NW 6TH AVE,True,14.0,1,29.6562935,-82.3371219,2.0,,1.0,1.0,0.0,0.0,,,no,no,yes,,"{""12TH ST"": {""osm_lanes_max"": null, ""left_turn_lane"": """", ""bike_lane"": ""no"", ""divided"": ""no"", ""one_way"": ""yes"", ""speed_mph"": null}, ""6TH AVE"": {""osm_lanes_max"": null, ""left_turn_lane"": """", ""bike_lane"": """", ""divided"": ""no"", ""one_way"": """", ""speed_mph"": null}}"
NW 12TH ST & NW 7TH AVE,True,15.9,1,29.6575303,-82.337104,2.0,,2.0,2.0,0.0,0.0,,,no,no,yes,,"{""12TH ST"": {""osm_lanes_max"": null, ""left_turn_lane"": """", ""bike_lane"": ""no"", ""divided"": ""no"", ""one_way"": ""yes"", ""speed_mph"": null}, ""7TH AVE"": {""osm_lanes_max"": null, ""left_turn_lane"": """", ""bike_lane"": """", ""divided"": ""no"", ""one_way"": """", ""speed_mph"": null}}"
CLARKE BUTLER BLVD & SW 42ND ST,False,,0,,,,,,,,,,,,,,,
CR 231 & SW 34TH BLVD,False,,0,,,,,,,,,,,,,,,
CR- & SW 6ND BLVD,False,,0,,,,,,,,,,,,,,,
NE 18TH ST & NE 3RD AVE,True,9.4,1,29.6537646,-82.3016667,2.0,,3.0,2.0,1.0,0.0,,,,no,,,"{""18TH ST"": {""osm_lanes_max"": null, ""left_turn_lane"": """", ""bike_lane"": """", ""divided"": ""no"", ""one_way"": """", ""speed_mph"": null}, ""3RD AVE"": {""osm_lanes_max"": null, ""left_turn_lane"": """", ""bike_lane"": """", ""divided"": ""no"", ""one_way"": """", ""speed_mph"": null}}"
SE 10TH ST & SE 1ST AVE,False,,0,,,,,,,,,,,,,,,
SE 10TH ST & SE 4TH AVE,False,,0,,,,,,,,,,,,,,,
NW 35TH ST & NW 5TH AVE,True,14.6,1,29.655202,-82.374833,2.0,,0.0,0.0,0.0,0.0,,,,no,,,"{""35TH ST"": {""osm_lanes_max"": null, ""left_turn_lane"": """", ""bike_lane"": """", ""divided"": ""no"", ""one_way"": """", ""speed_mph"": null}, ""5TH AVE"": {""osm_lanes_max"": null, ""left_turn_lane"": """", ""bike_lane"": """", ""divided"": ""no"", ""one_way"": """", ""speed_mph"": null}}"
PLAZA BLVD & SW 30TH PL,False,,0,,,,,,,,,,,,,,,
S MAIN ST & SE 13TH,False,,0,,,,,,,,,,,,,,,
NW 34TH ST & NW 54TH AVE,True,15.2,1,29.704383,-82.37212,2.0,,0.0,0.0,0.0,0.0,,,,no,,,"{""34TH ST"": {""osm_lanes_max"": null, ""left_turn_lane"": """", ""bike_lane"": """", ""divided"": ""no"", ""one_way"": """", ""speed_mph"": null}, ""54TH AVE"": {""osm_lanes_max"": null, ""left_turn_lane"": """", ""bike_lane"": """", ""divided"": ""no"", ""one_way"": """", ""speed_mph"": null}}"
NW 34TH ST & NW 77TH AVE,False,,0,,,,,,,,,,,,,,,
NW 34TH AVE & NW 8TH AVE,False,,0,,,,,,,,,,,,,,,
NW 36TH AVE & NW 36TH RD,True,13.4,1,29.6857226,-82.3337835,2.0,,0.0,0.0,0.0,0.0,,,,no,,,"{""36TH AVE"": {""osm_lanes_max"": null, ""left_turn_lane"": """", ""bike_lane"": """", ""divided"": ""no"", ""one_way"": """", ""speed_mph"": null}, ""36TH RD"": {""osm_lanes_max"": null, ""left_turn_lane"": """", ""bike_lane"": """", ""divided"": ""no"", ""one_way"": """", ""speed_mph"": null}}"
NW 36TH AVE & NW 6TH ST,True,16.5,1,29.6854919,-82.3307577,2.0,,0.0,0.0,0.0,0.0,4.0,,no,no,,35.0,"{""36TH AVE"": {""osm_lanes_max"": null, ""left_turn_lane"": """", ""bike_lane"": """", ""divided"": ""no"", ""one_way"": """", ""speed_mph"": null}, ""6TH ST"": {""osm_lanes_max"": 4, ""left_turn_lane"": """", ""bike_lane"": ""no"", ""divided"": ""no"", ""one_way"": """", ""speed_mph"": 35}}"
NW 36TH DR & NW 8TH AVE,True,18.3,1,29.659515,-82.378056,2.0,,3.0,1.0,2.0,0.0,4.0,,,no,,,"{""36TH DR"": {""osm_lanes_max"": null, ""left_turn_lane"": """", ""bike_lane"": """", ""divided"": ""no"", ""one_way"": """", ""speed_mph"": null}, ""8TH AVE"": {""osm_lanes_max"": 4, ""left_turn_lane"": """", ""bike_lane"": """", ""divided"": ""no"", ""one_way"": """", ""speed_mph"": null}}"
NW 36TH DR & W UNIVERSITY AVE,True,6.1,2,29.6518391,-82.3782374,2.0,,1.0,1.0,0.0,0.0,3.0,yes,yes,yes,,35.0,"{""36TH DR"": {""osm_lanes_max"": null, ""left_turn_lane"": """", ""bike_lane"": """", ""divided"": ""no"", ""one_way"": """", ""speed_mph"": null}, ""UNIVERSITY AVE"": {""osm_lanes_max"": 3, ""left_turn_lane"": ""yes"", ""bike_lane"": ""yes"", ""divided"": ""yes"", ""one_way"": """", ""speed_mph"": 35}}"
NW 36TH ST & NW 7TH AVE,True,16.4,1,29.657912,-82.376436,2.0,,0.0,0.0,0.0,0.0,,,,no,,,"{""36TH ST"": {""osm_lanes_max"": null, ""left_turn_lane"": """", ""bike_lane"": """", ""divided"": ""no"", ""one_way"": """", ""speed_mph"": null}, ""7TH AVE"": {""osm_lanes_max"": null, ""left_turn_lane"": """", ""bike_lane"": """", ""divided"": ""no"", ""one_way"": """", ""speed_mph"": null}}"
NE 25TH ST & NE 3RD PL,True,15.5,1,29.6542584,-82.2922977,2.0,,2.0,2.0,0.0,0.0,2.0,,yes,no,,,"{""25TH ST"": {""osm_lanes_max"": 2, ""left_turn_lane"": """", ""bike_lane"": ""yes"", ""divided"": ""no"", ""one_way"": """", ""speed_mph"": null}, ""3RD PL"": {""osm_lanes_max"": null, ""left_turn_lane"": """", ""bike_lane"": """", ""divided"": ""no"", ""one_way"": """", ""speed_mph"": null}}"
NE 25TH ST & NE 4TH AVE,True,11.5,1,29.654938,-82.292307,2.0,,2.0,2.0,0.0,0.0,2.0,,yes,no,,,"{""25TH ST"": {""osm_lanes_max"": 2, ""left_turn_lane"": """", ""bike_lane"": ""yes"", ""divided"": ""no"", ""one_way"": """", ""speed_mph"": null}, ""4TH AVE"": {""osm_lanes_max"": null, ""left_turn_lane"": """", ""bike_lane"": """", ""divided"": ""no"", ""one_way"": """", ""speed_mph"": null}}"
NW 34TH PL & NW 42ND TER,True,18.3,1,29.684574,-82.388258,2.0,,0.0,0.0,0.0,0.0,,,,no,,,"{""34TH PL"": {""osm_lanes_max"": null, ""left_turn_lane"": """", ""bike_lane"": """", ""divided"": ""no"", ""one_way"": """", ""speed_mph"": null}, ""42ND TER"": {""osm_lanes_max"": null, ""left_turn_lane"": """", ""bike_lane"": """", ""divided"": ""no"", ""one_way"": """", ""speed_mph"": null}}"
NW 34TH PL & NW 6TH ST,True,16.7,1,29.684592,-82.3307604,2.0,,0.0,0.0,0.0,0.0,4.0,,no,no,,35.0,"{""34TH PL"": {""osm_lanes_max"": null, ""left_turn_lane"": """", ""bike_lane"": """", ""divided"": ""no"", ""one_way"": """", ""speed_mph"": null}, ""6TH ST"": {""osm_lanes_max"": 4, ""left_turn_lane"": """", ""bike_lane"": ""no"", ""divided"": ""no"", ""one_way"": """", ""speed_mph"": 35}}"
SE 10TH AVE & SE 1ST ST,True,17.6,1,29.6407877,-82.3218602,2.0,,2.0,2.0,0.0,0.0,,,,no,,,"{""10TH AVE"": {""osm_lanes_max"": null, ""left_turn_lane"": """", ""bike_lane"": """", ""divided"": ""no"", ""one_way"": """", ""speed_mph"": null}, ""1ST ST"": {""osm_lanes_max"": null, ""left_turn_lane"": """", ""bike_lane"": """", ""divided"": ""no"", ""one_way"": """", ""speed_mph"": null}}"
OLD ARCHER RD & SW 35TH PL,False,,0,,,,,,,,,,,,,,,
SW 34TH ST & VA ENTRANCE,False,,0,,,,,,,,,,,,,,,
SW 30TH TER & SW 41ST LN,True,16.1,1,29.617149,-82.367478,2.0,,0.0,0.0,0.0,0.0,,,,no,,,"{""30TH TER"": {""osm_lanes_max"": null, ""left_turn_lane"": """", ""bike_lane"": """", ""divided"": ""no"", ""one_way"": """", ""speed_mph"": null}, ""41ST LN"": {""osm_lanes_max"": null, ""left_turn_lane"": """", ""bike_lane"": """", ""divided"": ""no"", ""one_way"": """", ""speed_mph"": null}}"
NW 13 TH ST & NW 7TH AVE,False,,0,,,,,,,,,,,,,,,
NW 13TH & NW 14TH AVE,False,,0,,,,,,,,,,,,,,,
NW 13TH AVE & NW 16TH AVE,False,,0,,,,,,,,,,,,,,,
NW 15TH PL & NW 43RD ST,True,15.6,1,29.6667211,-82.389006,2.0,,1.0,0.0,1.0,0.0,5.0,,yes,yes,,45.0,"{""15TH PL"": {""osm_lanes_max"": null, ""left_turn_lane"": """", ""bike_lane"": """", ""divided"": ""no"", ""one_way"": """", ""speed_mph"": null}, ""43RD ST"": {""osm_lanes_max"": 5, ""left_turn_lane"": """", ""bike_lane"": ""yes"", ""divided"": ""yes"", ""one_way"": """", ""speed_mph"": 45}}"
NW 14TH PL & NW 43ST ST,False,,0,,,,,,,,,,,,,,,
SW 31ST DR & SW 41ST LN,True,18.5,1,29.616678,-82.369016,2.0,,4.0,2.0,2.0,0.0,,,,no,,,"{""31ST DR"": {""osm_lanes_max"": null, ""left_turn_lane"": """", ""bike_lane"": """", ""divided"": ""no"", ""one_way"": """", ""speed_mph"": null}, ""41ST LN"": {""osm_lanes_max"": null, ""left_turn_lane"": """", ""bike_lane"": """", ""divided"": ""no"", ""one_way"": """", ""speed_mph"": null}}"
SW 35TH TER & SW 42ND AVE,True,17.7,2,29.6139378,-82.3752963,2.0,,0.0,0.0,0.0,0.0,,,,no,,,"{""35TH TER"": {""osm_lanes_max"": null, ""left_turn_lane"": """", ""bike_lane"": """", ""divided"": ""no"", ""one_way"": """", ""speed_mph"": null}, ""42ND AVE"": {""osm_lanes_max"": null, ""left_turn_lane"": """", ""bike_lane"": """", ""divided"": ""no"", ""one_way"": """", ""speed_mph"": null}}"
NE 25TH TER & NE 8TH AVE,True,14.9,1,29.6592255,-82.2910784,2.0,,0.0,0.0,0.0,0.0,,,,no,,,"{""25TH TER"": {""osm_lanes_max"": null, ""left_turn_lane"": """", ""bike_lane"": """", ""divided"": ""no"", ""one_way"": """", ""speed_mph"": null}, ""8TH AVE"": {""osm_lanes_max"": null, ""left_turn_lane"": """", ""bike_lane"": """", ""divided"": ""no"", ""one_way"": """", ""speed_mph"": null}}"
NE 26TH TER & NE 2ND PL,True,15.7,1,29.6534228,-82.2903479,2.0,,1.0,0.0,1.0,0.0,,,,no,,,"{""26TH TER"": {""osm_lanes_max"": null, ""left_turn_lane"": """", ""bike_lane"": """", ""divided"": ""no"", ""one_way"": """", ""speed_mph"": null}, ""2ND PL"": {""osm_lanes_max"": null, ""left_turn_lane"": """", ""bike_lane"": """", ""divided"": ""no"", ""one_way"": """", ""speed_mph"": null}}"
NE 26TH TER & NE 8TH AVE,True,14.0,1,29.659236,-82.29013,2.0,,0.0,0.0,0.0,0.0,,,,no,,,"{""26TH TER"": {""osm_lanes_max"": null, ""left_turn_lane"": """", ""bike_lane"": """", ""divided"": ""no"", ""one_way"": """", ""speed_mph"": null}, ""8TH AVE"": {""osm_lanes_max"": null, ""left_turn_lane"": """", ""bike_lane"": """", ""divided"": ""no"", ""one_way"": """", ""speed_mph"": null}}"
NW 36TH TER & W UNIVERSITY AVE,True,17.4,1,29.6519273,-82.3774406,2.0,,2.0,1.0,1.0,0.0,3.0,yes,yes,yes,,35.0,"{""36TH TER"": {""osm_lanes_max"": null, ""left_turn_lane"": """", ""bike_lane"": """", ""divided"": ""no"", ""one_way"": """", ""speed_mph"": null}, ""UNIVERSITY AVE"": {""osm_lanes_max"": 3, ""left_turn_lane"": ""yes"", ""bike_lane"": ""yes"", ""divided"": ""yes"", ""one_way"": """", ""speed_mph"": 35}}"
NW 34TH ST & SR 231,False,,0,,,,,,,,,,,,,,,
NW 35TH DR & NW 53RD AVE,True,15.2,1,29.703366,-82.3761964,2.0,,0.0,0.0,0.0,0.0,2.0,,yes,no,,,"{""35TH DR"": {""osm_lanes_max"": null, ""left_turn_lane"": """", ""bike_lane"": """", ""divided"": ""no"", ""one_way"": """", ""speed_mph"": null}, ""53RD AVE"": {""osm_lanes_max"": 2, ""left_turn_lane"": """", ""bike_lane"": ""yes"", ""divided"": ""no"", ""one_way"": """", ""speed_mph"": null}}"
NW 74TH PL & US 441,False,,0,,,,,,,,,,,,,,,
NW 7TH AVE & NW 8TH ST,True,15.2,1,29.6574902,-82.3328867,2.0,,1.0,0.0,1.0,0.0,,,,no,,,"{""7TH AVE"": {""osm_lanes_max"": null, ""left_turn_lane"": """", ""bike_lane"": """", ""divided"": ""no"", ""one_way"": """", ""speed_mph"": null}, ""8TH ST"": {""osm_lanes_max"": null, ""left_turn_lane"": """", ""bike_lane"": """", ""divided"": ""no"", ""one_way"": """", ""speed_mph"": null}}"
S MAIN ST & SE 13TH RD,True,12.2,1,29.637737,-82.326778,2.0,,4.0,1.0,2.0,0.0,4.0,,yes,no,,45.0,"{""13TH RD"": {""osm_lanes_max"": null, ""left_turn_lane"": """", ""bike_lane"": """", ""divided"": ""no"", ""one_way"": """", ""speed_mph"": null}, ""MAIN ST"": {""osm_lanes_max"": 4, ""left_turn_lane"": """", ""bike_lane"": ""yes"", ""divided"": ""no"", ""one_way"": """", ""speed_mph"": 45}}"
S MAIN ST & SE 4TH PL,True,14.6,1,29.647752,-82.3249845,2.0,yes,1.0,1.0,0.0,0.0,3.0,yes,yes,no,yes,35.0,"{""4TH PL"": {""osm_lanes_max"": null, ""left_turn_lane"": """", ""bike_lane"": """", ""divided"": ""no"", ""one_way"": ""yes"", ""speed_mph"": null}, ""MAIN ST"": {""osm_lanes_max"": 3, ""left_turn_lane"": ""yes"", ""bike_lane"": ""yes"", ""divided"": ""no"", ""one_way"": """", ""speed_mph"": 35}}"
S MAIN ST & SW 10TH AVE,False,,0,,,,,,,,,,,,,,,
S MAIN ST & SW 23RD PL,True,21.0,1,29.6303282,-82.3295096,2.0,,1.0,0.0,1.0,0.0,3.0,yes,,yes,,45.0,"{""23RD PL"": {""osm_lanes_max"": null, ""left_turn_lane"": """", ""bike_lane"": """", ""divided"": ""no"", ""one_way"": """", ""speed_mph"": null}, ""MAIN ST"": {""osm_lanes_max"": 3, ""left_turn_lane"": ""yes"", ""bike_lane"": """", ""divided"": ""yes"", ""one_way"": """", ""speed_mph"": 45}}"
S MAIN ST & SW 26TH PL,True,6.7,2,29.6278936,-82.3302441,2.0,,1.0,0.0,1.0,0.0,2.0,,,yes,,45.0,"{""26TH PL"": {""osm_lanes_max"": null, ""left_turn_lane"": """", ""bike_lane"": """", ""divided"": ""no"", ""one_way"": """", ""speed_mph"": null}, ""MAIN ST"": {""osm_lanes_max"": 2, ""left_turn_lane"": """", ""bike_lane"": """", ""divided"": ""yes"", ""one_way"": """", ""speed_mph"": 45}}"
S MAIN ST & SW 33RD PL,True,9.3,1,29.6217635,-82.3315443,2.0,,1.0,0.0,1.0,0.0,2.0,,,yes,,45.0,"{""33RD PL"": {""osm_lanes_max"": null, ""left_turn_lane"": """", ""bike_lane"": """", ""divided"": ""no"", ""one_way"": """", ""speed_mph"": null}, ""MAIN ST"": {""osm_lanes_max"": 2, ""left_turn_lane"": """", ""bike_lane"": """", ""divided"": ""yes"", ""one_way"": """", ""speed_mph"": 45}}"
NW 37TH DR & NW 67TH PL,False,,0,,,,,,,,,,,,,,,
NW 37TH DR & NW 8TH AVE,True,17.2,1,29.659527,-82.380071,2.0,,5.0,1.0,4.0,0.0,4.0,,,no,,,"{""37TH DR"": {""osm_lanes_max"": null, ""left_turn_lane"": """", ""bike_lane"": """", ""divided"": ""no"", ""one_way"": """", ""speed_mph"": null}, ""8TH AVE"": {""osm_lanes_max"": 4, ""left_turn_lane"": """", ""bike_lane"": """", ""divided"": ""no"", ""one_way"": """", ""speed_mph"": null}}"
NW 37TH ST & NW 56TH LN,True,15.3,1,29.707135,-82.378649,2.0,,0.0,0.0,0.0,0.0,,,,yes,,,"{""37TH ST"": {""osm_lanes_max"": null, ""left_turn_lane"": """", ""bike_lane"": """", ""divided"": ""yes"", ""one_way"": """", ""speed_mph"": null}, ""56TH LN"": {""osm_lanes_max"": null, ""left_turn_lane"": """", ""bike_lane"": """", ""divided"": ""no"", ""one_way"": """", ""speed_mph"": null}}"
NE 25TH ST & NE 5TH PL,True,17.2,1,29.6563259,-82.2923261,2.0,,2.0,2.0,0.0,0.0,2.0,,yes,no,,,"{""25TH ST"": {""osm_lanes_max"": 2, ""left_turn_lane"": """", ""bike_lane"": ""yes"", ""divided"": ""no"", ""one_way"": """", ""speed_mph"": null}, ""5TH PL"": {""osm_lanes_max"": null, ""left_turn_lane"": """", ""bike_lane"": """", ""divided"": ""no"", ""one_way"": """", ""speed_mph"": null}}"
NE 25TH ST & NE 6TH AVE,True,16.1,1,29.6570037,-82.2923354,2.0,,2.0,2.0,0.0,0.0,2.0,,yes,no,,,"{""25TH ST"": {""osm_lanes_max"": 2, ""left_turn_lane"": """", ""bike_lane"": ""yes"", ""divided"": ""no"", ""one_way"": """", ""speed_mph"": null}, ""6TH AVE"": {""osm_lanes_max"": null, ""left_turn_lane"": """", ""bike_lane"": """", ""divided"": ""no"", ""one_way"": """", ""speed_mph"": null}}"
NE 19TH TER & NE 8TH AVE,True,6.1,2,29.6592098,-82.2999918,2.0,,4.0,3.0,0.0,0.0,2.0,,yes,no,,,"{""19TH TER"": {""osm_lanes_max"": 2, ""left_turn_lane"": """", ""bike_lane"": ""yes"", ""divided"": ""no"", ""one_way"": """", ""speed_mph"": null}, ""8TH AVE"": {""osm_lanes_max"": 2, ""left_turn_lane"": """", ""bike_lane"": """", ""divided"": ""no"", ""one_way"": """", ""speed_mph"": null}}"
NE 17TH ST & NE 1ST AVE,True,15.2,1,29.6528463,-82.3030118,2.0,,0.0,0.0,0.0,0.0,,,,no,,,"{""17TH ST"": {""osm_lanes_max"": null, ""left_turn_lane"": """", ""bike_lane"": """", ""divided"": ""no"", ""one_way"": """", ""speed_mph"": null}, ""1ST AVE"": {""osm_lanes_max"": null, ""left_turn_lane"": """", ""bike_lane"": """", ""divided"": ""no"", ""one_way"": """", ""speed_mph"": null}}"
NE 17TH ST & NE 3RD AVE,True,15.1,1,29.653784,-82.303012,2.0,,0.0,0.0,0.0,0.0,,,,no,,,"{""17TH ST"": {""osm_lanes_max"": null, ""left_turn_lane"": """", ""bike_lane"": """", ""divided"": ""no"", ""one_way"": """", ""speed_mph"": null}, ""3RD AVE"": {""osm_lanes_max"": null, ""left_turn_lane"": """", ""bike_lane"": """", ""divided"": ""no"", ""one_way"": """", ""speed_mph"": null}}"
NW 3RD ST & NW 7TH AVE,True,14.7,1,29.6578746,-82.3279201,2.0,,0.0,0.0,0.0,0.0,,,,no,yes,,"{""3RD ST"": {""osm_lanes_max"": null, ""left_turn_lane"": """", ""bike_lane"": """", ""divided"": ""no"", ""one_way"": ""yes"", ""speed_mph"": null}, ""7TH AVE"": {""osm_lanes_max"": null, ""left_turn_lane"": """", ""bike_lane"": """", ""divided"": ""no"", ""one_way"": """", ""speed_mph"": null}}"
NW 43RD ST & W UNIVERSITY AVE,True,18.8,1,29.652271,-82.389566,2.0,,0.0,0.0,0.0,0.0,2.0,,,no,,,"{""43RD TER"": {""osm_lanes_max"": 2, ""left_turn_lane"": """", ""bike_lane"": """", ""divided"": ""no"", ""one_way"": """", ""speed_mph"": null}, ""UNIVERSITY AVE"": {""osm_lanes_max"": 1, ""left_turn_lane"": """", ""bike_lane"": """", ""divided"": ""no"", ""one_way"": """", ""speed_mph"": null}}"
NW 40TH DR & NW 67TH PL,True,15.3,1,29.716445,-82.384535,2.0,,0.0,0.0,0.0,0.0,,,,no,,,"{""40TH DR"": {""osm_lanes_max"": null, ""left_turn_lane"": """", ""bike_lane"": """", ""divided"": ""no"", ""one_way"": """", ""speed_mph"": null}, ""67TH PL"": {""osm_lanes_max"": null, ""left_turn_lane"": """", ""bike_lane"": """", ""divided"": ""no"", ""one_way"": """", ""speed_mph"": null}}"
NW 37TH TER & NW 8TH AVE,True,17.6,2,29.6595195,-82.3788435,2.0,,5.0,2.0,3.0,0.0,4.0,,,no,,,"{""37TH TER"": {""osm_lanes_max"": null, ""left_turn_lane"": """", ""bike_lane"": """", ""divided"": ""no"", ""one_way"": """", ""speed_mph"": null}, ""8TH AVE"": {""osm_lanes_max"": 4, ""left_turn_lane"": """", ""bike_lane"": """", ""divided"": ""no"", ""one_way"": """", ""speed_mph"": null}}"
NW 64TH TER & NW 9TH BLVD,True,39.4,1,29.663652,-82.411798,2.0,,0.0,0.0,0.0,0.0,,,,no,,,"{""64TH TER"": {""osm_lanes_max"": null, ""left_turn_lane"": """", ""bike_lane"": """", ""divided"": ""no"", ""one_way"": """", ""speed_mph"": null}, ""9TH BLVD"": {""osm_lanes_max"": null, ""left_turn_lane"": """", ""bike_lane"": """", ""divided"": ""no"", ""one_way"": """", ""speed_mph"": null}}"
NW 93RD AVE & US 441,False,,0,,,,,,,,,,,,,,,
NW 6TH ST & NW 7TH AVE,True,8.1,2,29.6574735,-82.3306544,2.0,,6.0,1.0,0.0,0.0,3.0,yes,,no,,,"{""6TH ST"": {""osm_lanes_max"": 3, ""left_turn_lane"": ""yes"", ""bike_lane"": """", ""divided"": ""no"", ""one_way"": """", ""speed_mph"": null}, ""7TH AVE"": {""osm_lanes_max"": null, ""left_turn_lane"": """", ""bike_lane"": """", ""divided"": ""no"", ""one_way"": """", ""speed_mph"": null}}"
NW 6TH ST & NW 8TH PL,True,18.2,1,29.6597787,-82.3308981,2.0,yes,4.0,2.0,1.0,0.0,5.0,yes,,no,,30.0,"{""6TH ST"": {""osm_lanes_max"": 5, ""left_turn_lane"": ""yes"", ""bike_lane"": """", ""divided"": ""no"", ""one_way"": """", ""speed_mph"": 30}, ""8TH PL"": {""osm_lanes_max"": null, ""left_turn_lane"": """", ""bike_lane"": """", ""divided"": ""no"", ""one_way"": """", ""speed_mph"": null}}"
NW 38TH ST & NW 39TH AVE,False,,0,,,,,,,,,,,,,,,
NW 39TH AVE & NW 45TH ST,True,27.6,1,29.6885983,-82.391044,2.0,,3.0,2.0,1.0,0.0,5.0,yes,yes,yes,,45.0,"{""39TH AVE"": {""osm_lanes_max"": 5, ""left_turn_lane"": ""yes"", ""bike_lane"": ""yes"", ""divided"": ""yes"", ""one_way"": """", ""speed_mph"": 45}, ""45TH ST"": {""osm_lanes_max"": null, ""left_turn_lane"": """", ""bike_lane"": """", ""divided"": ""no"", ""one_way"": """", ""speed_mph"": null}}"
NW 39TH AVE & NW 48TH TER,True,9.3,2,29.6886689,-82.3946291,2.0,,3.0,3.0,0.0,0.0,3.0,yes,yes,yes,,45.0,"{""39TH AVE"": {""osm_lanes_max"": 3, ""left_turn_lane"": ""yes"", ""bike_lane"": ""yes"", ""divided"": ""yes"", ""one_way"": """", ""speed_mph"": 45}, ""48TH TER"": {""osm_lanes_max"": null, ""left_turn_lane"": """", ""bike_lane"": """", ""divided"": ""no"", ""one_way"": """", ""speed_mph"": null}}"
NW 39TH AVE & NW 51ST ST,True,10.4,8,29.6886841,-82.397396,2.0,yes,4.0,0.0,0.0,0.0,3.0,yes,yes,yes,,45.0,"{""39TH AVE"": {""osm_lanes_max"": 2, ""left_turn_lane"": """", ""bike_lane"": ""yes"", ""divided"": ""yes"", ""one_way"": """", ""speed_mph"": 45}, ""51ST ST"": {""osm_lanes_max"": 3, ""left_turn_lane"": ""yes"", ""bike_lane"": ""yes"", ""divided"": ""no"", ""one_way"": """", ""speed_mph"": null}}"
NW 39TH PL & NW 48TH TER,False,,0,,,,,,,,,,,,,,,
NW 39TH RD & NW 40TH TER,True,15.2,1,29.656971,-82.38656,2.0,,0.0,0.0,0.0,0.0,2.0,,yes,no,,,"{""39TH RD"": {""osm_lanes_max"": 2, ""left_turn_lane"": """", ""bike_lane"": ""yes"", ""divided"": ""no"", ""one_way"": """", ""speed_mph"": null}, ""40TH TER"": {""osm_lanes_max"": null, ""left_turn_lane"": """", ""bike_lane"": """", ""divided"": ""no"", ""one_way"": """", ""speed_mph"": null}}"
NW 37TH AVE & NW 6TH ST,True,17.3,1,29.6866266,-82.3307559,2.0,,0.0,0.0,0.0,0.0,4.0,,no,no,,35.0,"{""37TH AVE"": {""osm_lanes_max"": null, ""left_turn_lane"": """", ""bike_lane"": """", ""divided"": ""no"", ""one_way"": """", ""speed_mph"": null}, ""6TH ST"": {""osm_lanes_max"": 4, ""left_turn_lane"": """", ""bike_lane"": ""no"", ""divided"": ""no"", ""one_way"": """", ""speed_mph"": 35}}"
NW 37TH DR & NW 64TH PL,True,15.3,1,29.71363,-82.379873,2.0,,0.0,0.0,0.0,0.0,,,,no,,,"{""37TH DR"": {""osm_lanes_max"": null, ""left_turn_lane"": """", ""bike_lane"": """", ""divided"": ""no"", ""one_way"": """", ""speed_mph"": null}, ""64TH PL"": {""osm_lanes_max"": null, ""left_turn_lane"": """", ""bike_lane"": """", ""divided"": ""no"", ""one_way"": """", ""speed_mph"": null}}"
NW 7TH TER & W UNIVERSITY AVE,True,16.6,1,29.6520562,-82.3324501,2.0,yes,5.0,1.0,1.0,0.0,5.0,yes,,no,,30.0,"{""7TH TER"": {""osm_lanes_max"": null, ""left_turn_lane"": """", ""bike_lane"": """", ""divided"": ""no"", ""one_way"": """", ""speed_mph"": null}, ""UNIVERSITY AVE"": {""osm_lanes_max"": 5, ""left_turn_lane"": ""yes"", ""bike_lane"": """", ""divided"": ""no"", ""one_way"": """", ""speed_mph"": 30}}"
NE 21ST LN & NE 2ND ST,True,16.1,1,29.6725921,-82.3199224,2.0,,0.0,0.0,0.0,0.0,,,yes,no,,,"{""21ST LN"": {""osm_lanes_max"": null, ""left_turn_lane"": """", ""bike_lane"": """", ""divided"": ""no"", ""one_way"": """", ""speed_mph"": null}, ""2ND ST"": {""osm_lanes_max"": null, ""left_turn_lane"": """", ""bike_lane"": ""yes"", ""divided"": ""no"", ""one_way"": """", ""speed_mph"": null}}"
NW 82ND BLVD & NW 82ND RD,True,16.6,1,29.7293546,-82.3949894,2.0,,2.0,2.0,0.0,0.0,,,,no,,,"{""82ND BLVD"": {""osm_lanes_max"": null, ""left_turn_lane"": """", ""bike_lane"": """", ""divided"": ""no"", ""one_way"": """", ""speed_mph"": null}, ""82ND RD"": {""osm_lanes_max"": null, ""left_turn_lane"": """", ""bike_lane"": """", ""divided"": ""no"", ""one_way"": """", ""speed_mph"": null}}"
NW 8TH AVE & NW 9TH ST,True,13.4,1,29.6594084,-82.3339652,2.0,,1.0,0.0,1.0,0.0,3.0,yes,yes,no,,,"{""8TH AVE"": {""osm_lanes_max"": 3, ""left_turn_lane"": ""yes"", ""bike_lane"": ""yes"", ""divided"": ""no"", ""one_way"": """", ""speed_mph"": null}, ""9TH ST"": {""osm_lanes_max"": null, ""left_turn_lane"": """", ""bike_lane"": """", ""divided"": ""no"", ""one_way"": """", ""speed_mph"": null}}"
NW 14TH TER & NW 6TH AVE,True,15.6,1,29.6563619,-82.3409128,2.0,,0.0,0.0,0.0,0.0,,,,no,,,"{""14TH TER"": {""osm_lanes_max"": null, ""left_turn_lane"": """", ""bike_lane"": """", ""divided"": ""no"", ""one_way"": """", ""speed_mph"": null}, ""6TH AVE"": {""osm_lanes_max"": null, ""left_turn_lane"": """", ""bike_lane"": """", ""divided"": ""no"", ""one_way"": """", ""speed_mph"": null}}"
NW 156TH AVE & TREE FARM RD,False,,0,,,,,,,,,,,,,,,
NW 15TH AVE & NW 39TH ST,True,14.3,1,29.666227,-82.382805,2.0,,0.0,0.0,0.0,0.0,,,,no,,,"{""15TH AVE"": {""osm_lanes_max"": null, ""left_turn_lane"": """", ""bike_lane"": """", ""divided"": ""no"", ""one_way"": """", ""speed_mph"": null}, ""39TH ST"": {""osm_lanes_max"": null, ""left_turn_lane"": """", ""bike_lane"": """", ""divided"": ""no"", ""one_way"": """", ""speed_mph"": null}}"
SW 39TH TER & W NEWBERRY RD,False,,0,,,,,,,,,,,,,,,
SW 3RD AVE & SW 3RD ST,True,15.2,1,29.648983,-82.327984,2.0,,4.0,0.0,3.0,0.0,,,,no,yes,,"{""3RD AVE"": {""osm_lanes_max"": null, ""left_turn_lane"": """", ""bike_lane"": """", ""divided"": ""no"", ""one_way"": """", ""speed_mph"": null}, ""3RD ST"": {""osm_lanes_max"": null, ""left_turn_lane"": """", ""bike_lane"": """", ""divided"": ""no"", ""one_way"": ""yes"", ""speed_mph"": null}}"
SW 3RD AVE & SW 5TH ST,True,14.9,1,29.6489809,-82.32954,2.0,,4.0,1.0,2.0,0.0,,,,no,,,"{""3RD AVE"": {""osm_lanes_max"": null, ""left_turn_lane"": """", ""bike_lane"": """", ""divided"": ""no"", ""one_way"": """", ""speed_mph"": null}, ""5TH ST"": {""osm_lanes_max"": null, ""left_turn_lane"": """", ""bike_lane"": """", ""divided"": ""no"", ""one_way"": """", ""speed_mph"": null}}"
SW 34TH ST & SW 62ND BLVD,False,,0,,,,,,,,,,,,,,,
NW 13TH ST & NW 6TH EXTENSION,False,,0,,,,,,,,,,,,,,,
NW 13TH ST & NW 93RD ST,False,,0,,,,,,,,,,,,,,,
NW 5TH AVE & NW 8TH ST,True,10.8,1,29.6556692,-82.3329101,2.0,,7.0,0.0,0.0,0.0,,,,no,,,"{""5TH AVE"": {""osm_lanes_max"": null, ""left_turn_lane"": """", ""bike_lane"": """", ""divided"": ""no"", ""one_way"": """", ""speed_mph"": null}, ""8TH ST"": {""osm_lanes_max"": null, ""left_turn_lane"": """", ""bike_lane"": """", ""divided"": ""no"", ""one_way"": """", ""speed_mph"": null}}"
NW 3RD ST & NW 4TH PL,True,15.8,1,29.6553227,-82.327932,2.0,,1.0,0.0,0.0,0.0,,,,no,yes,,"{""3RD ST"": {""osm_lanes_max"": null, ""left_turn_lane"": """", ""bike_lane"": """", ""divided"": ""no"", ""one_way"": ""yes"", ""speed_mph"": null}, ""4TH PL"": {""osm_lanes_max"": null, ""left_turn_lane"": """", ""bike_lane"": """", ""divided"": ""no"", ""one_way"": """", ""speed_mph"": null}}"
NW 3RD ST & NW 5TH AVE,True,15.2,1,29.655633,-82.32793,2.0,,1.0,0.0,0.0,0.0,,,,no,yes,,"{""3RD ST"": {""osm_lanes_max"": null, ""left_turn_lane"": """", ""bike_lane"": """", ""divided"": ""no"", ""one_way"": ""yes"", ""speed_mph"": null}, ""5TH AVE"": {""osm_lanes_max"": null, ""left_turn_lane"": """", ""bike_lane"": """", ""divided"": ""no"", ""one_way"": """", ""speed_mph"": null}}"
SW 41ST PL & SW 69TH TER,True,13.5,1,29.616271,-82.416832,2.0,,0.0,0.0,0.0,0.0,2.0,,,no,,30.0,"{""41ST PL"": {""osm_lanes_max"": 2, ""left_turn_lane"": """", ""bike_lane"": """", ""divided"": ""no"", ""one_way"": """", ""speed_mph"": 30}, ""69TH TER"": {""osm_lanes_max"": null, ""left_turn_lane"": """", ""bike_lane"": """", ""divided"": ""no"", ""one_way"": """", ""speed_mph"": null}}"
SW 41ST ST & W UNIVERSITY AVE,True,8.0,1,29.652185,-82.386981,2.0,,0.0,0.0,0.0,0.0,,,,no,,,"{""41ST ST"": {""osm_lanes_max"": null, ""left_turn_lane"": """", ""bike_lane"": """", ""divided"": ""no"", ""one_way"": """", ""speed_mph"": null}, ""UNIVERSITY AVE"": {""osm_lanes_max"": null, ""left_turn_lane"": """", ""bike_lane"": """", ""divided"": ""no"", ""one_way"": """", ""speed_mph"": null}}"
SW 42ND ST & SW 7TH AVE,True,9.7,1,29.6460709,-82.3883678,2.0,,0.0,0.0,0.0,0.0,,,,no,,,"{""42ND ST"": {""osm_lanes_max"": null, ""left_turn_lane"": """", ""bike_lane"": """", ""divided"": ""no"", ""one_way"": """", ""speed_mph"": null}, ""7TH AVE"": {""osm_lanes_max"": null, ""left_turn_lane"": """", ""bike_lane"": """", ""divided"": ""no"", ""one_way"": """", ""speed_mph"": null}}"
SW 44TH ST & SW ARCHER RD,True,4.2,1,29.6148781,-82.3905213,2.0,,2.0,2.0,0.0,0.0,3.0,yes,yes,yes,,45.0,"{""44TH ST"": {""osm_lanes_max"": null, ""left_turn_lane"": """", ""bike_lane"": """", ""divided"": ""no"", ""one_way"": """", ""speed_mph"": null}, ""ARCHER RD"": {""osm_lanes_max"": 3, ""left_turn_lane"": ""yes"", ""bike_lane"": ""yes"", ""divided"": ""yes"", ""one_way"": """", ""speed_mph"": 45}}"
SW 45TH ST & SW ARCHER RD,True,3.6,4,29.6144784,-82.3915076,2.0,yes,2.0,2.0,0.0,0.0,5.0,yes,yes,yes,,45.0,"{""45TH ST"": {""osm_lanes_max"": 4, ""left_turn_lane"": """", ""bike_lane"": """", ""divided"": ""yes"", ""one_way"": """", ""speed_mph"": 35}, ""ARCHER RD"": {""osm_lanes_max"": 5, ""left_turn_lane"": ""yes"", ""bike_lane"": ""yes"", ""divided"": ""yes"", ""one_way"": """", ""speed_mph"": 45}}"
SW 46TH DR & SW 62ND AVE,True,14.9,1,29.5967938,-82.3956236,2.0,,0.0,0.0,0.0,0.0,2.0,,,no,,,"{""49TH ST"": {""osm_lanes_max"": null, ""left_turn_lane"": """", ""bike_lane"": """", ""divided"": ""no"", ""one_way"": """", ""speed_mph"": null}, ""62ND AVE"": {""osm_lanes_max"": 2, ""left_turn_lane"": """", ""bike_lane"": """", ""divided"": ""no"", ""one_way"": """", ""speed_mph"": null}}"
SW 35TH BLVD & UNNAMED ST,False,,0,,,,,,,,,,,,,,,
ACCESS RD & NW 53RD AVE,False,,0,,,,,,,,,,,,,,,
SW 57TH TER & SW 9TH PL,False,,0,,,,,,,,,,,,,,,
NW 69TH TER & NW 9TH BLVD,True,15.4,1,29.6611259,-82.4164253,2.0,,0.0,0.0,0.0,0.0,2.0,,,no,,,"{""69TH TER"": {""osm_lanes_max"": 2, ""left_turn_lane"": """", ""bike_lane"": """", ""divided"": ""no"", ""one_way"": """", ""speed_mph"": null}, ""9TH BLVD"": {""osm_lanes_max"": null, ""left_turn_lane"": """", ""bike_lane"": """", ""divided"": ""no"", ""one_way"": """", ""speed_mph"": null}}"
NW 53RD TER & NW 82ND BLVD,True,17.7,1,29.730083,-82.4005777,2.0,,0.0,0.0,0.0,0.0,,,,no,,,"{""53RD TER"": {""osm_lanes_max"": null, ""left_turn_lane"": """", ""bike_lane"": """", ""divided"": ""no"", ""one_way"": """", ""speed_mph"": null}, ""82ND BLVD"": {""osm_lanes_max"": null, ""left_turn_lane"": """", ""bike_lane"": """", ""divided"": ""no"", ""one_way"": """", ""speed_mph"": null}}"
NW 55TH ST & NW 9TH LN,True,15.0,1,29.661101,-82.401541,2.0,,4.0,0.0,4.0,0.0,2.0,,yes,no,,,"{""55TH ST"": {""osm_lanes_max"": 2, ""left_turn_lane"": """", ""bike_lane"": ""yes"", ""divided"": ""no"", ""one_way"": """", ""speed_mph"": null}, ""9TH LN"": {""osm_lanes_max"": null, ""left_turn_lane"": """", ""bike_lane"": """", ""divided"": ""no"", ""one_way"": """", ""speed_mph"": null}}"
NW 41ST DR & NW 62ND AVE,True,8.7,2,29.7115666,-82.386818,2.0,,0.0,0.0,0.0,0.0,,,,yes,,,"{""41ST DR"": {""osm_lanes_max"": null, ""left_turn_lane"": """", ""bike_lane"": """", ""divided"": ""no"", ""one_way"": """", ""speed_mph"": null}, ""62ND AVE"": {""osm_lanes_max"": null, ""left_turn_lane"": """", ""bike_lane"": """", ""divided"": ""yes"", ""one_way"": """", ""speed_mph"": null}}"
NE 23RD AVE & NE 6TH TER,True,16.5,1,29.673871,-82.3182719,2.0,,1.0,1.0,0.0,0.0,4.0,,,no,,40.0,"{""23RD AVE"": {""osm_lanes_max"": 4, ""left_turn_lane"": """", ""bike_lane"": """", ""divided"": ""no"", ""one_way"": """", ""speed_mph"": 40}, ""6TH TER"": {""osm_lanes_max"": null, ""left_turn_lane"": """", ""bike_lane"": """", ""divided"": ""no"", ""one_way"": """", ""speed_mph"": null}}"
NE 23RD AVE & NE 9TH TER,True,11.0,1,29.6738507,-82.3136581,2.0,,1.0,1.0,0.0,0.0,4.0,,,no,,40.0,"{""23RD AVE"": {""osm_lanes_max"": 4, ""left_turn_lane"": """", ""bike_lane"": """", ""divided"": ""no"", ""one_way"": """", ""speed_mph"": 40}, ""9TH TER"": {""osm_lanes_max"": null, ""left_turn_lane"": """", ""bike_lane"": """", ""divided"": ""no"", ""one_way"": """", ""speed_mph"": null}}"
NW 39TH WAY & NW 43RD CT,True,18.9,1,29.6941987,-82.3834025,2.0,,0.0,0.0,0.0,0.0,,,,no,,,"{""39TH WAY"": {""osm_lanes_max"": null, ""left_turn_lane"": """", ""bike_lane"": """", ""divided"": ""no"", ""one_way"": """", ""speed_mph"": null}, ""43RD CT"": {""osm_lanes_max"": null, ""left_turn_lane"": """", ""bike_lane"": """", ""divided"": ""no"", ""one_way"": """", ""speed_mph"": null}}"
NW 48TH BLVD & W UNIVERSITY AVE,False,,0,,,,,,,,,,,,,,,
NW 49TH ST & NW 73RD AVE,True,14.4,1,29.7215328,-82.3951624,2.0,,1.0,1.0,0.0,0.0,,,,no,,,"{""49TH ST"": {""osm_lanes_max"": null, ""left_turn_lane"": """", ""bike_lane"": """", ""divided"": ""no"", ""one_way"": """", ""speed_mph"": null}, ""73RD AVE"": {""osm_lanes_max"": null, ""left_turn_lane"": """", ""bike_lane"": """", ""divided"": ""no"", ""one_way"": """", ""speed_mph"": null}}"
NW 4TH AVE & NW 4TH ST,True,10.9,1,29.6547017,-82.3286892,2.0,,0.0,0.0,0.0,0.0,,,,no,yes,,"{""4TH AVE"": {""osm_lanes_max"": null, ""left_turn_lane"": """", ""bike_lane"": """", ""divided"": ""no"", ""one_way"": ""yes"", ""speed_mph"": null}, ""4TH ST"": {""osm_lanes_max"": null, ""left_turn_lane"": """", ""bike_lane"": """", ""divided"": ""no"", ""one_way"": """", ""speed_mph"": null}}"
-A & SW 36TH TER,False,,0,,,,,,,,,,,,,,,
NE 1ST DR & NE 38TH AVE,False,,0,,,,,,,,,,,,,,,
NE 1ST TER & NE 39TH AVE,False,,0,,,,,,,,,,,,,,,
NE 20TH ST & NE 4TH PL,False,,0,,,,,,,,,,,,,,,
NW 13TH TER & NW 5TH AVE,True,15.4,1,29.6557408,-82.3400599,2.0,,2.0,2.0,0.0,0.0,,,,no,,,"{""13TH TER"": {""osm_lanes_max"": null, ""left_turn_lane"": """", ""bike_lane"": """", ""divided"": ""no"", ""one_way"": """", ""speed_mph"": null}, ""5TH AVE"": {""osm_lanes_max"": null, ""left_turn_lane"": """", ""bike_lane"": """", ""divided"": ""no"", ""one_way"": """", ""speed_mph"": null}}"
NW 13TH TER & NW 6TH AVE,True,15.6,1,29.6563511,-82.340061,2.0,,1.0,0.0,1.0,0.0,,,,no,,,"{""13TH TER"": {""osm_lanes_max"": null, ""left_turn_lane"": """", ""bike_lane"": """", ""divided"": ""no"", ""one_way"": """", ""speed_mph"": null}, ""6TH AVE"": {""osm_lanes_max"": null, ""left_turn_lane"": """", ""bike_lane"": """", ""divided"": ""no"", ""one_way"": """", ""speed_mph"": null}}"
NW 51ST ST & NW 82ND BLVD,True,16.2,1,29.730072,-82.3980131,2.0,,0.0,0.0,0.0,0.0,,,,no,,,"{""51ST ST"": {""osm_lanes_max"": null, ""left_turn_lane"": """", ""bike_lane"": """", ""divided"": ""no"", ""one_way"": """", ""speed_mph"": null}, ""82ND BLVD"": {""osm_lanes_max"": null, ""left_turn_lane"": """", ""bike_lane"": """", ""divided"": ""no"", ""one_way"": """", ""speed_mph"": null}}"
NW 40TH TER & NW 8TH AVE,True,16.3,1,29.659551,-82.38397,2.0,,3.0,1.0,2.0,0.0,4.0,,,no,,,"{""40TH TER"": {""osm_lanes_max"": null, ""left_turn_lane"": """", ""bike_lane"": """", ""divided"": ""no"", ""one_way"": """", ""speed_mph"": null}, ""8TH AVE"": {""osm_lanes_max"": 4, ""left_turn_lane"": """", ""bike_lane"": """", ""divided"": ""no"", ""one_way"": """", ""speed_mph"": null}}"
NW 50TH ST & NW 76TH LN,True,15.2,1,29.724731,-82.39581,2.0,,0.0,0.0,0.0,0.0,,,,no,,,"{""50TH ST"": {""osm_lanes_max"": null, ""left_turn_lane"": """", ""bike_lane"": """", ""divided"": ""no"", ""one_way"": """", ""speed_mph"": null}, ""76TH LN"": {""osm_lanes_max"": null, ""left_turn_lane"": """", ""bike_lane"": """", ""divided"": ""no"", ""one_way"": """", ""speed_mph"": null}}"
NW 51ST DR & NW 81ST AVE,True,14.8,1,29.7286161,-82.3971478,2.0,,1.0,1.0,0.0,0.0,,,,no,,,"{""51ST DR"": {""osm_lanes_max"": null, ""left_turn_lane"": """", ""bike_lane"": """", ""divided"": ""no"", ""one_way"": """", ""speed_mph"": null}, ""81ST AVE"": {""osm_lanes_max"": null, ""left_turn_lane"": """", ""bike_lane"": """", ""divided"": ""no"", ""one_way"": """", ""speed_mph"": null}}"
NW 66TH ST & W UNIVERSITY AVE,False,,0,,,,,,,,,,,,,,,
NW 67TH ST & W NEWBERRY RD,False,,0,,,,,,,,,,,,,,,
SW 40TH BLVD & SW 47TH AVE,False,,0,,,,,,,,,,,,,,,
NW 21ST PL & NW 34TH ST,True,13.9,2,29.672176,-82.3724555,2.0,,1.0,1.0,0.0,0.0,2.0,,yes,no,,40.0,"{""21ST PL"": {""osm_lanes_max"": null, ""left_turn_lane"": """", ""bike_lane"": """", ""divided"": ""no"", ""one_way"": """", ""speed_mph"": null}, ""34TH ST"": {""osm_lanes_max"": 2, ""left_turn_lane"": """", ""bike_lane"": ""yes"", ""divided"": ""no"", ""one_way"": """", ""speed_mph"": 40}}"
SW 20TH AVE & SW 41ST ST,False,,0,,,,,,,,,,,,,,,
NW 19TH ST & NW 23RD AVE,False,,0,,,,,,,,,,,,,,,
NE 10TH AVE & NE 16TH TER,True,15.3,1,29.661,-82.3039902,2.0,,0.0,0.0,0.0,0.0,,,,no,,,"{""10TH AVE"": {""osm_lanes_max"": null, ""left_turn_lane"": """", ""bike_lane"": """", ""divided"": ""no"", ""one_way"": """", ""speed_mph"": null}, ""16TH TER"": {""osm_lanes_max"": null, ""left_turn_lane"": """", ""bike_lane"": """", ""divided"": ""no"", ""one_way"": """", ""speed_mph"": null}}"
SW 40TH BLVD & UNNAMED ROADWAY,False,,0,,,,,,,,,,,,,,,
NW 4TH PL & NW 8TH ST,True,17.5,1,29.6550507,-82.3329112,2.0,,2.0,0.0,0.0,0.0,,,,no,,,"{""4TH PL"": {""osm_lanes_max"": null, ""left_turn_lane"": """", ""bike_lane"": """", ""divided"": ""no"", ""one_way"": """", ""speed_mph"": null}, ""8TH ST"": {""osm_lanes_max"": null, ""left_turn_lane"": """", ""bike_lane"": """", ""divided"": ""no"", ""one_way"": """", ""speed_mph"": null}}"
NW 12TH AVE & NW 12TH ST,True,11.7,1,29.6630664,-82.3372129,2.0,,0.0,0.0,0.0,0.0,2.0,,no,no,,,"{""12TH AVE"": {""osm_lanes_max"": null, ""left_turn_lane"": """", ""bike_lane"": """", ""divided"": ""no"", ""one_way"": """", ""speed_mph"": null}, ""12TH ST"": {""osm_lanes_max"": 2, ""left_turn_lane"": """", ""bike_lane"": ""no"", ""divided"": ""no"", ""one_way"": """", ""speed_mph"": null}}"
SW 28TH TER & SW 2ND AVE,True,13.2,1,29.650421,-82.365343,2.0,,1.0,1.0,0.0,0.0,2.0,,,no,,35.0,"{""28TH TER"": {""osm_lanes_max"": null, ""left_turn_lane"": """", ""bike_lane"": """", ""divided"": ""no"", ""one_way"": """", ""speed_mph"": null}, ""2ND AVE"": {""osm_lanes_max"": 2, ""left_turn_lane"": """", ""bike_lane"": """", ""divided"": ""no"", ""one_way"": """", ""speed_mph"": 35}}"
SW 31ST TER & SW OLD ARCHER RD,True,14.7,1,29.6285217,-82.3688313,2.0,,1.0,0.0,1.0,0.0,2.0,,,no,,,"{""31ST ST"": {""osm_lanes_max"": null, ""left_turn_lane"": """", ""bike_lane"": """", ""divided"": ""no"", ""one_way"": """", ""speed_mph"": null}, ""OLD ARCHER RD"": {""osm_lanes_max"": 2, ""left_turn_lane"": """", ""bike_lane"": """", ""divided"": ""no"", ""one_way"": """", ""speed_mph"": null}}"
E PANHELLENIC DR & SW 9TH AVE,False,,0,,,,,,,,,,,,,,,
NW 13TH ST & NW 41ST RD,True,8.0,2,29.6911136,-82.3390184,2.0,,5.0,1.0,1.0,0.0,3.0,yes,yes,yes,,45.0,"{""13TH ST"": {""osm_lanes_max"": 3, ""left_turn_lane"": ""yes"", ""bike_lane"": ""yes"", ""divided"": ""yes"", ""one_way"": """", ""speed_mph"": 45}, ""41ST RD"": {""osm_lanes_max"": null, ""left_turn_lane"": """", ""bike_lane"": """", ""divided"": ""no"", ""one_way"": """", ""speed_mph"": 25}}"
NW 51ST TER & NW 52ND TER,False,,0,,,,,,,,,,,,,,,
SW ARCHER RD & US 441,False,,0,,,,,,,,,,,,,,,
6TH ST & NW 13TH ST,False,,0,,,,,,,,,,,,,,,
SW 3RD ST & SW 6TH AVE,True,13.9,1,29.6464861,-82.3280728,2.0,,2.0,2.0,0.0,0.0,,,,no,,,"{""3RD ST"": {""osm_lanes_max"": null, ""left_turn_lane"": """", ""bike_lane"": """", ""divided"": ""no"", ""one_way"": """", ""speed_mph"": null}, ""6TH AVE"": {""osm_lanes_max"": null, ""left_turn_lane"": """", ""bike_lane"": """", ""divided"": ""no"", ""one_way"": """", ""speed_mph"": null}}"
SW 3RD ST & SW DEPOT AVE,True,7.7,2,29.6440456,-82.3281402,2.0,,2.0,2.0,0.0,0.0,1.0,,yes,yes,,25.0,"{""3RD ST"": {""osm_lanes_max"": null, ""left_turn_lane"": """", ""bike_lane"": """", ""divided"": ""no"", ""one_way"": """", ""speed_mph"": null}, ""DEPOT AVE"": {""osm_lanes_max"": 1, ""left_turn_lane"": """", ""bike_lane"": ""yes"", ""divided"": ""yes"", ""one_way"": """", ""speed_mph"": 25}}"
SW 9TH AVE & W PANHELLENIC DR,False,,0,,,,,,,,,,,,,,,
NE 21ST PL & NE WALDO RD,True,8.0,2,29.6700219,-82.2993735,2.0,,1.0,1.0,0.0,0.0,3.0,yes,,yes,,45.0,"{""21ST PL"": {""osm_lanes_max"": null, ""left_turn_lane"": """", ""bike_lane"": """", ""divided"": ""no"", ""one_way"": """", ""speed_mph"": null}, ""WALDO RD"": {""osm_lanes_max"": 3, ""left_turn_lane"": ""yes"", ""bike_lane"": """", ""divided"": ""yes"", ""one_way"": """", ""speed_mph"": 45}}"
NE 21ST TER & NE 3RD PL,False,,0,,,,,,,,,,,,,,,
NE 24TH ST & NE 8TH AVE,True,11.7,2,29.6592202,-82.2935049,2.0,,1.0,1.0,0.0,0.0,2.0,,,no,,,"{""24TH ST"": {""osm_lanes_max"": null, ""left_turn_lane"": """", ""bike_lane"": """", ""divided"": ""no"", ""one_way"": """", ""speed_mph"": null}, ""8TH AVE"": {""osm_lanes_max"": 2, ""left_turn_lane"": """", ""bike_lane"": """", ""divided"": ""no"", ""one_way"": """", ""speed_mph"": null}}"
NW 43RD ST & NW 53RD ST,False,,0,,,,,,,,,,,,,,,
NW 10TH PL & NW 43RD ST,True,9.8,2,29.6622045,-82.3890553,2.0,,1.0,0.0,1.0,0.0,,,yes,yes,,45.0,"{""10TH PL"": {""osm_lanes_max"": null, ""left_turn_lane"": """", ""bike_lane"": """", ""divided"": ""no"", ""one_way"": """", ""speed_mph"": null}, ""43RD ST"": {""osm_lanes_max"": null, ""left_turn_lane"": """", ""bike_lane"": ""yes"", ""divided"": ""yes"", ""one_way"": """", ""speed_mph"": 45}}"
NE 1ST WAY & NE 39TH AVE,False,,0,,,,,,,,,,,,,,,
NE 1ST AVE & NE 24TH ST,True,15.6,2,29.6525374,-82.293371,2.0,,1.0,1.0,0.0,0.0,2.0,,yes,no,,,"{""1ST AVE"": {""osm_lanes_max"": null, ""left_turn_lane"": """", ""bike_lane"": """", ""divided"": ""no"", ""one_way"": """", ""speed_mph"": null}, ""24TH ST"": {""osm_lanes_max"": 2, ""left_turn_lane"": """", ""bike_lane"": ""yes"", ""divided"": ""no"", ""one_way"": """", ""speed_mph"": null}}"
OAKS MALL NORTH ENTRANCE & W NEWBERRY RD,False,,0,,,,,,,,,,,,,,,
PRIVATE ACCESS RD & W NEWBERRY RD,False,,0,,,,,,,,,,,,,,,
NE 2ND WAY & NW 39TH AVE,True,31.1,2,29.6884392,-82.3225313,2.0,yes,3.0,0.0,0.0,0.0,3.0,yes,yes,yes,,45.0,"{""2ND WAY"": {""osm_lanes_max"": null, ""left_turn_lane"": """", ""bike_lane"": """", ""divided"": ""no"", ""one_way"": """", ""speed_mph"": null}, ""39TH AVE"": {""osm_lanes_max"": 3, ""left_turn_lane"": ""yes"", ""bike_lane"": ""yes"", ""divided"": ""yes"", ""one_way"": """", ""speed_mph"": 45}}"
NW 2ND AVE & NW 3RD ST,True,16.5,1,29.6533617,-82.3279594,2.0,,2.0,1.0,0.0,0.0,2.0,,yes,no,yes,,"{""2ND AVE"": {""osm_lanes_max"": 2, ""left_turn_lane"": """", ""bike_lane"": ""yes"", ""divided"": ""no"", ""one_way"": """", ""speed_mph"": null}, ""3RD ST"": {""osm_lanes_max"": null, ""left_turn_lane"": """", ""bike_lane"": """", ""divided"": ""no"", ""one_way"": ""yes"", ""speed_mph"": null}}"
SE 2ND PL & SE 2ND ST,True,15.0,1,29.649657,-82.323092,2.0,,4.0,0.0,3.0,0.0,,,,no,yes,,"{""2ND PL"": {""osm_lanes_max"": null, ""left_turn_lane"": """", ""bike_lane"": """", ""divided"": ""no"", ""one_way"": ""yes"", ""speed_mph"": null}, ""2ND ST"": {""osm_lanes_max"": null, ""left_turn_lane"": """", ""bike_lane"": """", ""divided"": ""no"", ""one_way"": """", ""speed_mph"": null}}"
SR ALT 26 & SW 34TH ST,False,,0,,,,,,,,,,,,,,,
NE 13TH ST & NE 37TH PL,True,12.0,1,29.6869448,-82.3094718,2.0,,0.0,0.0,0.0,0.0,,,,no,,,"{""13TH ST"": {""osm_lanes_max"": null, ""left_turn_lane"": """", ""bike_lane"": """", ""divided"": ""no"", ""one_way"": """", ""speed_mph"": null}, ""37TH PL"": {""osm_lanes_max"": null, ""left_turn_lane"": """", ""bike_lane"": """", ""divided"": ""no"", ""one_way"": """", ""speed_mph"": null}}"
SW 11TH LN & SW 6TH DR,True,13.8,1,29.6407611,-82.3317718,2.0,,0.0,0.0,0.0,0.0,,,,no,,25.0,"{""11TH LN"": {""osm_lanes_max"": null, ""left_turn_lane"": """", ""bike_lane"": """", ""divided"": ""no"", ""one_way"": """", ""speed_mph"": 25}, ""6TH DR"": {""osm_lanes_max"": null, ""left_turn_lane"": """", ""bike_lane"": """", ""divided"": ""no"", ""one_way"": """", ""speed_mph"": null}}"
CLARK BUTLER BLVD & SW 24TH AVE,False,,0,,,,,,,,,,,,,,,
SW 5TH AVE & SW 5TH TER,False,,0,,,,,,,,,,,,,,,
-SW 34TH ST & SW 20TH AVE,False,,0,,,,,,,,,,,,,,,
NW 14TH DR & NW 3RD AVE,True,14.9,1,29.653916,-82.3413143,2.0,,2.0,1.0,1.0,0.0,,,no,no,,,"{""14TH DR"": {""osm_lanes_max"": null, ""left_turn_lane"": """", ""bike_lane"": """", ""divided"": ""no"", ""one_way"": """", ""speed_mph"": null}, ""3RD AVE"": {""osm_lanes_max"": null, ""left_turn_lane"": """", ""bike_lane"": ""no"", ""divided"": ""no"", ""one_way"": """", ""speed_mph"": null}}"
NW 14TH AVE & NW 8TH ST,True,15.0,1,29.664809,-82.3329595,2.0,,0.0,0.0,0.0,0.0,,,,no,,,"{""14TH AVE"": {""osm_lanes_max"": null, ""left_turn_lane"": """", ""bike_lane"": """", ""divided"": ""no"", ""one_way"": """", ""speed_mph"": null}, ""8TH ST"": {""osm_lanes_max"": null, ""left_turn_lane"": """", ""bike_lane"": """", ""divided"": ""no"", ""one_way"": """", ""speed_mph"": null}}"
NW 14TH AVE & NW 4TH ST,True,15.5,2,29.6648034,-82.3288183,2.0,,1.0,1.0,0.0,0.0,,,,yes,,,"{""14TH AVE"": {""osm_lanes_max"": null, ""left_turn_lane"": """", ""bike_lane"": """", ""divided"": ""no"", ""one_way"": """", ""speed_mph"": null}, ""4TH ST"": {""osm_lanes_max"": null, ""left_turn_lane"": """", ""bike_lane"": """", ""divided"": ""yes"", ""one_way"": """", ""speed_mph"": null}}"
NW 14TH AVE & NW 22ND ST,True,15.9,2,29.6646652,-82.3535317,2.0,,0.0,0.0,0.0,0.0,2.0,,,no,,,"{""14TH AVE"": {""osm_lanes_max"": null, ""left_turn_lane"": """", ""bike_lane"": """", ""divided"": ""no"", ""one_way"": """", ""speed_mph"": null}, ""22ND ST"": {""osm_lanes_max"": 2, ""left_turn_lane"": """", ""bike_lane"": """", ""divided"": ""no"", ""one_way"": """", ""speed_mph"": null}}"
NW 14TH AVE & NW 18TH ST,True,15.3,1,29.665136,-82.346725,2.0,,0.0,0.0,0.0,0.0,,,,no,,,"{""14TH AVE"": {""osm_lanes_max"": null, ""left_turn_lane"": """", ""bike_lane"": """", ""divided"": ""no"", ""one_way"": """", ""speed_mph"": null}, ""18TH ST"": {""osm_lanes_max"": null, ""left_turn_lane"": """", ""bike_lane"": """", ""divided"": ""no"", ""one_way"": """", ""speed_mph"": null}}"
NW 13TH TER & NW 7TH AVE,True,16.1,1,29.6575557,-82.3400552,2.0,,3.0,0.0,0.0,0.0,,,,no,,,"{""13TH TER"": {""osm_lanes_max"": null, ""left_turn_lane"": """", ""bike_lane"": """", ""divided"": ""no"", ""one_way"": """", ""speed_mph"": null}, ""7TH AVE"": {""osm_lanes_max"": null, ""left_turn_lane"": """", ""bike_lane"": """", ""divided"": ""no"", ""one_way"": """", ""speed_mph"": null}}"
NW 13TH ST & NW 8TH AVE,False,,0,,,,,,,,,,,,,,,
ARDEN DR & NW 24TH BLVD,True,12.3,2,29.6891174,-82.3583646,2.0,,1.0,1.0,0.0,0.0,2.0,yes,,yes,,30.0,"{""24TH BLVD"": {""osm_lanes_max"": 2, ""left_turn_lane"": ""yes"", ""bike_lane"": """", ""divided"": ""yes"", ""one_way"": """", ""speed_mph"": 30}, ""ARDEN DR"": {""osm_lanes_max"": null, ""left_turn_lane"": """", ""bike_lane"": """", ""divided"": ""no"", ""one_way"": """", ""speed_mph"": null}}"
ALT & SW 34TH ST,False,,0,,,,,,,,,,,,,,,
SW 4TH AVE & SW 8TH ST,True,14.9,1,29.6483501,-82.3328712,2.0,,4.0,0.0,4.0,0.0,3.0,yes,,yes,,,"{""4TH AVE"": {""osm_lanes_max"": 3, ""left_turn_lane"": ""yes"", ""bike_lane"": """", ""divided"": ""yes"", ""one_way"": """", ""speed_mph"": null}, ""8TH ST"": {""osm_lanes_max"": null, ""left_turn_lane"": """", ""bike_lane"": """", ""divided"": ""no"", ""one_way"": """", ""speed_mph"": null}}"
SW 4TH PL & SW 75TH ST,False,,0,,,,,,,,,,,,,,,
27TH ST & W UNIVERSITY AVE,False,,0,,,,,,,,,,,,,,,
24TH ST & W NEWBERRY RD,False,,0,,,,,,,,,,,,,,,
NW 14TH ST & NW 4TH PL,True,16.2,1,29.6548281,-82.340514,2.0,,4.0,1.0,3.0,0.0,,,yes,no,yes,25.0,"{""14TH ST"": {""osm_lanes_max"": null, ""left_turn_lane"": """", ""bike_lane"": ""yes"", ""divided"": ""no"", ""one_way"": ""yes"", ""speed_mph"": 25}, ""4TH PL"": {""osm_lanes_max"": null, ""left_turn_lane"": """", ""bike_lane"": """", ""divided"": ""no"", ""one_way"": ""yes"", ""speed_mph"": null}}"
SW 41ST PL & SW 63RD BLVD,True,4.2,1,29.618314,-82.413244,2.0,,0.0,0.0,0.0,0.0,2.0,,,no,,30.0,"{""41ST PL"": {""osm_lanes_max"": 2, ""left_turn_lane"": """", ""bike_lane"": """", ""divided"": ""no"", ""one_way"": """", ""speed_mph"": 30}, ""63RD BLVD"": {""osm_lanes_max"": null, ""left_turn_lane"": """", ""bike_lane"": """", ""divided"": ""no"", ""one_way"": """", ""speed_mph"": null}}"
SW 41ST BLVD & SW WILLISTON RD,True,8.7,2,29.6004565,-82.3754946,3.0,,1.0,1.0,0.0,0.0,4.0,yes,,yes,,45.0,"{""35TH DR"": {""osm_lanes_max"": null, ""left_turn_lane"": """", ""bike_lane"": """", ""divided"": ""no"", ""one_way"": """", ""speed_mph"": null}, ""41ST BLVD"": {""osm_lanes_max"": 2, ""left_turn_lane"": """", ""bike_lane"": """", ""divided"": ""no"", ""one_way"": """", ""speed_mph"": null}, ""WILLISTON RD"": {""osm_lanes_max"": 4, ""left_turn_lane"": ""yes"", ""bike_lane"": """", ""divided"": ""yes"", ""one_way"": """", ""speed_mph"": 45}}"
NE 23RD PL & NE 5TH TER,False,,0,,,,,,,,,,,,,,,
NE 23RD AVE & NE 8TH ST,True,14.6,1,29.6738596,-82.315704,2.0,,1.0,1.0,0.0,0.0,4.0,,,no,,40.0,"{""23RD AVE"": {""osm_lanes_max"": 4, ""left_turn_lane"": """", ""bike_lane"": """", ""divided"": ""no"", ""one_way"": """", ""speed_mph"": 40}, ""8TH ST"": {""osm_lanes_max"": null, ""left_turn_lane"": """", ""bike_lane"": """", ""divided"": ""no"", ""one_way"": """", ""speed_mph"": null}}"
NW 43RD ST & NW 43RD WAY,True,15.3,1,29.71087,-82.38849,2.0,,0.0,0.0,0.0,0.0,3.0,yes,yes,no,,,"{""43RD ST"": {""osm_lanes_max"": 3, ""left_turn_lane"": ""yes"", ""bike_lane"": ""yes"", ""divided"": ""no"", ""one_way"": """", ""speed_mph"": null}, ""43RD WAY"": {""osm_lanes_max"": null, ""left_turn_lane"": """", ""bike_lane"": """", ""divided"": ""no"", ""one_way"": """", ""speed_mph"": null}}"
NW 41ST PL & NW 51ST ST,False,,0,,,,,,,,,,,,,,,
NW 41ST AVE & NW 9TH ST,True,18.4,1,29.6903508,-82.3340275,2.0,,0.0,0.0,0.0,0.0,,,,no,,,"{""41ST AVE"": {""osm_lanes_max"": null, ""left_turn_lane"": """", ""bike_lane"": """", ""divided"": ""no"", ""one_way"": """", ""speed_mph"": null}, ""9TH ST"": {""osm_lanes_max"": null, ""left_turn_lane"": """", ""bike_lane"": """", ""divided"": ""no"", ""one_way"": """", ""speed_mph"": null}}"
NW 4TH PL & NW 53RD TER,True,15.2,1,29.656592,-82.399784,2.0,,0.0,0.0,0.0,0.0,,,,no,,,"{""4TH PL"": {""osm_lanes_max"": null, ""left_turn_lane"": """", ""bike_lane"": """", ""divided"": ""no"", ""one_way"": """", ""speed_mph"": null}, ""53RD TER"": {""osm_lanes_max"": null, ""left_turn_lane"": """", ""bike_lane"": """", ""divided"": ""no"", ""one_way"": """", ""speed_mph"": null}}"
NW 51ST ST & W NEWBERRY RD,True,8.4,2,29.6584062,-82.3974091,2.0,,2.0,2.0,0.0,0.0,3.0,yes,yes,yes,,45.0,"{""51ST ST"": {""osm_lanes_max"": null, ""left_turn_lane"": """", ""bike_lane"": """", ""divided"": ""no"", ""one_way"": """", ""speed_mph"": null}, ""NEWBERRY RD"": {""osm_lanes_max"": 3, ""left_turn_lane"": ""yes"", ""bike_lane"": ""yes"", ""divided"": ""yes"", ""one_way"": """", ""speed_mph"": 45}}"
SW 5TH AVE & SW 5TH ST,True,15.9,1,29.6471768,-82.3295702,2.0,,1.0,0.0,1.0,0.0,,,,no,,,"{""5TH AVE"": {""osm_lanes_max"": null, ""left_turn_lane"": """", ""bike_lane"": """", ""divided"": ""no"", ""one_way"": """", ""speed_mph"": null}, ""5TH ST"": {""osm_lanes_max"": null, ""left_turn_lane"": """", ""bike_lane"": """", ""divided"": ""no"", ""one_way"": """", ""speed_mph"": null}}"
SW 58TH TER & SW 8TH PL,False,,0,,,,,,,,,,,,,,,
15TH ST & SE HAWTHORNE RD,False,,0,,,,,,,,,,,,,,,
-SW 34TH ST & SW 35TH PL,False,,0,,,,,,,,,,,,,,,
-SW 34TH ST & SW 24TH AVE,False,,0,,,,,,,,,,,,,,,
SW 4TH AVE & SW 7TH TER,True,12.6,1,29.6483207,-82.3323395,2.0,,9.0,1.0,6.0,0.0,3.0,yes,,no,,,"{""4TH AVE"": {""osm_lanes_max"": 3, ""left_turn_lane"": ""yes"", ""bike_lane"": """", ""divided"": ""no"", ""one_way"": """", ""speed_mph"": null}, ""7TH TER"": {""osm_lanes_max"": null, ""left_turn_lane"": """", ""bike_lane"": """", ""divided"": ""no"", ""one_way"": """", ""speed_mph"": null}}"
SW 3RD AVE & SW 6TH ST,True,13.1,1,29.648974,-82.3309353,2.0,,5.0,4.0,1.0,0.0,2.0,,yes,yes,,,"{""3RD AVE"": {""osm_lanes_max"": null, ""left_turn_lane"": """", ""bike_lane"": """", ""divided"": ""no"", ""one_way"": """", ""speed_mph"": null}, ""6TH ST"": {""osm_lanes_max"": 2, ""left_turn_lane"": """", ""bike_lane"": ""yes"", ""divided"": ""yes"", ""one_way"": """", ""speed_mph"": null}}"
SW 3RD AVE & SW 40TH ST,True,15.3,1,29.649576,-82.385039,2.0,,0.0,0.0,0.0,0.0,,,,no,,,"{""3RD AVE"": {""osm_lanes_max"": null, ""left_turn_lane"": """", ""bike_lane"": """", ""divided"": ""no"", ""one_way"": """", ""speed_mph"": null}, ""40TH ST"": {""osm_lanes_max"": null, ""left_turn_lane"": """", ""bike_lane"": """", ""divided"": ""no"", ""one_way"": """", ""speed_mph"": null}}"
SW 38TH ST & SW 5TH PL,True,16.9,1,29.64724,-82.380894,2.0,,0.0,0.0,0.0,0.0,,,,no,,,"{""38TH ST"": {""osm_lanes_max"": null, ""left_turn_lane"": """", ""bike_lane"": """", ""divided"": ""no"", ""one_way"": """", ""speed_mph"": null}, ""5TH PL"": {""osm_lanes_max"": null, ""left_turn_lane"": """", ""bike_lane"": """", ""divided"": ""no"", ""one_way"": """", ""speed_mph"": null}}"
NW 37TH TER & NW 64TH PL,True,15.3,1,29.713559,-82.379034,2.0,,0.0,0.0,0.0,0.0,,,,no,,,"{""37TH TER"": {""osm_lanes_max"": null, ""left_turn_lane"": """", ""bike_lane"": """", ""divided"": ""no"", ""one_way"": """", ""speed_mph"": null}, ""64TH PL"": {""osm_lanes_max"": null, ""left_turn_lane"": """", ""bike_lane"": """", ""divided"": ""no"", ""one_way"": """", ""speed_mph"": null}}"
NW 40TH AVE & NW 9TH ST,False,,0,,,,,,,,,,,,,,,
NW 40TH AVE & NW 7TH ST,True,7.5,1,29.689393,-82.3323,2.0,,0.0,0.0,0.0,0.0,,,,no,,,"{""40TH AVE"": {""osm_lanes_max"": null, ""left_turn_lane"": """", ""bike_lane"": """", ""divided"": ""no"", ""one_way"": """", ""speed_mph"": null}, ""7TH ST"": {""osm_lanes_max"": null, ""left_turn_lane"": """", ""bike_lane"": """", ""divided"": ""no"", ""one_way"": """", ""speed_mph"": null}}"
NW 40TH AVE & NW 6TH ST,True,15.0,1,29.6893438,-82.3311955,2.0,,0.0,0.0,0.0,0.0,6.0,yes,,no,,35.0,"{""40TH AVE"": {""osm_lanes_max"": null, ""left_turn_lane"": """", ""bike_lane"": """", ""divided"": ""no"", ""one_way"": """", ""speed_mph"": null}, ""6TH ST"": {""osm_lanes_max"": 6, ""left_turn_lane"": ""yes"", ""bike_lane"": """", ""divided"": ""no"", ""one_way"": """", ""speed_mph"": 35}}"
NW 3RD ST & NW 6TH AVE,True,15.4,1,29.6568903,-82.3279233,2.0,,0.0,0.0,0.0,0.0,,,,no,yes,,"{""3RD ST"": {""osm_lanes_max"": null, ""left_turn_lane"": """", ""bike_lane"": """", ""divided"": ""no"", ""one_way"": ""yes"", ""speed_mph"": null}, ""6TH AVE"": {""osm_lanes_max"": null, ""left_turn_lane"": """", ""bike_lane"": """", ""divided"": ""no"", ""one_way"": """", ""speed_mph"": null}}"
NW 3RD AVE & US 441,True,17.9,1,29.653813,-82.308692,2.0,,0.0,0.0,0.0,0.0,,,,no,,,"{""13TH ST"": {""osm_lanes_max"": null, ""left_turn_lane"": """", ""bike_lane"": """", ""divided"": ""no"", ""one_way"": """", ""speed_mph"": null}, ""3RD AVE"": {""osm_lanes_max"": null, ""left_turn_lane"": """", ""bike_lane"": """", ""divided"": ""no"", ""one_way"": """", ""speed_mph"": null}}"
NE 24TH ST & NE 6TH AVE,True,22.5,1,29.6570307,-82.2933066,2.0,,0.0,0.0,0.0,0.0,,,,no,,,"{""24TH ST"": {""osm_lanes_max"": null, ""left_turn_lane"": """", ""bike_lane"": """", ""divided"": ""no"", ""one_way"": """", ""speed_mph"": null}, ""6TH AVE"": {""osm_lanes_max"": null, ""left_turn_lane"": """", ""bike_lane"": """", ""divided"": ""no"", ""one_way"": """", ""speed_mph"": null}}"
NE 24TH AVE & NE 51ST BLVD,True,15.3,1,29.674537,-82.262949,2.0,,0.0,0.0,0.0,0.0,,,,no,,,"{""24TH AVE"": {""osm_lanes_max"": null, ""left_turn_lane"": """", ""bike_lane"": """", ""divided"": ""no"", ""one_way"": """", ""speed_mph"": null}, ""51ST BLVD"": {""osm_lanes_max"": null, ""left_turn_lane"": """", ""bike_lane"": """", ""divided"": ""no"", ""one_way"": """", ""speed_mph"": null}}"
NE 21ST WAY & NE 27TH AVE,True,15.2,1,29.676951,-82.296972,2.0,,0.0,0.0,0.0,0.0,,,,no,,,"{""21ST WAY"": {""osm_lanes_max"": null, ""left_turn_lane"": """", ""bike_lane"": """", ""divided"": ""no"", ""one_way"": """", ""speed_mph"": null}, ""27TH AVE"": {""osm_lanes_max"": null, ""left_turn_lane"": """", ""bike_lane"": """", ""divided"": ""no"", ""one_way"": """", ""speed_mph"": null}}"
NE 21ST ST & NE 8TH AVE,True,15.2,1,29.659233,-82.297507,2.0,,2.0,2.0,0.0,0.0,2.0,,,no,,,"{""21ST ST"": {""osm_lanes_max"": null, ""left_turn_lane"": """", ""bike_lane"": """", ""divided"": ""no"", ""one_way"": """", ""speed_mph"": null}, ""8TH AVE"": {""osm_lanes_max"": 2, ""left_turn_lane"": """", ""bike_lane"": """", ""divided"": ""no"", ""one_way"": """", ""speed_mph"": null}}"
NW 56TH TER & W NEWBERRY RD,False,,0,,,,,,,,,,,,,,,
NE 20TH ST & NE 9TH PL,True,15.5,1,29.6604938,-82.2990318,2.0,,0.0,0.0,0.0,0.0,,,,no,,,"{""20TH ST"": {""osm_lanes_max"": null, ""left_turn_lane"": """", ""bike_lane"": """", ""divided"": ""no"", ""one_way"": """", ""speed_mph"": null}, ""9TH PL"": {""osm_lanes_max"": null, ""left_turn_lane"": """", ""bike_lane"": """", ""divided"": ""no"", ""one_way"": """", ""speed_mph"": null}}"
NE 20TH AVE & NE 9TH ST,True,18.4,1,29.6707243,-82.3147887,2.0,,1.0,1.0,0.0,0.0,2.0,,yes,no,,,"{""20TH AVE"": {""osm_lanes_max"": null, ""left_turn_lane"": """", ""bike_lane"": """", ""divided"": ""no"", ""one_way"": """", ""speed_mph"": null}, ""9TH ST"": {""osm_lanes_max"": 2, ""left_turn_lane"": """", ""bike_lane"": ""yes"", ""divided"": ""no"", ""one_way"": """", ""speed_mph"": null}}"
NE 1ST TER & NE 39TH PL,True,15.2,1,29.688983,-82.324669,2.0,,0.0,0.0,0.0,0.0,,,,no,,,"{""1ST TER"": {""osm_lanes_max"": null, ""left_turn_lane"": """", ""bike_lane"": """", ""divided"": ""no"", ""one_way"": """", ""speed_mph"": null}, ""39TH PL"": {""osm_lanes_max"": null, ""left_turn_lane"": """", ""bike_lane"": """", ""divided"": ""no"", ""one_way"": """", ""speed_mph"": null}}"
NE 1ST ST & NE 2ND AVE,True,8.4,3,29.6533416,-82.3239451,2.0,,5.0,5.0,0.0,0.0,,,no,yes,,,"{""1ST ST"": {""osm_lanes_max"": null, ""left_turn_lane"": """", ""bike_lane"": """", ""divided"": ""yes"", ""one_way"": """", ""speed_mph"": null}, ""2ND AVE"": {""osm_lanes_max"": null, ""left_turn_lane"": """", ""bike_lane"": ""no"", ""divided"": ""yes"", ""one_way"": """", ""speed_mph"": null}}"
NE 1ST DR & NE 40TH PL,True,15.3,1,29.689829,-82.323947,2.0,,0.0,0.0,0.0,0.0,,,,no,,,"{""1ST DR"": {""osm_lanes_max"": null, ""left_turn_lane"": """", ""bike_lane"": """", ""divided"": ""no"", ""one_way"": """", ""speed_mph"": null}, ""40TH PL"": {""osm_lanes_max"": null, ""left_turn_lane"": """", ""bike_lane"": """", ""divided"": ""no"", ""one_way"": """", ""speed_mph"": null}}"
NW 37TH DR & NW 39TH AVE,True,6.1,2,29.6886774,-82.3799642,2.0,,1.0,0.0,1.0,0.0,3.0,yes,yes,yes,,45.0,"{""37TH DR"": {""osm_lanes_max"": null, ""left_turn_lane"": """", ""bike_lane"": """", ""divided"": ""no"", ""one_way"": """", ""speed_mph"": null}, ""39TH AVE"": {""osm_lanes_max"": 3, ""left_turn_lane"": ""yes"", ""bike_lane"": ""yes"", ""divided"": ""yes"", ""one_way"": """", ""speed_mph"": 45}}"
NW 39TH PL & NW 51ST ST,False,,0,,,,,,,,,,,,,,,
NW 39TH DR & W NEWBERRY RD,False,,0,,,,,,,,,,,,,,,
NW 39TH AVE & NW 9TH AVE,False,,0,,,,,,,,,,,,,,,
NW 39TH AVE & NW 7TH ST,True,13.4,1,29.6885238,-82.3319611,2.0,,2.0,2.0,0.0,0.0,5.0,yes,yes,no,,45.0,"{""39TH AVE"": {""osm_lanes_max"": 5, ""left_turn_lane"": ""yes"", ""bike_lane"": ""yes"", ""divided"": ""no"", ""one_way"": """", ""speed_mph"": 45}, ""7TH ST"": {""osm_lanes_max"": null, ""left_turn_lane"": """", ""bike_lane"": """", ""divided"": ""no"", ""one_way"": """", ""speed_mph"": null}}"
NW 6TH ST & NW 9TH AVE,True,9.7,2,29.6603092,-82.3309054,2.0,,2.0,2.0,0.0,0.0,5.0,yes,,no,,30.0,"{""6TH ST"": {""osm_lanes_max"": 5, ""left_turn_lane"": ""yes"", ""bike_lane"": """", ""divided"": ""no"", ""one_way"": """", ""speed_mph"": 30}, ""9TH AVE"": {""osm_lanes_max"": null, ""left_turn_lane"": """", ""bike_lane"": """", ""divided"": ""no"", ""one_way"": """", ""speed_mph"": null}}"
NW 53RD AVE & NW 55TH AVE,False,,0,,,,,,,,,,,,,,,
NW 52ND TER & NW 53RD AVE,True,15.1,1,29.7032532,-82.397924,2.0,,1.0,0.0,1.0,0.0,2.0,,yes,no,,40.0,"{""52ND TER"": {""osm_lanes_max"": null, ""left_turn_lane"": """", ""bike_lane"": """", ""divided"": ""no"", ""one_way"": """", ""speed_mph"": 30}, ""53RD AVE"": {""osm_lanes_max"": 2, ""left_turn_lane"": """", ""bike_lane"": ""yes"", ""divided"": ""no"", ""one_way"": """", ""speed_mph"": 40}}"
NW 6TH AVE & NW 7TH ST,True,15.7,1,29.6565721,-82.3317524,2.0,,0.0,0.0,0.0,0.0,,,,no,,,"{""6TH AVE"": {""osm_lanes_max"": null, ""left_turn_lane"": """", ""bike_lane"": """", ""divided"": ""no"", ""one_way"": """", ""speed_mph"": null}, ""7TH ST"": {""osm_lanes_max"": null, ""left_turn_lane"": """", ""bike_lane"": """", ""divided"": ""no"", ""one_way"": """", ""speed_mph"": null}}"
NW 6TH AVE & NW 6TH ST,True,11.6,2,29.6565151,-82.3306788,2.0,,1.0,0.0,1.0,0.0,2.0,,,no,,,"{""6TH AVE"": {""osm_lanes_max"": null, ""left_turn_lane"": """", ""bike_lane"": """", ""divided"": ""no"", ""one_way"": """", ""speed_mph"": null}, ""6TH ST"": {""osm_lanes_max"": 2, ""left_turn_lane"": """", ""bike_lane"": """", ""divided"": ""no"", ""one_way"": """", ""speed_mph"": null}}"
NW 69TH TER & W UNIVERSITY AVE,False,,0,,,,,,,,,,,,,,,
NW 62ND ST & WNEWBERRY RD,False,,0,,,,,,,,,,,,,,,
NW 5TH ST & NW 8TH AVE,True,15.3,1,29.835412,-82.598368,2.0,,0.0,0.0,0.0,0.0,,,,no,,,"{""5TH ST"": {""osm_lanes_max"": null, ""left_turn_lane"": """", ""bike_lane"": """", ""divided"": ""no"", ""one_way"": """", ""speed_mph"": null}, ""8TH AVE"": {""osm_lanes_max"": null, ""left_turn_lane"": """", ""bike_lane"": """", ""divided"": ""no"", ""one_way"": """", ""speed_mph"": null}}"
NW 5TH ST & NW 6TH AVE,False,,0,,,,,,,,,,,,,,,
NW 38TH PL & NW 38TH ST,True,14.9,1,29.688058,-82.38215,2.0,,0.0,0.0,0.0,0.0,,,,yes,,,"{""38TH PL"": {""osm_lanes_max"": null, ""left_turn_lane"": """", ""bike_lane"": """", ""divided"": ""no"", ""one_way"": """", ""speed_mph"": null}, ""38TH ST"": {""osm_lanes_max"": null, ""left_turn_lane"": """", ""bike_lane"": """", ""divided"": ""yes"", ""one_way"": """", ""speed_mph"": null}}"
NW 37TH WAY & NW 38TH ST,True,15.2,1,29.699351,-82.3805508,2.0,,0.0,0.0,0.0,0.0,,,,no,,,"{""37TH WAY"": {""osm_lanes_max"": null, ""left_turn_lane"": """", ""bike_lane"": """", ""divided"": ""no"", ""one_way"": """", ""speed_mph"": null}, ""38TH ST"": {""osm_lanes_max"": null, ""left_turn_lane"": """", ""bike_lane"": """", ""divided"": ""no"", ""one_way"": """", ""speed_mph"": null}}"
NW 40TH PL & NW 50TH ST,False,,0,,,,,,,,,,,,,,,
NW 43RD ST & NW 62ND AVE,False,,0,,,,,,,,,,,,,,,
NW 43RD ST & NW 56TH ST,False,,0,,,,,,,,,,,,,,,
NW 43RD ST & NW 46TH AVE,True,19.2,1,29.6966378,-82.3889161,2.0,,1.0,1.0,0.0,0.0,4.0,,yes,no,,45.0,"{""43RD ST"": {""osm_lanes_max"": 4, ""left_turn_lane"": """", ""bike_lane"": ""yes"", ""divided"": ""no"", ""one_way"": """", ""speed_mph"": 45}, ""46TH AVE"": {""osm_lanes_max"": null, ""left_turn_lane"": """", ""bike_lane"": """", ""divided"": ""no"", ""one_way"": """", ""speed_mph"": null}}"
NE 25TH ST & NE 2ND AVE,True,14.9,1,29.6533516,-82.2922853,2.0,,1.0,0.0,1.0,0.0,2.0,,yes,no,,,"{""25TH ST"": {""osm_lanes_max"": 2, ""left_turn_lane"": """", ""bike_lane"": ""yes"", ""divided"": ""no"", ""one_way"": """", ""speed_mph"": null}, ""2ND AVE"": {""osm_lanes_max"": null, ""left_turn_lane"": """", ""bike_lane"": """", ""divided"": ""no"", ""one_way"": """", ""speed_mph"": null}}"
NE 24TH TER & NE 8TH AVE,True,16.4,1,29.6592219,-82.2928698,2.0,,2.0,2.0,0.0,0.0,2.0,,,no,,,"{""24TH TER"": {""osm_lanes_max"": null, ""left_turn_lane"": """", ""bike_lane"": """", ""divided"": ""no"", ""one_way"": """", ""speed_mph"": null}, ""8TH AVE"": {""osm_lanes_max"": 2, ""left_turn_lane"": """", ""bike_lane"": """", ""divided"": ""no"", ""one_way"": """", ""speed_mph"": null}}"
NE 21ST PL & NE 21ST TER,False,,0,,,,,,,,,,,,,,,
NE 20TH TER & NE 4TH AVE,True,15.3,1,29.655106,-82.298521,2.0,,0.0,0.0,0.0,0.0,,,,no,,,"{""20TH TER"": {""osm_lanes_max"": null, ""left_turn_lane"": """", ""bike_lane"": """", ""divided"": ""no"", ""one_way"": """", ""speed_mph"": null}, ""4TH AVE"": {""osm_lanes_max"": null, ""left_turn_lane"": """", ""bike_lane"": """", ""divided"": ""no"", ""one_way"": """", ""speed_mph"": null}}"
NW 4TH ST & NW 9TH AVE,True,14.8,1,29.6601938,-82.3288191,2.0,,4.0,2.0,1.0,0.0,,,,no,,,"{""4TH ST"": {""osm_lanes_max"": null, ""left_turn_lane"": """", ""bike_lane"": """", ""divided"": ""no"", ""one_way"": """", ""speed_mph"": null}, ""9TH AVE"": {""osm_lanes_max"": null, ""left_turn_lane"": """", ""bike_lane"": """", ""divided"": ""no"", ""one_way"": """", ""speed_mph"": null}}"
NW 5TH AVE & NW 7TH TER,True,16.0,1,29.6556648,-82.332296,2.0,,6.0,1.0,0.0,0.0,,,,no,,,"{""5TH AVE"": {""osm_lanes_max"": null, ""left_turn_lane"": """", ""bike_lane"": """", ""divided"": ""no"", ""one_way"": """", ""speed_mph"": null}, ""7TH TER"": {""osm_lanes_max"": null, ""left_turn_lane"": """", ""bike_lane"": """", ""divided"": ""no"", ""one_way"": """", ""speed_mph"": null}}"
NW 5TH AVE & NW 7TH ST,True,15.3,1,29.833669,-82.601944,2.0,,0.0,0.0,0.0,0.0,,,,no,,,"{""5TH AVE"": {""osm_lanes_max"": null, ""left_turn_lane"": """", ""bike_lane"": """", ""divided"": ""no"", ""one_way"": """", ""speed_mph"": null}, ""7TH ST"": {""osm_lanes_max"": null, ""left_turn_lane"": """", ""bike_lane"": """", ""divided"": ""no"", ""one_way"": """", ""speed_mph"": null}}"
NW 8TH AVE & SR 26,False,,0,,,,,,,,,,,,,,,
NW 7TH LN & NW 7TH PL,True,12.0,1,29.6581693,-82.349852,2.0,,0.0,0.0,0.0,0.0,,,,no,,,"{""7TH LN"": {""osm_lanes_max"": null, ""left_turn_lane"": """", ""bike_lane"": """", ""divided"": ""no"", ""one_way"": """", ""speed_mph"": null}, ""7TH PL"": {""osm_lanes_max"": null, ""left_turn_lane"": """", ""bike_lane"": """", ""divided"": ""no"", ""one_way"": """", ""speed_mph"": null}}"
NW 7TH AVE & NW 7TH ST,True,14.5,1,29.6574827,-82.3319579,2.0,,1.0,0.0,1.0,0.0,,,,no,,,"{""7TH AVE"": {""osm_lanes_max"": null, ""left_turn_lane"": """", ""bike_lane"": """", ""divided"": ""no"", ""one_way"": """", ""speed_mph"": null}, ""7TH ST"": {""osm_lanes_max"": null, ""left_turn_lane"": """", ""bike_lane"": """", ""divided"": ""no"", ""one_way"": """", ""speed_mph"": null}}"
NW 76TH ST & US 441,False,,0,,,,,,,,,,,,,,,
NW 37TH DR & NW 53RD AVE,False,,0,,,,,,,,,,,,,,,
NE 19TH ST & NE 8TH AVE,True,11.8,1,29.6592016,-82.3005636,2.0,,2.0,2.0,0.0,0.0,2.0,,,no,,,"{""19TH ST"": {""osm_lanes_max"": null, ""left_turn_lane"": """", ""bike_lane"": """", ""divided"": ""no"", ""one_way"": """", ""speed_mph"": null}, ""8TH AVE"": {""osm_lanes_max"": 2, ""left_turn_lane"": """", ""bike_lane"": """", ""divided"": ""no"", ""one_way"": """", ""speed_mph"": null}}"
NE 19TH DR & NE 4TH PL,False,,0,,,,,,,,,,,,,,,
NE 25TH TER & NE 3RD PL,True,15.2,1,29.654205,-82.291198,2.0,,1.0,0.0,1.0,0.0,,,,no,,,"{""25TH TER"": {""osm_lanes_max"": null, ""left_turn_lane"": """", ""bike_lane"": """", ""divided"": ""no"", ""one_way"": """", ""speed_mph"": null}, ""3RD PL"": {""osm_lanes_max"": null, ""left_turn_lane"": """", ""bike_lane"": """", ""divided"": ""no"", ""one_way"": """", ""speed_mph"": null}}"
NE 25TH ST & NE 5TH AVE,True,15.9,1,29.6556319,-82.2923165,2.0,,2.0,2.0,0.0,0.0,2.0,,yes,no,,,"{""25TH ST"": {""osm_lanes_max"": 2, ""left_turn_lane"": """", ""bike_lane"": ""yes"", ""divided"": ""no"", ""one_way"": """", ""speed_mph"": null}, ""5TH AVE"": {""osm_lanes_max"": null, ""left_turn_lane"": """", ""bike_lane"": """", ""divided"": ""no"", ""one_way"": """", ""speed_mph"": null}}"
NW 37TH TER & NW 39TH PL,True,16.1,1,29.6892281,-82.3783117,2.0,,1.0,0.0,1.0,0.0,,,,yes,,,"{""37TH TER"": {""osm_lanes_max"": null, ""left_turn_lane"": """", ""bike_lane"": """", ""divided"": ""yes"", ""one_way"": """", ""speed_mph"": null}, ""39TH PL"": {""osm_lanes_max"": null, ""left_turn_lane"": """", ""bike_lane"": """", ""divided"": ""no"", ""one_way"": """", ""speed_mph"": null}}"
NW 37TH ST & NW 8TH AVE,False,,0,,,,,,,,,,,,,,,
NW 37TH ST & NW 59TH PL,True,15.3,1,29.70921,-82.378649,2.0,,0.0,0.0,0.0,0.0,,,,no,,,"{""37TH ST"": {""osm_lanes_max"": null, ""left_turn_lane"": """", ""bike_lane"": """", ""divided"": ""no"", ""one_way"": """", ""speed_mph"": null}, ""59TH PL"": {""osm_lanes_max"": null, ""left_turn_lane"": """", ""bike_lane"": """", ""divided"": ""no"", ""one_way"": """", ""speed_mph"": null}}"
NW 37TH ST & NW 54TH LN,True,14.9,1,29.7052343,-82.378822,2.0,,0.0,0.0,0.0,0.0,,,,no,,,"{""37TH ST"": {""osm_lanes_max"": null, ""left_turn_lane"": """", ""bike_lane"": """", ""divided"": ""no"", ""one_way"": """", ""speed_mph"": null}, ""54TH LN"": {""osm_lanes_max"": null, ""left_turn_lane"": """", ""bike_lane"": """", ""divided"": ""no"", ""one_way"": """", ""speed_mph"": null}}"
NW 3RD AVE & NW 8TH ST,True,16.4,1,29.6538564,-82.3329133,2.0,,3.0,1.0,1.0,0.0,,,no,no,,,"{""3RD AVE"": {""osm_lanes_max"": null, ""left_turn_lane"": """", ""bike_lane"": ""no"", ""divided"": ""no"", ""one_way"": """", ""speed_mph"": null}, ""8TH ST"": {""osm_lanes_max"": null, ""left_turn_lane"": """", ""bike_lane"": """", ""divided"": ""no"", ""one_way"": """", ""speed_mph"": null}}"
NW 51ST ST & NW 83RD PL,False,,0,,,,,,,,,,,,,,,
NE 22ND TER & NE 8TH AVE,True,16.0,1,29.6592282,-82.2952252,2.0,,1.0,1.0,0.0,0.0,2.0,,,no,,,"{""22ND TER"": {""osm_lanes_max"": null, ""left_turn_lane"": """", ""bike_lane"": """", ""divided"": ""no"", ""one_way"": """", ""speed_mph"": null}, ""8TH AVE"": {""osm_lanes_max"": 2, ""left_turn_lane"": """", ""bike_lane"": """", ""divided"": ""no"", ""one_way"": """", ""speed_mph"": null}}"
NE 22ND ST & NE 7TH AVE,True,17.1,1,29.65792,-82.2959448,2.0,,0.0,0.0,0.0,0.0,,,,no,,,"{""22ND ST"": {""osm_lanes_max"": null, ""left_turn_lane"": """", ""bike_lane"": """", ""divided"": ""no"", ""one_way"": """", ""speed_mph"": null}, ""7TH AVE"": {""osm_lanes_max"": null, ""left_turn_lane"": """", ""bike_lane"": """", ""divided"": ""no"", ""one_way"": """", ""speed_mph"": null}}"
NE 22ND ST & NE 3RD AVE,True,13.5,1,29.653756,-82.2958734,2.0,,1.0,1.0,0.0,0.0,,,,no,,,"{""22ND ST"": {""osm_lanes_max"": null, ""left_turn_lane"": """", ""bike_lane"": """", ""divided"": ""no"", ""one_way"": """", ""speed_mph"": null}, ""3RD AVE"": {""osm_lanes_max"": null, ""left_turn_lane"": """", ""bike_lane"": """", ""divided"": ""no"", ""one_way"": """", ""speed_mph"": null}}"
NE 22ND AVE & NE 9TH TER,True,15.2,1,29.672647,-82.313257,2.0,,0.0,0.0,0.0,0.0,,,,no,,,"{""22ND AVE"": {""osm_lanes_max"": null, ""left_turn_lane"": """", ""bike_lane"": """", ""divided"": ""no"", ""one_way"": """", ""speed_mph"": null}, ""9TH TER"": {""osm_lanes_max"": null, ""left_turn_lane"": """", ""bike_lane"": """", ""divided"": ""no"", ""one_way"": """", ""speed_mph"": null}}"
NE 21ST WAY & NE 31ST AVE,True,15.2,1,29.681366,-82.29405,2.0,,0.0,0.0,0.0,0.0,2.0,,,no,,,"{""21ST WAY"": {""osm_lanes_max"": null, ""left_turn_lane"": """", ""bike_lane"": """", ""divided"": ""no"", ""one_way"": """", ""speed_mph"": null}, ""31ST AVE"": {""osm_lanes_max"": 2, ""left_turn_lane"": """", ""bike_lane"": """", ""divided"": ""no"", ""one_way"": """", ""speed_mph"": null}}"
NW 41ST AVE & NW 43RD ST,False,,0,,,,,,,,,,,,,,,
NE 18TH TER & NE 8TH AVE,True,11.2,1,29.659194,-82.3012087,2.0,,3.0,3.0,0.0,0.0,2.0,,,no,,,"{""18TH TER"": {""osm_lanes_max"": null, ""left_turn_lane"": """", ""bike_lane"": """", ""divided"": ""no"", ""one_way"": """", ""speed_mph"": null}, ""8TH AVE"": {""osm_lanes_max"": 2, ""left_turn_lane"": """", ""bike_lane"": """", ""divided"": ""no"", ""one_way"": """", ""speed_mph"": null}}"
S MAIN ST & SW 21ST AVE,True,21.1,1,29.632137,-82.3288732,2.0,,1.0,0.0,1.0,0.0,3.0,yes,,yes,,45.0,"{""21ST AVE"": {""osm_lanes_max"": null, ""left_turn_lane"": """", ""bike_lane"": """", ""divided"": ""no"", ""one_way"": """", ""speed_mph"": null}, ""MAIN ST"": {""osm_lanes_max"": 3, ""left_turn_lane"": ""yes"", ""bike_lane"": """", ""divided"": ""yes"", ""one_way"": """", ""speed_mph"": 45}}"
PRIVATE ROADWAY & SW 34TH ST,False,,0,,,,,,,,,,,,,,,
NW 34TH TER & NW 5TH AVE,True,12.9,1,29.655196,-82.373238,2.0,,0.0,0.0,0.0,0.0,,,,no,,,"{""34TH TER"": {""osm_lanes_max"": null, ""left_turn_lane"": """", ""bike_lane"": """", ""divided"": ""no"", ""one_way"": """", ""speed_mph"": null}, ""5TH AVE"": {""osm_lanes_max"": null, ""left_turn_lane"": """", ""bike_lane"": """", ""divided"": ""no"", ""one_way"": """", ""speed_mph"": null}}"
NW 36TH TER & NW 7TH AVE,True,16.9,1,29.657914,-82.377445,2.0,,0.0,0.0,0.0,0.0,,,,no,,,"{""36TH TER"": {""osm_lanes_max"": null, ""left_turn_lane"": """", ""bike_lane"": """", ""divided"": ""no"", ""one_way"": """", ""speed_mph"": null}, ""7TH AVE"": {""osm_lanes_max"": null, ""left_turn_lane"": """", ""bike_lane"": """", ""divided"": ""no"", ""one_way"": """", ""speed_mph"": null}}"
NW 36TH TER & NW 39TH AVE,True,9.4,2,29.6886654,-82.3771819,2.0,,1.0,0.0,1.0,0.0,3.0,yes,yes,yes,,45.0,"{""36TH TER"": {""osm_lanes_max"": null, ""left_turn_lane"": """", ""bike_lane"": """", ""divided"": ""no"", ""one_way"": """", ""speed_mph"": null}, ""39TH AVE"": {""osm_lanes_max"": 3, ""left_turn_lane"": ""yes"", ""bike_lane"": ""yes"", ""divided"": ""yes"", ""one_way"": """", ""speed_mph"": 45}}"
NW 36TH ST & NW 7TH PL,True,15.7,1,29.658718,-82.376436,2.0,,0.0,0.0,0.0,0.0,,,,no,,,"{""36TH ST"": {""osm_lanes_max"": null, ""left_turn_lane"": """", ""bike_lane"": """", ""divided"": ""no"", ""one_way"": """", ""speed_mph"": null}, ""7TH PL"": {""osm_lanes_max"": null, ""left_turn_lane"": """", ""bike_lane"": """", ""divided"": ""no"", ""one_way"": """", ""speed_mph"": null}}"
NE 27TH AVE & NE 56TH TER,True,15.2,1,29.675726,-82.259023,2.0,,0.0,0.0,0.0,0.0,,,,no,,,"{""27TH AVE"": {""osm_lanes_max"": null, ""left_turn_lane"": """", ""bike_lane"": """", ""divided"": ""no"", ""one_way"": """", ""speed_mph"": null}, ""56TH TER"": {""osm_lanes_max"": null, ""left_turn_lane"": """", ""bike_lane"": """", ""divided"": ""no"", ""one_way"": """", ""speed_mph"": null}}"
NE 27TH AVE & NE 53RD TER,True,15.2,1,29.675751,-82.261197,2.0,,0.0,0.0,0.0,0.0,,,,no,,,"{""27TH AVE"": {""osm_lanes_max"": null, ""left_turn_lane"": """", ""bike_lane"": """", ""divided"": ""no"", ""one_way"": """", ""speed_mph"": null}, ""53RD TER"": {""osm_lanes_max"": null, ""left_turn_lane"": """", ""bike_lane"": """", ""divided"": ""no"", ""one_way"": """", ""speed_mph"": null}}"
PANHELLENIC DR & SW 8TH AVE,False,,0,,,,,,,,,,,,,,,
NW 6TH AVE & NW 7TH TER,True,14.4,1,29.6565776,-82.332286,2.0,,0.0,0.0,0.0,0.0,,,,no,,,"{""6TH AVE"": {""osm_lanes_max"": null, ""left_turn_lane"": """", ""bike_lane"": """", ""divided"": ""no"", ""one_way"": """", ""speed_mph"": null}, ""7TH TER"": {""osm_lanes_max"": null, ""left_turn_lane"": """", ""bike_lane"": """", ""divided"": ""no"", ""one_way"": """", ""speed_mph"": null}}"
OLD ARCHER RD & PUBLIC ACCESS RD,False,,0,,,,,,,,,,,,,,,
NE 1ST AVE & NE 4TH ST,True,14.8,1,29.6526933,-82.3216157,2.0,,8.0,4.0,0.0,0.0,,,,no,,,"{""1ST AVE"": {""osm_lanes_max"": null, ""left_turn_lane"": """", ""bike_lane"": """", ""divided"": ""no"", ""one_way"": """", ""speed_mph"": null}, ""4TH ST"": {""osm_lanes_max"": null, ""left_turn_lane"": """", ""bike_lane"": """", ""divided"": ""no"", ""one_way"": """", ""speed_mph"": null}}"
NE 1ST AVE & NE 25TH ST,True,14.8,1,29.6526659,-82.2922759,2.0,,1.0,1.0,0.0,0.0,2.0,,yes,no,,,"{""1ST AVE"": {""osm_lanes_max"": null, ""left_turn_lane"": """", ""bike_lane"": """", ""divided"": ""no"", ""one_way"": """", ""speed_mph"": null}, ""25TH ST"": {""osm_lanes_max"": 2, ""left_turn_lane"": """", ""bike_lane"": ""yes"", ""divided"": ""no"", ""one_way"": """", ""speed_mph"": null}}"
NE 1ST AVE & NE 1ST ST,True,13.2,1,29.6526859,-82.3239628,2.0,,5.0,5.0,0.0,0.0,,,,yes,yes,,"{""1ST AVE"": {""osm_lanes_max"": null, ""left_turn_lane"": """", ""bike_lane"": """", ""divided"": ""no"", ""one_way"": ""yes"", ""speed_mph"": null}, ""1ST ST"": {""osm_lanes_max"": null, ""left_turn_lane"": """", ""bike_lane"": """", ""divided"": ""yes"", ""one_way"": """", ""speed_mph"": null}}"
NE 19TH TER & NE 7TH AVE,True,57.9,1,29.657409,-82.300083,1.0,,0.0,0.0,0.0,0.0,2.0,,,no,,,"{""19TH TER"": {""osm_lanes_max"": 2, ""left_turn_lane"": """", ""bike_lane"": """", ""divided"": ""no"", ""one_way"": """", ""speed_mph"": null}}"
SE 10TH AVE & VEITCH ST,True,47.3,1,29.6404999,-82.3234187,2.0,,0.0,0.0,0.0,0.0,,,,no,,,"{""10TH AVE"": {""osm_lanes_max"": null, ""left_turn_lane"": """", ""bike_lane"": """", ""divided"": ""no"", ""one_way"": """", ""speed_mph"": null}, ""VEITCH ST"": {""osm_lanes_max"": null, ""left_turn_lane"": """", ""bike_lane"": """", ""divided"": ""no"", ""one_way"": """", ""speed_mph"": null}}"
SE 10TH AVE & SE WILLISTON RD,False,,0,,,,,,,,,,,,,,,
SE 10TH AVE & SE VEITCH ST,True,47.2,1,29.6404999,-82.3234187,2.0,,0.0,0.0,0.0,0.0,,,,no,,,"{""10TH AVE"": {""osm_lanes_max"": null, ""left_turn_lane"": """", ""bike_lane"": """", ""divided"": ""no"", ""one_way"": """", ""speed_mph"": null}, ""VEITCH ST"": {""osm_lanes_max"": null, ""left_turn_lane"": """", ""bike_lane"": """", ""divided"": ""no"", ""one_way"": """", ""speed_mph"": null}}"
SE 10TH AVE & SE 4TH ST,True,15.2,1,29.6415576,-82.3198478,2.0,,2.0,0.0,2.0,0.0,2.0,,,no,,,"{""10TH AVE"": {""osm_lanes_max"": null, ""left_turn_lane"": """", ""bike_lane"": """", ""divided"": ""no"", ""one_way"": """", ""speed_mph"": null}, ""4TH ST"": {""osm_lanes_max"": 2, ""left_turn_lane"": """", ""bike_lane"": """", ""divided"": ""no"", ""one_way"": """", ""speed_mph"": null}}"
NW 34TH PL & NW 41ST TER,True,16.0,1,29.684571,-82.387272,2.0,,0.0,0.0,0.0,0.0,,,,no,,,"{""34TH PL"": {""osm_lanes_max"": null, ""left_turn_lane"": """", ""bike_lane"": """", ""divided"": ""no"", ""one_way"": """", ""speed_mph"": null}, ""41ST TER"": {""osm_lanes_max"": null, ""left_turn_lane"": """", ""bike_lane"": """", ""divided"": ""no"", ""one_way"": """", ""speed_mph"": null}}"
NW 36TH ST & NW 52ND AVE,True,12.0,1,29.701977,-82.376252,2.0,,0.0,0.0,0.0,0.0,,,,no,,,"{""36TH ST"": {""osm_lanes_max"": null, ""left_turn_lane"": """", ""bike_lane"": """", ""divided"": ""no"", ""one_way"": """", ""speed_mph"": null}, ""52ND AVE"": {""osm_lanes_max"": null, ""left_turn_lane"": """", ""bike_lane"": """", ""divided"": ""no"", ""one_way"": """", ""speed_mph"": null}}"
NW 36TH ST & NW 44TH PL,True,15.2,1,29.694869,-82.37622,2.0,,0.0,0.0,0.0,0.0,,,,no,,,"{""36TH ST"": {""osm_lanes_max"": null, ""left_turn_lane"": """", ""bike_lane"": """", ""divided"": ""no"", ""one_way"": """", ""speed_mph"": null}, ""44TH PL"": {""osm_lanes_max"": null, ""left_turn_lane"": """", ""bike_lane"": """", ""divided"": ""no"", ""one_way"": """", ""speed_mph"": null}}"
NW 36TH CT & NW 53RD AVE,True,15.2,1,29.703368,-82.377642,2.0,,0.0,0.0,0.0,0.0,2.0,,yes,no,,,"{""36TH CT"": {""osm_lanes_max"": null, ""left_turn_lane"": """", ""bike_lane"": """", ""divided"": ""no"", ""one_way"": """", ""speed_mph"": null}, ""53RD AVE"": {""osm_lanes_max"": 2, ""left_turn_lane"": """", ""bike_lane"": ""yes"", ""divided"": ""no"", ""one_way"": """", ""speed_mph"": null}}"
NW 35TH TER & NW 5TH AVE,True,15.1,1,29.655204,-82.375632,2.0,,0.0,0.0,0.0,0.0,,,,no,,,"{""35TH TER"": {""osm_lanes_max"": null, ""left_turn_lane"": """", ""bike_lane"": """", ""divided"": ""no"", ""one_way"": """", ""speed_mph"": null}, ""5TH AVE"": {""osm_lanes_max"": null, ""left_turn_lane"": """", ""bike_lane"": """", ""divided"": ""no"", ""one_way"": """", ""speed_mph"": null}}"
NW 35TH ST & NW 60TH LN,True,15.3,1,29.709781,-82.374233,2.0,,0.0,0.0,0.0,0.0,,,,no,,,"{""35TH ST"": {""osm_lanes_max"": null, ""left_turn_lane"": """", ""bike_lane"": """", ""divided"": ""no"", ""one_way"": """", ""speed_mph"": null}, ""60TH LN"": {""osm_lanes_max"": null, ""left_turn_lane"": """", ""bike_lane"": """", ""divided"": ""no"", ""one_way"": """", ""speed_mph"": null}}"
NE 2ND AVE & NE BLVD,True,15.4,2,29.6532698,-82.3201398,2.0,,2.0,0.0,2.0,0.0,,,,no,,,"{""2ND AVE"": {""osm_lanes_max"": null, ""left_turn_lane"": """", ""bike_lane"": """", ""divided"": ""no"", ""one_way"": """", ""speed_mph"": null}, ""BLVD"": {""osm_lanes_max"": null, ""left_turn_lane"": """", ""bike_lane"": """", ""divided"": ""no"", ""one_way"": """", ""speed_mph"": null}}"
NW 37TH ST & NW 53RD RD,True,15.9,1,29.70461,-82.3790933,2.0,,0.0,0.0,0.0,0.0,,,,no,,,"{""37TH ST"": {""osm_lanes_max"": null, ""left_turn_lane"": """", ""bike_lane"": """", ""divided"": ""no"", ""one_way"": """", ""speed_mph"": null}, ""53RD RD"": {""osm_lanes_max"": null, ""left_turn_lane"": """", ""bike_lane"": """", ""divided"": ""no"", ""one_way"": """", ""speed_mph"": null}}"
NW 37TH ST & NW 53RD LN,True,14.5,1,29.7039733,-82.3792507,2.0,,1.0,1.0,0.0,1.0,,,,no,,,"{""37TH ST"": {""osm_lanes_max"": null, ""left_turn_lane"": """", ""bike_lane"": """", ""divided"": ""no"", ""one_way"": """", ""speed_mph"": null}, ""53RD LN"": {""osm_lanes_max"": null, ""left_turn_lane"": """", ""bike_lane"": """", ""divided"": ""no"", ""one_way"": """", ""speed_mph"": null}}"
NW 37TH PL & NW 6TH ST,True,14.4,1,29.686998,-82.3307558,2.0,,0.0,0.0,0.0,0.0,4.0,,no,no,,35.0,"{""37TH PL"": {""osm_lanes_max"": null, ""left_turn_lane"": """", ""bike_lane"": """", ""divided"": ""no"", ""one_way"": """", ""speed_mph"": null}, ""6TH ST"": {""osm_lanes_max"": 4, ""left_turn_lane"": """", ""bike_lane"": ""no"", ""divided"": ""no"", ""one_way"": """", ""speed_mph"": 35}}"
NE 19TH DR & NE 31ST AVE,True,15.3,1,29.681369,-82.297942,2.0,,0.0,0.0,0.0,0.0,2.0,,,no,,,"{""19TH DR"": {""osm_lanes_max"": null, ""left_turn_lane"": """", ""bike_lane"": """", ""divided"": ""no"", ""one_way"": """", ""speed_mph"": null}, ""31ST AVE"": {""osm_lanes_max"": 2, ""left_turn_lane"": """", ""bike_lane"": """", ""divided"": ""no"", ""one_way"": """", ""speed_mph"": null}}"
NE 19TH DR & NE 27TH AVE,True,19.1,1,29.677003,-82.2996887,2.0,,0.0,0.0,0.0,0.0,,,,no,,,"{""19TH DR"": {""osm_lanes_max"": null, ""left_turn_lane"": """", ""bike_lane"": """", ""divided"": ""no"", ""one_way"": """", ""speed_mph"": null}, ""27TH AVE"": {""osm_lanes_max"": null, ""left_turn_lane"": """", ""bike_lane"": """", ""divided"": ""no"", ""one_way"": """", ""speed_mph"": null}}"
NW 34TH RD & NW 62ND PL,False,,0,,,,,,,,,,,,,,,
SE 10TH AVE & SE 18TH TER,False,,0,,,,,,,,,,,,,,,
SE 10TH AVE & SE 10TH ST,True,15.4,1,29.642214,-82.313731,2.0,,0.0,0.0,0.0,0.0,,,,no,,,"{""10TH AVE"": {""osm_lanes_max"": null, ""left_turn_lane"": """", ""bike_lane"": """", ""divided"": ""no"", ""one_way"": """", ""speed_mph"": null}, ""10TH ST"": {""osm_lanes_max"": null, ""left_turn_lane"": """", ""bike_lane"": """", ""divided"": ""no"", ""one_way"": """", ""speed_mph"": null}}"
SE 10TH TER & SE 22ND AVE,False,,0,,,,,,,,,,,,,,,
SE 10TH TER & SE 11TH AVE,True,13.6,1,29.6409947,-82.312324,2.0,,0.0,0.0,0.0,0.0,,,,no,,,"{""10TH TER"": {""osm_lanes_max"": null, ""left_turn_lane"": """", ""bike_lane"": """", ""divided"": ""no"", ""one_way"": """", ""speed_mph"": null}, ""11TH AVE"": {""osm_lanes_max"": null, ""left_turn_lane"": """", ""bike_lane"": """", ""divided"": ""no"", ""one_way"": """", ""speed_mph"": null}}"
SE 10TH ST & SE 2ND AVE,True,11.1,2,29.6501162,-82.3133342,2.0,,2.0,2.0,0.0,0.0,3.0,,yes,yes,,30.0,"{""10TH ST"": {""osm_lanes_max"": null, ""left_turn_lane"": """", ""bike_lane"": """", ""divided"": ""no"", ""one_way"": """", ""speed_mph"": null}, ""2ND AVE"": {""osm_lanes_max"": 3, ""left_turn_lane"": """", ""bike_lane"": ""yes"", ""divided"": ""yes"", ""one_way"": """", ""speed_mph"": 30}}"
NE 18TH ST & NE 4TH AVE,True,15.6,1,29.6547122,-82.3016695,2.0,,1.0,1.0,0.0,0.0,,,,no,,,"{""18TH ST"": {""osm_lanes_max"": null, ""left_turn_lane"": """", ""bike_lane"": """", ""divided"": ""no"", ""one_way"": """", ""speed_mph"": null}, ""4TH AVE"": {""osm_lanes_max"": null, ""left_turn_lane"": """", ""bike_lane"": """", ""divided"": ""no"", ""one_way"": """", ""speed_mph"": null}}"
NE 17TH TER & NE 21ST PL,True,12.6,1,29.672556,-82.303117,2.0,,0.0,0.0,0.0,0.0,,,,no,,,"{""17TH TER"": {""osm_lanes_max"": null, ""left_turn_lane"": """", ""bike_lane"": """", ""divided"": ""no"", ""one_way"": """", ""speed_mph"": null}, ""21ST PL"": {""osm_lanes_max"": null, ""left_turn_lane"": """", ""bike_lane"": """", ""divided"": ""no"", ""one_way"": """", ""speed_mph"": null}}"
NE 17TH ST & NE 6TH PL,True,16.4,1,29.6574056,-82.3032805,2.0,,0.0,0.0,0.0,0.0,,,,no,,,"{""17TH ST"": {""osm_lanes_max"": null, ""left_turn_lane"": """", ""bike_lane"": """", ""divided"": ""no"", ""one_way"": """", ""speed_mph"": null}, ""6TH PL"": {""osm_lanes_max"": null, ""left_turn_lane"": """", ""bike_lane"": """", ""divided"": ""no"", ""one_way"": """", ""speed_mph"": null}}"
SE 12TH ST & SE 2ND AVE,True,12.1,1,29.6500603,-82.3100882,2.0,,1.0,1.0,0.0,0.0,,,,no,,,"{""12TH ST"": {""osm_lanes_max"": null, ""left_turn_lane"": """", ""bike_lane"": """", ""divided"": ""no"", ""one_way"": """", ""speed_mph"": null}, ""2ND AVE"": {""osm_lanes_max"": null, ""left_turn_lane"": """", ""bike_lane"": """", ""divided"": ""no"", ""one_way"": """", ""speed_mph"": null}}"
SE 12TH PL & SE 15TH ST,True,14.6,1,29.6395366,-82.3058771,2.0,,1.0,1.0,0.0,0.0,2.0,,,no,,,"{""12TH PL"": {""osm_lanes_max"": null, ""left_turn_lane"": """", ""bike_lane"": """", ""divided"": ""no"", ""one_way"": """", ""speed_mph"": null}, ""15TH ST"": {""osm_lanes_max"": 2, ""left_turn_lane"": """", ""bike_lane"": """", ""divided"": ""no"", ""one_way"": """", ""speed_mph"": null}}"
SE 12TH AVE & SE 9TH ST,True,17.6,1,29.639823,-82.315127,2.0,,0.0,0.0,0.0,0.0,,,,no,,,"{""12TH AVE"": {""osm_lanes_max"": null, ""left_turn_lane"": """", ""bike_lane"": """", ""divided"": ""no"", ""one_way"": """", ""speed_mph"": null}, ""9TH ST"": {""osm_lanes_max"": null, ""left_turn_lane"": """", ""bike_lane"": """", ""divided"": ""no"", ""one_way"": """", ""speed_mph"": null}}"
OLD ARCHER RD & SW 31ST TER,True,15.7,1,29.6281337,-82.3696531,2.0,,1.0,0.0,1.0,0.0,2.0,,,no,,,"{""31ST TER"": {""osm_lanes_max"": null, ""left_turn_lane"": """", ""bike_lane"": """", ""divided"": ""no"", ""one_way"": """", ""speed_mph"": null}, ""OLD ARCHER RD"": {""osm_lanes_max"": 2, ""left_turn_lane"": """", ""bike_lane"": """", ""divided"": ""no"", ""one_way"": """", ""speed_mph"": null}}"
NE 17TH ST & NE 4TH AVE,True,15.1,1,29.6547168,-82.303004,2.0,,0.0,0.0,0.0,0.0,,,,no,,,"{""17TH ST"": {""osm_lanes_max"": null, ""left_turn_lane"": """", ""bike_lane"": """", ""divided"": ""no"", ""one_way"": """", ""speed_mph"": null}, ""4TH AVE"": {""osm_lanes_max"": null, ""left_turn_lane"": """", ""bike_lane"": """", ""divided"": ""no"", ""one_way"": """", ""speed_mph"": null}}"
SE 10TH PL & SE 20TH ST,True,15.3,1,29.641799,-82.298503,2.0,,0.0,0.0,0.0,0.0,,,,no,,,"{""10TH PL"": {""osm_lanes_max"": null, ""left_turn_lane"": """", ""bike_lane"": """", ""divided"": ""no"", ""one_way"": """", ""speed_mph"": null}, ""20TH ST"": {""osm_lanes_max"": null, ""left_turn_lane"": """", ""bike_lane"": """", ""divided"": ""no"", ""one_way"": """", ""speed_mph"": null}}"
SE 10TH PL & SE 1ST ST,True,18.4,1,29.6402098,-82.3215696,2.0,,0.0,0.0,0.0,0.0,,,,no,,,"{""10TH PL"": {""osm_lanes_max"": null, ""left_turn_lane"": """", ""bike_lane"": """", ""divided"": ""no"", ""one_way"": """", ""speed_mph"": null}, ""1ST ST"": {""osm_lanes_max"": null, ""left_turn_lane"": """", ""bike_lane"": """", ""divided"": ""no"", ""one_way"": """", ""speed_mph"": null}}"
SE 12TH AVE & SE 12TH ST,True,18.2,1,29.6397804,-82.3109854,2.0,,0.0,0.0,0.0,0.0,,,,no,,,"{""12TH AVE"": {""osm_lanes_max"": null, ""left_turn_lane"": """", ""bike_lane"": """", ""divided"": ""no"", ""one_way"": """", ""speed_mph"": null}, ""12TH ST"": {""osm_lanes_max"": null, ""left_turn_lane"": """", ""bike_lane"": """", ""divided"": ""no"", ""one_way"": """", ""speed_mph"": null}}"
NW 32ND PL & NW 6TH ST,True,17.5,1,29.6825624,-82.330758,2.0,,1.0,1.0,0.0,0.0,4.0,,no,no,,35.0,"{""32ND PL"": {""osm_lanes_max"": null, ""left_turn_lane"": """", ""bike_lane"": """", ""divided"": ""no"", ""one_way"": """", ""speed_mph"": null}, ""6TH ST"": {""osm_lanes_max"": 4, ""left_turn_lane"": """", ""bike_lane"": ""no"", ""divided"": ""no"", ""one_way"": """", ""speed_mph"": 35}}"
NW 31ST TER & NW 45TH AVE,True,20.4,1,29.695933,-82.368695,2.0,,0.0,0.0,0.0,0.0,,,,no,,30.0,"{""31ST TER"": {""osm_lanes_max"": null, ""left_turn_lane"": """", ""bike_lane"": """", ""divided"": ""no"", ""one_way"": """", ""speed_mph"": null}, ""45TH AVE"": {""osm_lanes_max"": null, ""left_turn_lane"": """", ""bike_lane"": """", ""divided"": ""no"", ""one_way"": """", ""speed_mph"": 30}}"
NW 34TH PL & NW 40TH TER,True,11.2,1,29.6845683,-82.386285,2.0,,0.0,0.0,0.0,0.0,,,,no,,,"{""34TH PL"": {""osm_lanes_max"": null, ""left_turn_lane"": """", ""bike_lane"": """", ""divided"": ""no"", ""one_way"": """", ""speed_mph"": null}, ""40TH TER"": {""osm_lanes_max"": null, ""left_turn_lane"": """", ""bike_lane"": """", ""divided"": ""no"", ""one_way"": """", ""speed_mph"": null}}"
NW 34TH PL & NW 38TH ST,True,16.9,1,29.6845585,-82.3806668,2.0,,0.0,0.0,0.0,0.0,,,,no,,,"{""34TH PL"": {""osm_lanes_max"": null, ""left_turn_lane"": """", ""bike_lane"": """", ""divided"": ""no"", ""one_way"": """", ""speed_mph"": null}, ""38TH ST"": {""osm_lanes_max"": null, ""left_turn_lane"": """", ""bike_lane"": """", ""divided"": ""no"", ""one_way"": """", ""speed_mph"": null}}"
NW 34TH DR & NW 49TH AVE,True,18.7,1,29.699653,-82.373358,2.0,,0.0,0.0,0.0,0.0,,,,no,,,"{""34TH DR"": {""osm_lanes_max"": null, ""left_turn_lane"": """", ""bike_lane"": """", ""divided"": ""no"", ""one_way"": """", ""speed_mph"": null}, ""49TH AVE"": {""osm_lanes_max"": null, ""left_turn_lane"": """", ""bike_lane"": """", ""divided"": ""no"", ""one_way"": """", ""speed_mph"": null}}"
NW 34TH BLVD & NW 54TH PL,False,,0,,,,,,,,,,,,,,,
NE 2ND ST & NE 6TH AVE,True,16.8,1,29.6568157,-82.3231215,2.0,,5.0,0.0,0.0,0.0,,,,no,yes,,"{""2ND ST"": {""osm_lanes_max"": null, ""left_turn_lane"": """", ""bike_lane"": """", ""divided"": ""no"", ""one_way"": ""yes"", ""speed_mph"": null}, ""6TH AVE"": {""osm_lanes_max"": null, ""left_turn_lane"": """", ""bike_lane"": """", ""divided"": ""no"", ""one_way"": """", ""speed_mph"": null}}"
NE 2ND ST & NE 5TH AVE,True,15.9,1,29.6557099,-82.3231254,2.0,,3.0,0.0,0.0,0.0,,,,no,yes,,"{""2ND ST"": {""osm_lanes_max"": null, ""left_turn_lane"": """", ""bike_lane"": """", ""divided"": ""no"", ""one_way"": ""yes"", ""speed_mph"": null}, ""5TH AVE"": {""osm_lanes_max"": null, ""left_turn_lane"": """", ""bike_lane"": """", ""divided"": ""no"", ""one_way"": """", ""speed_mph"": null}}"
NE 2ND ST & NE 3RD AVE,True,16.0,1,29.6540036,-82.3231323,2.0,,9.0,2.0,2.0,0.0,,,,no,yes,,"{""2ND ST"": {""osm_lanes_max"": null, ""left_turn_lane"": """", ""bike_lane"": """", ""divided"": ""no"", ""one_way"": ""yes"", ""speed_mph"": null}, ""3RD AVE"": {""osm_lanes_max"": null, ""left_turn_lane"": """", ""bike_lane"": """", ""divided"": ""no"", ""one_way"": ""yes"", ""speed_mph"": null}}"
SE 11TH AVE & SE 14TH ST,True,16.0,1,29.6410097,-82.3067933,2.0,,1.0,1.0,0.0,0.0,,,,no,,,"{""11TH AVE"": {""osm_lanes_max"": null, ""left_turn_lane"": """", ""bike_lane"": """", ""divided"": ""no"", ""one_way"": """", ""speed_mph"": null}, ""14TH ST"": {""osm_lanes_max"": null, ""left_turn_lane"": """", ""bike_lane"": """", ""divided"": ""no"", ""one_way"": """", ""speed_mph"": null}}"
SE 11TH AVE & SE 13TH ST,True,14.4,1,29.6410131,-82.3081825,2.0,,2.0,2.0,0.0,0.0,,,,no,,,"{""11TH AVE"": {""osm_lanes_max"": null, ""left_turn_lane"": """", ""bike_lane"": """", ""divided"": ""no"", ""one_way"": """", ""speed_mph"": null}, ""13TH ST"": {""osm_lanes_max"": null, ""left_turn_lane"": """", ""bike_lane"": """", ""divided"": ""no"", ""one_way"": """", ""speed_mph"": null}}"
NE 2ND AVE & NE 2ND ST,True,11.2,2,29.6533398,-82.323135,2.0,,5.0,3.0,0.0,0.0,,,,yes,,,"{""2ND AVE"": {""osm_lanes_max"": null, ""left_turn_lane"": """", ""bike_lane"": """", ""divided"": ""yes"", ""one_way"": """", ""speed_mph"": null}, ""2ND ST"": {""osm_lanes_max"": null, ""left_turn_lane"": """", ""bike_lane"": """", ""divided"": ""no"", ""one_way"": """", ""speed_mph"": null}}"
NW 34TH ST & NW 6TH AVE,False,,0,,,,,,,,,,,,,,,
NW 34TH ST & NW 48TH PL,False,,0,,,,,,,,,,,,,,,
NW 34TH ST & NW 42ND PL,True,18.8,2,29.6926511,-82.3722896,2.0,,2.0,1.0,1.0,0.0,2.0,,yes,no,,40.0,"{""34TH ST"": {""osm_lanes_max"": 2, ""left_turn_lane"": """", ""bike_lane"": ""yes"", ""divided"": ""no"", ""one_way"": """", ""speed_mph"": 40}, ""42ND PL"": {""osm_lanes_max"": null, ""left_turn_lane"": """", ""bike_lane"": """", ""divided"": ""no"", ""one_way"": """", ""speed_mph"": null}}"
SE 13TH PL & SE 3RD TER,True,18.7,1,29.637502,-82.3190455,2.0,,0.0,0.0,0.0,0.0,,,,no,,,"{""13TH PL"": {""osm_lanes_max"": null, ""left_turn_lane"": """", ""bike_lane"": """", ""divided"": ""no"", ""one_way"": """", ""speed_mph"": null}, ""3RD TER"": {""osm_lanes_max"": null, ""left_turn_lane"": """", ""bike_lane"": """", ""divided"": ""no"", ""one_way"": """", ""speed_mph"": null}}"
SE 13TH PL & SE 20TH ST,True,15.2,1,29.638899,-82.298512,2.0,,0.0,0.0,0.0,0.0,,,,no,,,"{""13TH PL"": {""osm_lanes_max"": null, ""left_turn_lane"": """", ""bike_lane"": """", ""divided"": ""no"", ""one_way"": """", ""speed_mph"": null}, ""20TH ST"": {""osm_lanes_max"": null, ""left_turn_lane"": """", ""bike_lane"": """", ""divided"": ""no"", ""one_way"": """", ""speed_mph"": null}}"
SE 13TH PL & SE 19TH TER,True,15.2,1,29.638904,-82.2994,2.0,,0.0,0.0,0.0,0.0,,,,no,,,"{""13TH PL"": {""osm_lanes_max"": null, ""left_turn_lane"": """", ""bike_lane"": """", ""divided"": ""no"", ""one_way"": """", ""speed_mph"": null}, ""19TH TER"": {""osm_lanes_max"": null, ""left_turn_lane"": """", ""bike_lane"": """", ""divided"": ""no"", ""one_way"": """", ""speed_mph"": null}}"
SE 13TH PL & SE 19TH ST,True,15.2,1,29.638907,-82.300233,2.0,,0.0,0.0,0.0,0.0,,,,no,,,"{""13TH PL"": {""osm_lanes_max"": null, ""left_turn_lane"": """", ""bike_lane"": """", ""divided"": ""no"", ""one_way"": """", ""speed_mph"": null}, ""19TH ST"": {""osm_lanes_max"": null, ""left_turn_lane"": """", ""bike_lane"": """", ""divided"": ""no"", ""one_way"": """", ""speed_mph"": null}}"
SE 13TH PL & SE 18TH TER,True,15.2,1,29.638911,-82.301103,2.0,,0.0,0.0,0.0,0.0,,,,no,,,"{""13TH PL"": {""osm_lanes_max"": null, ""left_turn_lane"": """", ""bike_lane"": """", ""divided"": ""no"", ""one_way"": """", ""speed_mph"": null}, ""18TH TER"": {""osm_lanes_max"": null, ""left_turn_lane"": """", ""bike_lane"": """", ""divided"": ""no"", ""one_way"": """", ""speed_mph"": null}}"
SE 13TH LN & SE 4TH ST,True,12.4,1,29.6375728,-82.317843,2.0,,1.0,0.0,1.0,0.0,2.0,,,no,,,"{""13TH LN"": {""osm_lanes_max"": null, ""left_turn_lane"": """", ""bike_lane"": """", ""divided"": ""no"", ""one_way"": """", ""speed_mph"": null}, ""4TH ST"": {""osm_lanes_max"": 2, ""left_turn_lane"": """", ""bike_lane"": """", ""divided"": ""no"", ""one_way"": """", ""speed_mph"": null}}"
SE 13TH LN & SE 3RD TER,True,14.9,1,29.6370293,-82.3186136,2.0,,0.0,0.0,0.0,0.0,,,,no,,,"{""13TH LN"": {""osm_lanes_max"": null, ""left_turn_lane"": """", ""bike_lane"": """", ""divided"": ""no"", ""one_way"": """", ""speed_mph"": null}, ""3RD TER"": {""osm_lanes_max"": null, ""left_turn_lane"": """", ""bike_lane"": """", ""divided"": ""no"", ""one_way"": """", ""speed_mph"": null}}"
SE 13TH AVE & SE 2ND ST,False,,0,,,,,,,,,,,,,,,
SE 12TH ST & SE 6TH AVE,True,14.5,1,29.646435,-82.310544,2.0,,0.0,0.0,0.0,0.0,,,,no,,,"{""12TH ST"": {""osm_lanes_max"": null, ""left_turn_lane"": """", ""bike_lane"": """", ""divided"": ""no"", ""one_way"": """", ""speed_mph"": null}, ""6TH AVE"": {""osm_lanes_max"": null, ""left_turn_lane"": """", ""bike_lane"": """", ""divided"": ""no"", ""one_way"": """", ""speed_mph"": null}}"
SE 12TH ST & SE 4TH PL,True,15.2,1,29.6480533,-82.310562,2.0,,0.0,0.0,0.0,0.0,,,,no,,,"{""12TH ST"": {""osm_lanes_max"": null, ""left_turn_lane"": """", ""bike_lane"": """", ""divided"": ""no"", ""one_way"": """", ""speed_mph"": null}, ""4TH PL"": {""osm_lanes_max"": null, ""left_turn_lane"": """", ""bike_lane"": """", ""divided"": ""no"", ""one_way"": """", ""speed_mph"": null}}"
SE 14TH TER & SE 4TH AVE,True,16.0,1,29.648264,-82.306519,2.0,,0.0,0.0,0.0,0.0,,,,no,,,"{""14TH TER"": {""osm_lanes_max"": null, ""left_turn_lane"": """", ""bike_lane"": """", ""divided"": ""no"", ""one_way"": """", ""speed_mph"": null}, ""4TH AVE"": {""osm_lanes_max"": null, ""left_turn_lane"": """", ""bike_lane"": """", ""divided"": ""no"", ""one_way"": """", ""speed_mph"": null}}"
SE 14TH ST & UNIVERSITY AVE,False,,0,,,,,,,,,,,,,,,
SE 14TH LN & SE 4TH ST,True,15.6,1,29.6363183,-82.3172408,2.0,,2.0,0.0,2.0,0.0,2.0,,,no,,,"{""14TH LN"": {""osm_lanes_max"": null, ""left_turn_lane"": """", ""bike_lane"": """", ""divided"": ""no"", ""one_way"": """", ""speed_mph"": null}, ""4TH ST"": {""osm_lanes_max"": 2, ""left_turn_lane"": """", ""bike_lane"": """", ""divided"": ""no"", ""one_way"": """", ""speed_mph"": null}}"
SE 12TH AVE & SE 19TH TER,True,15.5,1,29.6402591,-82.29939,2.0,,0.0,0.0,0.0,0.0,,,,no,,,"{""12TH AVE"": {""osm_lanes_max"": null, ""left_turn_lane"": """", ""bike_lane"": """", ""divided"": ""no"", ""one_way"": """", ""speed_mph"": null}, ""19TH TER"": {""osm_lanes_max"": null, ""left_turn_lane"": """", ""bike_lane"": """", ""divided"": ""no"", ""one_way"": """", ""speed_mph"": null}}"
SE 12TH AVE & SE 19TH ST,True,15.3,1,29.6402611,-82.300238,2.0,,0.0,0.0,0.0,0.0,,,,no,,,"{""12TH AVE"": {""osm_lanes_max"": null, ""left_turn_lane"": """", ""bike_lane"": """", ""divided"": ""no"", ""one_way"": """", ""speed_mph"": null}, ""19TH ST"": {""osm_lanes_max"": null, ""left_turn_lane"": """", ""bike_lane"": """", ""divided"": ""no"", ""one_way"": """", ""speed_mph"": null}}"
SE 12TH AVE & SE 18TH TER,True,14.1,1,29.6402632,-82.3010987,2.0,,0.0,0.0,0.0,0.0,,,,no,,,"{""12TH AVE"": {""osm_lanes_max"": null, ""left_turn_lane"": """", ""bike_lane"": """", ""divided"": ""no"", ""one_way"": """", ""speed_mph"": null}, ""18TH TER"": {""osm_lanes_max"": null, ""left_turn_lane"": """", ""bike_lane"": """", ""divided"": ""no"", ""one_way"": """", ""speed_mph"": null}}"
NE 3RD AVE & NE 8TH ST,True,10.6,2,29.6538456,-82.3162886,2.0,,1.0,0.0,1.0,0.0,,,,yes,,,"{""3RD AVE"": {""osm_lanes_max"": null, ""left_turn_lane"": """", ""bike_lane"": """", ""divided"": ""yes"", ""one_way"": """", ""speed_mph"": null}, ""8TH ST"": {""osm_lanes_max"": null, ""left_turn_lane"": """", ""bike_lane"": """", ""divided"": ""no"", ""one_way"": """", ""speed_mph"": null}}"
NE 3RD AVE & NE 3RD ST,True,12.1,1,29.6540081,-82.3223587,2.0,,4.0,0.0,0.0,0.0,,,,no,yes,,"{""3RD AVE"": {""osm_lanes_max"": null, ""left_turn_lane"": """", ""bike_lane"": """", ""divided"": ""no"", ""one_way"": ""yes"", ""speed_mph"": null}, ""3RD ST"": {""osm_lanes_max"": null, ""left_turn_lane"": """", ""bike_lane"": """", ""divided"": ""no"", ""one_way"": ""yes"", ""speed_mph"": null}}"
NE 3R AVE & NE 7TH ST,False,,0,,,,,,,,,,,,,,,
NE 39TH BLVD & NE 57TH BLVD,False,,0,,,,,,,,,,,,,,,
NW 33RD TER & NW 46TH AVE,True,16.1,1,29.696768,-82.371526,2.0,,1.0,1.0,0.0,0.0,,,,no,,,"{""33RD TER"": {""osm_lanes_max"": null, ""left_turn_lane"": """", ""bike_lane"": """", ""divided"": ""no"", ""one_way"": """", ""speed_mph"": null}, ""46TH AVE"": {""osm_lanes_max"": null, ""left_turn_lane"": """", ""bike_lane"": """", ""divided"": ""no"", ""one_way"": """", ""speed_mph"": null}}"
NW 33RD ST & NW 68TH AVE,True,15.2,1,29.717107,-82.370755,2.0,,0.0,0.0,0.0,0.0,,,,no,,,"{""33RD ST"": {""osm_lanes_max"": null, ""left_turn_lane"": """", ""bike_lane"": """", ""divided"": ""no"", ""one_way"": """", ""speed_mph"": null}, ""68TH AVE"": {""osm_lanes_max"": null, ""left_turn_lane"": """", ""bike_lane"": """", ""divided"": ""no"", ""one_way"": """", ""speed_mph"": null}}"
NW 33RD ST & NW 63RD PL,True,15.3,1,29.712829,-82.370766,2.0,,0.0,0.0,0.0,0.0,,,,no,,,"{""33RD ST"": {""osm_lanes_max"": null, ""left_turn_lane"": """", ""bike_lane"": """", ""divided"": ""no"", ""one_way"": """", ""speed_mph"": null}, ""63RD PL"": {""osm_lanes_max"": null, ""left_turn_lane"": """", ""bike_lane"": """", ""divided"": ""no"", ""one_way"": """", ""speed_mph"": null}}"
NW 33RD ST & NW 62ND AVE,True,15.2,1,29.711688,-82.370766,2.0,,0.0,0.0,0.0,0.0,,,,no,,,"{""33RD ST"": {""osm_lanes_max"": null, ""left_turn_lane"": """", ""bike_lane"": """", ""divided"": ""no"", ""one_way"": """", ""speed_mph"": null}, ""62ND AVE"": {""osm_lanes_max"": null, ""left_turn_lane"": """", ""bike_lane"": """", ""divided"": ""no"", ""one_way"": """", ""speed_mph"": null}}"
NW 33RD LN & NW 34TH TER,True,18.3,1,29.683636,-82.3733921,2.0,,0.0,0.0,0.0,0.0,,,no,no,,,"{""33RD LN"": {""osm_lanes_max"": null, ""left_turn_lane"": """", ""bike_lane"": ""no"", ""divided"": ""no"", ""one_way"": """", ""speed_mph"": null}, ""34TH TER"": {""osm_lanes_max"": null, ""left_turn_lane"": """", ""bike_lane"": ""no"", ""divided"": ""no"", ""one_way"": """", ""speed_mph"": null}}"
NW 33RD AVE & NW 8TH ST,True,15.2,1,29.68326,-82.332824,2.0,,0.0,0.0,0.0,0.0,,,,no,,,"{""33RD AVE"": {""osm_lanes_max"": null, ""left_turn_lane"": """", ""bike_lane"": """", ""divided"": ""no"", ""one_way"": """", ""speed_mph"": null}, ""8TH ST"": {""osm_lanes_max"": null, ""left_turn_lane"": """", ""bike_lane"": """", ""divided"": ""no"", ""one_way"": """", ""speed_mph"": null}}"
NW 32ND ST & NW 41ST AVE,True,14.2,1,29.691005,-82.369674,2.0,,0.0,0.0,0.0,0.0,,,,no,,,"{""32ND ST"": {""osm_lanes_max"": null, ""left_turn_lane"": """", ""bike_lane"": """", ""divided"": ""no"", ""one_way"": """", ""speed_mph"": null}, ""41ST AVE"": {""osm_lanes_max"": null, ""left_turn_lane"": """", ""bike_lane"": """", ""divided"": ""no"", ""one_way"": """", ""speed_mph"": null}}"
SE 14TH AVE & SE 15TH ST,True,15.0,1,29.638104,-82.3058727,2.0,,2.0,2.0,0.0,0.0,2.0,,,no,,,"{""14TH AVE"": {""osm_lanes_max"": null, ""left_turn_lane"": """", ""bike_lane"": """", ""divided"": ""no"", ""one_way"": """", ""speed_mph"": null}, ""15TH ST"": {""osm_lanes_max"": 2, ""left_turn_lane"": """", ""bike_lane"": """", ""divided"": ""no"", ""one_way"": """", ""speed_mph"": null}}"
SE 13TH TER & SE 4TH AVE,True,12.9,1,29.648253,-82.307904,2.0,,0.0,0.0,0.0,0.0,,,,no,,,"{""13TH TER"": {""osm_lanes_max"": null, ""left_turn_lane"": """", ""bike_lane"": """", ""divided"": ""no"", ""one_way"": """", ""speed_mph"": null}, ""4TH AVE"": {""osm_lanes_max"": null, ""left_turn_lane"": """", ""bike_lane"": """", ""divided"": ""no"", ""one_way"": """", ""speed_mph"": null}}"
SE 11TH AVE & SE 12TH ST,True,15.6,1,29.641015,-82.3109527,2.0,,2.0,2.0,0.0,0.0,,,,no,,,"{""11TH AVE"": {""osm_lanes_max"": null, ""left_turn_lane"": """", ""bike_lane"": """", ""divided"": ""no"", ""one_way"": """", ""speed_mph"": null}, ""12TH ST"": {""osm_lanes_max"": null, ""left_turn_lane"": """", ""bike_lane"": """", ""divided"": ""no"", ""one_way"": """", ""speed_mph"": null}}"
SE 13TH ST & SE 22ND AVE,False,,0,,,,,,,,,,,,,,,
SE 13TH RD & SE 1ST ST,False,,0,,,,,,,,,,,,,,,
SE 15TH DR & SE 7TH AVE,True,11.8,1,29.6457872,-82.3049018,2.0,,0.0,0.0,0.0,0.0,,,,no,,,"{""15TH DR"": {""osm_lanes_max"": null, ""left_turn_lane"": """", ""bike_lane"": """", ""divided"": ""no"", ""one_way"": """", ""speed_mph"": null}, ""7TH AVE"": {""osm_lanes_max"": null, ""left_turn_lane"": """", ""bike_lane"": """", ""divided"": ""no"", ""one_way"": """", ""speed_mph"": null}}"
SE 15TH AVE & SE 19TH TER,True,10.5,1,29.637347,-82.299399,2.0,,0.0,0.0,0.0,0.0,,,,no,,,"{""15TH AVE"": {""osm_lanes_max"": null, ""left_turn_lane"": """", ""bike_lane"": """", ""divided"": ""no"", ""one_way"": """", ""speed_mph"": null}, ""19TH TER"": {""osm_lanes_max"": null, ""left_turn_lane"": """", ""bike_lane"": """", ""divided"": ""no"", ""one_way"": """", ""speed_mph"": null}}"
SE 15TH AVE & SE 17TH ST,False,,0,,,,,,,,,,,,,,,
NE 17TH DR & NE 21ST PL,True,15.2,1,29.671975,-82.30203,2.0,,0.0,0.0,0.0,0.0,,,,no,,,"{""17TH DR"": {""osm_lanes_max"": null, ""left_turn_lane"": """", ""bike_lane"": """", ""divided"": ""no"", ""one_way"": """", ""speed_mph"": null}, ""21ST PL"": {""osm_lanes_max"": null, ""left_turn_lane"": """", ""bike_lane"": """", ""divided"": ""no"", ""one_way"": """", ""speed_mph"": null}}"
NE 16TH TER & NE 8TH AVE,True,13.6,2,29.6592162,-82.3039298,2.0,,2.0,2.0,0.0,0.0,2.0,,,no,,,"{""16TH TER"": {""osm_lanes_max"": null, ""left_turn_lane"": """", ""bike_lane"": """", ""divided"": ""no"", ""one_way"": """", ""speed_mph"": null}, ""8TH AVE"": {""osm_lanes_max"": 2, ""left_turn_lane"": """", ""bike_lane"": """", ""divided"": ""no"", ""one_way"": """", ""speed_mph"": null}}"
NW 2ND AVE & SW 5TH ST,False,,0,,,,,,,,,,,,,,,
NW 2ND AVE & NW 7TH TER,True,16.0,1,29.6534698,-82.3324191,2.0,,0.0,0.0,0.0,0.0,,,,no,yes,,"{""2ND AVE"": {""osm_lanes_max"": null, ""left_turn_lane"": """", ""bike_lane"": """", ""divided"": ""no"", ""one_way"": ""yes"", ""speed_mph"": null}, ""7TH TER"": {""osm_lanes_max"": null, ""left_turn_lane"": """", ""bike_lane"": """", ""divided"": ""no"", ""one_way"": ""yes"", ""speed_mph"": null}}"
NW 2ND AVE & NW 6TH ST,True,15.4,2,29.830405,-82.602572,2.0,,0.0,0.0,0.0,0.0,,,,no,,,"{""2ND AVE"": {""osm_lanes_max"": null, ""left_turn_lane"": """", ""bike_lane"": """", ""divided"": ""no"", ""one_way"": """", ""speed_mph"": null}, ""6TH ST"": {""osm_lanes_max"": null, ""left_turn_lane"": """", ""bike_lane"": """", ""divided"": ""no"", ""one_way"": """", ""speed_mph"": null}}"
NW 31ST PL & NW 8TH AVE,False,,0,,,,,,,,,,,,,,,
NW 31ST DR & NW 9TH PL,True,18.5,1,29.661171,-82.36938,2.0,,1.0,1.0,0.0,0.0,,,,no,,,"{""31ST DR"": {""osm_lanes_max"": null, ""left_turn_lane"": """", ""bike_lane"": """", ""divided"": ""no"", ""one_way"": """", ""speed_mph"": null}, ""9TH PL"": {""osm_lanes_max"": null, ""left_turn_lane"": """", ""bike_lane"": """", ""divided"": ""no"", ""one_way"": """", ""speed_mph"": null}}"
NW 31ST BLVD & NW 31ST TER,True,14.6,2,29.6851586,-82.3713118,2.0,,1.0,1.0,0.0,0.0,2.0,,no,yes,,25.0,"{""31ST BLVD"": {""osm_lanes_max"": 2, ""left_turn_lane"": """", ""bike_lane"": ""no"", ""divided"": ""no"", ""one_way"": """", ""speed_mph"": null}, ""31ST TER"": {""osm_lanes_max"": null, ""left_turn_lane"": """", ""bike_lane"": ""no"", ""divided"": ""yes"", ""one_way"": """", ""speed_mph"": 25}}"
NW 31ST AVE & NW 6TH ST,True,15.1,2,29.6807988,-82.3307608,2.0,,3.0,2.0,1.0,0.0,4.0,,no,no,,35.0,"{""31ST AVE"": {""osm_lanes_max"": null, ""left_turn_lane"": """", ""bike_lane"": """", ""divided"": ""no"", ""one_way"": """", ""speed_mph"": null}, ""6TH ST"": {""osm_lanes_max"": 4, ""left_turn_lane"": """", ""bike_lane"": ""no"", ""divided"": ""no"", ""one_way"": """", ""speed_mph"": 35}}"
NE 43RD TER & NE 49TH AVE,False,,0,,,,,,,,,,,,,,,
SE 14TH LN & SE 3RD TER,True,15.6,1,29.6360376,-82.317707,2.0,,0.0,0.0,0.0,0.0,,,,no,,,"{""14TH LN"": {""osm_lanes_max"": null, ""left_turn_lane"": """", ""bike_lane"": """", ""divided"": ""no"", ""one_way"": """", ""speed_mph"": null}, ""3RD TER"": {""osm_lanes_max"": null, ""left_turn_lane"": """", ""bike_lane"": """", ""divided"": ""no"", ""one_way"": """", ""speed_mph"": null}}"
SE 14TH AVE & SE 19TH TER,True,15.2,1,29.638119,-82.299402,2.0,,0.0,0.0,0.0,0.0,,,,no,,,"{""14TH AVE"": {""osm_lanes_max"": null, ""left_turn_lane"": """", ""bike_lane"": """", ""divided"": ""no"", ""one_way"": """", ""speed_mph"": null}, ""19TH TER"": {""osm_lanes_max"": null, ""left_turn_lane"": """", ""bike_lane"": """", ""divided"": ""no"", ""one_way"": """", ""speed_mph"": null}}"
SE 14TH AVE & SE 17TH DR,True,10.8,1,29.638121,-82.30195,2.0,,0.0,0.0,0.0,0.0,,,,no,,,"{""14TH AVE"": {""osm_lanes_max"": null, ""left_turn_lane"": """", ""bike_lane"": """", ""divided"": ""no"", ""one_way"": """", ""speed_mph"": null}, ""17TH DR"": {""osm_lanes_max"": null, ""left_turn_lane"": """", ""bike_lane"": """", ""divided"": ""no"", ""one_way"": """", ""speed_mph"": null}}"
NE 16TH TER & NE 6TH PL,True,16.8,1,29.6574079,-82.303859,2.0,,0.0,0.0,0.0,0.0,,,,no,,,"{""16TH TER"": {""osm_lanes_max"": null, ""left_turn_lane"": """", ""bike_lane"": """", ""divided"": ""no"", ""one_way"": """", ""speed_mph"": null}, ""6TH PL"": {""osm_lanes_max"": null, ""left_turn_lane"": """", ""bike_lane"": """", ""divided"": ""no"", ""one_way"": """", ""speed_mph"": null}}"
SE 19TH TER & SE 8TH AVE,True,15.3,1,29.644528,-82.299381,2.0,,1.0,1.0,0.0,0.0,2.0,,yes,no,,,"{""19TH TER"": {""osm_lanes_max"": null, ""left_turn_lane"": """", ""bike_lane"": """", ""divided"": ""no"", ""one_way"": """", ""speed_mph"": null}, ""8TH AVE"": {""osm_lanes_max"": 2, ""left_turn_lane"": """", ""bike_lane"": ""yes"", ""divided"": ""no"", ""one_way"": """", ""speed_mph"": null}}"
SE 18TH ST & SE 6TH AVE,True,15.8,1,29.6464568,-82.3016991,2.0,,0.0,0.0,0.0,0.0,,,,no,,,"{""18TH ST"": {""osm_lanes_max"": null, ""left_turn_lane"": """", ""bike_lane"": """", ""divided"": ""no"", ""one_way"": """", ""speed_mph"": null}, ""6TH AVE"": {""osm_lanes_max"": null, ""left_turn_lane"": """", ""bike_lane"": """", ""divided"": ""no"", ""one_way"": """", ""speed_mph"": null}}"
SE 18TH ST & SE 2ND AVE,True,15.3,1,29.6501202,-82.301603,2.0,,0.0,0.0,0.0,0.0,,,,no,,,"{""18TH ST"": {""osm_lanes_max"": null, ""left_turn_lane"": """", ""bike_lane"": """", ""divided"": ""no"", ""one_way"": """", ""speed_mph"": null}, ""2ND AVE"": {""osm_lanes_max"": null, ""left_turn_lane"": """", ""bike_lane"": """", ""divided"": ""no"", ""one_way"": """", ""speed_mph"": null}}"
SE 17TH TER & SE 6TH AVE,True,15.4,1,29.6464633,-82.3027043,2.0,,0.0,0.0,0.0,0.0,,,,no,,,"{""17TH TER"": {""osm_lanes_max"": null, ""left_turn_lane"": """", ""bike_lane"": """", ""divided"": ""no"", ""one_way"": """", ""speed_mph"": null}, ""6TH AVE"": {""osm_lanes_max"": null, ""left_turn_lane"": """", ""bike_lane"": """", ""divided"": ""no"", ""one_way"": """", ""speed_mph"": null}}"
SE 17TH TER & SE 4TH AVE,True,12.1,1,29.64829,-82.302708,2.0,,0.0,0.0,0.0,0.0,,,,no,,,"{""17TH TER"": {""osm_lanes_max"": null, ""left_turn_lane"": """", ""bike_lane"": """", ""divided"": ""no"", ""one_way"": """", ""speed_mph"": null}, ""4TH AVE"": {""osm_lanes_max"": null, ""left_turn_lane"": """", ""bike_lane"": """", ""divided"": ""no"", ""one_way"": """", ""speed_mph"": null}}"
SE 17TH ST & SE 3RD AVE,True,17.5,1,29.6492001,-82.3030228,2.0,,6.0,1.0,0.0,0.0,2.0,,yes,no,,,"{""17TH ST"": {""osm_lanes_max"": null, ""left_turn_lane"": """", ""bike_lane"": """", ""divided"": ""no"", ""one_way"": """", ""speed_mph"": null}, ""3RD AVE"": {""osm_lanes_max"": 2, ""left_turn_lane"": """", ""bike_lane"": ""yes"", ""divided"": ""no"", ""one_way"": """", ""speed_mph"": null}}"
SE 17TH ST & SE 2ND AVE,True,15.9,1,29.6501195,-82.3030118,2.0,,1.0,1.0,0.0,0.0,,,,no,,,"{""17TH ST"": {""osm_lanes_max"": null, ""left_turn_lane"": """", ""bike_lane"": """", ""divided"": ""no"", ""one_way"": """", ""speed_mph"": null}, ""2ND AVE"": {""osm_lanes_max"": null, ""left_turn_lane"": """", ""bike_lane"": """", ""divided"": ""no"", ""one_way"": """", ""speed_mph"": null}}"
NW 30TH TER & NW 39TH PL,True,14.0,1,29.689639,-82.367687,2.0,,0.0,0.0,0.0,0.0,,,,no,,,"{""30TH TER"": {""osm_lanes_max"": null, ""left_turn_lane"": """", ""bike_lane"": """", ""divided"": ""no"", ""one_way"": """", ""speed_mph"": null}, ""39TH PL"": {""osm_lanes_max"": null, ""left_turn_lane"": """", ""bike_lane"": """", ""divided"": ""no"", ""one_way"": """", ""speed_mph"": null}}"
NW 30TH ST & W UNIVERSITY AVE,True,15.3,1,29.652234,-82.367288,2.0,,3.0,2.0,1.0,0.0,3.0,,yes,no,,35.0,"{""30TH ST"": {""osm_lanes_max"": null, ""left_turn_lane"": """", ""bike_lane"": """", ""divided"": ""no"", ""one_way"": """", ""speed_mph"": null}, ""UNIVERSITY AVE"": {""osm_lanes_max"": 3, ""left_turn_lane"": """", ""bike_lane"": ""yes"", ""divided"": ""no"", ""one_way"": """", ""speed_mph"": 35}}"
NW 30TH ST & NW 45TH AVE,True,11.1,1,29.6959357,-82.3667291,2.0,,0.0,0.0,0.0,0.0,,,,no,,30.0,"{""30TH ST"": {""osm_lanes_max"": null, ""left_turn_lane"": """", ""bike_lane"": """", ""divided"": ""no"", ""one_way"": """", ""speed_mph"": null}, ""45TH AVE"": {""osm_lanes_max"": null, ""left_turn_lane"": """", ""bike_lane"": """", ""divided"": ""no"", ""one_way"": """", ""speed_mph"": 30}}"
NW 30TH BLVD & NW 34TH ST,False,,0,,,,,,,,,,,,,,,
NW 30TH AVE & NW 6TH ST,True,17.1,2,29.6799551,-82.330762,2.0,,2.0,2.0,0.0,0.0,4.0,,no,no,,35.0,"{""30TH AVE"": {""osm_lanes_max"": null, ""left_turn_lane"": """", ""bike_lane"": """", ""divided"": ""no"", ""one_way"": """", ""speed_mph"": null}, ""6TH ST"": {""osm_lanes_max"": 4, ""left_turn_lane"": """", ""bike_lane"": ""no"", ""divided"": ""no"", ""one_way"": """", ""speed_mph"": 35}}"
NW 30TH AVE & NW 34TH ST,True,13.5,1,29.679945,-82.372372,2.0,,3.0,1.0,2.0,0.0,2.0,,yes,no,,40.0,"{""30TH AVE"": {""osm_lanes_max"": null, ""left_turn_lane"": """", ""bike_lane"": ""no"", ""divided"": ""no"", ""one_way"": """", ""speed_mph"": null}, ""34TH ST"": {""osm_lanes_max"": 2, ""left_turn_lane"": """", ""bike_lane"": ""yes"", ""divided"": ""no"", ""one_way"": """", ""speed_mph"": 40}}"
SE 13TH ST & SE 7TH AVE,True,15.4,1,29.6457799,-82.308669,2.0,,1.0,1.0,0.0,0.0,2.0,,,no,,,"{""13TH ST"": {""osm_lanes_max"": null, ""left_turn_lane"": """", ""bike_lane"": """", ""divided"": ""no"", ""one_way"": """", ""speed_mph"": null}, ""7TH AVE"": {""osm_lanes_max"": 2, ""left_turn_lane"": """", ""bike_lane"": """", ""divided"": ""no"", ""one_way"": """", ""speed_mph"": null}}"
SE 15TH ST & SE 23RD AVE,True,15.3,1,29.6310082,-82.3058481,2.0,,1.0,0.0,1.0,0.0,2.0,,,no,,,"{""15TH ST"": {""osm_lanes_max"": 2, ""left_turn_lane"": """", ""bike_lane"": """", ""divided"": ""no"", ""one_way"": """", ""speed_mph"": null}, ""23RD AVE"": {""osm_lanes_max"": null, ""left_turn_lane"": """", ""bike_lane"": """", ""divided"": ""no"", ""one_way"": """", ""speed_mph"": null}}"
SE 1ST AVE & SE WILLISTON RD,False,,0,,,,,,,,,,,,,,,
SE 1ST AVE & SE 7TH ST,True,16.0,2,29.6508684,-82.3177897,2.0,,4.0,0.0,2.0,0.0,,,,no,,,"{""1ST AVE"": {""osm_lanes_max"": null, ""left_turn_lane"": """", ""bike_lane"": """", ""divided"": ""no"", ""one_way"": """", ""speed_mph"": null}, ""7TH ST"": {""osm_lanes_max"": null, ""left_turn_lane"": """", ""bike_lane"": """", ""divided"": ""no"", ""one_way"": """", ""speed_mph"": null}}"
NE 16TH AVE & NE 17TH WAY,True,14.3,1,29.6664896,-82.302605,2.0,,3.0,1.0,0.0,0.0,3.0,yes,yes,no,,,"{""16TH AVE"": {""osm_lanes_max"": 3, ""left_turn_lane"": ""yes"", ""bike_lane"": ""yes"", ""divided"": ""no"", ""one_way"": """", ""speed_mph"": null}, ""17TH WAY"": {""osm_lanes_max"": null, ""left_turn_lane"": """", ""bike_lane"": """", ""divided"": ""no"", ""one_way"": """", ""speed_mph"": null}}"
NE 15TH TER & NE 8TH AVE,True,12.5,2,29.6592124,-82.3047248,2.0,,2.0,1.0,0.0,0.0,2.0,,,no,,,"{""15TH TER"": {""osm_lanes_max"": null, ""left_turn_lane"": """", ""bike_lane"": """", ""divided"": ""no"", ""one_way"": """", ""speed_mph"": null}, ""8TH AVE"": {""osm_lanes_max"": 2, ""left_turn_lane"": """", ""bike_lane"": """", ""divided"": ""no"", ""one_way"": """", ""speed_mph"": null}}"
NE 15TH ST & NE 7TH AVE,True,15.5,1,29.657826,-82.3058503,2.0,,2.0,1.0,1.0,0.0,2.0,,yes,no,,,"{""15TH ST"": {""osm_lanes_max"": 2, ""left_turn_lane"": """", ""bike_lane"": ""yes"", ""divided"": ""no"", ""one_way"": """", ""speed_mph"": null}, ""7TH AVE"": {""osm_lanes_max"": null, ""left_turn_lane"": """", ""bike_lane"": """", ""divided"": ""no"", ""one_way"": """", ""speed_mph"": null}}"
NE 15TH ST & NE 6TH PL,True,15.6,1,29.6574169,-82.30585,2.0,,1.0,1.0,0.0,0.0,2.0,,yes,no,,,"{""15TH ST"": {""osm_lanes_max"": 2, ""left_turn_lane"": """", ""bike_lane"": ""yes"", ""divided"": ""no"", ""one_way"": """", ""speed_mph"": null}, ""6TH PL"": {""osm_lanes_max"": null, ""left_turn_lane"": """", ""bike_lane"": """", ""divided"": ""no"", ""one_way"": """", ""speed_mph"": null}}"
NE 4TH AVE & NE 6TH ST,True,15.4,1,29.6546892,-82.3185711,2.0,,4.0,0.0,4.0,0.0,,,,no,,,"{""4TH AVE"": {""osm_lanes_max"": null, ""left_turn_lane"": """", ""bike_lane"": """", ""divided"": ""no"", ""one_way"": """", ""speed_mph"": null}, ""6TH ST"": {""osm_lanes_max"": null, ""left_turn_lane"": """", ""bike_lane"": """", ""divided"": ""no"", ""one_way"": """", ""speed_mph"": null}}"
NW 2ND AVE & NW 2ND ST,True,13.5,1,29.6533257,-82.3266059,2.0,,2.0,2.0,0.0,0.0,2.0,,yes,no,yes,,"{""2ND AVE"": {""osm_lanes_max"": 2, ""left_turn_lane"": """", ""bike_lane"": ""yes"", ""divided"": ""no"", ""one_way"": """", ""speed_mph"": null}, ""2ND ST"": {""osm_lanes_max"": null, ""left_turn_lane"": """", ""bike_lane"": """", ""divided"": ""no"", ""one_way"": ""yes"", ""speed_mph"": null}}"
NW 29TH TER & NW 44TH PL,True,12.8,1,29.6950616,-82.3669443,2.0,,0.0,0.0,0.0,0.0,,,,no,,30.0,"{""29TH TER"": {""osm_lanes_max"": null, ""left_turn_lane"": """", ""bike_lane"": """", ""divided"": ""no"", ""one_way"": """", ""speed_mph"": 30}, ""44TH PL"": {""osm_lanes_max"": null, ""left_turn_lane"": """", ""bike_lane"": """", ""divided"": ""no"", ""one_way"": """", ""speed_mph"": null}}"
NW 29TH TER & NW 43RD AVE,True,15.3,1,29.693513,-82.366848,2.0,,0.0,0.0,0.0,0.0,,,,no,,30.0,"{""29TH TER"": {""osm_lanes_max"": null, ""left_turn_lane"": """", ""bike_lane"": """", ""divided"": ""no"", ""one_way"": """", ""speed_mph"": 30}, ""43RD AVE"": {""osm_lanes_max"": null, ""left_turn_lane"": """", ""bike_lane"": """", ""divided"": ""no"", ""one_way"": """", ""speed_mph"": null}}"
NW 29TH TER & NW 41ST PL,True,8.1,1,29.691919,-82.366035,2.0,,0.0,0.0,0.0,0.0,,,,no,,30.0,"{""29TH TER"": {""osm_lanes_max"": null, ""left_turn_lane"": """", ""bike_lane"": """", ""divided"": ""no"", ""one_way"": """", ""speed_mph"": 30}, ""41ST PL"": {""osm_lanes_max"": null, ""left_turn_lane"": """", ""bike_lane"": """", ""divided"": ""no"", ""one_way"": """", ""speed_mph"": null}}"
NW 29TH ST & NW 41ST AVE,False,,0,,,,,,,,,,,,,,,
NW 29TH ST & NW 31ST AVE,True,15.5,1,29.6814063,-82.3660707,2.0,,1.0,1.0,0.0,0.0,2.0,,no,no,,35.0,"{""29TH ST"": {""osm_lanes_max"": null, ""left_turn_lane"": """", ""bike_lane"": ""no"", ""divided"": ""no"", ""one_way"": """", ""speed_mph"": null}, ""31ST AVE"": {""osm_lanes_max"": 2, ""left_turn_lane"": """", ""bike_lane"": ""no"", ""divided"": ""no"", ""one_way"": """", ""speed_mph"": 35}}"
NW 29TH AVE & NW 6TH ST,True,11.9,1,29.6789275,-82.3307581,2.0,,3.0,1.0,2.0,0.0,4.0,,no,no,,35.0,"{""29TH AVE"": {""osm_lanes_max"": null, ""left_turn_lane"": """", ""bike_lane"": """", ""divided"": ""no"", ""one_way"": """", ""speed_mph"": null}, ""6TH ST"": {""osm_lanes_max"": 4, ""left_turn_lane"": """", ""bike_lane"": ""no"", ""divided"": ""no"", ""one_way"": """", ""speed_mph"": 35}}"
NE 40TH TER & NE 49TH AVE,False,,0,,,,,,,,,,,,,,,
NE 3RD ST & NE 9TH AVE,True,15.3,1,29.660083,-82.322355,2.0,,0.0,0.0,0.0,0.0,,,,no,,,"{""3RD ST"": {""osm_lanes_max"": null, ""left_turn_lane"": """", ""bike_lane"": """", ""divided"": ""no"", ""one_way"": """", ""speed_mph"": null}, ""9TH AVE"": {""osm_lanes_max"": null, ""left_turn_lane"": """", ""bike_lane"": """", ""divided"": ""no"", ""one_way"": """", ""speed_mph"": null}}"
NE 15TH ST & NE 5TH AVE,True,17.3,1,29.6555935,-82.3058487,2.0,,1.0,0.0,1.0,0.0,2.0,,yes,no,,,"{""15TH ST"": {""osm_lanes_max"": 2, ""left_turn_lane"": """", ""bike_lane"": ""yes"", ""divided"": ""no"", ""one_way"": """", ""speed_mph"": null}, ""5TH AVE"": {""osm_lanes_max"": null, ""left_turn_lane"": """", ""bike_lane"": """", ""divided"": ""no"", ""one_way"": """", ""speed_mph"": null}}"
NE 15TH ST & NE 4TH AVE,True,14.5,1,29.6547552,-82.3058481,2.0,,3.0,3.0,0.0,0.0,2.0,,yes,no,,,"{""15TH ST"": {""osm_lanes_max"": 2, ""left_turn_lane"": """", ""bike_lane"": ""yes"", ""divided"": ""no"", ""one_way"": """", ""speed_mph"": null}, ""4TH AVE"": {""osm_lanes_max"": null, ""left_turn_lane"": """", ""bike_lane"": """", ""divided"": ""no"", ""one_way"": """", ""speed_mph"": null}}"
NE 15TH ST & NE 40TH PL,True,17.6,1,29.6906595,-82.3057838,2.0,,0.0,0.0,0.0,0.0,2.0,,yes,no,,,"{""15TH ST"": {""osm_lanes_max"": 2, ""left_turn_lane"": """", ""bike_lane"": ""yes"", ""divided"": ""no"", ""one_way"": """", ""speed_mph"": null}, ""40TH PL"": {""osm_lanes_max"": null, ""left_turn_lane"": """", ""bike_lane"": """", ""divided"": ""no"", ""one_way"": """", ""speed_mph"": null}}"
SE 1ST AVE & SE 4TH PL,True,15.2,1,29.823575,-82.594491,2.0,,0.0,0.0,0.0,0.0,,,,no,,,"{""1ST AVE"": {""osm_lanes_max"": null, ""left_turn_lane"": """", ""bike_lane"": """", ""divided"": ""no"", ""one_way"": """", ""speed_mph"": null}, ""4TH PL"": {""osm_lanes_max"": null, ""left_turn_lane"": """", ""bike_lane"": """", ""divided"": ""no"", ""one_way"": """", ""speed_mph"": null}}"
SE 23RD ST & SE 9TH PL,True,17.1,1,29.642753,-82.294426,2.0,,0.0,0.0,0.0,0.0,,,,no,,,"{""23RD ST"": {""osm_lanes_max"": null, ""left_turn_lane"": """", ""bike_lane"": """", ""divided"": ""no"", ""one_way"": """", ""speed_mph"": null}, ""9TH PL"": {""osm_lanes_max"": null, ""left_turn_lane"": """", ""bike_lane"": """", ""divided"": ""no"", ""one_way"": """", ""speed_mph"": null}}"
SE 23RD ST & SE 8TH PL,True,16.0,1,29.6441594,-82.294405,2.0,,0.0,0.0,0.0,0.0,,,,no,,,"{""23RD ST"": {""osm_lanes_max"": null, ""left_turn_lane"": """", ""bike_lane"": """", ""divided"": ""no"", ""one_way"": """", ""speed_mph"": null}, ""8TH PL"": {""osm_lanes_max"": null, ""left_turn_lane"": """", ""bike_lane"": """", ""divided"": ""no"", ""one_way"": """", ""speed_mph"": null}}"
SE 21ST ST & SE 3RD PL,True,11.0,1,29.64861,-82.297524,2.0,,0.0,0.0,0.0,0.0,,,,no,,,"{""21ST ST"": {""osm_lanes_max"": null, ""left_turn_lane"": """", ""bike_lane"": """", ""divided"": ""no"", ""one_way"": """", ""speed_mph"": null}, ""3RD PL"": {""osm_lanes_max"": null, ""left_turn_lane"": """", ""bike_lane"": """", ""divided"": ""no"", ""one_way"": """", ""speed_mph"": null}}"
SE 21ST ST & SE 2ND AVE,True,15.8,1,29.65,-82.297524,2.0,,0.0,0.0,0.0,0.0,,,,no,,,"{""21ST ST"": {""osm_lanes_max"": null, ""left_turn_lane"": """", ""bike_lane"": """", ""divided"": ""no"", ""one_way"": """", ""speed_mph"": null}, ""2ND AVE"": {""osm_lanes_max"": null, ""left_turn_lane"": """", ""bike_lane"": """", ""divided"": ""no"", ""one_way"": """", ""speed_mph"": null}}"
SE 1ST TER & SW WILLISTON RD,True,17.0,3,29.6338884,-82.3191752,2.0,,2.0,1.0,1.0,0.0,3.0,yes,yes,yes,,45.0,"{""1ST TER"": {""osm_lanes_max"": null, ""left_turn_lane"": """", ""bike_lane"": """", ""divided"": ""no"", ""one_way"": """", ""speed_mph"": null}, ""WILLISTON RD"": {""osm_lanes_max"": 3, ""left_turn_lane"": ""yes"", ""bike_lane"": ""yes"", ""divided"": ""yes"", ""one_way"": """", ""speed_mph"": 45}}"
NW 27TH ST & NW 57TH PL,True,15.2,1,29.707401,-82.362778,2.0,,0.0,0.0,0.0,0.0,,,,no,,,"{""27TH ST"": {""osm_lanes_max"": null, ""left_turn_lane"": """", ""bike_lane"": """", ""divided"": ""no"", ""one_way"": """", ""speed_mph"": null}, ""57TH PL"": {""osm_lanes_max"": null, ""left_turn_lane"": """", ""bike_lane"": """", ""divided"": ""no"", ""one_way"": """", ""speed_mph"": null}}"
NW 27TH ST & NW 2ND AVE,True,14.1,1,29.65338,-82.362867,2.0,,0.0,0.0,0.0,0.0,,,,no,,,"{""27TH ST"": {""osm_lanes_max"": null, ""left_turn_lane"": """", ""bike_lane"": """", ""divided"": ""no"", ""one_way"": """", ""speed_mph"": null}, ""2ND AVE"": {""osm_lanes_max"": null, ""left_turn_lane"": """", ""bike_lane"": """", ""divided"": ""no"", ""one_way"": """", ""speed_mph"": null}}"
NW 27TH ST & NW 27TH TER,False,,0,,,,,,,,,,,,,,,
NW 27TH PL & NW 34TH ST,True,18.5,1,29.67811,-82.37236,2.0,,3.0,3.0,0.0,0.0,2.0,,yes,no,,40.0,"{""27TH PL"": {""osm_lanes_max"": null, ""left_turn_lane"": """", ""bike_lane"": """", ""divided"": ""no"", ""one_way"": """", ""speed_mph"": null}, ""34TH ST"": {""osm_lanes_max"": 2, ""left_turn_lane"": """", ""bike_lane"": ""yes"", ""divided"": ""no"", ""one_way"": """", ""speed_mph"": 40}}"
NW 28TH ST & NW 48TH AVE,True,15.8,1,29.698818,-82.3639747,2.0,,0.0,0.0,0.0,0.0,,,,no,,30.0,"{""28TH ST"": {""osm_lanes_max"": null, ""left_turn_lane"": """", ""bike_lane"": """", ""divided"": ""no"", ""one_way"": """", ""speed_mph"": 30}, ""48TH AVE"": {""osm_lanes_max"": null, ""left_turn_lane"": """", ""bike_lane"": """", ""divided"": ""no"", ""one_way"": """", ""speed_mph"": null}}"
NE 53RD AVE & NW 43RD ST,False,,0,,,,,,,,,,,,,,,
SE 16TH DR & SE 8TH AVE,False,,0,,,,,,,,,,,,,,,
NE 4TH TER & NE 8TH AVE,True,17.8,1,29.6592359,-82.3208762,2.0,,3.0,0.0,0.0,0.0,2.0,,,no,,,"{""4TH TER"": {""osm_lanes_max"": null, ""left_turn_lane"": """", ""bike_lane"": """", ""divided"": ""no"", ""one_way"": """", ""speed_mph"": null}, ""8TH AVE"": {""osm_lanes_max"": 2, ""left_turn_lane"": """", ""bike_lane"": """", ""divided"": ""no"", ""one_way"": """", ""speed_mph"": null}}"
NE 4TH AVE & NE 9TH ST,True,16.3,1,29.6547097,-82.3147721,2.0,,4.0,1.0,2.0,0.0,2.0,,yes,no,,,"{""4TH AVE"": {""osm_lanes_max"": null, ""left_turn_lane"": """", ""bike_lane"": """", ""divided"": ""no"", ""one_way"": """", ""speed_mph"": null}, ""9TH ST"": {""osm_lanes_max"": 2, ""left_turn_lane"": """", ""bike_lane"": ""yes"", ""divided"": ""no"", ""one_way"": """", ""speed_mph"": null}}"
SE 2ND ST & SE 6TH AVE,True,15.2,1,29.646486,-82.32306,2.0,,5.0,2.0,3.0,0.0,,,,no,,,"{""2ND ST"": {""osm_lanes_max"": null, ""left_turn_lane"": """", ""bike_lane"": """", ""divided"": ""no"", ""one_way"": """", ""speed_mph"": null}, ""6TH AVE"": {""osm_lanes_max"": null, ""left_turn_lane"": """", ""bike_lane"": """", ""divided"": ""no"", ""one_way"": """", ""speed_mph"": null}}"
SE 2ND ST & SE 4TH AVE,True,15.2,1,29.6483721,-82.3230798,2.0,,2.0,1.0,1.0,1.0,3.0,yes,,no,,,"{""2ND ST"": {""osm_lanes_max"": null, ""left_turn_lane"": """", ""bike_lane"": """", ""divided"": ""no"", ""one_way"": """", ""speed_mph"": null}, ""4TH AVE"": {""osm_lanes_max"": 3, ""left_turn_lane"": ""yes"", ""bike_lane"": """", ""divided"": ""no"", ""one_way"": """", ""speed_mph"": null}}"
SE 2ND PL & SE 4TH ST,True,14.0,1,29.6496593,-82.3216188,2.0,,3.0,1.0,1.0,0.0,,,,no,,,"{""2ND PL"": {""osm_lanes_max"": null, ""left_turn_lane"": """", ""bike_lane"": """", ""divided"": ""no"", ""one_way"": """", ""speed_mph"": null}, ""4TH ST"": {""osm_lanes_max"": null, ""left_turn_lane"": """", ""bike_lane"": """", ""divided"": ""no"", ""one_way"": """", ""speed_mph"": null}}"
SE 2ND AVE & SE 6TH ST,True,12.6,2,29.650267,-82.3193253,2.0,,2.0,1.0,1.0,0.0,2.0,,yes,yes,,30.0,"{""2ND AVE"": {""osm_lanes_max"": 2, ""left_turn_lane"": """", ""bike_lane"": ""yes"", ""divided"": ""yes"", ""one_way"": """", ""speed_mph"": 30}, ""6TH ST"": {""osm_lanes_max"": null, ""left_turn_lane"": """", ""bike_lane"": """", ""divided"": ""no"", ""one_way"": """", ""speed_mph"": null}}"
SE 2ND AVE & SE 4TH ST,True,15.8,2,29.6502972,-82.3215972,2.0,,2.0,1.0,1.0,0.0,2.0,,yes,yes,,30.0,"{""2ND AVE"": {""osm_lanes_max"": 2, ""left_turn_lane"": """", ""bike_lane"": ""yes"", ""divided"": ""yes"", ""one_way"": """", ""speed_mph"": 30}, ""4TH ST"": {""osm_lanes_max"": null, ""left_turn_lane"": """", ""bike_lane"": """", ""divided"": ""no"", ""one_way"": """", ""speed_mph"": null}}"
NW 25TH TER & NW 31ST AVE,False,,0,,,,,,,,,,,,,,,
NW 25TH TER & NW 29TH PL,True,15.6,1,29.679924,-82.3612594,2.0,,0.0,0.0,0.0,0.0,,,,no,,25.0,"{""25TH TER"": {""osm_lanes_max"": null, ""left_turn_lane"": """", ""bike_lane"": """", ""divided"": ""no"", ""one_way"": """", ""speed_mph"": 25}, ""29TH PL"": {""osm_lanes_max"": null, ""left_turn_lane"": """", ""bike_lane"": """", ""divided"": ""no"", ""one_way"": """", ""speed_mph"": 25}}"
NW 25TH PL & NW 34TH ST,True,14.4,1,29.675909,-82.372332,2.0,,3.0,3.0,0.0,0.0,2.0,,yes,no,,40.0,"{""25TH PL"": {""osm_lanes_max"": null, ""left_turn_lane"": """", ""bike_lane"": """", ""divided"": ""no"", ""one_way"": """", ""speed_mph"": null}, ""34TH ST"": {""osm_lanes_max"": 2, ""left_turn_lane"": """", ""bike_lane"": ""yes"", ""divided"": ""no"", ""one_way"": """", ""speed_mph"": 40}}"
NE 49TH AVE & NE 52ND DR,True,30.4,1,29.7034286,-82.2616152,2.0,,0.0,0.0,0.0,0.0,,,,no,,,"{""49TH AVE"": {""osm_lanes_max"": null, ""left_turn_lane"": """", ""bike_lane"": """", ""divided"": ""no"", ""one_way"": """", ""speed_mph"": null}, ""52ND DR"": {""osm_lanes_max"": null, ""left_turn_lane"": """", ""bike_lane"": """", ""divided"": ""no"", ""one_way"": """", ""speed_mph"": null}}"
NW 28TH PL & NW 37TH TER,True,16.7,1,29.678571,-82.37938,2.0,,0.0,0.0,0.0,0.0,,,,no,,,"{""28TH PL"": {""osm_lanes_max"": null, ""left_turn_lane"": """", ""bike_lane"": """", ""divided"": ""no"", ""one_way"": """", ""speed_mph"": null}, ""37TH TER"": {""osm_lanes_max"": null, ""left_turn_lane"": """", ""bike_lane"": """", ""divided"": ""no"", ""one_way"": """", ""speed_mph"": null}}"
NW 28TH PL & NW 34TH ST,True,14.7,1,29.678496,-82.372362,2.0,,3.0,2.0,1.0,0.0,2.0,,yes,no,,40.0,"{""28TH PL"": {""osm_lanes_max"": null, ""left_turn_lane"": """", ""bike_lane"": ""no"", ""divided"": ""no"", ""one_way"": """", ""speed_mph"": null}, ""34TH ST"": {""osm_lanes_max"": 2, ""left_turn_lane"": """", ""bike_lane"": ""yes"", ""divided"": ""no"", ""one_way"": """", ""speed_mph"": 40}}"
NW 28TH AVE & NW 6TH ST,True,13.8,1,29.6779928,-82.3307606,2.0,,5.0,1.0,0.0,0.0,4.0,,no,no,,35.0,"{""28TH AVE"": {""osm_lanes_max"": null, ""left_turn_lane"": """", ""bike_lane"": """", ""divided"": ""no"", ""one_way"": """", ""speed_mph"": null}, ""6TH ST"": {""osm_lanes_max"": 4, ""left_turn_lane"": """", ""bike_lane"": ""no"", ""divided"": ""no"", ""one_way"": """", ""speed_mph"": 35}}"
NW 27TH TER & W UNIVERSITY AVE,True,15.3,1,29.65201,-82.363642,2.0,,2.0,1.0,1.0,0.0,3.0,,yes,no,,35.0,"{""27TH TER"": {""osm_lanes_max"": null, ""left_turn_lane"": """", ""bike_lane"": """", ""divided"": ""no"", ""one_way"": """", ""speed_mph"": null}, ""UNIVERSITY AVE"": {""osm_lanes_max"": 3, ""left_turn_lane"": """", ""bike_lane"": ""yes"", ""divided"": ""no"", ""one_way"": """", ""speed_mph"": 35}}"
NW 29TH AVE & NW 34TH ST,True,17.2,1,29.679231,-82.372366,2.0,,4.0,1.0,2.0,0.0,2.0,,yes,no,,40.0,"{""29TH AVE"": {""osm_lanes_max"": null, ""left_turn_lane"": """", ""bike_lane"": ""no"", ""divided"": ""no"", ""one_way"": """", ""speed_mph"": null}, ""34TH ST"": {""osm_lanes_max"": 2, ""left_turn_lane"": """", ""bike_lane"": ""yes"", ""divided"": ""no"", ""one_way"": """", ""speed_mph"": 40}}"
NW 27TH TER & NW 47TH AVE,True,17.0,1,29.69783,-82.3631624,2.0,,0.0,0.0,0.0,0.0,,,,no,,30.0,"{""27TH TER"": {""osm_lanes_max"": null, ""left_turn_lane"": """", ""bike_lane"": """", ""divided"": ""no"", ""one_way"": """", ""speed_mph"": 30}, ""47TH AVE"": {""osm_lanes_max"": null, ""left_turn_lane"": """", ""bike_lane"": """", ""divided"": ""no"", ""one_way"": """", ""speed_mph"": null}}"
NW 27TH TER & NW 2ND AVE,True,15.5,1,29.653396,-82.363662,2.0,,0.0,0.0,0.0,0.0,,,,no,,,"{""27TH TER"": {""osm_lanes_max"": null, ""left_turn_lane"": """", ""bike_lane"": """", ""divided"": ""no"", ""one_way"": """", ""speed_mph"": null}, ""2ND AVE"": {""osm_lanes_max"": null, ""left_turn_lane"": """", ""bike_lane"": """", ""divided"": ""no"", ""one_way"": """", ""speed_mph"": null}}"
NW 27TH ST & NW 62ND AVE,True,15.3,1,29.711732,-82.362779,2.0,,0.0,0.0,0.0,0.0,,,,no,,,"{""27TH ST"": {""osm_lanes_max"": null, ""left_turn_lane"": """", ""bike_lane"": """", ""divided"": ""no"", ""one_way"": """", ""speed_mph"": null}, ""62ND AVE"": {""osm_lanes_max"": null, ""left_turn_lane"": """", ""bike_lane"": """", ""divided"": ""no"", ""one_way"": """", ""speed_mph"": null}}"
SE 26TH ST & SE 26TH TER,True,19.9,1,29.6495142,-82.2897628,2.0,,0.0,0.0,0.0,0.0,,,,no,,,"{""26TH ST"": {""osm_lanes_max"": null, ""left_turn_lane"": """", ""bike_lane"": """", ""divided"": ""no"", ""one_way"": """", ""speed_mph"": null}, ""26TH TER"": {""osm_lanes_max"": null, ""left_turn_lane"": """", ""bike_lane"": """", ""divided"": ""no"", ""one_way"": """", ""speed_mph"": null}}"
SE 4TH ST & SE 9TH PL,True,15.2,1,29.6419981,-82.3200687,2.0,,2.0,0.0,2.0,0.0,2.0,,,no,,,"{""4TH ST"": {""osm_lanes_max"": 2, ""left_turn_lane"": """", ""bike_lane"": """", ""divided"": ""no"", ""one_way"": """", ""speed_mph"": null}, ""9TH PL"": {""osm_lanes_max"": null, ""left_turn_lane"": """", ""bike_lane"": """", ""divided"": ""no"", ""one_way"": """", ""speed_mph"": null}}"
SE 4TH AVE & SE 8TH ST,True,15.2,1,29.648239,-82.31648,2.0,,0.0,0.0,0.0,0.0,2.0,,yes,no,,,"{""4TH AVE"": {""osm_lanes_max"": 2, ""left_turn_lane"": """", ""bike_lane"": ""yes"", ""divided"": ""no"", ""one_way"": """", ""speed_mph"": null}, ""8TH ST"": {""osm_lanes_max"": null, ""left_turn_lane"": """", ""bike_lane"": """", ""divided"": ""no"", ""one_way"": """", ""speed_mph"": null}}"
NE 15TH ST & NE 3RD AVE,True,15.5,1,29.653797,-82.3058475,2.0,,1.0,1.0,0.0,0.0,2.0,,yes,no,,,"{""15TH ST"": {""osm_lanes_max"": 2, ""left_turn_lane"": """", ""bike_lane"": ""yes"", ""divided"": ""no"", ""one_way"": """", ""speed_mph"": null}, ""3RD AVE"": {""osm_lanes_max"": null, ""left_turn_lane"": """", ""bike_lane"": """", ""divided"": ""no"", ""one_way"": """", ""speed_mph"": null}}"
NE 15TH ST & NE 28TH AVE,True,15.4,1,29.677497,-82.305817,2.0,,1.0,1.0,0.0,0.0,2.0,,,no,,,"{""15TH ST"": {""osm_lanes_max"": 2, ""left_turn_lane"": """", ""bike_lane"": """", ""divided"": ""no"", ""one_way"": """", ""speed_mph"": null}, ""28TH AVE"": {""osm_lanes_max"": null, ""left_turn_lane"": """", ""bike_lane"": """", ""divided"": ""no"", ""one_way"": """", ""speed_mph"": null}}"
NE 5TH PL & NE 7TH ST,True,17.4,1,29.6564413,-82.3174353,2.0,,0.0,0.0,0.0,0.0,,,,no,,,"{""5TH PL"": {""osm_lanes_max"": null, ""left_turn_lane"": """", ""bike_lane"": """", ""divided"": ""no"", ""one_way"": """", ""speed_mph"": null}, ""7TH ST"": {""osm_lanes_max"": null, ""left_turn_lane"": """", ""bike_lane"": """", ""divided"": ""no"", ""one_way"": """", ""speed_mph"": null}}"
NE 5TH AVE & NE 8TH ST,True,14.9,1,29.655689,-82.316254,2.0,,0.0,0.0,0.0,0.0,,,,no,,,"{""5TH AVE"": {""osm_lanes_max"": null, ""left_turn_lane"": """", ""bike_lane"": """", ""divided"": ""no"", ""one_way"": """", ""speed_mph"": null}, ""8TH ST"": {""osm_lanes_max"": null, ""left_turn_lane"": """", ""bike_lane"": """", ""divided"": ""no"", ""one_way"": """", ""speed_mph"": null}}"
NW 27TH AVE & NW 48TH TER,True,16.9,1,29.677816,-82.394782,2.0,,0.0,0.0,0.0,0.0,,,,no,,,"{""27TH AVE"": {""osm_lanes_max"": null, ""left_turn_lane"": """", ""bike_lane"": """", ""divided"": ""no"", ""one_way"": """", ""speed_mph"": null}, ""48TH TER"": {""osm_lanes_max"": null, ""left_turn_lane"": """", ""bike_lane"": """", ""divided"": ""no"", ""one_way"": """", ""speed_mph"": null}}"
NW 26TH TER & NW 68TH AVE,True,15.2,1,29.717078,-82.361874,2.0,,0.0,0.0,0.0,0.0,,,,no,,,"{""26TH TER"": {""osm_lanes_max"": null, ""left_turn_lane"": """", ""bike_lane"": """", ""divided"": ""no"", ""one_way"": """", ""speed_mph"": null}, ""68TH AVE"": {""osm_lanes_max"": null, ""left_turn_lane"": """", ""bike_lane"": """", ""divided"": ""no"", ""one_way"": """", ""speed_mph"": null}}"
NW 26TH TER & NW 57TH PL,True,15.3,1,29.707399,-82.36189,2.0,,0.0,0.0,0.0,0.0,,,,no,,,"{""26TH TER"": {""osm_lanes_max"": null, ""left_turn_lane"": """", ""bike_lane"": """", ""divided"": ""no"", ""one_way"": """", ""speed_mph"": null}, ""57TH PL"": {""osm_lanes_max"": null, ""left_turn_lane"": """", ""bike_lane"": """", ""divided"": ""no"", ""one_way"": """", ""speed_mph"": null}}"
NW 26TH TER & NW 33RD PL,True,16.0,1,29.683757,-82.361646,2.0,,0.0,0.0,0.0,0.0,,,,no,,25.0,"{""26TH TER"": {""osm_lanes_max"": null, ""left_turn_lane"": """", ""bike_lane"": """", ""divided"": ""no"", ""one_way"": """", ""speed_mph"": 25}, ""33RD PL"": {""osm_lanes_max"": null, ""left_turn_lane"": """", ""bike_lane"": """", ""divided"": ""no"", ""one_way"": """", ""speed_mph"": 25}}"
NW 26TH ST & NW 3RD AVE,True,32.4,1,29.654055,-82.361653,2.0,,0.0,0.0,0.0,0.0,,,,no,,,"{""26TH ST"": {""osm_lanes_max"": null, ""left_turn_lane"": """", ""bike_lane"": """", ""divided"": ""no"", ""one_way"": """", ""speed_mph"": null}, ""3RD AVE"": {""osm_lanes_max"": null, ""left_turn_lane"": """", ""bike_lane"": """", ""divided"": ""no"", ""one_way"": """", ""speed_mph"": null}}"
NW 25TH TER & NW 55TH BLVD,True,15.2,1,29.705672,-82.3601,2.0,,1.0,0.0,1.0,0.0,,,,no,,,"{""25TH TER"": {""osm_lanes_max"": null, ""left_turn_lane"": """", ""bike_lane"": """", ""divided"": ""no"", ""one_way"": """", ""speed_mph"": null}, ""55TH BLVD"": {""osm_lanes_max"": null, ""left_turn_lane"": """", ""bike_lane"": """", ""divided"": ""no"", ""one_way"": """", ""speed_mph"": null}}"
NW 24TH ST & NW 24TH WAY,False,,0,,,,,,,,,,,,,,,
NW 24TH BLVD & NW 52ND AVE,True,16.3,1,29.7019073,-82.3586613,2.0,,2.0,2.0,0.0,0.0,2.0,,,no,,30.0,"{""24TH BLVD"": {""osm_lanes_max"": 2, ""left_turn_lane"": """", ""bike_lane"": """", ""divided"": ""no"", ""one_way"": """", ""speed_mph"": 30}, ""52ND AVE"": {""osm_lanes_max"": null, ""left_turn_lane"": """", ""bike_lane"": """", ""divided"": ""no"", ""one_way"": """", ""speed_mph"": null}}"
NW 24TH BLVD & NW 49TH AVE,True,15.0,1,29.6995092,-82.3578124,2.0,,2.0,2.0,0.0,0.0,2.0,,,no,,30.0,"{""24TH BLVD"": {""osm_lanes_max"": 2, ""left_turn_lane"": """", ""bike_lane"": """", ""divided"": ""no"", ""one_way"": """", ""speed_mph"": 30}, ""49TH AVE"": {""osm_lanes_max"": null, ""left_turn_lane"": """", ""bike_lane"": """", ""divided"": ""no"", ""one_way"": """", ""speed_mph"": null}}"
NE 15TH ST & NE 18TH AVE,True,14.1,1,29.6683762,-82.3058342,2.0,,2.0,2.0,0.0,0.0,2.0,,,no,,,"{""15TH ST"": {""osm_lanes_max"": 2, ""left_turn_lane"": """", ""bike_lane"": """", ""divided"": ""no"", ""one_way"": """", ""speed_mph"": null}, ""18TH AVE"": {""osm_lanes_max"": null, ""left_turn_lane"": """", ""bike_lane"": """", ""divided"": ""no"", ""one_way"": """", ""speed_mph"": null}}"
NE 15TH ST & NE 17TH AVE,True,15.5,1,29.6676316,-82.305831,2.0,,0.0,0.0,0.0,0.0,2.0,,,no,,,"{""15TH ST"": {""osm_lanes_max"": 2, ""left_turn_lane"": """", ""bike_lane"": """", ""divided"": ""no"", ""one_way"": """", ""speed_mph"": null}, ""17TH AVE"": {""osm_lanes_max"": null, ""left_turn_lane"": """", ""bike_lane"": """", ""divided"": ""no"", ""one_way"": """", ""speed_mph"": null}}"
STATION 2 ACCESS RD & SW ARCHER RD,False,,0,,,,,,,,,,,,,,,
SR-A & W UNIVERSTIY AVE,False,,0,,,,,,,,,,,,,,,
SE 9TH PL & SE 9TH ST,True,14.7,1,29.64282,-82.315091,2.0,,0.0,0.0,0.0,0.0,,,,no,,,"{""9TH PL"": {""osm_lanes_max"": null, ""left_turn_lane"": """", ""bike_lane"": """", ""divided"": ""no"", ""one_way"": """", ""speed_mph"": null}, ""9TH ST"": {""osm_lanes_max"": null, ""left_turn_lane"": """", ""bike_lane"": """", ""divided"": ""no"", ""one_way"": """", ""speed_mph"": null}}"
NW 23RD WAY & NW 71ST PL,True,15.3,1,29.720017,-82.35651,2.0,,0.0,0.0,0.0,0.0,,,,no,,,"{""23RD WAY"": {""osm_lanes_max"": null, ""left_turn_lane"": """", ""bike_lane"": """", ""divided"": ""no"", ""one_way"": """", ""speed_mph"": null}, ""71ST PL"": {""osm_lanes_max"": null, ""left_turn_lane"": """", ""bike_lane"": """", ""divided"": ""no"", ""one_way"": """", ""speed_mph"": null}}"
NW 23RD TER & NW 62ND PL,False,,0,,,,,,,,,,,,,,,
NW 25TH AVE & NW 8TH ST,True,15.2,1,29.675685,-82.332891,2.0,,0.0,0.0,0.0,0.0,,,,no,,,"{""25TH AVE"": {""osm_lanes_max"": null, ""left_turn_lane"": """", ""bike_lane"": """", ""divided"": ""no"", ""one_way"": """", ""speed_mph"": null}, ""8TH ST"": {""osm_lanes_max"": null, ""left_turn_lane"": """", ""bike_lane"": """", ""divided"": ""no"", ""one_way"": """", ""speed_mph"": null}}"
NE 6TH AVE & NE BLVD,True,17.4,2,29.656907,-82.3198085,2.0,,0.0,0.0,0.0,0.0,,,,yes,,,"{""6TH AVE"": {""osm_lanes_max"": null, ""left_turn_lane"": """", ""bike_lane"": """", ""divided"": ""no"", ""one_way"": """", ""speed_mph"": null}, ""BLVD"": {""osm_lanes_max"": null, ""left_turn_lane"": """", ""bike_lane"": """", ""divided"": ""yes"", ""one_way"": """", ""speed_mph"": null}}"
NE 6TH AVE & NE 9TH ST,True,16.6,1,29.6571354,-82.314783,2.0,,1.0,1.0,0.0,0.0,2.0,,yes,no,,,"{""6TH AVE"": {""osm_lanes_max"": null, ""left_turn_lane"": """", ""bike_lane"": """", ""divided"": ""no"", ""one_way"": """", ""speed_mph"": null}, ""9TH ST"": {""osm_lanes_max"": 2, ""left_turn_lane"": """", ""bike_lane"": ""yes"", ""divided"": ""no"", ""one_way"": """", ""speed_mph"": null}}"
NE 6TH AVE & NE 6TH ST,True,15.7,1,29.6569011,-82.318515,2.0,,0.0,0.0,0.0,0.0,,,,no,,,"{""6TH AVE"": {""osm_lanes_max"": null, ""left_turn_lane"": """", ""bike_lane"": """", ""divided"": ""no"", ""one_way"": """", ""speed_mph"": null}, ""6TH ST"": {""osm_lanes_max"": null, ""left_turn_lane"": """", ""bike_lane"": """", ""divided"": ""no"", ""one_way"": """", ""speed_mph"": null}}"
NE 5TH TER & NE 9TH AVE,True,16.0,2,29.6600756,-82.3194963,2.0,,4.0,0.0,1.0,0.0,,,,no,,,"{""5TH TER"": {""osm_lanes_max"": null, ""left_turn_lane"": """", ""bike_lane"": """", ""divided"": ""no"", ""one_way"": """", ""speed_mph"": null}, ""9TH AVE"": {""osm_lanes_max"": null, ""left_turn_lane"": """", ""bike_lane"": """", ""divided"": ""no"", ""one_way"": """", ""speed_mph"": null}}"
NE 5TH ST & NE 9TH AVE,True,14.9,1,29.6600751,-82.3201205,2.0,,3.0,0.0,0.0,0.0,,,,no,,,"{""5TH ST"": {""osm_lanes_max"": null, ""left_turn_lane"": """", ""bike_lane"": """", ""divided"": ""no"", ""one_way"": """", ""speed_mph"": null}, ""9TH AVE"": {""osm_lanes_max"": null, ""left_turn_lane"": """", ""bike_lane"": """", ""divided"": ""no"", ""one_way"": """", ""speed_mph"": null}}"
NW 23RD ST & NW 34TH ST,False,,0,,,,,,,,,,,,,,,
NW 22ND ST & NW 5TH AVE,True,15.6,1,29.6558018,-82.3536368,2.0,,2.0,2.0,0.0,0.0,2.0,,,no,,,"{""22ND ST"": {""osm_lanes_max"": 2, ""left_turn_lane"": """", ""bike_lane"": """", ""divided"": ""no"", ""one_way"": """", ""speed_mph"": null}, ""5TH AVE"": {""osm_lanes_max"": null, ""left_turn_lane"": """", ""bike_lane"": """", ""divided"": ""no"", ""one_way"": """", ""speed_mph"": null}}"
NW 22ND ST & NW 45TH AVE,False,,0,,,,,,,,,,,,,,,
NW 22ND ST & NW 31ST AVE,True,13.5,1,29.6812476,-82.3530485,2.0,,1.0,0.0,0.0,0.0,2.0,,,no,,35.0,"{""22ND ST"": {""osm_lanes_max"": null, ""left_turn_lane"": """", ""bike_lane"": """", ""divided"": ""no"", ""one_way"": """", ""speed_mph"": null}, ""31ST AVE"": {""osm_lanes_max"": 2, ""left_turn_lane"": """", ""bike_lane"": """", ""divided"": ""no"", ""one_way"": """", ""speed_mph"": 35}}"
NE 5TH PL & NE 9TH ST,True,16.2,1,29.6564203,-82.3147798,2.0,,1.0,0.0,1.0,0.0,2.0,,yes,no,,,"{""5TH PL"": {""osm_lanes_max"": null, ""left_turn_lane"": """", ""bike_lane"": """", ""divided"": ""no"", ""one_way"": """", ""speed_mph"": null}, ""9TH ST"": {""osm_lanes_max"": 2, ""left_turn_lane"": """", ""bike_lane"": ""yes"", ""divided"": ""no"", ""one_way"": """", ""speed_mph"": null}}"
SE 5TH AVE & SE 9TH ST,True,15.4,1,29.6469981,-82.315102,2.0,,0.0,0.0,0.0,0.0,,,,no,,,"{""5TH AVE"": {""osm_lanes_max"": null, ""left_turn_lane"": """", ""bike_lane"": """", ""divided"": ""no"", ""one_way"": """", ""speed_mph"": null}, ""9TH ST"": {""osm_lanes_max"": null, ""left_turn_lane"": """", ""bike_lane"": """", ""divided"": ""no"", ""one_way"": """", ""speed_mph"": null}}"
SE 5TH AVE & SE 7TH ST,True,15.3,1,29.6470245,-82.3179157,2.0,,1.0,0.0,1.0,0.0,,,,no,,,"{""5TH AVE"": {""osm_lanes_max"": null, ""left_turn_lane"": """", ""bike_lane"": """", ""divided"": ""no"", ""one_way"": """", ""speed_mph"": null}, ""7TH ST"": {""osm_lanes_max"": null, ""left_turn_lane"": """", ""bike_lane"": """", ""divided"": ""no"", ""one_way"": """", ""speed_mph"": null}}"
NE 14TH ST & NE 8TH AVE,True,16.8,1,29.6593003,-82.307386,2.0,,2.0,1.0,0.0,0.0,3.0,yes,,no,,,"{""14TH ST"": {""osm_lanes_max"": 2, ""left_turn_lane"": """", ""bike_lane"": """", ""divided"": ""no"", ""one_way"": """", ""speed_mph"": null}, ""8TH AVE"": {""osm_lanes_max"": 3, ""left_turn_lane"": ""yes"", ""bike_lane"": """", ""divided"": ""no"", ""one_way"": """", ""speed_mph"": null}}"
NE 14TH ST & NE 16TH AVE,True,15.1,1,29.6665198,-82.3075965,2.0,,1.0,1.0,0.0,0.0,2.0,,yes,no,,,"{""14TH ST"": {""osm_lanes_max"": null, ""left_turn_lane"": """", ""bike_lane"": """", ""divided"": ""no"", ""one_way"": """", ""speed_mph"": null}, ""16TH AVE"": {""osm_lanes_max"": 2, ""left_turn_lane"": """", ""bike_lane"": ""yes"", ""divided"": ""no"", ""one_way"": """", ""speed_mph"": null}}"
NE 14TH AVE & NE 8TH ST,True,14.4,1,29.664686,-82.315685,2.0,,0.0,0.0,0.0,0.0,,,,no,,,"{""14TH AVE"": {""osm_lanes_max"": null, ""left_turn_lane"": """", ""bike_lane"": """", ""divided"": ""no"", ""one_way"": """", ""speed_mph"": null}, ""8TH ST"": {""osm_lanes_max"": null, ""left_turn_lane"": """", ""bike_lane"": """", ""divided"": ""no"", ""one_way"": """", ""speed_mph"": null}}"
NE 13TH ST & NE 8TH AVE,True,15.2,1,29.659312,-82.308955,2.0,,3.0,3.0,0.0,0.0,2.0,,,no,,,"{""13TH ST"": {""osm_lanes_max"": null, ""left_turn_lane"": """", ""bike_lane"": """", ""divided"": ""no"", ""one_way"": """", ""speed_mph"": null}, ""8TH AVE"": {""osm_lanes_max"": 2, ""left_turn_lane"": """", ""bike_lane"": """", ""divided"": ""no"", ""one_way"": """", ""speed_mph"": null}}"
NE 13TH ST & NE 31ST AVE,True,15.2,1,29.68142,-82.309531,2.0,,1.0,1.0,0.0,0.0,2.0,,,no,,,"{""13TH ST"": {""osm_lanes_max"": null, ""left_turn_lane"": """", ""bike_lane"": """", ""divided"": ""no"", ""one_way"": """", ""speed_mph"": null}, ""31ST AVE"": {""osm_lanes_max"": 2, ""left_turn_lane"": """", ""bike_lane"": """", ""divided"": ""no"", ""one_way"": """", ""speed_mph"": null}}"
NW 23RD AVE & NW 8TH ST,True,15.8,1,29.6739397,-82.3328661,2.0,,5.0,3.0,0.0,0.0,4.0,,,no,,35.0,"{""23RD AVE"": {""osm_lanes_max"": 4, ""left_turn_lane"": """", ""bike_lane"": """", ""divided"": ""no"", ""one_way"": """", ""speed_mph"": 35}, ""8TH ST"": {""osm_lanes_max"": null, ""left_turn_lane"": """", ""bike_lane"": """", ""divided"": ""no"", ""one_way"": """", ""speed_mph"": null}}"
NW 23RD AVE & NW 8TH CT,True,15.0,1,29.6739427,-82.3333006,2.0,,2.0,2.0,0.0,0.0,4.0,,,no,,35.0,"{""23RD AVE"": {""osm_lanes_max"": 4, ""left_turn_lane"": """", ""bike_lane"": """", ""divided"": ""no"", ""one_way"": """", ""speed_mph"": 35}, ""8TH CT"": {""osm_lanes_max"": null, ""left_turn_lane"": """", ""bike_lane"": """", ""divided"": ""no"", ""one_way"": """", ""speed_mph"": null}}"
NW 23RD AVE & NW 54TH TER,True,15.7,1,29.6741196,-82.400703,2.0,,2.0,1.0,1.0,0.0,5.0,yes,yes,no,,45.0,"{""23RD AVE"": {""osm_lanes_max"": 5, ""left_turn_lane"": ""yes"", ""bike_lane"": ""yes"", ""divided"": ""no"", ""one_way"": """", ""speed_mph"": 45}, ""54TH TER"": {""osm_lanes_max"": null, ""left_turn_lane"": """", ""bike_lane"": """", ""divided"": ""no"", ""one_way"": """", ""speed_mph"": null}}"
NE 5TH AVE & NE 5TH ST,True,15.8,1,29.655712,-82.320851,2.0,,4.0,0.0,0.0,0.0,,,,no,,,"{""5TH AVE"": {""osm_lanes_max"": null, ""left_turn_lane"": """", ""bike_lane"": """", ""divided"": ""no"", ""one_way"": """", ""speed_mph"": null}, ""5TH ST"": {""osm_lanes_max"": null, ""left_turn_lane"": """", ""bike_lane"": """", ""divided"": ""no"", ""one_way"": """", ""speed_mph"": null}}"
NE 12TH ST & NE 5TH AVE,True,14.0,1,29.655708,-82.310584,2.0,,0.0,0.0,0.0,0.0,,,,no,,,"{""12TH ST"": {""osm_lanes_max"": null, ""left_turn_lane"": """", ""bike_lane"": """", ""divided"": ""no"", ""one_way"": """", ""speed_mph"": null}, ""5TH AVE"": {""osm_lanes_max"": null, ""left_turn_lane"": """", ""bike_lane"": """", ""divided"": ""no"", ""one_way"": """", ""speed_mph"": null}}"
NW 21ST ST & NW 4TH PL,True,15.7,1,29.6553298,-82.3515012,2.0,,0.0,0.0,0.0,0.0,,,,no,,,"{""21ST ST"": {""osm_lanes_max"": null, ""left_turn_lane"": """", ""bike_lane"": """", ""divided"": ""no"", ""one_way"": """", ""speed_mph"": null}, ""4TH PL"": {""osm_lanes_max"": null, ""left_turn_lane"": """", ""bike_lane"": """", ""divided"": ""no"", ""one_way"": """", ""speed_mph"": null}}"
NW 21ST ST & NW 42ND AVE,True,11.3,1,29.6921938,-82.3514458,2.0,,0.0,0.0,0.0,0.0,2.0,,,no,,,"{""21ST ST"": {""osm_lanes_max"": 2, ""left_turn_lane"": """", ""bike_lane"": """", ""divided"": ""no"", ""one_way"": """", ""speed_mph"": null}, ""42ND AVE"": {""osm_lanes_max"": 2, ""left_turn_lane"": """", ""bike_lane"": """", ""divided"": ""no"", ""one_way"": """", ""speed_mph"": null}}"
NW 21ST ST & NW 3RD PL,True,15.4,1,29.654433,-82.351504,2.0,,0.0,0.0,0.0,0.0,,,,no,,,"{""21ST ST"": {""osm_lanes_max"": null, ""left_turn_lane"": """", ""bike_lane"": """", ""divided"": ""no"", ""one_way"": """", ""speed_mph"": null}, ""3RD PL"": {""osm_lanes_max"": null, ""left_turn_lane"": """", ""bike_lane"": """", ""divided"": ""no"", ""one_way"": """", ""speed_mph"": null}}"
NE 7TH AVE & NE 8TH TER,True,15.2,1,29.657851,-82.315606,2.0,,0.0,0.0,0.0,0.0,,,,no,,,"{""7TH AVE"": {""osm_lanes_max"": null, ""left_turn_lane"": """", ""bike_lane"": """", ""divided"": ""no"", ""one_way"": """", ""speed_mph"": null}, ""8TH TER"": {""osm_lanes_max"": null, ""left_turn_lane"": """", ""bike_lane"": """", ""divided"": ""no"", ""one_way"": """", ""speed_mph"": null}}"
NW 24TH BLVD & NW 38TH AVE,False,,0,,,,,,,,,,,,,,,
NW 24TH AVE & NW 6TH ST,True,14.2,1,29.6747683,-82.330769,2.0,,1.0,1.0,0.0,0.0,4.0,,no,no,,35.0,"{""24TH AVE"": {""osm_lanes_max"": null, ""left_turn_lane"": """", ""bike_lane"": """", ""divided"": ""no"", ""one_way"": """", ""speed_mph"": null}, ""6TH ST"": {""osm_lanes_max"": 4, ""left_turn_lane"": """", ""bike_lane"": ""no"", ""divided"": ""no"", ""one_way"": """", ""speed_mph"": 35}}"
NE 13TH ST & NE 28TH AVE,True,15.3,1,29.677558,-82.309544,2.0,,0.0,0.0,0.0,0.0,,,,no,,,"{""13TH ST"": {""osm_lanes_max"": null, ""left_turn_lane"": """", ""bike_lane"": """", ""divided"": ""no"", ""one_way"": """", ""speed_mph"": null}, ""28TH AVE"": {""osm_lanes_max"": null, ""left_turn_lane"": """", ""bike_lane"": """", ""divided"": ""no"", ""one_way"": """", ""speed_mph"": null}}"
NE 13TH ST & NE 1ST AVE,True,11.0,1,29.652901,-82.308662,2.0,,0.0,0.0,0.0,0.0,,,,no,,,"{""13TH ST"": {""osm_lanes_max"": null, ""left_turn_lane"": """", ""bike_lane"": """", ""divided"": ""no"", ""one_way"": """", ""speed_mph"": null}, ""1ST AVE"": {""osm_lanes_max"": null, ""left_turn_lane"": """", ""bike_lane"": """", ""divided"": ""no"", ""one_way"": """", ""speed_mph"": null}}"
SW 10TH PL & SW 19TH TER,True,14.8,1,29.6417946,-82.2993854,2.0,,0.0,0.0,0.0,0.0,,,,no,,,"{""10TH PL"": {""osm_lanes_max"": null, ""left_turn_lane"": """", ""bike_lane"": """", ""divided"": ""no"", ""one_way"": """", ""speed_mph"": null}, ""19TH TER"": {""osm_lanes_max"": null, ""left_turn_lane"": """", ""bike_lane"": """", ""divided"": ""no"", ""one_way"": """", ""speed_mph"": null}}"
NE 12TH ST & NE 18TH AVE,True,15.2,1,29.668403,-82.310273,2.0,,4.0,3.0,0.0,0.0,,,,no,,,"{""12TH ST"": {""osm_lanes_max"": null, ""left_turn_lane"": """", ""bike_lane"": """", ""divided"": ""no"", ""one_way"": """", ""speed_mph"": null}, ""18TH AVE"": {""osm_lanes_max"": null, ""left_turn_lane"": """", ""bike_lane"": """", ""divided"": ""no"", ""one_way"": """", ""speed_mph"": null}}"
SW 12TH DR & SW 17TH LN,True,11.2,1,29.6360145,-82.3372181,2.0,,1.0,0.0,1.0,0.0,,,,no,,,"{""12TH DR"": {""osm_lanes_max"": null, ""left_turn_lane"": """", ""bike_lane"": """", ""divided"": ""no"", ""one_way"": """", ""speed_mph"": null}, ""17TH LN"": {""osm_lanes_max"": null, ""left_turn_lane"": """", ""bike_lane"": """", ""divided"": ""no"", ""one_way"": """", ""speed_mph"": null}}"
SW 121 SW 34TH ST & SW 24TH AVE,False,,0,,,,,,,,,,,,,,,
NE 8TH AVE & NE 8TH ST,True,16.0,1,29.6593605,-82.3159699,2.0,,2.0,2.0,0.0,0.0,2.0,,,no,,,"{""8TH AVE"": {""osm_lanes_max"": 2, ""left_turn_lane"": """", ""bike_lane"": """", ""divided"": ""no"", ""one_way"": """", ""speed_mph"": null}, ""8TH ST"": {""osm_lanes_max"": null, ""left_turn_lane"": """", ""bike_lane"": """", ""divided"": ""no"", ""one_way"": """", ""speed_mph"": null}}"
NE 7TH PL & NE 9TH ST,True,16.3,1,29.65858,-82.3147895,2.0,,2.0,2.0,0.0,0.0,2.0,,yes,yes,,,"{""7TH PL"": {""osm_lanes_max"": null, ""left_turn_lane"": """", ""bike_lane"": """", ""divided"": ""no"", ""one_way"": """", ""speed_mph"": null}, ""9TH ST"": {""osm_lanes_max"": 2, ""left_turn_lane"": """", ""bike_lane"": ""yes"", ""divided"": ""yes"", ""one_way"": """", ""speed_mph"": null}}"
NW 23RD TER & NW 54TH BLVD,True,15.2,1,29.705953,-82.356319,2.0,,0.0,0.0,0.0,0.0,,,,no,,,"{""23RD TER"": {""osm_lanes_max"": null, ""left_turn_lane"": """", ""bike_lane"": """", ""divided"": ""no"", ""one_way"": """", ""speed_mph"": null}, ""54TH BLVD"": {""osm_lanes_max"": null, ""left_turn_lane"": """", ""bike_lane"": """", ""divided"": ""no"", ""one_way"": """", ""speed_mph"": null}}"
NE 12TH AVE & NE 15TH ST,True,15.2,1,29.663187,-82.305826,2.0,,2.0,2.0,0.0,0.0,2.0,,,no,,,"{""12TH AVE"": {""osm_lanes_max"": null, ""left_turn_lane"": """", ""bike_lane"": """", ""divided"": ""no"", ""one_way"": """", ""speed_mph"": null}, ""15TH ST"": {""osm_lanes_max"": 2, ""left_turn_lane"": """", ""bike_lane"": """", ""divided"": ""no"", ""one_way"": """", ""speed_mph"": null}}"
NW 22ND ST & NW 2ND AVE,True,16.5,1,29.6536037,-82.3536401,2.0,,1.0,0.0,0.0,0.0,2.0,,,no,,,"{""22ND ST"": {""osm_lanes_max"": 2, ""left_turn_lane"": """", ""bike_lane"": """", ""divided"": ""no"", ""one_way"": """", ""speed_mph"": null}, ""2ND AVE"": {""osm_lanes_max"": null, ""left_turn_lane"": """", ""bike_lane"": """", ""divided"": ""no"", ""one_way"": """", ""speed_mph"": null}}"
NW 22ND AVE & NW 8TH ST,True,12.9,1,29.6730571,-82.3328286,2.0,,0.0,0.0,0.0,0.0,,,,no,,,"{""22ND AVE"": {""osm_lanes_max"": null, ""left_turn_lane"": """", ""bike_lane"": """", ""divided"": ""no"", ""one_way"": """", ""speed_mph"": null}, ""8TH ST"": {""osm_lanes_max"": null, ""left_turn_lane"": """", ""bike_lane"": """", ""divided"": ""no"", ""one_way"": """", ""speed_mph"": null}}"
NW 21ST WAY & NW 76TH PL,True,14.1,1,29.7243719,-82.3532752,2.0,,0.0,0.0,0.0,0.0,,,,no,,,"{""21ST WAY"": {""osm_lanes_max"": null, ""left_turn_lane"": """", ""bike_lane"": """", ""divided"": ""no"", ""one_way"": """", ""speed_mph"": null}, ""76TH PL"": {""osm_lanes_max"": null, ""left_turn_lane"": """", ""bike_lane"": """", ""divided"": ""no"", ""one_way"": """", ""speed_mph"": null}}"
NW 21ST TER & NW 45TH AVE,True,13.0,1,29.6958271,-82.3522512,2.0,,5.0,2.0,3.0,0.0,2.0,,,no,,,"{""21ST TER"": {""osm_lanes_max"": 2, ""left_turn_lane"": """", ""bike_lane"": """", ""divided"": ""no"", ""one_way"": """", ""speed_mph"": null}, ""45TH AVE"": {""osm_lanes_max"": 2, ""left_turn_lane"": """", ""bike_lane"": """", ""divided"": ""no"", ""one_way"": """", ""speed_mph"": null}}"
NW 23RD AVE & NW 47TH TER,True,14.2,2,29.674113,-82.3934987,3.0,,2.0,2.0,0.0,0.0,5.0,yes,yes,no,,,"{""23RD AVE"": {""osm_lanes_max"": 5, ""left_turn_lane"": ""yes"", ""bike_lane"": ""yes"", ""divided"": ""no"", ""one_way"": """", ""speed_mph"": null}, ""47TH ST"": {""osm_lanes_max"": null, ""left_turn_lane"": """", ""bike_lane"": """", ""divided"": ""no"", ""one_way"": """", ""speed_mph"": null}, ""47TH TER"": {""osm_lanes_max"": null, ""left_turn_lane"": """", ""bike_lane"": """", ""divided"": ""no"", ""one_way"": """", ""speed_mph"": null}}"
NW 23RD AVE & NW 46TH TER,True,14.0,1,29.6741116,-82.392654,2.0,,1.0,1.0,0.0,0.0,5.0,yes,yes,no,,,"{""23RD AVE"": {""osm_lanes_max"": 5, ""left_turn_lane"": ""yes"", ""bike_lane"": ""yes"", ""divided"": ""no"", ""one_way"": """", ""speed_mph"": null}, ""46TH TER"": {""osm_lanes_max"": null, ""left_turn_lane"": """", ""bike_lane"": """", ""divided"": ""no"", ""one_way"": """", ""speed_mph"": null}}"
NW 23RD AVE & NW 46TH ST,True,13.8,1,29.6741105,-82.392041,2.0,,2.0,1.0,0.0,0.0,5.0,yes,yes,no,,,"{""23RD AVE"": {""osm_lanes_max"": 5, ""left_turn_lane"": ""yes"", ""bike_lane"": ""yes"", ""divided"": ""no"", ""one_way"": """", ""speed_mph"": null}, ""46TH ST"": {""osm_lanes_max"": null, ""left_turn_lane"": """", ""bike_lane"": """", ""divided"": ""no"", ""one_way"": """", ""speed_mph"": null}}"
NE 9TH AVE & NE BLVD,True,15.3,2,29.6600882,-82.3217952,2.0,,1.0,0.0,1.0,0.0,,,,no,yes,,"{""9TH AVE"": {""osm_lanes_max"": null, ""left_turn_lane"": """", ""bike_lane"": """", ""divided"": ""no"", ""one_way"": """", ""speed_mph"": null}, ""BLVD"": {""osm_lanes_max"": null, ""left_turn_lane"": """", ""bike_lane"": """", ""divided"": ""no"", ""one_way"": ""yes"", ""speed_mph"": null}}"
SW 10TH TER & SW 17TH LN,True,13.6,2,29.6361477,-82.3353612,2.0,,2.0,0.0,2.0,0.0,,,,yes,,,"{""10TH TER"": {""osm_lanes_max"": null, ""left_turn_lane"": """", ""bike_lane"": """", ""divided"": ""yes"", ""one_way"": """", ""speed_mph"": null}, ""17TH LN"": {""osm_lanes_max"": null, ""left_turn_lane"": """", ""bike_lane"": """", ""divided"": ""no"", ""one_way"": """", ""speed_mph"": null}}"
SW 13TH ST & SW 36TH PL,True,7.5,2,29.6190786,-82.340154,2.0,,1.0,0.0,1.0,0.0,2.0,,yes,yes,,45.0,"{""13TH ST"": {""osm_lanes_max"": 2, ""left_turn_lane"": """", ""bike_lane"": ""yes"", ""divided"": ""yes"", ""one_way"": """", ""speed_mph"": 45}, ""36TH PL"": {""osm_lanes_max"": null, ""left_turn_lane"": """", ""bike_lane"": """", ""divided"": ""no"", ""one_way"": """", ""speed_mph"": null}}"
NE 13TH AVE & NE 5TH ST,True,15.8,1,29.6634643,-82.3204363,2.0,,2.0,1.0,1.0,0.0,,,,no,,,"{""13TH AVE"": {""osm_lanes_max"": null, ""left_turn_lane"": """", ""bike_lane"": """", ""divided"": ""no"", ""one_way"": """", ""speed_mph"": null}, ""5TH ST"": {""osm_lanes_max"": null, ""left_turn_lane"": """", ""bike_lane"": """", ""divided"": ""no"", ""one_way"": """", ""speed_mph"": null}}"
NE 13TH AVE & NE 25TH TER,True,17.1,1,29.664396,-82.291136,2.0,,0.0,0.0,0.0,0.0,,,,no,,,"{""13TH AVE"": {""osm_lanes_max"": null, ""left_turn_lane"": """", ""bike_lane"": """", ""divided"": ""no"", ""one_way"": """", ""speed_mph"": null}, ""25TH TER"": {""osm_lanes_max"": null, ""left_turn_lane"": """", ""bike_lane"": """", ""divided"": ""no"", ""one_way"": """", ""speed_mph"": null}}"
NE 12TH TER & NE 23RD AVE,True,14.4,1,29.6738342,-82.309402,2.0,,1.0,1.0,0.0,0.0,4.0,,,no,,40.0,"{""12TH TER"": {""osm_lanes_max"": null, ""left_turn_lane"": """", ""bike_lane"": """", ""divided"": ""no"", ""one_way"": """", ""speed_mph"": null}, ""23RD AVE"": {""osm_lanes_max"": 4, ""left_turn_lane"": """", ""bike_lane"": """", ""divided"": ""no"", ""one_way"": """", ""speed_mph"": 40}}"
NE 12TH TER & NE 16TH AVE,True,15.8,1,29.6665311,-82.3093258,2.0,,1.0,1.0,0.0,0.0,2.0,,yes,no,,,"{""12TH TER"": {""osm_lanes_max"": null, ""left_turn_lane"": """", ""bike_lane"": """", ""divided"": ""no"", ""one_way"": """", ""speed_mph"": null}, ""16TH AVE"": {""osm_lanes_max"": 2, ""left_turn_lane"": """", ""bike_lane"": ""yes"", ""divided"": ""no"", ""one_way"": """", ""speed_mph"": null}}"
NE 12TH ST & NE 6TH PL,False,,0,,,,,,,,,,,,,,,
NW 21ST ST & NW 3RD AVE,True,18.2,1,29.6540396,-82.3515136,2.0,,0.0,0.0,0.0,0.0,,,no,no,,,"{""21ST ST"": {""osm_lanes_max"": null, ""left_turn_lane"": """", ""bike_lane"": """", ""divided"": ""no"", ""one_way"": """", ""speed_mph"": null}, ""3RD AVE"": {""osm_lanes_max"": null, ""left_turn_lane"": """", ""bike_lane"": ""no"", ""divided"": ""no"", ""one_way"": """", ""speed_mph"": null}}"
NW 21ST ST & NW 23RD AVE,False,,0,,,,,,,,,,,,,,,
NW 10TH AVE & NW 9TH AVE,False,,0,,,,,,,,,,,,,,,
NW 10TH AVE & NW 18TH TER,True,15.4,1,29.6618048,-82.3472077,2.0,,0.0,0.0,0.0,0.0,,,,no,,,"{""10TH AVE"": {""osm_lanes_max"": null, ""left_turn_lane"": """", ""bike_lane"": """", ""divided"": ""no"", ""one_way"": """", ""speed_mph"": null}, ""18TH TER"": {""osm_lanes_max"": null, ""left_turn_lane"": """", ""bike_lane"": """", ""divided"": ""no"", ""one_way"": """", ""speed_mph"": null}}"
NW 10TH AVE & NW 13TH TER,True,19.0,1,29.6612189,-82.3399632,2.0,,0.0,0.0,0.0,0.0,3.0,yes,,no,,,"{""10TH AVE"": {""osm_lanes_max"": 3, ""left_turn_lane"": ""yes"", ""bike_lane"": """", ""divided"": ""no"", ""one_way"": """", ""speed_mph"": null}, ""13TH TER"": {""osm_lanes_max"": null, ""left_turn_lane"": """", ""bike_lane"": """", ""divided"": ""no"", ""one_way"": """", ""speed_mph"": null}}"
NW 20TH AVE & NW 36TH TER,True,17.1,1,29.6710642,-82.3770197,2.0,,0.0,0.0,0.0,0.0,,,,no,,,"{""20TH AVE"": {""osm_lanes_max"": null, ""left_turn_lane"": """", ""bike_lane"": """", ""divided"": ""no"", ""one_way"": """", ""speed_mph"": null}, ""36TH TER"": {""osm_lanes_max"": null, ""left_turn_lane"": """", ""bike_lane"": """", ""divided"": ""no"", ""one_way"": """", ""speed_mph"": null}}"
NE 7TH AVE & NE 7TH ST,True,15.3,1,29.658138,-82.3174102,2.0,,1.0,1.0,0.0,0.0,,,,no,,,"{""7TH AVE"": {""osm_lanes_max"": null, ""left_turn_lane"": """", ""bike_lane"": """", ""divided"": ""no"", ""one_way"": """", ""speed_mph"": null}, ""7TH ST"": {""osm_lanes_max"": null, ""left_turn_lane"": """", ""bike_lane"": """", ""divided"": ""no"", ""one_way"": """", ""speed_mph"": null}}"
NW 22ND ST & NW 9TH AVE,True,16.2,1,29.6606384,-82.3536354,2.0,,0.0,0.0,0.0,0.0,2.0,,,no,,,"{""22ND ST"": {""osm_lanes_max"": 2, ""left_turn_lane"": """", ""bike_lane"": """", ""divided"": ""no"", ""one_way"": """", ""speed_mph"": null}, ""9TH AVE"": {""osm_lanes_max"": null, ""left_turn_lane"": """", ""bike_lane"": """", ""divided"": ""no"", ""one_way"": """", ""speed_mph"": null}}"
NW 22ND ST & NW 82ND AVE,False,,0,,,,,,,,,,,,,,,
NW 22ND ST & NW 7TH LN,True,14.9,1,29.6580988,-82.3536446,2.0,,1.0,1.0,0.0,0.0,2.0,,,no,,,"{""22ND ST"": {""osm_lanes_max"": 2, ""left_turn_lane"": """", ""bike_lane"": """", ""divided"": ""no"", ""one_way"": """", ""speed_mph"": null}, ""7TH LN"": {""osm_lanes_max"": null, ""left_turn_lane"": """", ""bike_lane"": """", ""divided"": ""no"", ""one_way"": """", ""speed_mph"": null}}"
NE 12TH ST & NE 28TH AVE,True,15.2,1,29.677549,-82.310442,2.0,,0.0,0.0,0.0,0.0,,,,no,,,"{""12TH ST"": {""osm_lanes_max"": null, ""left_turn_lane"": """", ""bike_lane"": """", ""divided"": ""no"", ""one_way"": """", ""speed_mph"": null}, ""28TH AVE"": {""osm_lanes_max"": null, ""left_turn_lane"": """", ""bike_lane"": """", ""divided"": ""no"", ""one_way"": """", ""speed_mph"": null}}"
SW 14TH ST & SW 18TH PL,True,15.3,1,29.634649,-82.340237,2.0,,0.0,0.0,0.0,0.0,,,,no,,,"{""14TH ST"": {""osm_lanes_max"": null, ""left_turn_lane"": """", ""bike_lane"": """", ""divided"": ""no"", ""one_way"": """", ""speed_mph"": null}, ""18TH PL"": {""osm_lanes_max"": null, ""left_turn_lane"": """", ""bike_lane"": """", ""divided"": ""no"", ""one_way"": """", ""speed_mph"": null}}"
NE 12TH AVE & NE 24TH TER,True,15.2,1,29.663737,-82.292851,2.0,,0.0,0.0,0.0,0.0,,,,no,,,"{""12TH AVE"": {""osm_lanes_max"": null, ""left_turn_lane"": """", ""bike_lane"": """", ""divided"": ""no"", ""one_way"": """", ""speed_mph"": null}, ""24TH TER"": {""osm_lanes_max"": null, ""left_turn_lane"": """", ""bike_lane"": """", ""divided"": ""no"", ""one_way"": """", ""speed_mph"": null}}"
NE 12TH AVE & NE 24TH ST,False,,0,,,,,,,,,,,,,,,
NE 12TH AVE & NE 22ND ST,True,15.3,1,29.663424,-82.296223,2.0,,2.0,0.0,2.0,0.0,2.0,,,no,,,"{""12TH AVE"": {""osm_lanes_max"": 2, ""left_turn_lane"": """", ""bike_lane"": """", ""divided"": ""no"", ""one_way"": """", ""speed_mph"": null}, ""22ND ST"": {""osm_lanes_max"": null, ""left_turn_lane"": """", ""bike_lane"": """", ""divided"": ""no"", ""one_way"": """", ""speed_mph"": null}}"
NE 12TH AVE & NE 21ST ST,True,15.2,1,29.663062,-82.298097,2.0,,1.0,0.0,1.0,0.0,2.0,,,no,,,"{""12TH AVE"": {""osm_lanes_max"": 2, ""left_turn_lane"": """", ""bike_lane"": """", ""divided"": ""no"", ""one_way"": """", ""speed_mph"": null}, ""21ST ST"": {""osm_lanes_max"": null, ""left_turn_lane"": """", ""bike_lane"": """", ""divided"": ""no"", ""one_way"": """", ""speed_mph"": null}}"
SW 1ST ST & SW 6TH AVE,True,15.2,1,29.646484,-82.325804,2.0,,0.0,0.0,0.0,0.0,,,,no,,,"{""1ST ST"": {""osm_lanes_max"": null, ""left_turn_lane"": """", ""bike_lane"": """", ""divided"": ""no"", ""one_way"": """", ""speed_mph"": null}, ""6TH AVE"": {""osm_lanes_max"": null, ""left_turn_lane"": """", ""bike_lane"": """", ""divided"": ""no"", ""one_way"": """", ""speed_mph"": null}}"
SW 1ST ST & SW 5TH AVE,True,15.2,1,29.647151,-82.325815,2.0,,1.0,0.0,1.0,0.0,,,,no,,,"{""1ST ST"": {""osm_lanes_max"": null, ""left_turn_lane"": """", ""bike_lane"": """", ""divided"": ""no"", ""one_way"": """", ""speed_mph"": null}, ""5TH AVE"": {""osm_lanes_max"": null, ""left_turn_lane"": """", ""bike_lane"": """", ""divided"": ""no"", ""one_way"": """", ""speed_mph"": null}}"
NW 10TH ST & NW 13TH AVE,True,16.4,1,29.6639353,-82.3351097,2.0,,0.0,0.0,0.0,0.0,,,,no,,,"{""10TH ST"": {""osm_lanes_max"": null, ""left_turn_lane"": """", ""bike_lane"": """", ""divided"": ""no"", ""one_way"": """", ""speed_mph"": null}, ""13TH AVE"": {""osm_lanes_max"": null, ""left_turn_lane"": """", ""bike_lane"": """", ""divided"": ""no"", ""one_way"": """", ""speed_mph"": null}}"
NW 10TH ST & NW 11TH AVE,True,10.4,1,29.662029,-82.3351096,2.0,,0.0,0.0,0.0,0.0,,,,no,,,"{""10TH ST"": {""osm_lanes_max"": null, ""left_turn_lane"": """", ""bike_lane"": """", ""divided"": ""no"", ""one_way"": """", ""speed_mph"": null}, ""11TH AVE"": {""osm_lanes_max"": null, ""left_turn_lane"": """", ""bike_lane"": """", ""divided"": ""no"", ""one_way"": """", ""speed_mph"": null}}"
NW 20TH ST & NW 3RD AVE,True,15.6,1,29.6539954,-82.349325,2.0,,2.0,2.0,0.0,0.0,2.0,,no,no,,25.0,"{""20TH ST"": {""osm_lanes_max"": 2, ""left_turn_lane"": """", ""bike_lane"": """", ""divided"": ""no"", ""one_way"": """", ""speed_mph"": 25}, ""3RD AVE"": {""osm_lanes_max"": null, ""left_turn_lane"": """", ""bike_lane"": ""no"", ""divided"": ""no"", ""one_way"": """", ""speed_mph"": null}}"
NW 20TH ST & NW 32ND PL,True,11.3,1,29.6826904,-82.3494486,2.0,,0.0,0.0,0.0,0.0,,,,no,,,"{""20TH ST"": {""osm_lanes_max"": null, ""left_turn_lane"": """", ""bike_lane"": """", ""divided"": ""no"", ""one_way"": """", ""speed_mph"": null}, ""32ND PL"": {""osm_lanes_max"": null, ""left_turn_lane"": """", ""bike_lane"": """", ""divided"": ""no"", ""one_way"": """", ""speed_mph"": null}}"
NW 21ST ST & NW 7TH LN,True,15.9,1,29.658079,-82.3514682,2.0,,0.0,0.0,0.0,0.0,,,,no,,,"{""21ST ST"": {""osm_lanes_max"": null, ""left_turn_lane"": """", ""bike_lane"": """", ""divided"": ""no"", ""one_way"": """", ""speed_mph"": null}, ""7TH LN"": {""osm_lanes_max"": null, ""left_turn_lane"": """", ""bike_lane"": """", ""divided"": ""no"", ""one_way"": """", ""speed_mph"": null}}"
NW 21ST ST & NW 53RD AVE,True,15.9,1,29.7032933,-82.3514379,2.0,,1.0,0.0,1.0,0.0,2.0,,yes,no,,,"{""21ST ST"": {""osm_lanes_max"": null, ""left_turn_lane"": """", ""bike_lane"": """", ""divided"": ""no"", ""one_way"": """", ""speed_mph"": null}, ""53RD AVE"": {""osm_lanes_max"": 2, ""left_turn_lane"": """", ""bike_lane"": ""yes"", ""divided"": ""no"", ""one_way"": """", ""speed_mph"": null}}"
NE 11TH TER & NE 35TH AVE,True,19.3,2,29.684914,-82.3112625,2.0,,0.0,0.0,0.0,0.0,,,,no,,,"{""11TH TER"": {""osm_lanes_max"": null, ""left_turn_lane"": """", ""bike_lane"": """", ""divided"": ""no"", ""one_way"": """", ""speed_mph"": null}, ""35TH AVE"": {""osm_lanes_max"": null, ""left_turn_lane"": """", ""bike_lane"": """", ""divided"": ""no"", ""one_way"": """", ""speed_mph"": null}}"
SW 1ST AVE & SW 2ND ST,True,15.9,1,29.6510411,-82.326597,2.0,,8.0,2.0,5.0,0.0,,,,no,yes,,"{""1ST AVE"": {""osm_lanes_max"": null, ""left_turn_lane"": """", ""bike_lane"": """", ""divided"": ""no"", ""one_way"": ""yes"", ""speed_mph"": null}, ""2ND ST"": {""osm_lanes_max"": null, ""left_turn_lane"": """", ""bike_lane"": """", ""divided"": ""no"", ""one_way"": """", ""speed_mph"": null}}"
SW 1ST AVE & SW 28TH TER,True,11.9,1,29.651338,-82.365324,2.0,,0.0,0.0,0.0,0.0,,,,no,,,"{""1ST AVE"": {""osm_lanes_max"": null, ""left_turn_lane"": """", ""bike_lane"": """", ""divided"": ""no"", ""one_way"": """", ""speed_mph"": null}, ""28TH TER"": {""osm_lanes_max"": null, ""left_turn_lane"": """", ""bike_lane"": """", ""divided"": ""no"", ""one_way"": """", ""speed_mph"": null}}"
SW 17TH PL & SW 51ST TER,False,,0,,,,,,,,,,,,,,,
SW 17TH PL & SW 42ND ST,False,,0,,,,,,,,,,,,,,,
SW 17TH PL & SW 36TH ST,False,,0,,,,,,,,,,,,,,,
SW 17TH LN & SW 40TH TER,False,,0,,,,,,,,,,,,,,,
NW 20TH ST & W UNIVERSITY AVE,False,,0,,,,,,,,,,,,,,,
NE 11TH ST & NE 7TH AVE,True,17.7,1,29.657851,-82.311739,2.0,,0.0,0.0,0.0,0.0,,,,no,,,"{""11TH ST"": {""osm_lanes_max"": null, ""left_turn_lane"": """", ""bike_lane"": """", ""divided"": ""no"", ""one_way"": """", ""speed_mph"": null}, ""7TH AVE"": {""osm_lanes_max"": null, ""left_turn_lane"": """", ""bike_lane"": """", ""divided"": ""no"", ""one_way"": """", ""speed_mph"": null}}"
NE 11TH ST & NE 5TH PL,True,15.5,1,29.656401,-82.311731,2.0,,0.0,0.0,0.0,0.0,,,,no,,,"{""11TH ST"": {""osm_lanes_max"": null, ""left_turn_lane"": """", ""bike_lane"": """", ""divided"": ""no"", ""one_way"": """", ""speed_mph"": null}, ""5TH PL"": {""osm_lanes_max"": null, ""left_turn_lane"": """", ""bike_lane"": """", ""divided"": ""no"", ""one_way"": """", ""speed_mph"": null}}"
NW 1ST ST & NW 6TH AVE,True,16.2,1,29.6568099,-82.3258499,2.0,,3.0,0.0,0.0,0.0,,,,no,,,"{""1ST ST"": {""osm_lanes_max"": null, ""left_turn_lane"": """", ""bike_lane"": """", ""divided"": ""no"", ""one_way"": """", ""speed_mph"": null}, ""6TH AVE"": {""osm_lanes_max"": null, ""left_turn_lane"": """", ""bike_lane"": """", ""divided"": ""no"", ""one_way"": """", ""speed_mph"": null}}"
NW 1ST ST & NW 5TH AVE,False,,0,,,,,,,,,,,,,,,
NW 1ST ST & NW 3RD AVE,True,9.4,1,29.6540112,-82.3258499,2.0,,9.0,0.0,4.0,0.0,,,,no,yes,,"{""1ST ST"": {""osm_lanes_max"": null, ""left_turn_lane"": """", ""bike_lane"": """", ""divided"": ""no"", ""one_way"": """", ""speed_mph"": null}, ""3RD AVE"": {""osm_lanes_max"": null, ""left_turn_lane"": """", ""bike_lane"": """", ""divided"": ""no"", ""one_way"": ""yes"", ""speed_mph"": null}}"
NW 1ST PL & NW 9TH ST,True,15.3,1,29.6530225,-82.3339142,2.0,,0.0,0.0,0.0,0.0,,,,no,,,"{""1ST PL"": {""osm_lanes_max"": null, ""left_turn_lane"": """", ""bike_lane"": """", ""divided"": ""no"", ""one_way"": """", ""speed_mph"": null}, ""9TH ST"": {""osm_lanes_max"": null, ""left_turn_lane"": """", ""bike_lane"": """", ""divided"": ""no"", ""one_way"": """", ""speed_mph"": null}}"
NW 21ST DR & NW 77TH AVE,True,12.8,1,29.7249712,-82.3524642,2.0,,0.0,0.0,0.0,0.0,,,,no,,,"{""21ST DR"": {""osm_lanes_max"": null, ""left_turn_lane"": """", ""bike_lane"": """", ""divided"": ""no"", ""one_way"": """", ""speed_mph"": null}, ""77TH AVE"": {""osm_lanes_max"": null, ""left_turn_lane"": """", ""bike_lane"": """", ""divided"": ""no"", ""one_way"": """", ""speed_mph"": null}}"
NW 21ST DR & NW 52ND PL,False,,0,,,,,,,,,,,,,,,
NW 21ST DR & NW 49TH AVE,True,16.2,1,29.6990439,-82.3531231,2.0,,8.0,0.0,7.0,0.0,2.0,,,no,,,"{""21ST DR"": {""osm_lanes_max"": 2, ""left_turn_lane"": """", ""bike_lane"": """", ""divided"": ""no"", ""one_way"": """", ""speed_mph"": null}, ""49TH AVE"": {""osm_lanes_max"": 2, ""left_turn_lane"": """", ""bike_lane"": """", ""divided"": ""no"", ""one_way"": """", ""speed_mph"": null}}"
NW 21ST DR & NW 36TH AVE,True,17.5,2,29.6859902,-82.3533035,2.0,,0.0,0.0,0.0,0.0,,,,no,,,"{""21ST DR"": {""osm_lanes_max"": null, ""left_turn_lane"": """", ""bike_lane"": """", ""divided"": ""no"", ""one_way"": """", ""speed_mph"": null}, ""36TH AVE"": {""osm_lanes_max"": null, ""left_turn_lane"": """", ""bike_lane"": """", ""divided"": ""no"", ""one_way"": """", ""speed_mph"": null}}"
NW 21ST AVE & NW 22ND ST,True,15.3,1,29.672208,-82.351911,2.0,,0.0,0.0,0.0,0.0,,,,no,,,"{""21ST AVE"": {""osm_lanes_max"": null, ""left_turn_lane"": """", ""bike_lane"": """", ""divided"": ""no"", ""one_way"": """", ""speed_mph"": null}, ""22ND ST"": {""osm_lanes_max"": null, ""left_turn_lane"": """", ""bike_lane"": """", ""divided"": ""no"", ""one_way"": """", ""speed_mph"": null}}"
NW 20TH TER & NW 50TH PL,True,16.0,1,29.7007952,-82.3499379,2.0,,10.0,0.0,10.0,0.0,2.0,,,no,,,"{""20TH TER"": {""osm_lanes_max"": 2, ""left_turn_lane"": """", ""bike_lane"": """", ""divided"": ""no"", ""one_way"": """", ""speed_mph"": null}, ""50TH PL"": {""osm_lanes_max"": 2, ""left_turn_lane"": """", ""bike_lane"": """", ""divided"": ""no"", ""one_way"": """", ""speed_mph"": null}}"
NW 20TH TER & NW 3RD AVE,True,18.4,2,29.6540262,-82.3499084,2.0,,0.0,0.0,0.0,0.0,,,no,yes,,,"{""20TH TER"": {""osm_lanes_max"": null, ""left_turn_lane"": """", ""bike_lane"": """", ""divided"": ""yes"", ""one_way"": """", ""speed_mph"": null}, ""3RD AVE"": {""osm_lanes_max"": null, ""left_turn_lane"": """", ""bike_lane"": ""no"", ""divided"": ""no"", ""one_way"": """", ""speed_mph"": null}}"
NE 11TH PL & NE 25TH TER,True,15.7,1,29.663142,-82.2910601,2.0,,0.0,0.0,0.0,0.0,,,,no,,,"{""11TH PL"": {""osm_lanes_max"": null, ""left_turn_lane"": """", ""bike_lane"": """", ""divided"": ""no"", ""one_way"": """", ""speed_mph"": null}, ""25TH TER"": {""osm_lanes_max"": null, ""left_turn_lane"": """", ""bike_lane"": """", ""divided"": ""no"", ""one_way"": """", ""speed_mph"": null}}"
NE 11TH PL & NE 23RD ST,True,17.2,1,29.663056,-82.2944354,2.0,,1.0,0.0,1.0,0.0,,,,no,,,"{""11TH PL"": {""osm_lanes_max"": null, ""left_turn_lane"": """", ""bike_lane"": """", ""divided"": ""no"", ""one_way"": """", ""speed_mph"": null}, ""23RD ST"": {""osm_lanes_max"": null, ""left_turn_lane"": """", ""bike_lane"": """", ""divided"": ""no"", ""one_way"": """", ""speed_mph"": null}}"
NE 10TH TER & NE 23RD AVE,True,15.5,1,29.6738488,-82.3130351,2.0,,1.0,1.0,0.0,0.0,4.0,,,no,,40.0,"{""10TH TER"": {""osm_lanes_max"": null, ""left_turn_lane"": """", ""bike_lane"": """", ""divided"": ""no"", ""one_way"": """", ""speed_mph"": null}, ""23RD AVE"": {""osm_lanes_max"": 4, ""left_turn_lane"": """", ""bike_lane"": """", ""divided"": ""no"", ""one_way"": """", ""speed_mph"": 40}}"
SW 23RD DR & SW 2ND AVE,True,14.2,1,29.6503659,-82.3583503,2.0,,4.0,3.0,1.0,0.0,2.0,,,no,,35.0,"{""23RD DR"": {""osm_lanes_max"": null, ""left_turn_lane"": """", ""bike_lane"": """", ""divided"": ""no"", ""one_way"": """", ""speed_mph"": null}, ""2ND AVE"": {""osm_lanes_max"": 2, ""left_turn_lane"": """", ""bike_lane"": """", ""divided"": ""no"", ""one_way"": """", ""speed_mph"": 35}}"
SW 22ND RD & SW 38TH WAY,False,,0,,,,,,,,,,,,,,,
SW 22ND RD & SW 37TH TER,False,,0,,,,,,,,,,,,,,,
NW 18TH WAY & NW 27TH TER,True,15.5,1,29.668462,-82.363422,2.0,,0.0,0.0,0.0,0.0,,,no,no,,,"{""18TH WAY"": {""osm_lanes_max"": null, ""left_turn_lane"": """", ""bike_lane"": """", ""divided"": ""no"", ""one_way"": """", ""speed_mph"": null}, ""27TH TER"": {""osm_lanes_max"": null, ""left_turn_lane"": """", ""bike_lane"": ""no"", ""divided"": ""no"", ""one_way"": """", ""speed_mph"": null}}"
NW 10TH PL & NW 50TH TER,True,15.6,2,29.6619232,-82.3966833,2.0,,0.0,0.0,0.0,0.0,1.0,,,no,yes,,"{""10TH PL"": {""osm_lanes_max"": null, ""left_turn_lane"": """", ""bike_lane"": """", ""divided"": ""no"", ""one_way"": """", ""speed_mph"": null}, ""50TH TER"": {""osm_lanes_max"": 1, ""left_turn_lane"": """", ""bike_lane"": """", ""divided"": ""no"", ""one_way"": ""yes"", ""speed_mph"": null}}"
NW 1ST PL & NW 8TH ST,True,16.9,1,29.6530183,-82.332906,2.0,,2.0,0.0,1.0,0.0,,,,no,,,"{""1ST PL"": {""osm_lanes_max"": null, ""left_turn_lane"": """", ""bike_lane"": """", ""divided"": ""no"", ""one_way"": """", ""speed_mph"": null}, ""8TH ST"": {""osm_lanes_max"": null, ""left_turn_lane"": """", ""bike_lane"": """", ""divided"": ""no"", ""one_way"": """", ""speed_mph"": null}}"
NW 1ST AVE & NW 3RD ST,True,16.3,1,29.6527003,-82.3279554,2.0,,5.0,0.0,0.0,0.0,,,,no,yes,,"{""1ST AVE"": {""osm_lanes_max"": null, ""left_turn_lane"": """", ""bike_lane"": """", ""divided"": ""no"", ""one_way"": """", ""speed_mph"": null}, ""3RD ST"": {""osm_lanes_max"": null, ""left_turn_lane"": """", ""bike_lane"": """", ""divided"": ""no"", ""one_way"": ""yes"", ""speed_mph"": null}}"
NW 20TH LN & NW 38TH DR,True,5.9,1,29.672011,-82.382261,2.0,,0.0,0.0,0.0,0.0,,,,no,,,"{""20TH LN"": {""osm_lanes_max"": null, ""left_turn_lane"": """", ""bike_lane"": """", ""divided"": ""no"", ""one_way"": """", ""speed_mph"": null}, ""38TH DR"": {""osm_lanes_max"": null, ""left_turn_lane"": """", ""bike_lane"": """", ""divided"": ""no"", ""one_way"": """", ""speed_mph"": null}}"
NW 20TH DR & NW 43RD PL,True,15.8,1,29.6943688,-82.3506142,2.0,,0.0,0.0,0.0,0.0,2.0,,,no,,,"{""20TH DR"": {""osm_lanes_max"": 2, ""left_turn_lane"": """", ""bike_lane"": """", ""divided"": ""no"", ""one_way"": """", ""speed_mph"": null}, ""43RD PL"": {""osm_lanes_max"": 2, ""left_turn_lane"": """", ""bike_lane"": """", ""divided"": ""no"", ""one_way"": """", ""speed_mph"": null}}"
NW 20TH DR & NW 42ND AVE,True,15.4,1,29.6921882,-82.3506128,2.0,,0.0,0.0,0.0,0.0,2.0,,,no,,,"{""20TH DR"": {""osm_lanes_max"": 2, ""left_turn_lane"": """", ""bike_lane"": """", ""divided"": ""no"", ""one_way"": """", ""speed_mph"": null}, ""42ND AVE"": {""osm_lanes_max"": 2, ""left_turn_lane"": """", ""bike_lane"": """", ""divided"": ""no"", ""one_way"": """", ""speed_mph"": null}}"
NW 20TH DR & NW 20TH TER,False,,0,,,,,,,,,,,,,,,
SW 1ST AVE & SW 3RD ST,True,48.3,1,29.6510911,-82.3278789,2.0,,1.0,1.0,0.0,0.0,,,,no,,,"{""1ST AVE"": {""osm_lanes_max"": null, ""left_turn_lane"": """", ""bike_lane"": """", ""divided"": ""no"", ""one_way"": """", ""speed_mph"": null}, ""3RD ST"": {""osm_lanes_max"": null, ""left_turn_lane"": """", ""bike_lane"": """", ""divided"": ""no"", ""one_way"": """", ""speed_mph"": null}}"
SW 1ST AVE & SW 38TH ST,True,17.1,1,29.651333,-82.380916,2.0,,0.0,0.0,0.0,0.0,,,,no,,,"{""1ST AVE"": {""osm_lanes_max"": null, ""left_turn_lane"": """", ""bike_lane"": """", ""divided"": ""no"", ""one_way"": """", ""speed_mph"": null}, ""38TH ST"": {""osm_lanes_max"": null, ""left_turn_lane"": """", ""bike_lane"": """", ""divided"": ""no"", ""one_way"": """", ""speed_mph"": null}}"
SW 20TH LN & SW 39TH WAY,False,,0,,,,,,,,,,,,,,,
SW 20TH AVE & SW 51ST TER,False,,0,,,,,,,,,,,,,,,
NE 11TH ST & NE 9TH AVE,True,15.7,1,29.660044,-82.311573,2.0,,0.0,0.0,0.0,0.0,,,,no,,,"{""11TH ST"": {""osm_lanes_max"": null, ""left_turn_lane"": """", ""bike_lane"": """", ""divided"": ""no"", ""one_way"": """", ""speed_mph"": null}, ""9TH AVE"": {""osm_lanes_max"": null, ""left_turn_lane"": """", ""bike_lane"": """", ""divided"": ""no"", ""one_way"": """", ""speed_mph"": null}}"
NE 10TH ST & NE 1ST AVE,True,17.3,1,29.6528946,-82.3132375,2.0,,0.0,0.0,0.0,0.0,,,,no,,,"{""10TH ST"": {""osm_lanes_max"": null, ""left_turn_lane"": """", ""bike_lane"": """", ""divided"": ""no"", ""one_way"": """", ""speed_mph"": null}, ""1ST AVE"": {""osm_lanes_max"": null, ""left_turn_lane"": """", ""bike_lane"": """", ""divided"": ""no"", ""one_way"": """", ""speed_mph"": null}}"
NE 10TH PL & NE 9TH ST,True,15.7,1,29.661486,-82.314777,2.0,,2.0,2.0,0.0,0.0,2.0,,yes,no,,,"{""10TH PL"": {""osm_lanes_max"": null, ""left_turn_lane"": """", ""bike_lane"": """", ""divided"": ""no"", ""one_way"": """", ""speed_mph"": null}, ""9TH ST"": {""osm_lanes_max"": 2, ""left_turn_lane"": """", ""bike_lane"": ""yes"", ""divided"": ""no"", ""one_way"": """", ""speed_mph"": null}}"
NW 10TH ST & NW 6TH PL,True,15.2,1,29.6569187,-82.335013,2.0,,0.0,0.0,0.0,0.0,,,,no,yes,,"{""10TH ST"": {""osm_lanes_max"": null, ""left_turn_lane"": """", ""bike_lane"": """", ""divided"": ""no"", ""one_way"": ""yes"", ""speed_mph"": null}, ""6TH PL"": {""osm_lanes_max"": null, ""left_turn_lane"": """", ""bike_lane"": """", ""divided"": ""no"", ""one_way"": """", ""speed_mph"": null}}"
NW 19TH ST & NW 33RD AVE,True,17.1,1,29.6833882,-82.347372,2.0,,5.0,0.0,5.0,0.0,,,,no,,,"{""19TH ST"": {""osm_lanes_max"": null, ""left_turn_lane"": """", ""bike_lane"": """", ""divided"": ""no"", ""one_way"": """", ""speed_mph"": null}, ""33RD AVE"": {""osm_lanes_max"": null, ""left_turn_lane"": """", ""bike_lane"": """", ""divided"": ""no"", ""one_way"": """", ""speed_mph"": null}}"
NW 19TH ST & NW 31ST PL,True,16.8,1,29.6819639,-82.3473802,2.0,,1.0,0.0,0.0,0.0,,,,no,,,"{""19TH ST"": {""osm_lanes_max"": null, ""left_turn_lane"": """", ""bike_lane"": """", ""divided"": ""no"", ""one_way"": """", ""speed_mph"": null}, ""31ST PL"": {""osm_lanes_max"": null, ""left_turn_lane"": """", ""bike_lane"": """", ""divided"": ""no"", ""one_way"": """", ""speed_mph"": null}}"
NW 19TH LN & NW 22ND ST,True,15.2,1,29.670481,-82.351912,2.0,,0.0,0.0,0.0,0.0,,,,no,,,"{""19TH LN"": {""osm_lanes_max"": null, ""left_turn_lane"": """", ""bike_lane"": """", ""divided"": ""no"", ""one_way"": """", ""speed_mph"": null}, ""22ND ST"": {""osm_lanes_max"": null, ""left_turn_lane"": """", ""bike_lane"": """", ""divided"": ""no"", ""one_way"": """", ""speed_mph"": null}}"
NW 19TH AVE & NW 7TH ST,True,15.3,1,29.669399,-82.3318946,2.0,,0.0,0.0,0.0,0.0,,,no,no,,,"{""19TH AVE"": {""osm_lanes_max"": null, ""left_turn_lane"": """", ""bike_lane"": """", ""divided"": ""no"", ""one_way"": """", ""speed_mph"": null}, ""7TH ST"": {""osm_lanes_max"": null, ""left_turn_lane"": """", ""bike_lane"": ""no"", ""divided"": ""no"", ""one_way"": """", ""speed_mph"": null}}"
NW 10TH ST & NW 40TH AVE,True,20.3,1,29.6894048,-82.3347331,2.0,,0.0,0.0,0.0,0.0,,,,no,,,"{""10TH ST"": {""osm_lanes_max"": null, ""left_turn_lane"": """", ""bike_lane"": """", ""divided"": ""no"", ""one_way"": """", ""speed_mph"": null}, ""40TH AVE"": {""osm_lanes_max"": null, ""left_turn_lane"": """", ""bike_lane"": """", ""divided"": ""no"", ""one_way"": """", ""speed_mph"": null}}"
NW 10TH ST & NW 18TH AVE,True,15.2,1,29.668414,-82.334797,2.0,,0.0,0.0,0.0,0.0,,,,no,,,"{""10TH ST"": {""osm_lanes_max"": null, ""left_turn_lane"": """", ""bike_lane"": """", ""divided"": ""no"", ""one_way"": """", ""speed_mph"": null}, ""18TH AVE"": {""osm_lanes_max"": null, ""left_turn_lane"": """", ""bike_lane"": """", ""divided"": ""no"", ""one_way"": """", ""speed_mph"": null}}"
NW 10TH ST & NW 14TH AVE,True,17.8,1,29.6648502,-82.3351134,2.0,,0.0,0.0,0.0,0.0,,,,no,,,"{""10TH ST"": {""osm_lanes_max"": null, ""left_turn_lane"": """", ""bike_lane"": """", ""divided"": ""no"", ""one_way"": """", ""speed_mph"": null}, ""14TH AVE"": {""osm_lanes_max"": null, ""left_turn_lane"": """", ""bike_lane"": """", ""divided"": ""no"", ""one_way"": """", ""speed_mph"": null}}"
NE 11TH ST & NE 3RD AVE,True,7.9,2,29.6538442,-82.3117131,2.0,,1.0,1.0,0.0,0.0,,,,yes,,,"{""11TH ST"": {""osm_lanes_max"": null, ""left_turn_lane"": """", ""bike_lane"": """", ""divided"": ""no"", ""one_way"": """", ""speed_mph"": null}, ""3RD AVE"": {""osm_lanes_max"": null, ""left_turn_lane"": """", ""bike_lane"": """", ""divided"": ""yes"", ""one_way"": """", ""speed_mph"": null}}"
NE 11TH ST & NE 23RD AVE,True,10.5,1,29.6738466,-82.3121774,2.0,,1.0,1.0,0.0,0.0,4.0,,,no,,40.0,"{""11TH ST"": {""osm_lanes_max"": null, ""left_turn_lane"": """", ""bike_lane"": """", ""divided"": ""no"", ""one_way"": """", ""speed_mph"": null}, ""23RD AVE"": {""osm_lanes_max"": 4, ""left_turn_lane"": """", ""bike_lane"": """", ""divided"": ""no"", ""one_way"": """", ""speed_mph"": 40}}"
NE 11TH ST & NE 1ST AVE,True,17.0,1,29.6529019,-82.311733,2.0,,1.0,0.0,0.0,0.0,,,,no,,,"{""11TH ST"": {""osm_lanes_max"": null, ""left_turn_lane"": """", ""bike_lane"": """", ""divided"": ""no"", ""one_way"": """", ""speed_mph"": null}, ""1ST AVE"": {""osm_lanes_max"": null, ""left_turn_lane"": """", ""bike_lane"": """", ""divided"": ""no"", ""one_way"": """", ""speed_mph"": null}}"
SW 23RD PL & SW 24TH AVE,False,,0,,,,,,,,,,,,,,,
SW 23RD LN & SW 37TH TER,False,,0,,,,,,,,,,,,,,,
SW 23RD DR & W UNIVERSITY AVE,True,15.3,2,29.6522065,-82.3586455,2.0,,2.0,2.0,0.0,0.0,3.0,,yes,no,,35.0,"{""23RD DR"": {""osm_lanes_max"": null, ""left_turn_lane"": """", ""bike_lane"": """", ""divided"": ""no"", ""one_way"": """", ""speed_mph"": null}, ""UNIVERSITY AVE"": {""osm_lanes_max"": 3, ""left_turn_lane"": """", ""bike_lane"": ""yes"", ""divided"": ""no"", ""one_way"": """", ""speed_mph"": 35}}"
N MAIN TER & NE 35TH AVE,True,15.3,1,29.684585,-82.324183,2.0,,0.0,0.0,0.0,0.0,,,,no,,,"{""35TH AVE"": {""osm_lanes_max"": null, ""left_turn_lane"": """", ""bike_lane"": """", ""divided"": ""no"", ""one_way"": """", ""speed_mph"": null}, ""MAIN TER"": {""osm_lanes_max"": null, ""left_turn_lane"": """", ""bike_lane"": """", ""divided"": ""no"", ""one_way"": """", ""speed_mph"": null}}"
N MAIN ST & NW 31ST AVE,False,,0,,,,,,,,,,,,,,,
NW 17TH ST & NW 29TH RD,False,,0,,,,,,,,,,,,,,,
NW 17TH PL & NW 47TH ST,True,16.1,1,29.668123,-82.393097,2.0,,0.0,0.0,0.0,0.0,,,,no,,,"{""17TH PL"": {""osm_lanes_max"": null, ""left_turn_lane"": """", ""bike_lane"": """", ""divided"": ""no"", ""one_way"": """", ""speed_mph"": null}, ""47TH ST"": {""osm_lanes_max"": null, ""left_turn_lane"": """", ""bike_lane"": """", ""divided"": ""no"", ""one_way"": """", ""speed_mph"": null}}"
NW 18TH ST & NW 3RD PL,True,16.4,1,29.654569,-82.3462808,2.0,,3.0,1.0,1.0,0.0,,,,no,,,"{""18TH ST"": {""osm_lanes_max"": null, ""left_turn_lane"": """", ""bike_lane"": """", ""divided"": ""no"", ""one_way"": """", ""speed_mph"": null}, ""3RD PL"": {""osm_lanes_max"": null, ""left_turn_lane"": """", ""bike_lane"": """", ""divided"": ""no"", ""one_way"": """", ""speed_mph"": null}}"
NW 18TH ST & NW 3RD AVE,True,15.5,1,29.6539692,-82.3462799,2.0,,5.0,2.0,2.0,0.0,1.0,,yes,no,yes,,"{""18TH ST"": {""osm_lanes_max"": 1, ""left_turn_lane"": """", ""bike_lane"": ""yes"", ""divided"": ""no"", ""one_way"": ""yes"", ""speed_mph"": null}, ""3RD AVE"": {""osm_lanes_max"": null, ""left_turn_lane"": """", ""bike_lane"": ""no"", ""divided"": ""no"", ""one_way"": """", ""speed_mph"": null}}"
NW 11TH RD & NW 18TH TER,True,15.1,1,29.6628139,-82.3472013,2.0,,0.0,0.0,0.0,0.0,,,,no,,,"{""11TH RD"": {""osm_lanes_max"": null, ""left_turn_lane"": """", ""bike_lane"": """", ""divided"": ""no"", ""one_way"": """", ""speed_mph"": null}, ""18TH TER"": {""osm_lanes_max"": null, ""left_turn_lane"": """", ""bike_lane"": """", ""divided"": ""no"", ""one_way"": """", ""speed_mph"": null}}"
NW 11TH AVE & NW 8TH ST,True,12.5,1,29.6620699,-82.3329764,2.0,,0.0,0.0,0.0,0.0,,,,no,,,"{""11TH AVE"": {""osm_lanes_max"": null, ""left_turn_lane"": """", ""bike_lane"": """", ""divided"": ""no"", ""one_way"": """", ""speed_mph"": null}, ""8TH ST"": {""osm_lanes_max"": null, ""left_turn_lane"": """", ""bike_lane"": """", ""divided"": ""no"", ""one_way"": """", ""speed_mph"": null}}"
NW 19TH TER & NW 39TH AVE,True,11.7,1,29.6885195,-82.3481189,2.0,,1.0,1.0,0.0,0.0,5.0,yes,yes,no,,45.0,"{""19TH TER"": {""osm_lanes_max"": 2, ""left_turn_lane"": """", ""bike_lane"": """", ""divided"": ""no"", ""one_way"": """", ""speed_mph"": null}, ""39TH AVE"": {""osm_lanes_max"": 5, ""left_turn_lane"": ""yes"", ""bike_lane"": ""yes"", ""divided"": ""no"", ""one_way"": """", ""speed_mph"": 45}}"
NW 19TH ST & NW 7TH PL,True,14.7,1,29.6586985,-82.3478075,2.0,,0.0,0.0,0.0,0.0,,,,no,,,"{""19TH ST"": {""osm_lanes_max"": null, ""left_turn_lane"": """", ""bike_lane"": """", ""divided"": ""no"", ""one_way"": """", ""speed_mph"": null}, ""7TH PL"": {""osm_lanes_max"": null, ""left_turn_lane"": """", ""bike_lane"": """", ""divided"": ""no"", ""one_way"": """", ""speed_mph"": null}}"
NW 19TH ST & NW 7TH AVE,True,17.3,1,29.6575756,-82.3478054,2.0,,4.0,4.0,0.0,0.0,,,,no,,,"{""19TH ST"": {""osm_lanes_max"": null, ""left_turn_lane"": """", ""bike_lane"": """", ""divided"": ""no"", ""one_way"": """", ""speed_mph"": null}, ""7TH AVE"": {""osm_lanes_max"": null, ""left_turn_lane"": """", ""bike_lane"": """", ""divided"": ""no"", ""one_way"": """", ""speed_mph"": null}}"
SW 21ST PL & SW 43RD ST,True,20.5,1,29.632736,-82.389299,2.0,,1.0,1.0,0.0,0.0,2.0,,yes,no,,,"{""21ST PL"": {""osm_lanes_max"": null, ""left_turn_lane"": """", ""bike_lane"": """", ""divided"": ""no"", ""one_way"": """", ""speed_mph"": null}, ""43RD ST"": {""osm_lanes_max"": 2, ""left_turn_lane"": """", ""bike_lane"": ""yes"", ""divided"": ""no"", ""one_way"": """", ""speed_mph"": null}}"
SW 21ST DR & SW 37TH CT,True,40.6,1,29.6187673,-82.3512408,2.0,,0.0,0.0,0.0,0.0,,,,no,yes,,"{""21ST DR"": {""osm_lanes_max"": null, ""left_turn_lane"": """", ""bike_lane"": """", ""divided"": ""no"", ""one_way"": """", ""speed_mph"": null}, ""37TH CT"": {""osm_lanes_max"": null, ""left_turn_lane"": """", ""bike_lane"": """", ""divided"": ""no"", ""one_way"": ""yes"", ""speed_mph"": null}}"
SW 23RD ST & SW 34TH PL,False,,0,,,,,,,,,,,,,,,
SW 23RD ST & SW 31ST PL,False,,0,,,,,,,,,,,,,,,
NE 10TH ST & NE 28TH AVE,True,15.2,1,29.677569,-82.313777,2.0,,0.0,0.0,0.0,0.0,,,,no,,,"{""10TH ST"": {""osm_lanes_max"": null, ""left_turn_lane"": """", ""bike_lane"": """", ""divided"": ""no"", ""one_way"": """", ""speed_mph"": null}, ""28TH AVE"": {""osm_lanes_max"": null, ""left_turn_lane"": """", ""bike_lane"": """", ""divided"": ""no"", ""one_way"": """", ""speed_mph"": null}}"
NW 49TH TER & NW 53RD AVE,True,15.3,1,29.703257,-82.39538,2.0,,0.0,0.0,0.0,0.0,2.0,,yes,no,,40.0,"{""49TH TER"": {""osm_lanes_max"": null, ""left_turn_lane"": """", ""bike_lane"": """", ""divided"": ""no"", ""one_way"": """", ""speed_mph"": null}, ""53RD AVE"": {""osm_lanes_max"": 2, ""left_turn_lane"": """", ""bike_lane"": ""yes"", ""divided"": ""no"", ""one_way"": """", ""speed_mph"": 40}}"
NW 48TH TER & NW 76TH RD,True,15.2,1,29.724955,-82.394199,2.0,,0.0,0.0,0.0,0.0,,,,no,,,"{""48TH TER"": {""osm_lanes_max"": null, ""left_turn_lane"": """", ""bike_lane"": """", ""divided"": ""no"", ""one_way"": """", ""speed_mph"": null}, ""76TH RD"": {""osm_lanes_max"": null, ""left_turn_lane"": """", ""bike_lane"": """", ""divided"": ""no"", ""one_way"": """", ""speed_mph"": null}}"
NW 48TH BLVD & NW 6TH PL,False,,0,,,,,,,,,,,,,,,
NW 47TH WAY & NW 79TH RD,True,17.3,1,29.726914,-82.3933851,2.0,,0.0,0.0,0.0,0.0,,,,no,,,"{""47TH WAY"": {""osm_lanes_max"": null, ""left_turn_lane"": """", ""bike_lane"": """", ""divided"": ""no"", ""one_way"": """", ""speed_mph"": null}, ""79TH RD"": {""osm_lanes_max"": null, ""left_turn_lane"": """", ""bike_lane"": """", ""divided"": ""no"", ""one_way"": """", ""speed_mph"": null}}"
NW 46TH ST & NW 8TH AVE,False,,0,,,,,,,,,,,,,,,
SW 40TH TER & W UNIVERSITY AVE,True,18.5,1,29.652184,-82.386013,2.0,,0.0,0.0,0.0,0.0,,,,no,,,"{""40TH TER"": {""osm_lanes_max"": null, ""left_turn_lane"": """", ""bike_lane"": """", ""divided"": ""no"", ""one_way"": """", ""speed_mph"": null}, ""UNIVERSITY AVE"": {""osm_lanes_max"": null, ""left_turn_lane"": """", ""bike_lane"": """", ""divided"": ""no"", ""one_way"": """", ""speed_mph"": null}}"
NW 13TH ST & NW 49TH AVE,False,,0,,,,,,,,,,,,,,,
NW 17TH ST & NW 31ST PL,False,,0,,,,,,,,,,,,,,,
SW 25TH BLVD & SW 25TH TER,True,17.4,2,29.6107314,-82.3575105,2.0,,0.0,0.0,0.0,0.0,2.0,,,yes,,,"{""25TH BLVD"": {""osm_lanes_max"": null, ""left_turn_lane"": """", ""bike_lane"": """", ""divided"": ""yes"", ""one_way"": """", ""speed_mph"": null}, ""25TH TER"": {""osm_lanes_max"": 2, ""left_turn_lane"": """", ""bike_lane"": """", ""divided"": ""no"", ""one_way"": """", ""speed_mph"": null}}"
SW 2ND AVE & SW 30TH ST,True,13.9,1,29.6504107,-82.3674647,2.0,,1.0,1.0,0.0,0.0,2.0,,,no,,35.0,"{""2ND AVE"": {""osm_lanes_max"": 2, ""left_turn_lane"": """", ""bike_lane"": """", ""divided"": ""no"", ""one_way"": """", ""speed_mph"": 35}, ""30TH ST"": {""osm_lanes_max"": null, ""left_turn_lane"": """", ""bike_lane"": """", ""divided"": ""no"", ""one_way"": """", ""speed_mph"": null}}"
NW 19TH AVE & NW 4TH ST,False,,0,,,,,,,,,,,,,,,
NW 19TH AVE & NW 4TH AVE,False,,0,,,,,,,,,,,,,,,
NE 10TH AVE & NE 26TH TER,True,15.2,1,29.661059,-82.290146,2.0,,0.0,0.0,0.0,0.0,,,,no,,,"{""10TH AVE"": {""osm_lanes_max"": null, ""left_turn_lane"": """", ""bike_lane"": """", ""divided"": ""no"", ""one_way"": """", ""speed_mph"": null}, ""26TH TER"": {""osm_lanes_max"": null, ""left_turn_lane"": """", ""bike_lane"": """", ""divided"": ""no"", ""one_way"": """", ""speed_mph"": null}}"
NE 10TH AVE & NE 14TH ST,False,,0,,,,,,,,,,,,,,,
NE 10TH AVE & NE 11TH ST,True,16.0,1,29.6607558,-82.3115755,2.0,,0.0,0.0,0.0,0.0,,,,no,,,"{""10TH AVE"": {""osm_lanes_max"": null, ""left_turn_lane"": """", ""bike_lane"": """", ""divided"": ""no"", ""one_way"": """", ""speed_mph"": null}, ""11TH ST"": {""osm_lanes_max"": null, ""left_turn_lane"": """", ""bike_lane"": """", ""divided"": ""no"", ""one_way"": """", ""speed_mph"": null}}"
N W 23RD AVE & NW 43RD ST,False,,0,,,,,,,,,,,,,,,
SW 26TH TER & SW 40TH PL,True,14.4,1,29.6135978,-82.3602648,2.0,,0.0,0.0,0.0,0.0,2.0,,no,no,,,"{""26TH TER"": {""osm_lanes_max"": null, ""left_turn_lane"": """", ""bike_lane"": """", ""divided"": ""no"", ""one_way"": """", ""speed_mph"": null}, ""40TH PL"": {""osm_lanes_max"": 2, ""left_turn_lane"": """", ""bike_lane"": ""no"", ""divided"": ""no"", ""one_way"": """", ""speed_mph"": null}}"
N MAIN ST & NE 42ND PL,True,17.5,1,29.6922819,-82.3192701,2.0,,0.0,0.0,0.0,0.0,3.0,,,no,,,"{""42ND PL"": {""osm_lanes_max"": null, ""left_turn_lane"": """", ""bike_lane"": """", ""divided"": ""no"", ""one_way"": """", ""speed_mph"": null}, ""MAIN ST"": {""osm_lanes_max"": 3, ""left_turn_lane"": """", ""bike_lane"": """", ""divided"": ""no"", ""one_way"": """", ""speed_mph"": null}}"
SW 25TH WAY & SW 31ST PL,True,13.8,1,29.622683,-82.36035,2.0,,0.0,0.0,0.0,0.0,,,,no,,,"{""25TH WAY"": {""osm_lanes_max"": null, ""left_turn_lane"": """", ""bike_lane"": """", ""divided"": ""no"", ""one_way"": """", ""speed_mph"": null}, ""31ST PL"": {""osm_lanes_max"": null, ""left_turn_lane"": """", ""bike_lane"": """", ""divided"": ""no"", ""one_way"": """", ""speed_mph"": null}}"
SW 25TH TER & SW 40TH PL,True,11.6,1,29.6136384,-82.3597593,2.0,,0.0,0.0,0.0,0.0,2.0,,no,no,,,"{""25TH TER"": {""osm_lanes_max"": 2, ""left_turn_lane"": """", ""bike_lane"": ""no"", ""divided"": ""no"", ""one_way"": """", ""speed_mph"": null}, ""40TH PL"": {""osm_lanes_max"": 2, ""left_turn_lane"": """", ""bike_lane"": ""no"", ""divided"": ""no"", ""one_way"": """", ""speed_mph"": null}}"
SW 25TH TER & SW 35TH PL,False,,0,,,,,,,,,,,,,,,
NW 18TH PL & NW 39TH TER,True,15.9,1,29.669332,-82.383133,2.0,,0.0,0.0,0.0,0.0,,,,no,,,"{""18TH PL"": {""osm_lanes_max"": null, ""left_turn_lane"": """", ""bike_lane"": """", ""divided"": ""no"", ""one_way"": """", ""speed_mph"": null}, ""39TH TER"": {""osm_lanes_max"": null, ""left_turn_lane"": """", ""bike_lane"": """", ""divided"": ""no"", ""one_way"": """", ""speed_mph"": null}}"
NW 18TH AVE & NW 34TH ST,False,,0,,,,,,,,,,,,,,,
NW 17TH TER & NW 41ST AVE,True,10.8,1,29.6910274,-82.3451819,2.0,,0.0,0.0,0.0,0.0,,,,no,,,"{""17TH TER"": {""osm_lanes_max"": null, ""left_turn_lane"": """", ""bike_lane"": """", ""divided"": ""no"", ""one_way"": """", ""speed_mph"": null}, ""41ST AVE"": {""osm_lanes_max"": null, ""left_turn_lane"": """", ""bike_lane"": """", ""divided"": ""no"", ""one_way"": """", ""speed_mph"": null}}"
NW 17TH ST & NW 7TH PL,True,15.6,1,29.6583804,-82.3446311,2.0,,1.0,1.0,0.0,0.0,,,yes,no,,,"{""17TH ST"": {""osm_lanes_max"": null, ""left_turn_lane"": """", ""bike_lane"": ""yes"", ""divided"": ""no"", ""one_way"": """", ""speed_mph"": null}, ""7TH PL"": {""osm_lanes_max"": null, ""left_turn_lane"": """", ""bike_lane"": """", ""divided"": ""no"", ""one_way"": """", ""speed_mph"": null}}"
NW 4TH ST & NW 7TH AVE,True,14.8,1,29.6578886,-82.328767,2.0,,0.0,0.0,0.0,0.0,,,,no,,,"{""4TH ST"": {""osm_lanes_max"": null, ""left_turn_lane"": """", ""bike_lane"": """", ""divided"": ""no"", ""one_way"": """", ""speed_mph"": null}, ""7TH AVE"": {""osm_lanes_max"": null, ""left_turn_lane"": """", ""bike_lane"": """", ""divided"": ""no"", ""one_way"": """", ""speed_mph"": null}}"
NW 4TH ST & NW 5TH AVE,True,14.0,1,29.6556343,-82.3287049,2.0,,4.0,0.0,0.0,0.0,,,,no,,,"{""4TH ST"": {""osm_lanes_max"": null, ""left_turn_lane"": """", ""bike_lane"": """", ""divided"": ""no"", ""one_way"": """", ""speed_mph"": null}, ""5TH AVE"": {""osm_lanes_max"": null, ""left_turn_lane"": """", ""bike_lane"": """", ""divided"": ""no"", ""one_way"": """", ""speed_mph"": null}}"
NW 4TH PL & NW 60TH ST,True,37.2,1,29.656721,-82.406448,2.0,,0.0,0.0,0.0,0.0,,,,no,,,"{""4TH PL"": {""osm_lanes_max"": null, ""left_turn_lane"": """", ""bike_lane"": """", ""divided"": ""no"", ""one_way"": """", ""speed_mph"": null}, ""60TH ST"": {""osm_lanes_max"": null, ""left_turn_lane"": """", ""bike_lane"": """", ""divided"": ""no"", ""one_way"": """", ""speed_mph"": null}}"
NE 24TH AVE & NE 50TH DR,True,15.2,1,29.674508,-82.263716,2.0,,0.0,0.0,0.0,0.0,,,,no,,,"{""24TH AVE"": {""osm_lanes_max"": null, ""left_turn_lane"": """", ""bike_lane"": """", ""divided"": ""no"", ""one_way"": """", ""speed_mph"": null}, ""50TH DR"": {""osm_lanes_max"": null, ""left_turn_lane"": """", ""bike_lane"": """", ""divided"": ""no"", ""one_way"": """", ""speed_mph"": null}}"
NE 23RD ST & NE 3RD PL,True,14.1,1,29.6542433,-82.2947143,2.0,,1.0,1.0,0.0,0.0,,,,no,,,"{""23RD ST"": {""osm_lanes_max"": null, ""left_turn_lane"": """", ""bike_lane"": """", ""divided"": ""no"", ""one_way"": """", ""speed_mph"": null}, ""3RD PL"": {""osm_lanes_max"": null, ""left_turn_lane"": """", ""bike_lane"": """", ""divided"": ""no"", ""one_way"": """", ""speed_mph"": null}}"
NE 23RD ST & NE 3RD AVE,True,13.3,1,29.6537827,-82.2948383,2.0,,1.0,1.0,0.0,0.0,,,,no,,,"{""23RD ST"": {""osm_lanes_max"": null, ""left_turn_lane"": """", ""bike_lane"": """", ""divided"": ""no"", ""one_way"": """", ""speed_mph"": null}, ""3RD AVE"": {""osm_lanes_max"": null, ""left_turn_lane"": """", ""bike_lane"": """", ""divided"": ""no"", ""one_way"": """", ""speed_mph"": null}}"
NW 4TH AVE & NW 8TH ST,True,16.4,2,29.6545847,-82.3329128,2.0,,0.0,0.0,0.0,0.0,,,,no,,,"{""4TH AVE"": {""osm_lanes_max"": null, ""left_turn_lane"": """", ""bike_lane"": """", ""divided"": ""no"", ""one_way"": """", ""speed_mph"": null}, ""8TH ST"": {""osm_lanes_max"": null, ""left_turn_lane"": """", ""bike_lane"": """", ""divided"": ""no"", ""one_way"": """", ""speed_mph"": null}}"
SW 29TH AVE & SW 40TH BLVD,True,15.2,1,29.627279,-82.392417,2.0,,0.0,0.0,0.0,0.0,2.0,,,no,,,"{""29TH AVE"": {""osm_lanes_max"": null, ""left_turn_lane"": """", ""bike_lane"": """", ""divided"": ""no"", ""one_way"": """", ""speed_mph"": null}, ""40TH BLVD"": {""osm_lanes_max"": 2, ""left_turn_lane"": """", ""bike_lane"": """", ""divided"": ""no"", ""one_way"": """", ""speed_mph"": null}}"
SW 28TH TER & SW 39TH AVE,True,17.1,1,29.614779,-82.365163,2.0,,0.0,0.0,0.0,0.0,,,,no,,,"{""28TH TER"": {""osm_lanes_max"": null, ""left_turn_lane"": """", ""bike_lane"": """", ""divided"": ""no"", ""one_way"": """", ""speed_mph"": null}, ""39TH AVE"": {""osm_lanes_max"": null, ""left_turn_lane"": """", ""bike_lane"": """", ""divided"": ""no"", ""one_way"": """", ""speed_mph"": null}}"
SW 28TH TER & SW 38TH PL,True,13.3,1,29.615624,-82.365236,2.0,,0.0,0.0,0.0,0.0,,,,no,,,"{""28TH TER"": {""osm_lanes_max"": null, ""left_turn_lane"": """", ""bike_lane"": """", ""divided"": ""no"", ""one_way"": """", ""speed_mph"": null}, ""38TH PL"": {""osm_lanes_max"": null, ""left_turn_lane"": """", ""bike_lane"": """", ""divided"": ""no"", ""one_way"": """", ""speed_mph"": null}}"
SW 27TH ST & SW WILLISTON RD,False,,0,,,,,,,,,,,,,,,
SW 27TH ST & SW 5TH AVE,False,,0,,,,,,,,,,,,,,,
SW 27TH ST & SW 4TH PL,True,15.3,1,29.648056,-82.362822,2.0,,0.0,0.0,0.0,0.0,2.0,,,no,,20.0,"{""27TH ST"": {""osm_lanes_max"": 2, ""left_turn_lane"": """", ""bike_lane"": """", ""divided"": ""no"", ""one_way"": """", ""speed_mph"": 20}, ""4TH PL"": {""osm_lanes_max"": null, ""left_turn_lane"": """", ""bike_lane"": """", ""divided"": ""no"", ""one_way"": """", ""speed_mph"": null}}"
NW 16TH AVE & NW 55TH ST,True,14.6,1,29.666851,-82.401519,2.0,,2.0,0.0,2.0,0.0,2.0,,yes,no,,,"{""16TH AVE"": {""osm_lanes_max"": null, ""left_turn_lane"": """", ""bike_lane"": """", ""divided"": ""no"", ""one_way"": """", ""speed_mph"": null}, ""55TH ST"": {""osm_lanes_max"": 2, ""left_turn_lane"": """", ""bike_lane"": ""yes"", ""divided"": ""no"", ""one_way"": """", ""speed_mph"": null}}"
NW 17TH AVE & NW 40TH TER,True,13.0,1,29.667756,-82.385312,2.0,,0.0,0.0,0.0,0.0,,,,no,,,"{""17TH AVE"": {""osm_lanes_max"": null, ""left_turn_lane"": """", ""bike_lane"": """", ""divided"": ""no"", ""one_way"": """", ""speed_mph"": null}, ""40TH TER"": {""osm_lanes_max"": null, ""left_turn_lane"": """", ""bike_lane"": """", ""divided"": ""no"", ""one_way"": """", ""speed_mph"": null}}"
NW 12TH AVE & NW 40TH TER,True,15.7,1,29.663236,-82.385459,2.0,,0.0,0.0,0.0,0.0,,,,no,,,"{""12TH AVE"": {""osm_lanes_max"": null, ""left_turn_lane"": """", ""bike_lane"": """", ""divided"": ""no"", ""one_way"": """", ""speed_mph"": null}, ""40TH TER"": {""osm_lanes_max"": null, ""left_turn_lane"": """", ""bike_lane"": """", ""divided"": ""no"", ""one_way"": """", ""speed_mph"": null}}"
NW 12TH AVE & NW 36TH ST,True,15.3,1,29.663593,-82.37611,2.0,,0.0,0.0,0.0,0.0,,,,no,,,"{""12TH AVE"": {""osm_lanes_max"": null, ""left_turn_lane"": """", ""bike_lane"": """", ""divided"": ""no"", ""one_way"": """", ""speed_mph"": null}, ""36TH ST"": {""osm_lanes_max"": null, ""left_turn_lane"": """", ""bike_lane"": """", ""divided"": ""no"", ""one_way"": """", ""speed_mph"": null}}"
SW 26TH WAY & SW 33RD PL,True,15.9,1,29.620649,-82.362487,2.0,,0.0,0.0,0.0,0.0,,,,no,,,"{""26TH WAY"": {""osm_lanes_max"": null, ""left_turn_lane"": """", ""bike_lane"": """", ""divided"": ""no"", ""one_way"": """", ""speed_mph"": null}, ""33RD PL"": {""osm_lanes_max"": null, ""left_turn_lane"": """", ""bike_lane"": """", ""divided"": ""no"", ""one_way"": """", ""speed_mph"": null}}"
SW 26TH WAY & SW 31ST PL,True,9.7,1,29.622511,-82.362676,2.0,,0.0,0.0,0.0,0.0,,,,no,,,"{""26TH WAY"": {""osm_lanes_max"": null, ""left_turn_lane"": """", ""bike_lane"": """", ""divided"": ""no"", ""one_way"": """", ""speed_mph"": null}, ""31ST PL"": {""osm_lanes_max"": null, ""left_turn_lane"": """", ""bike_lane"": """", ""divided"": ""no"", ""one_way"": """", ""speed_mph"": null}}"
NW 11TH AVE & NW 64TH TER,False,,0,,,,,,,,,,,,,,,
NW 10TH TER & NW 5TH AVE,True,15.6,1,29.655703,-82.335543,2.0,,0.0,0.0,0.0,0.0,,,,no,,,"{""10TH TER"": {""osm_lanes_max"": null, ""left_turn_lane"": """", ""bike_lane"": """", ""divided"": ""no"", ""one_way"": """", ""speed_mph"": null}, ""5TH AVE"": {""osm_lanes_max"": null, ""left_turn_lane"": """", ""bike_lane"": """", ""divided"": ""no"", ""one_way"": """", ""speed_mph"": null}}"
NW 10TH TER & NW 16TH AVE,True,11.3,1,29.6666569,-82.3357992,2.0,,1.0,1.0,0.0,0.0,3.0,yes,,no,,,"{""10TH TER"": {""osm_lanes_max"": null, ""left_turn_lane"": """", ""bike_lane"": """", ""divided"": ""no"", ""one_way"": """", ""speed_mph"": null}, ""16TH AVE"": {""osm_lanes_max"": 3, ""left_turn_lane"": ""yes"", ""bike_lane"": """", ""divided"": ""no"", ""one_way"": """", ""speed_mph"": null}}"
SW 23RD TR & SW ARCHER RD,False,,0,,,,,,,,,,,,,,,
N MAIN & NW 2ND AVE,False,,0,,,,,,,,,,,,,,,
MUSEUM RD & NEWELL DR,True,14.8,1,29.6448296,-82.3435141,2.0,yes,5.0,5.0,0.0,4.0,3.0,yes,yes,no,,20.0,"{""MUSEUM RD"": {""osm_lanes_max"": 3, ""left_turn_lane"": ""yes"", ""bike_lane"": ""yes"", ""divided"": ""no"", ""one_way"": """", ""speed_mph"": 20}, ""NEWELL DR"": {""osm_lanes_max"": 2, ""left_turn_lane"": """", ""bike_lane"": ""yes"", ""divided"": ""no"", ""one_way"": """", ""speed_mph"": 20}}"
MORGAN RD & NE 53RD AVE,False,,0,,,,,,,,,,,,,,,
MAIN ST & NW 4TH AVE,False,,0,,,,,,,,,,,,,,,
NW 12TH DR & NW 4TH AVE,False,,0,,,,,,,,,,,,,,,
NW 12TH DR & NW 39TH AVE,False,,0,,,,,,,,,,,,,,,
NW 11TH ST & NW 1ST PL,False,,0,,,,,,,,,,,,,,,
NW 11TH ST & NW 1ST AVE,False,,0,,,,,,,,,,,,,,,
NW 11TH ST & NW 12TH RD,False,,0,,,,,,,,,,,,,,,
NW 11TH RD & NW 20TH ST,True,17.2,1,29.6628094,-82.3488059,2.0,,0.0,0.0,0.0,0.0,,,,no,,,"{""11TH RD"": {""osm_lanes_max"": null, ""left_turn_lane"": """", ""bike_lane"": """", ""divided"": ""no"", ""one_way"": """", ""speed_mph"": null}, ""20TH ST"": {""osm_lanes_max"": null, ""left_turn_lane"": """", ""bike_lane"": """", ""divided"": ""no"", ""one_way"": """", ""speed_mph"": null}}"
NW 16TH BLVD & NW 39TH TER,True,7.3,2,29.6714222,-82.3830833,2.0,,3.0,1.0,2.0,0.0,3.0,yes,yes,yes,,,"{""16TH BLVD"": {""osm_lanes_max"": 3, ""left_turn_lane"": ""yes"", ""bike_lane"": ""yes"", ""divided"": ""yes"", ""one_way"": """", ""speed_mph"": null}, ""39TH TER"": {""osm_lanes_max"": null, ""left_turn_lane"": """", ""bike_lane"": """", ""divided"": ""no"", ""one_way"": """", ""speed_mph"": null}}"
NW 15TH TER & NW 2ND AVE,False,,0,,,,,,,,,,,,,,,
NW 16TH AVE & NW 41ST ST,False,,0,,,,,,,,,,,,,,,
NW 16TH AVE & NW 31ST TER,True,7.4,2,29.6667641,-82.3689348,2.0,,2.0,2.0,0.0,0.0,2.0,,yes,yes,,40.0,"{""16TH AVE"": {""osm_lanes_max"": 2, ""left_turn_lane"": """", ""bike_lane"": ""yes"", ""divided"": ""yes"", ""one_way"": """", ""speed_mph"": 40}, ""31ST TER"": {""osm_lanes_max"": null, ""left_turn_lane"": """", ""bike_lane"": """", ""divided"": ""no"", ""one_way"": """", ""speed_mph"": null}}"
SW 2ND AVE & SW 2ND TER,True,9.6,2,29.650267,-82.327285,2.0,,4.0,0.0,4.0,0.0,2.0,yes,yes,yes,,,"{""2ND AVE"": {""osm_lanes_max"": 2, ""left_turn_lane"": ""yes"", ""bike_lane"": ""yes"", ""divided"": ""yes"", ""one_way"": """", ""speed_mph"": null}, ""2ND TER"": {""osm_lanes_max"": null, ""left_turn_lane"": """", ""bike_lane"": """", ""divided"": ""no"", ""one_way"": """", ""speed_mph"": null}}"
SW 29TH TER & SW 37TH PL,True,16.3,1,29.616583,-82.366361,2.0,,0.0,0.0,0.0,0.0,,,,no,,,"{""29TH TER"": {""osm_lanes_max"": null, ""left_turn_lane"": """", ""bike_lane"": """", ""divided"": ""no"", ""one_way"": """", ""speed_mph"": null}, ""37TH PL"": {""osm_lanes_max"": null, ""left_turn_lane"": """", ""bike_lane"": """", ""divided"": ""no"", ""one_way"": """", ""speed_mph"": null}}"
NW 12TH ST & NW 30TH AVE,True,15.3,1,29.680095,-82.336752,2.0,,0.0,0.0,0.0,0.0,,,,no,,,"{""12TH ST"": {""osm_lanes_max"": null, ""left_turn_lane"": """", ""bike_lane"": """", ""divided"": ""no"", ""one_way"": """", ""speed_mph"": null}, ""30TH AVE"": {""osm_lanes_max"": null, ""left_turn_lane"": """", ""bike_lane"": """", ""divided"": ""no"", ""one_way"": """", ""speed_mph"": null}}"
NW 12TH ST & NW 15TH AVE,True,17.0,1,29.6657515,-82.3372009,2.0,,0.0,0.0,0.0,0.0,2.0,,no,no,,,"{""12TH ST"": {""osm_lanes_max"": 2, ""left_turn_lane"": """", ""bike_lane"": ""no"", ""divided"": ""no"", ""one_way"": """", ""speed_mph"": null}, ""15TH AVE"": {""osm_lanes_max"": null, ""left_turn_lane"": """", ""bike_lane"": """", ""divided"": ""no"", ""one_way"": """", ""speed_mph"": null}}"
NW 12TH RD & NW 18TH TER,True,15.9,1,29.663872,-82.347198,2.0,,0.0,0.0,0.0,0.0,,,,no,,,"{""12TH RD"": {""osm_lanes_max"": null, ""left_turn_lane"": """", ""bike_lane"": """", ""divided"": ""no"", ""one_way"": """", ""speed_mph"": null}, ""18TH TER"": {""osm_lanes_max"": null, ""left_turn_lane"": """", ""bike_lane"": """", ""divided"": ""no"", ""one_way"": """", ""speed_mph"": null}}"
EUA & WALDO RD,False,,0,,,,,,,,,,,,,,,
E UNIVERSTITY AVE & ELLEN WEST BLVD,False,,0,,,,,,,,,,,,,,,
SW 2ND AVE & SW 32ND ST,True,12.9,1,29.650395,-82.3697896,2.0,,1.0,1.0,0.0,0.0,2.0,,,no,,35.0,"{""2ND AVE"": {""osm_lanes_max"": 2, ""left_turn_lane"": """", ""bike_lane"": """", ""divided"": ""no"", ""one_way"": """", ""speed_mph"": 35}, ""32ND ST"": {""osm_lanes_max"": null, ""left_turn_lane"": """", ""bike_lane"": """", ""divided"": ""no"", ""one_way"": """", ""speed_mph"": null}}"
SW 2ND ST & SW 5TH AVE,True,17.0,1,29.6471346,-82.3265758,2.0,,1.0,0.0,1.0,0.0,,,,no,,,"{""2ND ST"": {""osm_lanes_max"": null, ""left_turn_lane"": """", ""bike_lane"": """", ""divided"": ""no"", ""one_way"": """", ""speed_mph"": null}, ""5TH AVE"": {""osm_lanes_max"": null, ""left_turn_lane"": """", ""bike_lane"": """", ""divided"": ""no"", ""one_way"": """", ""speed_mph"": null}}"
SW 2ND PL & SW 3RD ST,True,15.5,1,29.64967,-82.327975,2.0,,2.0,0.0,2.0,0.0,,,,no,yes,,"{""2ND PL"": {""osm_lanes_max"": null, ""left_turn_lane"": """", ""bike_lane"": """", ""divided"": ""no"", ""one_way"": """", ""speed_mph"": null}, ""3RD ST"": {""osm_lanes_max"": null, ""left_turn_lane"": """", ""bike_lane"": """", ""divided"": ""no"", ""one_way"": ""yes"", ""speed_mph"": null}}"
E UNIVERSITY AVE & SE 39TH ST,False,,0,,,,,,,,,,,,,,,
NW 12TH TER & NW 30TH AVE,True,15.2,1,29.6801053,-82.3376567,2.0,,0.0,0.0,0.0,0.0,,,,no,,,"{""12TH TER"": {""osm_lanes_max"": null, ""left_turn_lane"": """", ""bike_lane"": """", ""divided"": ""no"", ""one_way"": """", ""speed_mph"": null}, ""30TH AVE"": {""osm_lanes_max"": null, ""left_turn_lane"": """", ""bike_lane"": """", ""divided"": ""no"", ""one_way"": """", ""speed_mph"": null}}"
NW 12TH TER & NW 18TH AVE,True,15.3,1,29.668414,-82.338149,2.0,,0.0,0.0,0.0,0.0,,,no,no,,,"{""12TH TER"": {""osm_lanes_max"": null, ""left_turn_lane"": """", ""bike_lane"": ""no"", ""divided"": ""no"", ""one_way"": """", ""speed_mph"": null}, ""18TH AVE"": {""osm_lanes_max"": null, ""left_turn_lane"": """", ""bike_lane"": ""no"", ""divided"": ""no"", ""one_way"": """", ""speed_mph"": null}}"
NW 12TH AVE & NW 8TH ST,True,12.5,1,29.6629724,-82.3329887,2.0,,0.0,0.0,0.0,0.0,,,,yes,,,"{""12TH AVE"": {""osm_lanes_max"": null, ""left_turn_lane"": """", ""bike_lane"": """", ""divided"": ""yes"", ""one_way"": """", ""speed_mph"": null}, ""8TH ST"": {""osm_lanes_max"": null, ""left_turn_lane"": """", ""bike_lane"": """", ""divided"": ""no"", ""one_way"": """", ""speed_mph"": null}}"
NW 16TH AVE & NW 26TH WAY,True,9.1,2,29.6667571,-82.3621924,2.0,,3.0,1.0,1.0,0.0,3.0,yes,yes,yes,,40.0,"{""16TH AVE"": {""osm_lanes_max"": 3, ""left_turn_lane"": ""yes"", ""bike_lane"": ""yes"", ""divided"": ""yes"", ""one_way"": """", ""speed_mph"": 40}, ""26TH WAY"": {""osm_lanes_max"": null, ""left_turn_lane"": """", ""bike_lane"": """", ""divided"": ""no"", ""one_way"": """", ""speed_mph"": null}}"
NW 16TH AVE & NW 23RD ST,True,11.9,2,29.6667558,-82.3557682,2.0,,1.0,1.0,0.0,0.0,3.0,yes,yes,yes,,40.0,"{""16TH AVE"": {""osm_lanes_max"": 3, ""left_turn_lane"": ""yes"", ""bike_lane"": ""yes"", ""divided"": ""yes"", ""one_way"": """", ""speed_mph"": 40}, ""23RD ST"": {""osm_lanes_max"": null, ""left_turn_lane"": """", ""bike_lane"": """", ""divided"": ""no"", ""one_way"": """", ""speed_mph"": null}}"
SW 2ND AVE & SW 62ND BLVD,False,,0,,,,,,,,,,,,,,,
SW 2ND AVE & SW 35TH TER,False,,0,,,,,,,,,,,,,,,
E UNIVERSITY AVE & SE 21ST ST,True,8.7,1,29.6518459,-82.2975445,2.0,,1.0,1.0,0.0,0.0,2.0,,,yes,,45.0,"{""21ST ST"": {""osm_lanes_max"": null, ""left_turn_lane"": """", ""bike_lane"": """", ""divided"": ""no"", ""one_way"": """", ""speed_mph"": null}, ""UNIVERSITY AVE"": {""osm_lanes_max"": 2, ""left_turn_lane"": """", ""bike_lane"": """", ""divided"": ""yes"", ""one_way"": """", ""speed_mph"": 45}}"
SW 2ND AVE & WOODLAWN DR,False,,0,,,,,,,,,,,,,,,
SW 2ND AVE & W NEWBERRY RD,False,,0,,,,,,,,,,,,,,,
E UNIVERSITY AVE & NE 5TH ST,False,,0,,,,,,,,,,,,,,,
E UNIVERSITY AVE & NE 25TH TER,False,,0,,,,,,,,,,,,,,,
E UNIVERSITY AVE & NE 23RD ST,False,,0,,,,,,,,,,,,,,,
E UNIVERSITY AVE & NE 19TH ST,False,,0,,,,,,,,,,,,,,,
SW 31ST DR & SW 42ND PL,True,15.1,1,29.614312,-82.368799,2.0,,0.0,0.0,0.0,0.0,,,,no,,,"{""31ST DR"": {""osm_lanes_max"": null, ""left_turn_lane"": """", ""bike_lane"": """", ""divided"": ""no"", ""one_way"": """", ""speed_mph"": null}, ""42ND PL"": {""osm_lanes_max"": null, ""left_turn_lane"": """", ""bike_lane"": """", ""divided"": ""no"", ""one_way"": """", ""speed_mph"": null}}"
NW 14TH ST & NW 32ND AVE,True,17.7,1,29.6821095,-82.3406984,2.0,,0.0,0.0,0.0,0.0,,,,no,,,"{""14TH ST"": {""osm_lanes_max"": null, ""left_turn_lane"": """", ""bike_lane"": """", ""divided"": ""no"", ""one_way"": """", ""speed_mph"": null}, ""32ND AVE"": {""osm_lanes_max"": null, ""left_turn_lane"": """", ""bike_lane"": """", ""divided"": ""no"", ""one_way"": """", ""speed_mph"": null}}"
NW 14TH PL & NW 43RD ST,True,8.7,2,29.66576,-82.389022,2.0,,1.0,0.0,1.0,0.0,,,yes,yes,,45.0,"{""14TH PL"": {""osm_lanes_max"": null, ""left_turn_lane"": """", ""bike_lane"": """", ""divided"": ""no"", ""one_way"": """", ""speed_mph"": null}, ""43RD ST"": {""osm_lanes_max"": null, ""left_turn_lane"": """", ""bike_lane"": ""yes"", ""divided"": ""yes"", ""one_way"": """", ""speed_mph"": 45}}"
NW 15TH ST & NW 3RD PL,True,40.3,1,29.6546014,-82.3417907,2.0,,4.0,3.0,1.0,0.0,,,no,no,yes,,"{""15TH ST"": {""osm_lanes_max"": null, ""left_turn_lane"": """", ""bike_lane"": ""no"", ""divided"": ""no"", ""one_way"": ""yes"", ""speed_mph"": null}, ""3RD PL"": {""osm_lanes_max"": null, ""left_turn_lane"": """", ""bike_lane"": """", ""divided"": ""no"", ""one_way"": """", ""speed_mph"": null}}"
NW 15TH ST & NW 3RD AVE,True,14.9,2,29.6539732,-82.3417842,2.0,,4.0,2.0,2.0,0.0,,,no,no,yes,,"{""15TH ST"": {""osm_lanes_max"": null, ""left_turn_lane"": """", ""bike_lane"": ""no"", ""divided"": ""no"", ""one_way"": ""yes"", ""speed_mph"": null}, ""3RD AVE"": {""osm_lanes_max"": null, ""left_turn_lane"": """", ""bike_lane"": ""no"", ""divided"": ""no"", ""one_way"": """", ""speed_mph"": null}}"
NW 15TH PL & NW 54TH DR,False,,0,,,,,,,,,,,,,,,
NW 13ST & NW 23RD AVE,False,,0,,,,,,,,,,,,,,,
NW 12TH ST & NW 41ST AVE,True,16.5,1,29.6903708,-82.3368967,2.0,,0.0,0.0,0.0,0.0,,,,no,,,"{""12TH ST"": {""osm_lanes_max"": null, ""left_turn_lane"": """", ""bike_lane"": """", ""divided"": ""no"", ""one_way"": """", ""speed_mph"": null}, ""41ST AVE"": {""osm_lanes_max"": null, ""left_turn_lane"": """", ""bike_lane"": """", ""divided"": ""no"", ""one_way"": """", ""speed_mph"": null}}"
NW 12TH ST & NW 33RD AVE,True,15.2,1,29.683076,-82.336743,2.0,,0.0,0.0,0.0,0.0,,,,no,,,"{""12TH ST"": {""osm_lanes_max"": null, ""left_turn_lane"": """", ""bike_lane"": """", ""divided"": ""no"", ""one_way"": """", ""speed_mph"": null}, ""33RD AVE"": {""osm_lanes_max"": null, ""left_turn_lane"": """", ""bike_lane"": """", ""divided"": ""no"", ""one_way"": """", ""speed_mph"": null}}"
NW 13 TH ST & NW 21ST AVE,False,,0,,,,,,,,,,,,,,,
NW 12TH TER & NW 39TH AVE,True,14.8,1,29.6885169,-82.3372935,2.0,,3.0,2.0,1.0,0.0,5.0,,yes,no,,45.0,"{""12TH TER"": {""osm_lanes_max"": null, ""left_turn_lane"": """", ""bike_lane"": """", ""divided"": ""no"", ""one_way"": """", ""speed_mph"": null}, ""39TH AVE"": {""osm_lanes_max"": 5, ""left_turn_lane"": """", ""bike_lane"": ""yes"", ""divided"": ""no"", ""one_way"": """", ""speed_mph"": 45}}"
SW 30TH TER & SW 39TH AVE,True,19.0,1,29.61459,-82.367545,2.0,,0.0,0.0,0.0,0.0,,,,no,,,"{""30TH TER"": {""osm_lanes_max"": null, ""left_turn_lane"": """", ""bike_lane"": """", ""divided"": ""no"", ""one_way"": """", ""speed_mph"": null}, ""39TH AVE"": {""osm_lanes_max"": null, ""left_turn_lane"": """", ""bike_lane"": """", ""divided"": ""no"", ""one_way"": """", ""speed_mph"": null}}"
SW 2ND TER & SW 6TH AVE,True,14.9,1,29.646485,-82.3272873,2.0,,0.0,0.0,0.0,0.0,,,,no,,,"{""2ND TER"": {""osm_lanes_max"": null, ""left_turn_lane"": """", ""bike_lane"": """", ""divided"": ""no"", ""one_way"": """", ""speed_mph"": null}, ""6TH AVE"": {""osm_lanes_max"": null, ""left_turn_lane"": """", ""bike_lane"": """", ""divided"": ""no"", ""one_way"": """", ""speed_mph"": null}}"
SW 34TH TER & SW 47TH BLVD,False,,0,,,,,,,,,,,,,,,
SW 34TH TER & SW 47TH AVE,False,,0,,,,,,,,,,,,,,,
E UNIVERSITY AVE & NE 12TH AVE,False,,0,,,,,,,,,,,,,,,
E PANHELLENIC DR & SW 11TH ST,False,,0,,,,,,,,,,,,,,,
E 22ND ST & E UNIVERSITY AVE,False,,0,,,,,,,,,,,,,,,
CR 231 & NW 116TH PL,True,15.5,2,29.761036,-82.355054,1.0,,0.0,0.0,0.0,0.0,,,,no,,,"{""116TH PL"": {""osm_lanes_max"": null, ""left_turn_lane"": """", ""bike_lane"": """", ""divided"": ""no"", ""one_way"": """", ""speed_mph"": null}}"
CR 2053 & NW 62ND AVE,False,,0,,,,,,,,,,,,,,,
SW 34TH LN & SW SCHOOL HOUSE RD,True,16.1,1,29.622783,-82.442261,2.0,,2.0,0.0,2.0,0.0,2.0,,,yes,,,"{""34TH LN"": {""osm_lanes_max"": 1, ""left_turn_lane"": """", ""bike_lane"": """", ""divided"": ""yes"", ""one_way"": """", ""speed_mph"": null}, ""SCHOOL HOUSE RD"": {""osm_lanes_max"": 2, ""left_turn_lane"": """", ""bike_lane"": """", ""divided"": ""no"", ""one_way"": """", ""speed_mph"": null}}"
SW 3RD ST & SW 5TH AVE,True,13.5,1,29.6471611,-82.3280062,2.0,,1.0,1.0,0.0,0.0,,,,no,,,"{""3RD ST"": {""osm_lanes_max"": null, ""left_turn_lane"": """", ""bike_lane"": """", ""divided"": ""no"", ""one_way"": """", ""speed_mph"": null}, ""5TH AVE"": {""osm_lanes_max"": null, ""left_turn_lane"": """", ""bike_lane"": """", ""divided"": ""no"", ""one_way"": """", ""speed_mph"": null}}"
SW 3RD ST & SW 4TH AVE,True,13.8,1,29.6483173,-82.3280013,2.0,,2.0,2.0,0.0,0.0,2.0,,,no,,,"{""3RD ST"": {""osm_lanes_max"": null, ""left_turn_lane"": """", ""bike_lane"": """", ""divided"": ""no"", ""one_way"": """", ""speed_mph"": null}, ""4TH AVE"": {""osm_lanes_max"": 2, ""left_turn_lane"": """", ""bike_lane"": """", ""divided"": ""no"", ""one_way"": """", ""speed_mph"": null}}"
SW 3RD AVE & SW 9TH ST,False,,0,,,,,,,,,,,,,,,
NW 15TH TER & NW 4TH AVE,True,15.8,1,29.6549488,-82.3426898,2.0,,0.0,0.0,0.0,0.0,,,,no,,,"{""15TH TER"": {""osm_lanes_max"": null, ""left_turn_lane"": """", ""bike_lane"": """", ""divided"": ""no"", ""one_way"": """", ""speed_mph"": null}, ""4TH AVE"": {""osm_lanes_max"": null, ""left_turn_lane"": """", ""bike_lane"": """", ""divided"": ""no"", ""one_way"": """", ""speed_mph"": null}}"
SW ARCHER LN & SW ARCHER RD,True,4.1,6,29.5484354,-82.4994073,2.0,,1.0,1.0,0.0,0.0,2.0,,,no,,60.0,"{""ARCHER LN"": {""osm_lanes_max"": null, ""left_turn_lane"": """", ""bike_lane"": """", ""divided"": ""no"", ""one_way"": """", ""speed_mph"": null}, ""ARCHER RD"": {""osm_lanes_max"": 2, ""left_turn_lane"": """", ""bike_lane"": """", ""divided"": ""no"", ""one_way"": """", ""speed_mph"": 60}}"
CENTER DR & MUSEUM RD,True,13.1,1,29.6448422,-82.3469318,2.0,yes,5.0,4.0,1.0,4.0,2.0,,yes,no,,20.0,"{""CENTER DR"": {""osm_lanes_max"": 2, ""left_turn_lane"": """", ""bike_lane"": ""yes"", ""divided"": ""no"", ""one_way"": """", ""speed_mph"": null}, ""MUSEUM RD"": {""osm_lanes_max"": 2, ""left_turn_lane"": """", ""bike_lane"": ""yes"", ""divided"": ""no"", ""one_way"": """", ""speed_mph"": 20}}"
BUTLER PLAZA ACCESS RD & CLARK BUTLER BLVD,False,,0,,,,,,,,,,,,,,,
BAY DR & TURKEY SCRATCH RD,False,,0,,,,,,,,,,,,,,,
AT NW 60TH ST & W NEWBERRY RD,False,,0,,,,,,,,,,,,,,,
SW 56TH TER & SW 9TH PL,False,,0,,,,,,,,,,,,,,,
SW 55TH TER & SW 9TH PL,False,,0,,,,,,,,,,,,,,,
SW 8TH AVE & US 441,False,,0,,,,,,,,,,,,,,,
SW 6TH AVE & SW 9TH ST,True,13.1,1,29.646676,-82.3336912,2.0,,0.0,0.0,0.0,0.0,,,,no,,,"{""6TH AVE"": {""osm_lanes_max"": null, ""left_turn_lane"": """", ""bike_lane"": """", ""divided"": ""no"", ""one_way"": """", ""speed_mph"": null}, ""9TH ST"": {""osm_lanes_max"": null, ""left_turn_lane"": """", ""bike_lane"": """", ""divided"": ""no"", ""one_way"": """", ""speed_mph"": null}}"
SW 5TH ST & SW DEPOT AVE,True,7.4,2,29.6438019,-82.3295514,2.0,,1.0,1.0,0.0,0.0,1.0,,yes,yes,,25.0,"{""5TH ST"": {""osm_lanes_max"": null, ""left_turn_lane"": """", ""bike_lane"": """", ""divided"": ""no"", ""one_way"": """", ""speed_mph"": null}, ""DEPOT AVE"": {""osm_lanes_max"": 1, ""left_turn_lane"": """", ""bike_lane"": ""yes"", ""divided"": ""yes"", ""one_way"": """", ""speed_mph"": 25}}"
NW 15TH AVE & NW 55TH ST,False,,0,,,,,,,,,,,,,,,
NW 15TH AVE & NW 38TH ST,True,23.7,1,29.666218,-82.38083,2.0,,1.0,0.0,0.0,0.0,2.0,,yes,no,,,"{""15TH AVE"": {""osm_lanes_max"": null, ""left_turn_lane"": """", ""bike_lane"": """", ""divided"": ""no"", ""one_way"": """", ""speed_mph"": null}, ""38TH ST"": {""osm_lanes_max"": 2, ""left_turn_lane"": """", ""bike_lane"": ""yes"", ""divided"": ""no"", ""one_way"": """", ""speed_mph"": null}}"
NW 14TH TER & NW 6TH PL,True,13.8,1,29.6569462,-82.3409121,2.0,,0.0,0.0,0.0,0.0,,,,no,,,"{""14TH TER"": {""osm_lanes_max"": null, ""left_turn_lane"": """", ""bike_lane"": """", ""divided"": ""no"", ""one_way"": """", ""speed_mph"": null}, ""6TH PL"": {""osm_lanes_max"": null, ""left_turn_lane"": """", ""bike_lane"": """", ""divided"": ""no"", ""one_way"": """", ""speed_mph"": null}}"
92ND AVE & NW 43RD ST,False,,0,,,,,,,,,,,,,,,
NW 13TH ST & NW 43RD AVE,True,3.3,3,29.7435524,-82.3879951,0.0,yes,0.0,0.0,0.0,0.0,,,,,,,{}
SW 8TH ST & SW 9TH AVE,False,,0,,,,,,,,,,,,,,,
SW 37TH TER & SW 47TH AVE,False,,0,,,,,,,,,,,,,,,
NW 13TH ST & NW 55TH BLVD,False,,0,,,,,,,,,,,,,,,
NW 13TH ST & NW 1ST AVE,False,,0,,,,,,,,,,,,,,,
NW 13TH ST & NW 16TH ST,False,,0,,,,,,,,,,,,,,,
NW 13TH PL & NW 52ND TER,True,13.9,1,29.664981,-82.398898,2.0,,0.0,0.0,0.0,0.0,,,,no,,,"{""13TH PL"": {""osm_lanes_max"": null, ""left_turn_lane"": """", ""bike_lane"": """", ""divided"": ""no"", ""one_way"": """", ""speed_mph"": null}, ""52ND TER"": {""osm_lanes_max"": null, ""left_turn_lane"": """", ""bike_lane"": """", ""divided"": ""no"", ""one_way"": """", ""speed_mph"": null}}"
NW 12TH ST & NW 42ND AVE,True,18.2,1,29.6922093,-82.3368913,2.0,,0.0,0.0,0.0,0.0,,,,no,,,"{""12TH ST"": {""osm_lanes_max"": null, ""left_turn_lane"": """", ""bike_lane"": """", ""divided"": ""no"", ""one_way"": """", ""speed_mph"": null}, ""42ND AVE"": {""osm_lanes_max"": null, ""left_turn_lane"": """", ""bike_lane"": """", ""divided"": ""no"", ""one_way"": """", ""speed_mph"": null}}"
SW 5TH ST & SW 7TH PL,True,13.8,1,29.6452718,-82.3295714,2.0,,0.0,0.0,0.0,0.0,,,,no,,,"{""5TH ST"": {""osm_lanes_max"": null, ""left_turn_lane"": """", ""bike_lane"": """", ""divided"": ""no"", ""one_way"": """", ""speed_mph"": null}, ""7TH PL"": {""osm_lanes_max"": null, ""left_turn_lane"": """", ""bike_lane"": """", ""divided"": ""no"", ""one_way"": """", ""speed_mph"": null}}"
SW 5TH AVE & SW 8TH ST,True,13.3,1,29.6472076,-82.332866,2.0,,5.0,2.0,1.0,0.0,,,,no,,,"{""5TH AVE"": {""osm_lanes_max"": null, ""left_turn_lane"": """", ""bike_lane"": """", ""divided"": ""no"", ""one_way"": """", ""speed_mph"": null}, ""8TH ST"": {""osm_lanes_max"": null, ""left_turn_lane"": """", ""bike_lane"": """", ""divided"": ""no"", ""one_way"": """", ""speed_mph"": null}}"
NW 44TH ST & W UNIVERSITY AVE,True,15.3,1,29.652328,-82.390376,2.0,,0.0,0.0,0.0,0.0,1.0,,,no,,,"{""44TH ST"": {""osm_lanes_max"": null, ""left_turn_lane"": """", ""bike_lane"": """", ""divided"": ""no"", ""one_way"": """", ""speed_mph"": null}, ""UNIVERSITY AVE"": {""osm_lanes_max"": 1, ""left_turn_lane"": """", ""bike_lane"": """", ""divided"": ""no"", ""one_way"": """", ""speed_mph"": null}}"
NW 43RDST & NW 51ST PL,False,,0,,,,,,,,,,,,,,,
NW 13TH ST & NW 23RD TER,False,,0,,,,,,,,,,,,,,,
NW 13TH ST & NW 53RD,False,,0,,,,,,,,,,,,,,,
NW 13TH ST & NW 4TH ST,False,,0,,,,,,,,,,,,,,,
NW 13TH ST & NW 4TH LN,False,,0,,,,,,,,,,,,,,,
SW 3RD ST & SW 7TH AVE,True,16.3,1,29.6459515,-82.3281308,2.0,,3.0,3.0,0.0,0.0,,,,no,,,"{""3RD ST"": {""osm_lanes_max"": null, ""left_turn_lane"": """", ""bike_lane"": """", ""divided"": ""no"", ""one_way"": """", ""speed_mph"": null}, ""7TH AVE"": {""osm_lanes_max"": null, ""left_turn_lane"": """", ""bike_lane"": """", ""divided"": ""no"", ""one_way"": """", ""speed_mph"": null}}"
SW ARCHER RD & UNION RD,False,,0,,,,,,,,,,,,,,,
